brand_key,display_name,chain,mall_id,mall_name,region
zyx katsumaki,Zyx Katsumaki,robinsons,robinsons-la-union,Robinsons Place La Union,north-luzon
2go express,2go Express,filinvest,festival-mall,Festival Mall,metro-manila
2d samgyup saranghae,2D Samgyup Saranghae,megaworld,festive-walk-parade,Festive Walk Parade,visayas
27c realty,27C REALTY,robinsons,robinsons-galleria-ortigas,Robinsons Galleria,metro-manila
220 taps n tiles,220 TAPS N' TILES,sm,sm-mall-of-asia,SM Mall of Asia,metro-manila
205,205,ayala,ayala-bonifacio-high-street,Bonifacio High Street,metro-manila
2 els toy mart,2 El's Toy Mart,megaworld,festive-walk-mall-iloilo,Festive Walk Mall,visayas
1click internet shop,1CLICK INTERNET SHOP,robinsons,robinsons-iloilo,Robinsons Place Iloilo,visayas
zh&k mobile,ZH&K Mobile,waltermart,gapan,WalterMart Gapan,north-luzon
zero one story salon,Zero One Story Salon,megaworld,uptown-parade,Uptown Parade,metro-manila
zero degree,ZERO DEGREE,sm,sm-mall-of-asia,SM Mall of Asia,metro-manila
zenzest,Zenzest,robinsons,robinsons-manila,Robinsons Place Manila,metro-manila
zenway health and beauty shop,ZENWAY HEALTH AND BEAUTY SHOP,sm,sm-city-cagayan-de-oro,SM City CDO Uptown,mindanao
zentea,Zentea,robinsons,robinsons-tacloban,Robinsons Place Tacloban,visayas
zensuals beauty & nail lounge,Zensuals Beauty & Nail Lounge,megaworld,festive-walk-mall-iloilo,Festive Walk Mall,visayas
zenith,Zenith,megaworld,eastwood-mall,Eastwood Mall,metro-manila
zencell telecom,ZENCELL TELECOM,sm,sm-city-novaliches,SM City Novaliches,metro-manila
gandang ricky reyes,GANDANG RICKY REYES,ayala,ayala-market-market,Market! Market!,metro-manila
gaming library,GAMING LIBRARY,ayala,ayala-greenbelt,Greenbelt,metro-manila
gamesite net cafe,GAMESITE NET CAFE,robinsons,robinsons-cainta,Robinsons Cainta,metro-manila
gamesite,Gamesite,filinvest,festival-mall,Festival Mall,metro-manila
gamequest,Gamequest,ortigas,greenhills,Greenhills,metro-manila
gameplace,The Gameplace,robinsons,robinsons-lipa,Robinsons Place Lipa,south-luzon
gamen core computer laptop repair services,GAMEN CORE COMPUTER LAPTOP REPAIR SERVICES,sm,sm-center-lemery,SM Center Lemery,south-luzon
gamen core,Gamen Core,waltermart,dasmarinas,WalterMart Dasmariñas,south-luzon
game source,Game Source,robinsons,robinsons-manila,Robinsons Place Manila,metro-manila
game site accessories,Game Site Accessories,filinvest,festival-mall,Festival Mall,metro-manila
zydnieland ferielle,ZYDNIELAND FERIELLE,sm,sm-city-dasmarinas,SM City Dasmariñas,south-luzon
zyberone service center,ZYBERONE SERVICE CENTER,sm,sm-city-fairview,SM City Fairview,metro-manila
zyberauto,ZYBERAUTO,robinsons,robinsons-starmills,Robinsons Starmills,north-luzon
zya & knox home furniture,ZYA & KNOX HOME FURNITURE,ayala,ayala-market-market,Market! Market!,metro-manila
zuriels gadget & accessories shop,Zuriel's Gadget & Accessories Shop,robinsons,robinsons-galleria-cebu,Robinsons Galleria Cebu,visayas
zu boh ti,ZU BOH TI,robinsons,robinsons-gapan,Robinsons Gapan,north-luzon
gaudencious lugaw to go,Gaudenciou's Lugaw To Go,robinsons,robinsons-tagum,Robinsons Place Tagum,mindanao
gatsu man,Gatsu-Man,megaworld,uptown-mall,Uptown Mall,metro-manila
gatchalian medical center,GATCHALIAN MEDICAL CENTER,sm,sm-center-ormoc,SM Center Ormoc,visayas
gat petshop,GAT Petshop,ortigas,tiendesitas,Tiendesitas,metro-manila
gashapon bandai official,GASHAPON BANDAI OFFICIAL,robinsons,robinsons-manila,Robinsons Place Manila,metro-manila
gasa,GASA,sm,sm-city-butuan,SM City Butuan,mindanao
garys thai massage,Gary's Thai Massage,robinsons,robinsons-ilocos,Robinsons Place Ilocos,north-luzon
garrys thai massage and spa,GARRYS THAI MASSAGE AND SPA,sm,sm-city-laoag,SM City Laoag,north-luzon
garnish,Garnish,robinsons,robinsons-dumaguete,Robinsons Place Dumaguete,visayas
garnet,GARNET,sm,sm-city-san-lazaro,SM City San Lazaro,metro-manila
garden wing cafe,Garden Wing Cafe,megaworld,newport-city,Newport City,metro-manila
garden in pares,Garden In Pares,waltermart,candelaria,WalterMart Candelaria,south-luzon
gaoc dental,GAOC Dental,robinsons,robinsons-magnolia,Robinsons Magnolia,metro-manila
ganso shabuwayganso gyukatsu,GANSO SHABUWAYGANSO GYUKATSU,sm,moa-square,MOA Square,metro-manila
gangji produced hongkong cafe,GANGJI PRODUCED HONGKONG CAFÉ,sm,sm-city-north-edsa,SM City North Edsa,metro-manila
gang nam nail art studio,GANG-NAM NAIL ART STUDIO,starmall,san-jose-del-monte,Starmall San Jose del Monte,north-luzon
galo dental,Galo Dental,robinsons,robinsons-iloilo,Robinsons Place Iloilo,visayas
gallery nine,GALLERY NINE,sm,sm-megamall,SM Megamall,metro-manila
gallery genesis,Gallery Genesis,ortigas,estancia,Estancia,metro-manila
gallery frames,GALLERY FRAMES,sm,sm-megamall,SM Megamall,metro-manila
gallery by gch,THE GALLERY BY GCH,sm,sm-lanang,SM Lanang,mindanao
galleon,GALLEON,sm,sm-city-bacolod,SM City Bacolod,visayas
galetote t shirt printing shoppe,GALETOTE T-SHIRT PRINTING SHOPPE,sm,sm-city-puerto-princesa,SM City Puerto Princesa,south-luzon
galetote,Galetote,robinsons,robinsons-palawan,Robinsons Place Palawan,south-luzon
galerie y,GALERIE Y,sm,sm-megamall,SM Megamall,metro-manila
galerie raphael,GALERIE RAPHAEL,ayala,ayala-center-cebu,Ayala Center Cebu,visayas
gdgt zone,GDGT ZONE,sm,sm-savemore-apalit,SM Savemore Apalit,north-luzon
gcf sta rosa worship center,GCF STA ROSA WORSHIP CENTER,robinsons,robinsons-sta-rosa,Robinsons Sta. Rosa,south-luzon
gcash atm,GCash ATM,megaworld,lucky-chinatown-mall,Lucky Chinatown Mall,metro-manila
gc collectibles,Gc Collectibles,ortigas,greenhills,Greenhills,metro-manila
gb mobile,GB MOBILE,sm,sm-city-marilao,SM City Marilao,north-luzon
gayles flower shop pampanga,GAYLES FLOWER SHOP PAMPANGA,sm,sm-city-pampanga,SM City Pampanga,north-luzon
gen korean bbq house,GEN KOREAN BBQ HOUSE,sm,sm-by-the-bay,SM By the Bay,metro-manila
gemstone jewellery,GEMSTONE JEWELLERY,sm,sm-city-cagayan-de-oro,SM City CDO Uptown,mindanao
gems jewel by carla,GEMS JEWEL BY CARLA,sm,sm-city-butuan,SM City Butuan,mindanao
gems empanada,GEM'S EMPANADA,robinsons,robinsons-la-union,Robinsons Place La Union,north-luzon
gems & jewels,GEMS & JEWELS,ayala,ayala-pavilion,Pavilion Mall,south-luzon
gem gallery,GEM GALLERY,sm,sm-city-north-edsa,SM City North Edsa,metro-manila
gelron street foods,GELRON STREET FOODS,sm,sm-city-cabanatuan,SM City Cabanatuan,north-luzon
gelron lugawan,GELRON LUGAWAN,sm,sm-city-cabanatuan,SM City Cabanatuan,north-luzon
gelrocks,Gelrocks,robinsons,robinsons-lipa,Robinsons Place Lipa,south-luzon
geleen cellphone and accessories,Geleen Cellphone and Accessories,robinsons,robinsons-imus,Robinsons Place Imus,south-luzon
gelato by chef miko,Gelato by Chef Miko,ortigas,greenhills,Greenhills,metro-manila
geh20,GEH20,sm,sm-city-cabanatuan,SM City Cabanatuan,north-luzon
gegatech,Gegatech,robinsons,robinsons-butuan,Robinsons Place Butuan,mindanao
geewan,GEEWAN,sm,sm-city-naga,SM City Naga,south-luzon
gambas stuffed toys,Gamba’s Stuffed Toys,filinvest,fora,Fora Mall,south-luzon
gam ja friez,GAM JA FRIEZ,robinsons,robinsons-metro-east,Robinsons Metro East,metro-manila
gadgets station,GADGETS STATION,sm,sm-city-sta-mesa,SM City Sta. Mesa,metro-manila
gadgets lab,GADGETS LAB,robinsons,robinsons-metro-east,Robinsons Metro East,metro-manila
gadgetologie,Gadgetologie,ortigas,greenhills,Greenhills,metro-manila
gadgetmate,Gadgetmate,robinsons,galleria-south,Robinsons Galleria South,south-luzon
gadgetcore cellphone & accessories shop,Gadgetcore Cellphone & Accessories Shop,araneta,ali-mall,Ali Mall,metro-manila
gadgetbot,GADGETBOT,sm,sm-city-fairview,SM City Fairview,metro-manila
gadget zone,Gadget Zone,robinsons,robinsons-pavia,Robinsons Place Pavia,visayas
gadget world,GADGET WORLD,sm,sm-city-sucat,SM City Sucat,metro-manila
george & onnies,George & Onnie’s,megaworld,mckinley-west,McKinley West,metro-manila
george,GEORGE,ayala,ayala-center-cebu,Ayala Center Cebu,visayas
geocon by gadget get,Geocon By Gadget Get,ortigas,greenhills,Greenhills,metro-manila
gentext telecom,Gentext Telecom,robinsons,robinsons-starmills,Robinsons Starmills,north-luzon
genoveza sabor ilonggo pasalubong center,GENOVEZA SABOR ILONGGO PASALUBONG CENTER,sm,sm-city-iloilo,SM City Iloilo,visayas
generika drugstore,GENERIKA DRUGSTORE,ayala,ayala-the-district-dasmarinas,The District Dasmarinas,south-luzon
generic pharmacy,The Generic Pharmacy,robinsons,robinsons-luisita,Robinsons Luisita,north-luzon
general photo,GENERAL PHOTO,ayala,ayala-glorietta,Glorietta,metro-manila
ggi massage wellness centre,GGI MASSAGE WELLNESS CENTRE,sm,sm-seaside-city-cebu,SM Seaside City Cebu,visayas
gforce dance center,Gforce Dance Center,filinvest,festival-mall,Festival Mall,metro-manila
getwell health system,Getwell Health System,fishermall,malabon,Fisher Mall Malabon,metro-manila
getaway body nails spa,THE GETAWAY BODY NAILS SPA,sm,sm-city-sta-mesa,SM City Sta. Mesa,metro-manila
get technologies,GET TECHNOLOGIES,robinsons,robinsons-palawan,Robinsons Place Palawan,south-luzon
gerrs grill,GERR'S GRILL,robinsons,robinsons-pagadian,Robinsons Pagadian,mindanao
geri,Geri,megaworld,venice-grand-canal-mall,Venice Grand Canal Mall,metro-manila
geralds,GERALD'S,waltermart,sucat,WalterMart Sucat,metro-manila
george and onnies filipino restaurant,GEORGE AND ONNIE'S FILIPINO RESTAURANT,sm,sm-megamall,SM Megamall,metro-manila
galerie francesca,GALERIE FRANCESCA,sm,sm-megamall,SM Megamall,metro-manila
galeria lienzo,GALERIA LIENZO,ayala,ayala-serendra,Shops at Serendra,metro-manila
galeria anna,Galeria Anna,filinvest,festival-mall,Festival Mall,metro-manila
gaille and george,GAILLE AND GEORGE,ayala,ayala-feliz,Ayala Malls Feliz,metro-manila
gaea crystal and gemstone jewelry,GAEA - CRYSTAL AND GEMSTONE JEWELRY,ayala,ayala-glorietta,Glorietta,metro-manila
gadze tech,Gadze Tech,robinsons,robinsons-valencia,Robinsons Place Valencia,mindanao
gadgetway,GADGETWAY,waltermart,sucat,WalterMart Sucat,metro-manila
gadget planet,Gadget Planet,waltermart,trece-martires,WalterMart Trece Martires,south-luzon
gadget one,Gadget One,robinsons,robinsons-malolos,Robinsons Place Malolos,north-luzon
gadget hub,Gadget Hub,waltermart,san-fernando,WalterMart San Fernando,north-luzon
gadget get,Gadget Get,ortigas,greenhills,Greenhills,metro-manila
gadget express,GADGET EXPRESS,sm,sm-city-urdaneta-central,SM City Urdaneta Central,north-luzon
giga natural,GIGA Natural,robinsons,robinsons-ilocos,Robinsons Place Ilocos,north-luzon
giga matrix,GIGA MATRIX,robinsons,robinsons-palawan,Robinsons Place Palawan,south-luzon
giftbox ph,Giftbox.ph,araneta,farmers-plaza,Farmers Plaza,metro-manila
gidcels travel tours,GIDCELS TRAVEL TOURS,sm,sm-city-iloilo,SM City Iloilo,visayas
gibi shoes,Gibi Shoes,megaworld,lucky-chinatown-mall,Lucky Chinatown Mall,metro-manila
gibi house,GIBI HOUSE,starmall,alabang,Starmall Alabang,metro-manila
giardini del sole,GIARDINI DEL SOLE,sm,sm-seaside-city-cebu,SM Seaside City Cebu,visayas
giant,GIANT,ortigas,greenhills,Greenhills,metro-manila
ghostrecon cyberhub internet,GHOSTRECON CYBERHUB INTERNET,sm,sm-city-davao,SM City Davao,mindanao
gh mobile phones and accessories store,GH MOBILE PHONES AND ACCESSORIES STORE,sm,sm-city-iloilo,SM City Iloilo,visayas
gh minicon,GH Minicon,ortigas,greenhills,Greenhills,metro-manila
g style,G-STYLE,robinsons,robinsons-cainta,Robinsons Cainta,metro-manila
g s p money changer,G.S.P. MONEY CHANGER,ayala,ayala-the-district-imus,The District Imus,south-luzon
g forces enterprise,G Forces Enterprise,robinsons,robinsons-tacloban,Robinsons Place Tacloban,visayas
ging gings fruit stand,GING GING'S FRUIT STAND,ayala,ayala-capitol-central,Ayala Malls Capitol Central,visayas
ginataang bilo bilo mais,GINATAANG BILO BILO MAIS,sm,sm-city-lipa,SM City Lipa,south-luzon
ginataang bilo bilo & mais,GINATAANG BILO BILO & MAIS,robinsons,robinsons-novaliches,Robinsons Novaliches,metro-manila
giligans island bar restaurant,GILIGAN'S ISLAND BAR RESTAURANT,starmall,san-jose-del-monte,Starmall San Jose del Monte,north-luzon
gilak kebab,GILAK KEBAB,ayala,ayala-greenbelt,Greenbelt,metro-manila
gigli,GIGLI,ayala,ayala-market-market,Market! Market!,metro-manila
gigatech mobile shop,GIGATECH MOBILE SHOP,sm,sm-city-butuan,SM City Butuan,mindanao
gigatech,GIGATECH,robinsons,robinsons-butuan,Robinsons Place Butuan,mindanao
gigahertz satellite,Gigahertz Satellite,filinvest,festival-mall,Festival Mall,metro-manila
gigagadgets,GIGAGADGETS,sm,sm-city-fairview,SM City Fairview,metro-manila
gigabyte,GIGABYTE,sm,sm-city-north-edsa,SM City North Edsa,metro-manila
gadget protekt,GADGET PROTEKT,sm,sm-city-cebu,SM City Cebu,visayas
gadget protector,GADGET PROTECTOR,sm,sm-city-san-jose-del-monte,SM City San Jose Del Monte,north-luzon
gitagum,Gitagum,robinsons,robinsons-iligan,Robinsons Place Iligan,mindanao
girbaud,Girbaud,robinsons,robinsons-pangasinan,Robinsons Place Pangasinan,north-luzon
gionee gadget protekt,GIONEE/GADGET PROTEKT,ayala,ayala-center-cebu,Ayala Center Cebu,visayas
ginza sushi,GINZA SUSHI,ayala,ayala-manila-bay,Ayala Malls Manila Bay,metro-manila
gintong sining art center,Gintong Sining Art Center,filinvest,festival-mall,Festival Mall,metro-manila
ginos pizza and pasta,GINO'S PIZZA AND PASTA,ayala,ayala-serendra,Shops at Serendra,metro-manila
gingersnap just g,GINGERSNAP / JUST G,ayala,ayala-center-cebu,Ayala Center Cebu,visayas
gingerlily,Gingerlily,ortigas,greenhills,Greenhills,metro-manila
ginger wok rice house,Ginger Wok Rice House,robinsons,robinsons-north-tacloban,Robinsons North Tacloban,visayas
ginger wok,Ginger Wok,robinsons,robinsons-tacloban,Robinsons Place Tacloban,visayas
gadget corner,GADGET CORNER,sm,sm-city-pampanga,SM City Pampanga,north-luzon
gadget core,Gadget Core,araneta,farmers-plaza,Farmers Plaza,metro-manila
gadget central,Gadget Central,araneta,farmers-plaza,Farmers Plaza,metro-manila
gabriel archangel toddler playschool,GABRIEL ARCHANGEL TODDLER PLAYSCHOOL,sm,sm-city-dasmarinas,SM City Dasmariñas,south-luzon
gab pigmentation,GAB PIGMENTATION,fishermall,malabon,Fisher Mall Malabon,metro-manila
g3r repair shop,G3R REPAIR SHOP,sm,sm-city-san-pablo,SM City San Pablo,south-luzon
furry trail crawlers,FURRY TRAIL CRAWLERS,robinsons,robinsons-metro-east,Robinsons Metro East,metro-manila
funtours tecketing services,FUNTOURS TECKETING SERVICES,robinsons,robinsons-butuan,Robinsons Place Butuan,mindanao
funtopia park,FUNTOPIA PARK,robinsons,opus,Opus Mall,metro-manila
funtasia kids club,Funtasia Kids Club,megaworld,newport-city,Newport City,metro-manila
funhan mart,Funhan Mart,megaworld,mckinley-west,McKinley West,metro-manila
fundador,Fundador,megaworld,venice-grand-canal-mall,Venice Grand Canal Mall,metro-manila
glamoureux hair salon,GLAMOUREUX HAIR SALON,ayala,ayala-legazpi,Ayala Malls Legazpi,south-luzon
glamour lounge,GLAMOUR LOUNGE (Soon to Open),robinsons,robinsons-pagadian,Robinsons Pagadian,mindanao
glam u salon,GLAM U SALON,sm,sm-city-consolacion,SM City Consolacion,visayas
glam aesthetic,GLAM AESTHETIC,robinsons,robinsons-bacolod,Robinsons Place Bacolod,visayas
gladex travel services,GLADEX TRAVEL SERVICES,sm,sm-city-manila,SM City Manila,metro-manila
gladex travel and tours,GLADEX TRAVEL AND TOURS,robinsons,robinsons-manila,Robinsons Place Manila,metro-manila
gladex travel & tours,Gladex Travel & Tours,megaworld,lucky-chinatown-mall,Lucky Chinatown Mall,metro-manila
glad king,Glad King,robinsons,robinsons-galleria-ortigas,Robinsons Galleria,metro-manila
gizmo central 2,Gizmo Central 2,ortigas,greenhills,Greenhills,metro-manila
givenchy,GIVENCHY,ayala,ayala-greenbelt,Greenbelt,metro-manila
fun dkit stick and print works,FUN-DKIT STICK AND PRINT WORKS,sm,sm-city-legazpi,SM City Legazpi,south-luzon
fun box mobile,FUN BOX MOBILE,starmall,alabang,Starmall Alabang,metro-manila
fulloracharm,FulloraCharm,megaworld,eastwood-city-walk,Eastwood City Walk,metro-manila
fulcrum coffee,FULCRUM COFFEE,sm,sm-city-butuan,SM City Butuan,mindanao
fuji shin,FUJI-SHIN,robinsons,robinsons-manila,Robinsons Place Manila,metro-manila
glow,Glow,megaworld,uptown-mall,Uptown Mall,metro-manila
glorys empanada,GLORYS EMPANADA,sm,sm-city-sta-mesa,SM City Sta. Mesa,metro-manila
glomys empanada,Glomy's Empanada,robinsons,robinsons-ilocos,Robinsons Place Ilocos,north-luzon
globewest finance corp,Globewest Finance Corp.,megaworld,festive-walk-parade,Festive Walk Parade,visayas
globe touchpay,Globe TouchPay,megaworld,three-central,Three Central Mall,metro-manila
globe 211,GLOBE 211,robinsons,robinsons-dumaguete,Robinsons Place Dumaguete,visayas
global headstart,Global Headstart,fishermall,quezonave,Fisher Mall Quezon Avenue,metro-manila
global art philippines,Global Art Philippines,megaworld,alabang-west-parade,Alabang West Parade,metro-manila
glenas enterprises,GLENAS ENTERPRISES,sm,sm-center-pasig,SM Center Pasig,metro-manila
fusion outlet store,FUSION OUTLET STORE,starmall,edsa-shaw,Starmall EDSA-Shaw,metro-manila
fusion,FUSION,starmall,alabang,Starmall Alabang,metro-manila
go bento,Go Bento,robinsons,robinsons-galleria-ortigas,Robinsons Galleria,metro-manila
gnos pika pika,GNO's Pika Pika,fishermall,quezonave,Fisher Mall Quezon Avenue,metro-manila
gnb collectibles hangout,GNB Collectibles Hangout,araneta,ali-mall,Ali Mall,metro-manila
gnarly,Gnarly,ortigas,greenhills,Greenhills,metro-manila
gml hongkong style fried noodles,GML-HONGKONG STYLE FRIED NOODLES,sm,sm-city-lipa,SM City Lipa,south-luzon
gmel cellphone repair shop,Gmel Cellphone Repair Shop,araneta,farmers-plaza,Farmers Plaza,metro-manila
gm time,GM-TIME,sm,sm-city-grand-central,SM City Grand Central,metro-manila
gm education,GM Education,megaworld,venice-grand-canal-mall,Venice Grand Canal Mall,metro-manila
glutaness wellness and beauty center,GLUTANESS WELLNESS AND BEAUTY CENTER,sm,sm-city-olongapo-downtown,SM City Olongapo Downtown,north-luzon
glutahome aesthetic,THE GLUTAHOME AESTHETIC,robinsons,robinsons-lipa,Robinsons Place Lipa,south-luzon
gluta republiq,Gluta Republiq,robinsons,robinsons-galleria-cebu,Robinsons Galleria Cebu,visayas
gluta homes,Gluta Homes,robinsons,robinsons-lipa,Robinsons Place Lipa,south-luzon
gluta drip,THE GLUTA DRIP,robinsons,robinsons-antipolo,Robinsons Place Antipolo,metro-manila
glow up aesthetic clinic,GLOW UP AESTHETIC CLINIC_,ayala,ayala-feliz,Ayala Malls Feliz,metro-manila
glow up,Glow Up,robinsons,robinsons-luisita,Robinsons Luisita,north-luzon
fun time family entertainment center,FUN TIME FAMILY ENTERTAINMENT CENTER,robinsons,robinsons-iloilo,Robinsons Place Iloilo,visayas
gold star,Gold Star,robinsons,robinsons-tacloban,Robinsons Place Tacloban,visayas
gold n gems,Gold N Gems,ortigas,greenhills,Greenhills,metro-manila
gold lounge,Gold Lounge,ortigas,estancia,Estancia,metro-manila
gold buyers,Gold Buyers,araneta,farmers-plaza,Farmers Plaza,metro-manila
gold and pearls,GOLD AND PEARLS,sm,sm-city-clark,SM City Clark,north-luzon
gold accent jewelry by jrose,GOLD ACCENT JEWELRY BY JROSE,sm,sm-city-davao,SM City Davao,mindanao
gogo gadgets,Gogo Gadgets,ortigas,greenhills,Greenhills,metro-manila
godies trading,Godie's Trading,waltermart,gapan,WalterMart Gapan,north-luzon
gochugang,Gochugang,robinsons,robinsons-magnolia,Robinsons Magnolia,metro-manila
go silog,Go Silog,robinsons,robinsons-pavia,Robinsons Place Pavia,visayas
go pedal ph,Go Pedal Ph,megaworld,arcovia-city,Arcovia City,metro-manila
go mobile enterprise,Go Mobile Enterprise,waltermart,plaridel,WalterMart Plaridel,north-luzon
go hotels,Go Hotels,robinsons,robinsons-otis,Robinsons Otis,metro-manila
go gym,Go Gym,megaworld,venice-grand-canal-mall,Venice Grand Canal Mall,metro-manila
go ginataan,GO GINATAAN,sm,sm-city-sta-mesa,SM City Sta. Mesa,metro-manila
go berry blended smoothies,GO BERRY BLENDED SMOOTHIES,sm,sm-city-la-union,SM City La Union,north-luzon
fuentes optical,Fuentes Optical,robinsons,robinsons-tacloban,Robinsons Place Tacloban,visayas
fubu,FUBU,starmall,alabang,Starmall Alabang,metro-manila
ftv cosmetics,FTV Cosmetics,megaworld,newport-city,Newport City,metro-manila
frying chicken x bokki bokki,FRYING CHICKEN X BOKKI BOKKI,robinsons,robinsons-gapan,Robinsons Gapan,north-luzon
frutesca,FRUTESCA,ayala,ayala-market-market,Market! Market!,metro-manila
frutas,FRUTAS,robinsons,robinsons-starmills,Robinsons Starmills,north-luzon
fruity blendz,FRUITY BLENDZ (0967-316-0637),robinsons,robinsons-la-union,Robinsons Place La Union,north-luzon
fruity blends,FRUITY BLENDS,robinsons,robinsons-la-union,Robinsons Place La Union,north-luzon
fruits to go,Fruits To Go,robinsons,robinsons-bacolod,Robinsons Place Bacolod,visayas
fruitfull smoothies and juices,FRUITFULL SMOOTHIES AND JUICES,robinsons,robinsons-iloilo,Robinsons Place Iloilo,visayas
fruiteria,Fruiteria,ortigas,estancia,Estancia,metro-manila
golden hills jewelry,GOLDEN HILLS JEWELRY,sm,sm-city-clark,SM City Clark,north-luzon
golden haven,GOLDEN HAVEN,starmall,san-jose-del-monte,Starmall San Jose del Monte,north-luzon
golden crest arts & frames,GOLDEN CREST ARTS & FRAMES,ayala,ayala-glorietta,Glorietta,metro-manila
golden catch,The Golden Catch,robinsons,robinsons-magnolia,Robinsons Magnolia,metro-manila
golden bowl dimsum express,GOLDEN BOWL DIMSUM EXPRESS,sm,sm-city-cebu,SM City Cebu,visayas
good vibes massage pwd corp,Good Vibes Massage PWD Corp.,robinsons,robinsons-galleria-cebu,Robinsons Galleria Cebu,visayas
good steward,THE GOOD STEWARD,sm,sm-city-clark,SM City Clark,north-luzon
good soles ph,GOOD SOLES PH,robinsons,robinsons-galleria-ortigas,Robinsons Galleria,metro-manila
good noodle korean food mart,Good-Noodle Korean Food Mart,megaworld,san-lorenzo-place-mall,San Lorenzo Place Mall,metro-manila
good luck hotpot,Good Luck Hotpot,ortigas,greenhills,Greenhills,metro-manila
good kause,GOOD KAUSE,ayala,ayala-centrio,Centrio Mall,mindanao
good farmer,THE GOOD FARMER,ayala,ayala-solenad,Ayala Malls Nuvali,south-luzon
good bread by el cielito hotels,GOOD BREAD BY EL CIELITO HOTELS,sm,sm-city-baguio,SM City Baguio,north-luzon
good barber,THE GOOD BARBER,robinsons,robinsons-galleria-ortigas,Robinsons Galleria,metro-manila
gong cha i,GONG CHA I 0920-227-9471,robinsons,robinsons-ormoc,Robinsons Place Ormoc,visayas
gong cha (open,Gong Cha (OPEN},robinsons,robinsons-lipa,Robinsons Place Lipa,south-luzon
goldsight telecoms,GOLDSIGHT TELECOMS,sm,sm-city-clark,SM City Clark,north-luzon
goldilocks i,Goldilocks I 0908-820-2733,robinsons,robinsons-ormoc,Robinsons Place Ormoc,visayas
golden phoniex,Golden Phoniex,ortigas,greenhills,Greenhills,metro-manila
golden monkey,Golden Monkey,ortigas,greenhills,Greenhills,metro-manila
golden lady,GOLDEN LADY,sm,sm-megamall,SM Megamall,metro-manila
fruitas & jamaican,FRUITAS & JAMAICAN,robinsons,galleria-south,Robinsons Galleria South,south-luzon
fruitachillos,FRUITACHILLOS,robinsons,robinsons-palawan,Robinsons Place Palawan,south-luzon
frito fries,FRITO FRIES,sm,sm-city-clark,SM City Clark,north-luzon
frigga charmed life,FRIGGA CHARMED LIFE,sm,sm-seaside-city-cebu,SM Seaside City Cebu,visayas
fries pa more,FRIES PA MORE,robinsons,robinsons-palawan,Robinsons Place Palawan,south-luzon
fries guys,FRIES GUYS,ayala,ayala-capitol-central,Ayala Malls Capitol Central,visayas
fries and benefits,FRIES AND BENEFITS,robinsons,robinsons-naga,Robinsons Place Naga,south-luzon
friendlycare,FRIENDLYCARE,robinsons,robinsons-novaliches,Robinsons Novaliches,metro-manila
goto asia,GOTO ASIA,starmall,alabang,Starmall Alabang,metro-manila
got game,GOT GAME,sm,sm-jmall,SM J Mall,visayas
gosalads,GOSALADS,sm,sm-city-north-edsa,SM City North Edsa,metro-manila
gorgeous luxe nail spa,GORGEOUS LUXE NAIL SPA,sm,sm-city-fairview,SM City Fairview,metro-manila
gootopia,GOOTOPIA,sm,sm-mall-of-asia,SM Mall of Asia,metro-manila
googoo sweet cake,Googoo Sweet Cake,robinsons,robinsons-iligan,Robinsons Place Iligan,mindanao
goodluck fengshui,Goodluck Fengshui,robinsons,robinsons-manila,Robinsons Place Manila,metro-manila
goodkause,GOODKAUSE,sm,sm-cdo-downtown,SM CDO Downtown Premier,mindanao
gracious angeli travel tours,GRACIOUS ANGELI TRAVEL TOURS,sm,sm-city-baguio,SM City Baguio,north-luzon
gracious angeli travel & tours,Gracious Angeli Travel & Tours 9175061999,robinsons,robinsons-santiago,Robinsons Place Santiago,north-luzon
grace pharmacy,GRACE PHARMACY,ayala,ayala-capitol-central,Ayala Malls Capitol Central,visayas
grace mini mart,Grace Mini Mart,megaworld,california-garden-square,California Garden Square,metro-manila
gpc money changer,GPC MONEY CHANGER,ayala,ayala-malls-central-bloc,Ayala Malls Central Bloc,visayas
gotyme atm,Gotyme ATM,megaworld,uptown-mall,Uptown Mall,metro-manila
gotsoul mnl,GotSoul MNL,megaworld,forbes-town,Forbes Town,metro-manila
goto zone,Goto Zone,robinsons,robinsons-dasmarinas,Robinsons Place Dasmarinas,south-luzon
goto tendon,Goto Tendon,ortigas,greenhills,Greenhills,metro-manila
goto lovers,Goto Lovers,robinsons,robinsons-dasmarinas,Robinsons Place Dasmarinas,south-luzon
goto king plus,GOTO KING PLUS,sm,sm-city-fairview,SM City Fairview,metro-manila
goto de antonio,GOTO DE ANTONIO,sm,sm-city-cauayan,SM City Cauayan,north-luzon
goto believe,Goto Believe,megaworld,california-garden-square,California Garden Square,metro-manila
fruitas ice candy,FRUITAS ICE CANDY,sm,sm-megamall,SM Megamall,metro-manila
fruitas fresh from babots farm,Fruitas - Fresh From Babot's Farm,robinsons,robinsons-roxas,Robinsons Place Roxas,visayas
fruitas buko ni fruitas,FRUITAS/BUKO NI FRUITAS,ayala,ayala-marquee,MarQuee Mall,north-luzon
fried rice express,Fried Rice Express,robinsons,robinsons-imus,Robinsons Place Imus,south-luzon
fried noodles express and dimsum,FRIED NOODLES EXPRESS AND DIMSUM,robinsons,robinsons-novaliches,Robinsons Novaliches,metro-manila
freshlookme salon,FRESHLOOKME SALON,starmall,alabang,Starmall Alabang,metro-manila
fresh salon spa,FRESH SALON SPA,sm,sm-city-molino,SM City Molino,south-luzon
fresh fragrance,Fresh Fragrance,megaworld,venice-grand-canal-mall,Venice Grand Canal Mall,metro-manila
fresenius kidney care,FRESENIUS KIDNEY CARE,sm,sm-city-fairview,SM City Fairview,metro-manila
frescas frutas,FRESCAS FRUTAS,sm,sm-center-tuguegarao-downtown,SM Center Tuguegarao Downtown,north-luzon
french waffle cafe,French Waffle Cafe,ortigas,greenhills,Greenhills,metro-manila
french baker salon de the,THE FRENCH BAKER SALON DE THE,sm,sm-megamall,SM Megamall,metro-manila
grandmas sandwich grilled and healthy,GRANDMAS SANDWICH GRILLED AND HEALTHY,sm,sm-city-valenzuela,SM City Valenzuela,metro-manila
grand hope ventures travel,GRAND HOPE VENTURES TRAVEL,ayala,ayala-center-cebu,Ayala Center Cebu,visayas
grand hope travel & tours,GRAND HOPE TRAVEL & TOURS,sm,sm-city-cebu,SM City Cebu,visayas
gran moshi koshi of tokyo,GRAN MOSHI KOSHI OF TOKYO,ayala,ayala-vertis,Ayala Malls Vertis North,metro-manila
grainsmart,GRAINSMART,ayala,ayala-market-market,Market! Market!,metro-manila
grail cleaning services,GRAIL CLEANING SERVICES,sm,the-podium,The Podium,metro-manila
grail,Grail,ortigas,greenhills,Greenhills,metro-manila
frbj muzic mart,FRBJ MUZIC MART,sm,sm-city-naga,SM City Naga,south-luzon
frappy n tea,Frappy ‘n Tea,filinvest,il-corso,IL Corso,visayas
franvir,FRANVIR,sm,sm-city-bacolod,SM City Bacolod,visayas
franky mobile accessories,FRANKY MOBILE ACCESSORIES,sm,sm-city-general-santos,SM City General Santos,mindanao
franks dirty ice cream,FRANKS DIRTY ICE CREAM,sm,sm-city-batangas,SM City Batangas,south-luzon
green bounty kitchen,THE GREEN BOUNTY KITCHEN,sm,sm-city-davao,SM City Davao,mindanao
green bounty,GREEN BOUNTY,sm,sm-lanang,SM Lanang,mindanao
greattoys online com,Greattoys Online.com,ortigas,greenhills,Greenhills,metro-manila
greatdays travel & tours,GREATDAYS TRAVEL & TOURS,robinsons,robinsons-novaliches,Robinsons Novaliches,metro-manila
great buddha cafe,THE GREAT BUDDHA CAFE,sm,sm-city-tanza,SM City Tanza,south-luzon
gray enterprise,GRAY ENTERPRISE,ayala,ayala-market-market,Market! Market!,metro-manila
graphicstar,GRAPHICSTAR,sm,sm-city-cebu,SM City Cebu,visayas
graphic star,GRAPHIC STAR,ayala,ayala-center-cebu,Ayala Center Cebu,visayas
graphic gadget store,Graphic Gadget Store,robinsons,robinsons-valencia,Robinsons Place Valencia,mindanao
graphic,GRAPHIC,ayala,ayala-centrio,Centrio Mall,mindanao
grandscape travel tours,GRANDSCAPE TRAVEL TOURS,sm,sm-city-cagayan-de-oro,SM City CDO Uptown,mindanao
grent cellphone station,GRENT CELLPHONE STATION,sm,sm-city-calamba,SM City Calamba,south-luzon
gregorias curtains and trims haus,GREGORIAS CURTAINS AND TRIMS HAUS,sm,sm-city-cebu,SM City Cebu,visayas
greetings from taiwan,GREETINGS FROM TAIWAN (9989998816),robinsons,robinsons-magnolia,Robinsons Magnolia,metro-manila
greenwood furniture,Greenwood Furniture,robinsons,robinsons-dasmarinas,Robinsons Place Dasmarinas,south-luzon
greenwood,Greenwood,robinsons,robinsons-dasmarinas,Robinsons Place Dasmarinas,south-luzon
greenscape petshop and supplies,Greenscape Petshop And Supplies,megaworld,festive-walk-parade,Festive Walk Parade,visayas
greenmart,Greenmart,ortigas,greenhills,Greenhills,metro-manila
greenlife,Greenlife,robinsons,robinsons-iloilo,Robinsons Place Iloilo,visayas
greenbucks,Greenbucks,waltermart,makiling,WalterMart Makiling,south-luzon
green lane,GREEN LANE,ayala,ayala-the-district-imus,The District Imus,south-luzon
green day matcha bar,Green Day Matcha Bar,robinsons,robinsons-north-tacloban,Robinsons North Tacloban,visayas
green coco,GREEN COCO,robinsons,galleria-south,Robinsons Galleria South,south-luzon
green box hub,Green Box Hub,robinsons,robinsons-manila,Robinsons Place Manila,metro-manila
freesoul gadgets and accessories shop,FREESOUL GADGETS AND ACCESSORIES SHOP,ayala,ayala-malls-central-bloc,Ayala Malls Central Bloc,visayas
freelife,FREELIFE,robinsons,robinsons-north-tacloban,Robinsons North Tacloban,visayas
freedom moses,FREEDOM MOSES,ayala,ayala-trinoma,Trinoma,metro-manila
francing leaves & herbal store,Francing Leaves & Herbal Store,robinsons,robinsons-starmills,Robinsons Starmills,north-luzon
francias ice cream,Francia's Ice Cream,waltermart,balanga,WalterMart Balanga,north-luzon
franc frostie,FRANC FROSTIE,sm,sm-city-batangas,SM City Batangas,south-luzon
fowl bread,FOWL BREAD,ayala,ayala-bonifacio-high-street,Bonifacio High Street,metro-manila
four seasons hot pot,FOUR SEASONS HOT POT,sm,sm-by-the-bay,SM By the Bay,metro-manila
four h handicrafts,Four H Handicrafts,araneta,farmers-plaza,Farmers Plaza,metro-manila
fountainhead,FOUNTAINHEAD,ayala,ayala-malls-central-bloc,Ayala Malls Central Bloc,visayas
foundever,FOUNDEVER,robinsons,robinsons-luisita,Robinsons Luisita,north-luzon
fotile,FOTILE,robinsons,opus,Opus Mall,metro-manila
fortune tea house,FORTUNE TEA HOUSE,sm,sm-city-clark,SM City Clark,north-luzon
grillily,Grillily,robinsons,robinsons-las-pinas,Robinsons Place Las Pinas,metro-manila
grill meister,Grill Meister,ortigas,greenhills,Greenhills,metro-manila
grill central,GRILL CENTRAL,robinsons,robinsons-bacolod,Robinsons Place Bacolod,visayas
grill,The Grill,robinsons,robinsons-santiago,Robinsons Place Santiago,north-luzon
grey fashion collection,GREY FASHION COLLECTION,ayala,ayala-market-market,Market! Market!,metro-manila
grent cellphone station accessories,GRENT CELLPHONE STATION ACCESSORIES,sm,sm-center-muntinlupa,SM Center Muntinlupa,metro-manila
gucci,GUCCI,ayala,ayala-greenbelt,Greenbelt,metro-manila
gubys chicharon,Guby's Chicharon,robinsons,robinsons-santiago,Robinsons Place Santiago,north-luzon
guapos barbershop,Guapo's Barbershop,ortigas,the-strip,The Strip,metro-manila
gtoys,Gtoy's,ortigas,greenhills,Greenhills,metro-manila
gtj hongkong style fried noodles,GTJ-HONGKONG STYLE FRIED NOODLES,sm,sm-city-naga,SM City Naga,south-luzon
gt fleurs,GT FLEURS,sm,sm-center-pulilan,SM Center Pulilan,north-luzon
gsp money changer,GSP Money Changer,robinsons,robinsons-imus,Robinsons Place Imus,south-luzon
gsm jam tools,Gsm Jam Tools,ortigas,greenhills,Greenhills,metro-manila
gsis gw ps kiosk,GSIS GW@PS KIOSK,robinsons,robinsons-sta-rosa,Robinsons Sta. Rosa,south-luzon
gsis gw ps,GSIS GW@PS ( Temporarily closed ),robinsons,robinsons-bacolod,Robinsons Place Bacolod,visayas
gsis,GSIS,sm,sm-city-north-edsa,SM City North Edsa,metro-manila
grwm,Grwm (kiosk),filinvest,festival-mall,Festival Mall,metro-manila
grumpy storm,GRUMPY STORM,sm,sm-city-baliwag,SM City Baliwag,north-luzon
growing in christ fellowship,Growing In Christ Fellowship,robinsons,robinsons-otis,Robinsons Otis,metro-manila
grnd up consumer goods trading,Grnd Up Consumer Goods Trading,robinsons,robinsons-galleria-cebu,Robinsons Galleria Cebu,visayas
frankie and friends,FRANKIE AND FRIENDS,sm,sm-aura,SM Aura,metro-manila
gyu kaku,Gyu-kaku,ortigas,greenhills,Greenhills,metro-manila
gyp alteration services,GYP Alteration Services,robinsons,robinsons-galleria-cebu,Robinsons Galleria Cebu,visayas
gwize,Gwize,robinsons,robinsons-galleria-ortigas,Robinsons Galleria,metro-manila
gwiyomi gluta spa,GWIYOMI GLUTA SPA,sm,sm-center-pulilan,SM Center Pulilan,north-luzon
guzman studio,GUZMAN STUDIO,sm,sm-city-lucena,SM City Lucena,south-luzon
guri guri orange paradise,GURI GURI ORANGE PARADISE,sm,sm-mall-of-asia,SM Mall of Asia,metro-manila
gupit galleria,GUPIT GALLERIA,robinsons,robinsons-galleria-ortigas,Robinsons Galleria,metro-manila
gunnery ph,Gunnery Ph,filinvest,festival-mall,Festival Mall,metro-manila
gumbo,GUMBO,sm,sm-megamall,SM Megamall,metro-manila
gumball machine,Gumball Machine,robinsons,robinsons-imus,Robinsons Place Imus,south-luzon
gulaman avenue,GULAMAN AVENUE,robinsons,robinsons-novaliches,Robinsons Novaliches,metro-manila
guimhealth,Guimhealth,robinsons,robinsons-iloilo,Robinsons Place Iloilo,visayas
guillers antiques & collectibles,Guiller's Antiques & Collectibles,araneta,ali-mall,Ali Mall,metro-manila
guess outlet,GUESS OUTLET,ayala,ayala-centrio,Centrio Mall,mindanao
guerrero house of aesthetics,GUERRERO HOUSE OF AESTHETICS,sm,sm-city-fairview,SM City Fairview,metro-manila
guerlain,GUERLAIN,ayala,ayala-greenbelt,Greenbelt,metro-manila
hai sha mb beauty and wellness product trading,HAI-SHA MB BEAUTY AND WELLNESS PRODUCT TRADING,sm,sm-city-novaliches,SM City Novaliches,metro-manila
hai sha general merchandise,HAI SHA GENERAL MERCHANDISE,fishermall,malabon,Fisher Mall Malabon,metro-manila
hai chix & steaks,Hai Chix & Steaks,ortigas,estancia,Estancia,metro-manila
hahn manila,Hahn Manila,araneta,ali-mall,Ali Mall,metro-manila
haengbook korean grill house,Haengbook Korean Grill House,robinsons,robinsons-tacloban,Robinsons Place Tacloban,visayas
hachiboru,HACHIBORU,sm,sm-city-north-edsa,SM City North Edsa,metro-manila
habitual coffee,Habitual Coffee,megaworld,paseo-center,Paseo Center,metro-manila
habi at kape,HABI AT KAPE,ayala,ayala-abreeza,Abreeza,mindanao
habagat,HABAGAT,sm,sm-city-cebu,SM City Cebu,visayas
h2o to go,H2O TO GO,sm,smdc-grace-mall,SMDC Grace Mall,metro-manila
h2o lifesource,H2O Lifesource,megaworld,california-garden-square,California Garden Square,metro-manila
h&l cellphone accessories,H&L Cellphone Accessories,waltermart,gapan,WalterMart Gapan,north-luzon
h&d trading,H&D Trading,robinsons,robinsons-lipa,Robinsons Place Lipa,south-luzon
h&a accessories,H&A ACCESSORIES,robinsons,robinsons-novaliches,Robinsons Novaliches,metro-manila
h l accessories,H L ACCESSORIES,sm,sm-city-cabanatuan,SM City Cabanatuan,north-luzon
h a collection fashion shop,H.A. COLLECTION FASHION SHOP,robinsons,robinsons-novaliches,Robinsons Novaliches,metro-manila
fortune esthe,Fortune Esthe,megaworld,lucky-chinatown-prosperity-wing,Lucky Chinatown - Prosperity Wing,metro-manila
fortune bakeshop,Fortune Bakeshop,waltermart,general-trias,WalterMart General Trias,south-luzon
forticare health stystem international inc,"Forticare Health Stystem International, Inc. 0917-133-3476",robinsons,robinsons-cybergate-cebu,Robinsons Cybergate Cebu,visayas
forticare,FORTICARE,starmall,alabang,Starmall Alabang,metro-manila
fortess,Fortess,robinsons,robinsons-ilocos,Robinsons Place Ilocos,north-luzon
formosa bakeshop,FORMOSA BAKESHOP,sm,smdc-strip-at-grass,SMDC Strip at Grass,metro-manila
formocha taiwan milktea,FormoCha Taiwan Milktea,robinsons,robinsons-la-union,Robinsons Place La Union,north-luzon
forever young spa,Forever Young Spa,robinsons,robinsons-galleria-cebu,Robinsons Galleria Cebu,visayas
forever silver,FOREVER SILVER,robinsons,robinsons-iloilo,Robinsons Place Iloilo,visayas
forever mobile,FOREVER MOBILE,sm,sm-city-santa-rosa,SM City Santa Rosa,south-luzon
forever flawless,FOREVER FLAWLESS,sm,sm-seaside-city-cebu,SM Seaside City Cebu,visayas
forever beautiful,FOREVER BEAUTIFUL,sm,sm-city-north-edsa,SM City North Edsa,metro-manila
hair project salon,Hair Project Salon,filinvest,festival-mall,Festival Mall,metro-manila
hain,HAIN,robinsons,opus,Opus Mall,metro-manila
haim chicken,Haim Chicken,robinsons,robinsons-palawan,Robinsons Place Palawan,south-luzon
haidilao hotpot,Haidilao Hotpot,robinsons,robinsons-galleria-ortigas,Robinsons Galleria,metro-manila
footwear express,Footwear Express,robinsons,robinsons-tacloban,Robinsons Place Tacloban,visayas
footprint,Footprint,robinsons,robinsons-valencia,Robinsons Place Valencia,mindanao
foodie stop,Foodie Stop,filinvest,fora,Fora Mall,south-luzon
food world kiosk,Food World Kiosk,filinvest,festival-mall,Festival Mall,metro-manila
food wanderer,FOOD WANDERER,ayala,ayala-manila-bay,Ayala Malls Manila Bay,metro-manila
food channel,FOOD CHANNEL,sm,sm-center-pasig,SM Center Pasig,metro-manila
fonplus,FONPLUS,robinsons,robinsons-north-tacloban,Robinsons North Tacloban,visayas
hairzone,HAIRZONE,ayala,ayala-abreeza,Abreeza,mindanao
hairtalk by williard,Hairtalk by Williard,robinsons,robinsons-tuguegarao,Robinsons Place Tuguegarao,north-luzon
hairtalk,HAIRTALK,sm,sm-city-tuguegarao,SM City Tuguegarao,north-luzon
hairshaft salon,Hairshaft Salon,robinsons,robinsons-manila,Robinsons Place Manila,metro-manila
hairshaft,HAIRSHAFT,sm,the-podium,The Podium,metro-manila
hairless,HAIRLESS,sm,sm-city-iloilo,SM City Iloilo,visayas
hairlab,THE HAIRLAB,sm,sm-megamall,SM Megamall,metro-manila
haircut encarnacion,Haircut Encarnacion,waltermart,bicutan,WalterMart Bicutan,metro-manila
hair protect salon,Hair Protect Salon,filinvest,festival-mall,Festival Mall,metro-manila
fone scoopz,FONE SCOOPZ,sm,sm-city-cagayan-de-oro,SM City CDO Uptown,mindanao
fone range,Fone Range,robinsons,robinsons-pangasinan,Robinsons Place Pangasinan,north-luzon
fone n rigs,Fone N’ Rigs,filinvest,festival-mall,Festival Mall,metro-manila
hao chuan by phela grande hotel,HAO CHUAN BY PHELA GRANDE HOTEL,sm,sm-city-general-santos,SM City General Santos,mindanao
hao chi grill & hot pot,HAO CHI GRILL & HOT POT,sm,sm-city-fairview,SM City Fairview,metro-manila
hannas garden,HANNA'S GARDEN (NEW),robinsons,robinsons-angeles,Robinsons Angeles,north-luzon
hannah ysabelle,HANNAH YSABELLE,robinsons,robinsons-lipa,Robinsons Place Lipa,south-luzon
hankki,HANKKI,robinsons,robinsons-dumaguete,Robinsons Place Dumaguete,visayas
handaan grande,HANDAAN GRANDE,sm,sm-city-north-edsa,SM City North Edsa,metro-manila
hanamaruken,HANAMARUKEN,ayala,ayala-trinoma,Trinoma,metro-manila
hanamaki,HANAMAKI,sm,sm-city-north-edsa,SM City North Edsa,metro-manila
hanako,Hanako,ortigas,greenhills,Greenhills,metro-manila
foreign exchange,Foreign Exchange,robinsons,robinsons-ilocos,Robinsons Place Ilocos,north-luzon
fore pairs buffalo wings,FORE PAIRS BUFFALO WINGS (TEMPORARILY CLOSED),robinsons,robinsons-metro-east,Robinsons Metro East,metro-manila
for the love of prints,FOR THE LOVE OF PRINTS,ayala,ayala-abreeza,Abreeza,mindanao
for keeps,For Keeps,megaworld,eastwood-mall,Eastwood Mall,metro-manila
happy tea pearl frappe,HAPPY TEA PEARL FRAPPE,sm,sm-marketmall-dasmarinas,SM Marketmall Dasmarinas,south-luzon
happy takoyaki,Happy Takoyaki,fishermall,quezonave,Fisher Mall Quezon Avenue,metro-manila
happy space,HAPPY SPACE,robinsons,robinsons-palawan,Robinsons Place Palawan,south-luzon
happy skin (inside maisonette),HAPPY SKIN (INSIDE MAISONETTE),robinsons,opus,Opus Mall,metro-manila
happy play cafe,Happy Play Cafe,robinsons,robinsons-galleria-cebu,Robinsons Galleria Cebu,visayas
happy pill cafe,HAPPY PILL CAFE,robinsons,robinsons-pagadian,Robinsons Pagadian,mindanao
happy paw,Happy Paw,megaworld,newport-city,Newport City,metro-manila
happy leaf,Happy Leaf,robinsons,robinsons-lipa,Robinsons Place Lipa,south-luzon
happy gold repair shop & goldsmith,Happy Gold Repair Shop & Goldsmith,ortigas,greenhills,Greenhills,metro-manila
happy feet travels,HAPPY FEET TRAVELS,sm,sm-city-sorsogon,SM City Sorsogon,south-luzon
happy cone,Happy Cone,robinsons,robinsons-la-union,Robinsons Place La Union,north-luzon
happy animal ride,HAPPY ANIMAL RIDE,robinsons,robinsons-santiago,Robinsons Place Santiago,north-luzon
happilee,Happilee,filinvest,festival-mall,Festival Mall,metro-manila
fonehub,Fonehub,robinsons,galleria-south,Robinsons Galleria South,south-luzon
fonebook,FONEBOOK,ayala,ayala-trinoma,Trinoma,metro-manila
fone zone,FONE ZONE,sm,sm-city-cabanatuan,SM City Cabanatuan,north-luzon
fomo music lounge,FOMO MUSIC LOUNGE,sm,sm-city-butuan,SM City Butuan,mindanao
focuss,FOCUSS,sm,sm-city-north-edsa,SM City North Edsa,metro-manila
focus s,Focus.s,megaworld,eastwood-city-walk,Eastwood City Walk,metro-manila
focus optical clinic,Focus Optical Clinic,waltermart,balayan,WalterMart Balayan,south-luzon
focus optical,Focus Optical,robinsons,robinsons-tacloban,Robinsons Place Tacloban,visayas
focal sight international,FOCAL SIGHT INTERNATIONAL,ayala,ayala-center-cebu,Ayala Center Cebu,visayas
focal sight by delos reyes optical,FOCAL SIGHT BY DELOS REYES OPTICAL,sm,sm-city-consolacion,SM City Consolacion,visayas
fns,FN's,robinsons,robinsons-ilocos,Robinsons Place Ilocos,north-luzon
flyweight,Flyweight,megaworld,forbes-town,Forbes Town,metro-manila
haro haro,HARO-HARO,waltermart,baliwag,WalterMart Baliwag,north-luzon
harlan holden cafe,HARLAN+HOLDEN CAFE,ayala,ayala-trinoma,Trinoma,metro-manila
harlan & holden,Harlan & Holden,megaworld,uptown-mall,Uptown Mall,metro-manila
harbour city dimsum house,HARBOUR CITY DIMSUM HOUSE,ayala,ayala-center-cebu,Ayala Center Cebu,visayas
happys all day breakfast cafe,HAPPYS ALL DAY BREAKFAST CAFÉ,sm,sm-city-rosales,SM City Rosales,north-luzon
happyride scooter rental,HAPPYRIDE SCOOTER RENTAL,sm,sm-city-fairview,SM City Fairview,metro-manila
happynest kiddie play room,Happynest Kiddie Play Room,ortigas,greenhills,Greenhills,metro-manila
haya pearl,HAYA PEARL (OPEN),robinsons,robinsons-palawan,Robinsons Place Palawan,south-luzon
havit,HAVIT,sm,sm-city-cebu,SM City Cebu,visayas
havaianas i,HAVAIANAS I 0930-884-2155,robinsons,robinsons-ormoc,Robinsons Place Ormoc,visayas
havaianas (foot truck),HAVAIANAS (FOOT TRUCK) (OPEN),robinsons,robinsons-tagaytay,Robinsons Tagaytay,south-luzon
hatif cellphone & accessories,HATIF CELLPHONE & ACCESSORIES,robinsons,robinsons-iloilo,Robinsons Place Iloilo,visayas
hatch holistic therapy,HATCH HOLISTIC THERAPY,sm,the-podium,The Podium,metro-manila
hashtag manila,HASHTAG MANILA,ayala,ayala-serin,Ayala Malls Serin,south-luzon
haseeb gadgets shop,Haseeb Gadgets Shop,robinsons,robinsons-imus,Robinsons Place Imus,south-luzon
harvesters,HARVESTERS,sm,sm-city-north-edsa,SM City North Edsa,metro-manila
haru studio,Haru Studio,filinvest,dumaguete,Filinvest Malls Dumaguete,visayas
haru photo,HARU PHOTO,sm,sm-city-davao,SM City Davao,mindanao
harte hanks,HARTE HANKS,ayala,ayala-market-market,Market! Market!,metro-manila
harrys cafe,HARRY'S CAFE,sm,s-maison,S Maison,metro-manila
harpershield,Harpershield,robinsons,robinsons-antique,Robinsons Place Antique,visayas
fon plus,Fon Plus,robinsons,robinsons-naga,Robinsons Place Naga,south-luzon
fon,Fon+,robinsons,robinsons-tacloban,Robinsons Place Tacloban,visayas
fluffy floss,FLUFFY FLOSS,sm,sm-city-lipa,SM City Lipa,south-luzon
flowerstoreph,FlowerStorePH,megaworld,newport-city,Newport City,metro-manila
flowers and beyond,Flowers and Beyond,robinsons,robinsons-naga,Robinsons Place Naga,south-luzon
flowerboy,FLOWERBOY,robinsons,opus,Opus Mall,metro-manila
flower n vase,FLOWER N VASE,sm,sm-center-lemery,SM Center Lemery,south-luzon
flower luxe cebu,FLOWER LUXE CEBU,ayala,ayala-center-cebu,Ayala Center Cebu,visayas
flower farm,FLOWER FARM,ayala,ayala-solenad,Ayala Malls Nuvali,south-luzon
flour cafe,Flour Cafe,robinsons,robinsons-pavia,Robinsons Place Pavia,visayas
florsheimnaturalizer,FLORSHEIMNATURALIZER,sm,sm-city-davao,SM City Davao,mindanao
healthcube,Healthcube,ortigas,greenhills,Greenhills,metro-manila
heal thy self,HEAL THY SELF,ayala,ayala-centrio,Centrio Mall,mindanao
headway barbershop salon for women,HEADWAY BARBERSHOP SALON FOR WOMEN,sm,sm-mall-of-asia,SM Mall of Asia,metro-manila
hd1 resto & sports bar,HD1 RESTO & SPORTS BAR,ayala,ayala-harbor-point,Harbor Point,north-luzon
hcs remote,HCS REMOTE,robinsons,robinsons-novaliches,Robinsons Novaliches,metro-manila
hb cellphone accessories,HB Cellphone Accessories,robinsons,robinsons-jaro,Robinsons Place Jaro,visayas
hayashi,HAYASHI,sm,sm-city-fairview,SM City Fairview,metro-manila
flor accessories,FLOR ACCESSORIES,robinsons,robinsons-cagayan-de-oro,Robinsons Cagayan de Oro,mindanao
flirt waxing lounge,FLIRT WAXING LOUNGE,sm,smdc-light-mall,SMDC Light Mall,metro-manila
flip sole,Flip Sole,robinsons,robinsons-naga,Robinsons Place Naga,south-luzon
flexzone,FLEXZONE,robinsons,robinsons-metro-east,Robinsons Metro East,metro-manila
flex zone opc,Flex Zone OPC,robinsons,robinsons-novaliches,Robinsons Novaliches,metro-manila
flex zone,FLEX ZONE,robinsons,robinsons-gapan,Robinsons Gapan,north-luzon
fleur de liz flower shop,Fleur De Liz Flower Shop,waltermart,antipolo,WalterMart Antipolo,metro-manila
flerr,FLERR,sm,sm-city-davao,SM City Davao,mindanao
healthy shabu shabu prime,HEALTHY SHABU SHABU PRIME,sm,sm-aura,SM Aura,metro-manila
healthy sand,HEALTHY SAND,robinsons,robinsons-manila,Robinsons Place Manila,metro-manila
healthy habits,HEALTHY HABITS,sm,sm-city-davao,SM City Davao,mindanao
healthworks,Healthworks,waltermart,the-junction,WalterMart The Junction,metro-manila
healthway medical clinic,HEALTHWAY MEDICAL CLINIC,sm,sm-city-north-edsa,SM City North Edsa,metro-manila
healthway lab,Healthway Lab,ortigas,estancia,Estancia,metro-manila
healthwaki therapy center,Healthwaki Therapy Center,fishermall,quezonave,Fisher Mall Quezon Avenue,metro-manila
fluffy floss cotton candy,FLUFFY FLOSS COTTON CANDY,robinsons,robinsons-lipa,Robinsons Place Lipa,south-luzon
hechter,Hechter,ortigas,estancia,Estancia,metro-manila
hebrews shebrews,Hebrews Shebrews,megaworld,mactan-newtown,Mactan Newtown,visayas
heavins communication services,Heavin's Communication Services,robinsons,robinsons-iligan,Robinsons Place Iligan,mindanao
heavenly desserts,Heavenly Desserts,megaworld,lucky-chinatown-mall,Lucky Chinatown Mall,metro-manila
hearty bread,Hearty Bread,megaworld,alabang-west-parade,Alabang West Parade,metro-manila
hearts arrow,HEARTS ARROW,robinsons,robinsons-manila,Robinsons Place Manila,metro-manila
hearts & arrows,Hearts & Arrows,megaworld,venice-grand-canal-mall,Venice Grand Canal Mall,metro-manila
hearts & arrow,Hearts & Arrow,robinsons,robinsons-manila,Robinsons Place Manila,metro-manila
heart of wellness,Heart Of Wellness,robinsons,robinsons-malolos,Robinsons Place Malolos,north-luzon
hearsound,HEARSOUND,robinsons,robinsons-antipolo,Robinsons Place Antipolo,metro-manila
healthy teeth clinic,HEALTHY TEETH CLINIC,sm,sm-city-north-edsa,SM City North Edsa,metro-manila
floriel i,FLORIEL I 0919-075-6873,robinsons,robinsons-ormoc,Robinsons Place Ormoc,visayas
florazol rtw shop,Florazol Rtw Shop,araneta,farmers-plaza,Farmers Plaza,metro-manila
florantes pasalubong,FLORANTE'S PASALUBONG,ayala,ayala-serin,Ayala Malls Serin,south-luzon
floral emotions,FLORAL EMOTIONS,ayala,ayala-harbor-point,Harbor Point,north-luzon
florabel,Florabel,ortigas,estancia,Estancia,metro-manila
flash box,FLASH BOX,robinsons,robinsons-angeles,Robinsons Angeles,north-luzon
flaky co,Flaky Co.,megaworld,eastwood-mall,Eastwood Mall,metro-manila
fjv cellphone accessories,FJV CELLPHONE ACCESSORIES,sm,sm-center-pulilan,SM Center Pulilan,north-luzon
fixst,Fixst 9156326558,robinsons,robinsons-santiago,Robinsons Place Santiago,north-luzon
fixin zone gadget repair shop,FIXIN ZONE GADGET REPAIR SHOP,sm,sm-center-tuguegarao-downtown,SM Center Tuguegarao Downtown,north-luzon
fixin zone,FIXIN ZONE,robinsons,robinsons-santiago,Robinsons Place Santiago,north-luzon
fixed to fit,FIXED TO FIT,robinsons,robinsons-las-pinas,Robinsons Place Las Pinas,metro-manila
helly hansen,HELLY HANSEN,ayala,ayala-glorietta,Glorietta,metro-manila
hello there coffee,HELLO THERE COFFEE ( TEMPORARILY CLOSED),robinsons,robinsons-palawan,Robinsons Place Palawan,south-luzon
hello glasses,Hello Glasses,waltermart,trece-martires,WalterMart Trece Martires,south-luzon
hello baby,Hello Baby,fishermall,quezonave,Fisher Mall Quezon Avenue,metro-manila
hello,HELLO,sm,sm-city-baguio,SM City Baguio,north-luzon
helens jewelry,Helen's Jewelry,fishermall,quezonave,Fisher Mall Quezon Avenue,metro-manila
helen jewelry shop,HELEN JEWELRY SHOP,sm,sm-cherry-shaw,SM Center Shaw,metro-manila
helainah eyelash extension,HELAINAH EYELASH EXTENSION,robinsons,robinsons-las-pinas,Robinsons Place Las Pinas,metro-manila
hechter paris,HECHTER PARIS,sm,sm-city-pampanga,SM City Pampanga,north-luzon
fitlab,FITLAB,fishermall,malabon,Fisher Mall Malabon,metro-manila
fit x gym,Fit-X Gym 0919-913-1031,robinsons,robinsons-sta-rosa,Robinsons Sta. Rosa,south-luzon
fit white,Fit White,megaworld,festive-walk-parade,Festive Walk Parade,visayas
fishes seafood and wine,Fishes Seafood And Wine,filinvest,il-corso,IL Corso,visayas
fisher toy store,FISHER TOY STORE,fishermall,malabon,Fisher Mall Malabon,metro-manila
fisher snacks 2,Fisher Snacks 2,fishermall,quezonave,Fisher Mall Quezon Avenue,metro-manila
hewlett packard,HEWLETT PACKARD,sm,sm-city-cebu,SM City Cebu,visayas
hermes,HERMES,ayala,ayala-greenbelt,Greenbelt,metro-manila
herbys affoodable,HERBY’S AFFOODABLE,ayala,ayala-market-market,Market! Market!,metro-manila
henry smartlock,HENRY SMARTLOCK,robinsons,robinsons-manila,Robinsons Place Manila,metro-manila
helmet spa and keepsafe by carbitex,Helmet Spa and Keepsafe by Carbitex,robinsons,robinsons-galleria-cebu,Robinsons Galleria Cebu,visayas
fleek eyebrow and beauty clinic,FLEEK EYEBROW AND BEAUTY CLINIC,sm,sm-megamall,SM Megamall,metro-manila
flavours of manila,Flavours of Manila,robinsons,robinsons-dumaguete,Robinsons Place Dumaguete,visayas
flatwhite cafe,FLATWHITE CAFE,sm,sm-city-lipa,SM City Lipa,south-luzon
flashy case,FLASHY CASE,robinsons,robinsons-antipolo,Robinsons Place Antipolo,metro-manila
flash connect,FLASH CONNECT,sm,sm-center-angono,SM Center Angono,metro-manila
first state rural bank inc,First State Rural Bank Inc.,robinsons,robinsons-iloilo,Robinsons Place Iloilo,visayas
first metro securities,FIRST METRO SECURITIES,ayala,ayala-abreeza,Abreeza,mindanao
first metro investment hub,FIRST METRO INVESTMENT HUB,ayala,ayala-abreeza,Abreeza,mindanao
fire exit,Fire Exit,ortigas,estancia,Estancia,metro-manila
fioretti jewellery,Fioretti Jewellery,ortigas,greenhills,Greenhills,metro-manila
fiona jewelry,FIONA JEWELRY,sm,sm-city-north-edsa,SM City North Edsa,metro-manila
finn cotton,FINN COTTON,ayala,ayala-manila-bay,Ayala Malls Manila Bay,metro-manila
finix,FINIX,sm,the-podium,The Podium,metro-manila
finessa aesthetica,FINESSA AESTHETICA,sm,sm-city-sucat,SM City Sucat,metro-manila
high tech pro mobile,HIGH TECH PRO MOBILE,robinsons,robinsons-tuguegarao,Robinsons Place Tuguegarao,north-luzon
hezekiah fashion,Hezekiah Fashion,robinsons,robinsons-sta-rosa,Robinsons Sta. Rosa,south-luzon
hey kitchen,HEY KITCHEN,sm,smdc-breeze-mall,SMDC Breeze Mall,metro-manila
hey internet cafe,HEY INTERNET CAFE,sm,smdc-breeze-mall,SMDC Breeze Mall,metro-manila
hey bbk,HEY BBK,sm,sm-city-north-edsa,SM City North Edsa,metro-manila
fix&free salon,FIX&FREE SALON,waltermart,naic,WalterMart Naic,south-luzon
fitness factory,Fitness Factory,megaworld,mactan-newtown,Mactan Newtown,visayas
hizons cakes & pastries,Hizon's Cakes & Pastries,robinsons,robinsons-magnolia,Robinsons Magnolia,metro-manila
hive,HIVE,ayala,ayala-greenbelt,Greenbelt,metro-manila
hit,HIT,robinsons,robinsons-gapan,Robinsons Gapan,north-luzon
historia art,Historia Art,ortigas,greenhills,Greenhills,metro-manila
his travel,HIS Travel,robinsons,robinsons-tacloban,Robinsons Place Tacloban,visayas
hiroshi wellness,Hiroshi Wellness,araneta,farmers-plaza,Farmers Plaza,metro-manila
hiro massage,Hiro Massage,filinvest,festival-mall,Festival Mall,metro-manila
hirali jewelry,Hirali Jewelry,robinsons,robinsons-pangasinan,Robinsons Place Pangasinan,north-luzon
hipolito tuazon villanueva law offices,HIPOLITO TUAZON VILLANUEVA LAW OFFICES,ayala,ayala-marquee,MarQuee Mall,north-luzon
hip street,HIP STREET,sm,sm-city-cebu,SM City Cebu,visayas
hill station bistro,HILL STATION BISTRO,sm,sm-city-baguio,SM City Baguio,north-luzon
hiland fresh,Hiland Fresh,robinsons,robinsons-galleria-cebu,Robinsons Galleria Cebu,visayas
hikiniku to come,Hikiniku to Come,megaworld,uptown-mall,Uptown Mall,metro-manila
highlands prime steakhouse,HIGHLANDS PRIME STEAKHOUSE,sm,sm-mall-of-asia,SM Mall of Asia,metro-manila
fisher dept store,Fisher Dept. Store,fishermall,malabon,Fisher Mall Malabon,metro-manila
fish & co modern shanghai,FISH & CO / MODERN SHANGHAI,ayala,ayala-up-town-center,U. P. Town Center,metro-manila
holy cow,HOLY COW,sm,sm-mall-of-asia,SM Mall of Asia,metro-manila
hollywood spectacles,HOLLYWOOD SPECTACLES,robinsons,robinsons-iligan,Robinsons Place Iligan,mindanao
hollywood diva,Hollywood Diva,robinsons,robinsons-dasmarinas,Robinsons Place Dasmarinas,south-luzon
holland tulips,HOLLAND TULIPS,sm,sm-mall-of-asia,SM Mall of Asia,metro-manila
holland park booth,Holland Park Booth,megaworld,southwoods-mall,Southwoods Mall,south-luzon
hobing cafe,Hobing Cafe,megaworld,eastwood-mall,Eastwood Mall,metro-manila
hobby nook,Hobby Nook,ortigas,greenhills,Greenhills,metro-manila
hobby korner,Hobby Korner,ortigas,greenhills,Greenhills,metro-manila
hob,HOB,ortigas,greenhills,Greenhills,metro-manila
hm,HM,sm,sm-city-santa-rosa,SM City Santa Rosa,south-luzon
hlo drugtesting laboratory,HLO Drugtesting Laboratory,robinsons,robinsons-fuente,Robinsons Fuente,visayas
hlo drug testing,Hlo Drug Testing,robinsons,robinsons-iloilo,Robinsons Place Iloilo,visayas
hk fried noodles,HK FRIED NOODLES,fishermall,malabon,Fisher Mall Malabon,metro-manila
hk fried noodle,HK Fried Noodle,robinsons,robinsons-malabon,Robinsons Town Mall Malabon,metro-manila
hj textile,HJ TEXTILE,robinsons,robinsons-iligan,Robinsons Place Iligan,mindanao
hj abragan,HJ Abragan,robinsons,robinsons-iligan,Robinsons Place Iligan,mindanao
hong kong kitchen,Hong Kong Kitchen,robinsons,robinsons-bacolod,Robinsons Place Bacolod,visayas
hong kong hardware,Hong Kong Hardware,ortigas,greenhills,Greenhills,metro-manila
honeybon,Honeybon,filinvest,festival-mall,Festival Mall,metro-manila
honey bunch,Honey Bunch,robinsons,robinsons-tacloban,Robinsons Place Tacloban,visayas
honey bs sweets and crafts,HONEY B'S SWEETS AND CRAFTS,robinsons,robinsons-tagum,Robinsons Place Tagum,mindanao
honey bakes cafe,HONEY BAKES CAFE,sm,sm-city-baguio,SM City Baguio,north-luzon
homestar appliances,HOMESTAR APPLIANCES,starmall,alabang,Starmall Alabang,metro-manila
homesitte shawarma,HOMESITTE SHAWARMA,ayala,ayala-capitol-central,Ayala Malls Capitol Central,visayas
homerong,HOMERONG,sm,sm-center-ormoc,SM Center Ormoc,visayas
homecity,HOMECITY,starmall,alabang,Starmall Alabang,metro-manila
homebakers,HOMEBAKERS,sm,sm-seaside-city-cebu,SM Seaside City Cebu,visayas
home factory outlets,HOME FACTORY OUTLETS,ayala,ayala-fairview-mall,Fairview Terraces,metro-manila
home bazaar,Home Bazaar,filinvest,festival-mall,Festival Mall,metro-manila
home and beyond,HOME AND BEYOND,robinsons,robinsons-gapan,Robinsons Gapan,north-luzon
hom thai food,HOM THAI FOOD,sm,smdc-air-mall,SMDC Air Mall,metro-manila
holy halo,Holy Halo,robinsons,robinsons-iligan,Robinsons Place Iligan,mindanao
fine fancy,FINE FANCY,sm,sm-megamall,SM Megamall,metro-manila
fine art photographics,FINE ART PHOTOGRAPHICS,sm,sm-city-lucena,SM City Lucena,south-luzon
finds a discount store,FINDS A DISCOUNT STORE,starmall,alabang,Starmall Alabang,metro-manila
film beyond the photobooth,THE FILM BEYOND THE PHOTOBOOTH,sm,sm-city-santa-rosa,SM City Santa Rosa,south-luzon
film,THE FILM,robinsons,robinsons-lipa,Robinsons Place Lipa,south-luzon
fill it,Fill It,ortigas,estancia,Estancia,metro-manila
filippo,FILIPPO,ayala,ayala-center-cebu,Ayala Center Cebu,visayas
filipino creazione,FILIPINO CREAZIONE,robinsons,robinsons-otis,Robinsons Otis,metro-manila
filipinas pawnshop inc,Filipinas Pawnshop Inc.,waltermart,north-edsa,WalterMart North EDSA,metro-manila
filinvest land inc,Filinvest Land Inc,filinvest,dumaguete,Filinvest Malls Dumaguete,visayas
filigree,Filigree,filinvest,festival-mall,Festival Mall,metro-manila
filibela,Filibela,araneta,farmers-plaza,Farmers Plaza,metro-manila
fili,FILI,sm,sm-city-davao,SM City Davao,mindanao
filbela,Filbela,araneta,farmers-plaza,Farmers Plaza,metro-manila
hong kong style noodles & dimsum,Hong kong Style Noodles & Dimsum,robinsons,robinsons-malolos,Robinsons Place Malolos,north-luzon
hong kong style noodle,HONG KONG STYLE NOODLE,robinsons,robinsons-manila,Robinsons Place Manila,metro-manila
filarts gallery,FILARTS GALLERY,robinsons,robinsons-novaliches,Robinsons Novaliches,metro-manila
fila satellite,Fila Satellite,filinvest,festival-mall,Festival Mall,metro-manila
fila italia,FILA ITALIA,sm,sm-city-north-edsa,SM City North Edsa,metro-manila
fighting korean restaurant,Fighting Korean Restaurant,megaworld,festive-walk-mall-iloilo,Festive Walk Mall,visayas
figaro i,FIGARO I 0947-521-9495,robinsons,robinsons-ormoc,Robinsons Place Ormoc,visayas
figaro coffee,FIGARO COFFEE 0998-9918-158,robinsons,robinsons-ormoc,Robinsons Place Ormoc,visayas
fig & vine,FIG & VINE,robinsons,opus,Opus Mall,metro-manila
fiesta outlet store,FIESTA OUTLET STORE,robinsons,robinsons-iloilo,Robinsons Place Iloilo,visayas
hooga,Hooga,megaworld,uptown-mall,Uptown Mall,metro-manila
honor kiosk,HONOR KIOSK,robinsons,robinsons-valencia,Robinsons Place Valencia,mindanao
honor i,HONOR I 0951-369-7340,robinsons,robinsons-ormoc,Robinsons Place Ormoc,visayas
honor concept store,HONOR CONCEPT STORE,robinsons,robinsons-iloilo,Robinsons Place Iloilo,visayas
honolulu hk cafe,Honolulu Hk Cafe,robinsons,robinsons-manila,Robinsons Place Manila,metro-manila
honolulu hk bakery cafe,HONOLULU HK BAKERY CAFE,sm,sm-aura,SM Aura,metro-manila
honolulu cafe,HONOLULU CAFÉ,ayala,ayala-greenbelt,Greenbelt,metro-manila
hongkong style noodle,Hongkong Style Noodle,waltermart,bacoor,WalterMart Bacoor,south-luzon
house of fries,HOUSE OF FRIES,robinsons,robinsons-tuguegarao,Robinsons Place Tuguegarao,north-luzon
house of frappe,HOUSE OF FRAPPE,sm,sm-city-davao,SM City Davao,mindanao
house of champorado,HOUSE OF CHAMPORADO,waltermart,erodriguez,WalterMart E.Rodriguez,metro-manila
hour glass,HOUR GLASS,sm,sm-megamall,SM Megamall,metro-manila
hottie fashion,Hottie Fashion,robinsons,robinsons-palawan,Robinsons Place Palawan,south-luzon
hotpoint of sale marketing,Hotpoint Of Sale Marketing,robinsons,robinsons-dasmarinas,Robinsons Place Dasmarinas,south-luzon
hotdog all dway,HOTDOG ALL D'WAY,robinsons,robinsons-novaliches,Robinsons Novaliches,metro-manila
hot star dakasi,Hot Star / Dakasi,filinvest,festival-mall,Festival Mall,metro-manila
hot potato,HOT POTATO,sm,sm-city-sorsogon,SM City Sorsogon,south-luzon
hossein,HOSSEIN,ayala,ayala-serendra,Shops at Serendra,metro-manila
hoshino,HOSHINO,robinsons,opus,Opus Mall,metro-manila
hoseki,HOSEKI,sm,the-podium,The Podium,metro-manila
horologist,The Horologist,ortigas,estancia,Estancia,metro-manila
hook bcd,THE HOOK BCD,sm,sm-city-bacolod,SM City Bacolod,visayas
filbars multiverse,Filbar's Multiverse,ortigas,greenhills,Greenhills,metro-manila
filarts gallery coffee shop,FILARTS GALLERY COFFEE SHOP,robinsons,robinsons-novaliches,Robinsons Novaliches,metro-manila
fiesta dabaw,FIESTA DABAW,sm,sm-city-davao,SM City Davao,mindanao
fiesta communities,FIESTA COMMUNITIES,robinsons,robinsons-starmills,Robinsons Starmills,north-luzon
fiesta,FIESTA,sm,sm-city-iloilo,SM City Iloilo,visayas
fielas sticky bun cafe,FIELAS STICKY BUN CAFE,sm,sm-city-cauayan,SM City Cauayan,north-luzon
fibrella service center,FIBRELLA SERVICE CENTER,sm,sm-city-north-edsa,SM City North Edsa,metro-manila
fiasfud,FIASFUD,robinsons,opus,Opus Mall,metro-manila
fiametas plants,FIAMETA'S PLANTS,ayala,ayala-market-market,Market! Market!,metro-manila
fg aesthetic centre,FG Aesthetic Centre,megaworld,venice-grand-canal-mall,Venice Grand Canal Mall,metro-manila
fetish couture boutique,FETISH COUTURE BOUTIQUE,ayala,ayala-capitol-central,Ayala Malls Capitol Central,visayas
feta,Feta,megaworld,newport-city,Newport City,metro-manila
festive walk cinemas snackbar,Festive Walk Cinemas - Snackbar,megaworld,festive-walk-mall-iloilo,Festive Walk Mall,visayas
house of oppa,House Of Oppa,filinvest,fora,Fora Mall,south-luzon
house of minis,House Of Minis,ortigas,greenhills,Greenhills,metro-manila
house of lechon,HOUSE OF LECHON,sm,sm-jmall,SM J Mall,visayas
house of lasagna by chef erick congmon,HOUSE OF LASAGNA BY CHEF ERICK CONGMON,sm,sm-city-lipa,SM City Lipa,south-luzon
house of lasagna,House Of Lasagna,filinvest,festival-mall,Festival Mall,metro-manila
hudson central market,Hudson Central Market,megaworld,forbes-town,Forbes Town,metro-manila
hubsite printing center,HUBSITE PRINTING CENTER,robinsons,robinsons-manila,Robinsons Place Manila,metro-manila
huawei kiosk,Huawei Kiosk,robinsons,robinsons-dumaguete,Robinsons Place Dumaguete,visayas
hto cellphone repair shop,HTO Cellphone Repair Shop,waltermart,makiling,WalterMart Makiling,south-luzon
hssw dental center,HSSW DENTAL CENTER,sm,sm-city-fairview,SM City Fairview,metro-manila
hsbc,HSBC,ayala,ayala-abreeza,Abreeza,mindanao
hp solutions center,HP SOLUTIONS CENTER,ayala,ayala-center-cebu,Ayala Center Cebu,visayas
hoy house of yogurt lover,HOY HOUSE OF YOGURT LOVER,sm,sm-city-baguio,SM City Baguio,north-luzon
how fun,HOW FUN,sm,sm-city-iloilo,SM City Iloilo,visayas
house of wagyu,House Of Wagyu,megaworld,eastwood-mall,Eastwood Mall,metro-manila
house of vigan empanada,HOUSE OF VIGAN EMPANADA 0948-470-7906,robinsons,robinsons-pangasinan,Robinsons Place Pangasinan,north-luzon
house of taho by taho atbp,HOUSE OF TAHO BY TAHO ATBP,sm,sm-cdo-downtown,SM CDO Downtown Premier,mindanao
house of samsonite,HOUSE OF SAMSONITE,sm,the-podium,The Podium,metro-manila
house of rolls,HOUSE OF ROLLS,sm,sm-city-general-santos,SM City General Santos,mindanao
house of polvoron,HOUSE OF POLVORON,ayala,ayala-trinoma,Trinoma,metro-manila
fiesta inasal,FIESTA INASAL,sm,sm-city-roxas,SM City Roxas,visayas
festive finds,Festive Finds,megaworld,festive-walk-mall-iloilo,Festive Walk Mall,visayas
fertility & reproductive medicine center corp,Fertility & Reproductive Medicine Center Corp. 0956-075-2117,robinsons,robinsons-cybergate-cebu,Robinsons Cybergate Cebu,visayas
ferretti,Ferretti,robinsons,robinsons-galleria-cebu,Robinsons Galleria Cebu,visayas
ferragamo,FERRAGAMO,ayala,ayala-greenbelt,Greenbelt,metro-manila
fernandez optical,Fernandez Optical,robinsons,robinsons-iligan,Robinsons Place Iligan,mindanao
fernandez associates law firm,FERNANDEZ ASSOCIATES LAW FIRM,sm,smdc-mplace-mall,SMDC Mplace Mall,metro-manila
fermin dental,Fermin Dental,megaworld,san-lorenzo-place-mall,San Lorenzo Place Mall,metro-manila
ferinos bibingka,FERINOS BIBINGKA,sm,sm-city-dasmarinas,SM City Dasmariñas,south-luzon
fendi,FENDI,ayala,ayala-greenbelt,Greenbelt,metro-manila
femme boutique,FEMME BOUTIQUE,ayala,ayala-abreeza,Abreeza,mindanao
fema (heal ot blind massage),Fema (Heal-ot Blind Massage),robinsons,robinsons-gen-san,Robinsons Place GenSan,mindanao
fely js,Fely J's,megaworld,uptown-mall,Uptown Mall,metro-manila
felt,FELT,sm,sm-megamall,SM Megamall,metro-manila
huilier jewelry,HUILIER JEWELRY,robinsons,robinsons-butuan,Robinsons Place Butuan,mindanao
hued,Hued,megaworld,eastwood-mall,Eastwood Mall,metro-manila
hue delight,Hue Delight,robinsons,robinsons-bacolod,Robinsons Place Bacolod,visayas
i heart yogurt,I Heart Yogurt,robinsons,robinsons-naga,Robinsons Place Naga,south-luzon
hyundai commonwealth,HYUNDAI COMMONWEALTH,sm,sm-city-fairview,SM City Fairview,metro-manila
hyundai city store,HYUNDAI CITY STORE,robinsons,robinsons-palawan,Robinsons Place Palawan,south-luzon
hyundai,HYUNDAI,robinsons,robinsons-north-tacloban,Robinsons North Tacloban,visayas
hype,Hype 24/7 9090816189,robinsons,robinsons-magnolia,Robinsons Magnolia,metro-manila
hygea wellness center,HYGEA WELLNESS CENTER,sm,sm-seaside-city-cebu,SM Seaside City Cebu,visayas
hydro core water refilling station,HYDRO CORE WATER REFILLING STATION,sm,smdc-light-mall,SMDC Light Mall,metro-manila
hussam middle eastern cuisine,Hussam Middle Eastern Cuisine,filinvest,il-corso,IL Corso,visayas
hunter tradition,HUNTER TRADITION,sm,sm-megamall,SM Megamall,metro-manila
hungry hippo,HUNGRY HIPPO,sm,sm-city-batangas,SM City Batangas,south-luzon
humy,HUMY,sm,sm-mall-of-asia,SM Mall of Asia,metro-manila
humpte dumptea by coffee and bikes,Humpte Dumptea by Coffee and Bikes,robinsons,robinsons-tagum,Robinsons Place Tagum,mindanao
hummus us,Hummus Us,megaworld,eastwood-mall,Eastwood Mall,metro-manila
humble market,HUMBLE MARKET,ayala,ayala-glorietta,Glorietta,metro-manila
festive walk cinemas,Festive Walk Cinemas,megaworld,festive-walk-mall-iloilo,Festive Walk Mall,visayas
festive market by savemore,Festive Market By Savemore,megaworld,festive-walk-mall-iloilo,Festive Walk Mall,visayas
fei fei by choi garden,Fei Fei By Choi Garden,megaworld,uptown-mall,Uptown Mall,metro-manila
feelmore,FEELMORE,sm,sm-center-muntinlupa,SM Center Muntinlupa,metro-manila
feed people trading,FEED PEOPLE TRADING,ayala,ayala-market-market,Market! Market!,metro-manila
federal express,Federal Express,filinvest,festival-mall,Festival Mall,metro-manila
feb gadget repair shop,FEB GADGET REPAIR SHOP,sm,sm-city-san-mateo,SM City San Mateo,metro-manila
feast & fire,FEAST & FIRE,sm,sm-city-clark,SM City Clark,north-luzon
fda,FDA,starmall,alabang,Starmall Alabang,metro-manila
fcp sunrise travel tours,FCP SUNRISE TRAVEL TOURS,sm,sm-city-sto-tomas,SM City Sto. Tomas,south-luzon
fc home depot,FC HOME DEPOT,ayala,ayala-circuit,Ayala Malls Circuit,metro-manila
fc home center,FC HOME CENTER,robinsons,robinsons-sta-rosa,Robinsons Sta. Rosa,south-luzon
faxcable,Faxcable,ortigas,greenhills,Greenhills,metro-manila
favorite brew,Favorite Brew,filinvest,main-square,Main Square,south-luzon
faure le page,FAURE LE PAGE,ayala,ayala-greenbelt,Greenbelt,metro-manila
i love milktea,I Love Milktea,robinsons,robinsons-metro-east,Robinsons Metro East,metro-manila
i love baking,I LOVE BAKING,sm,sm-center-las-pinas,SM Center Las Piñas,metro-manila
i lash,I-LASH,sm,sm-center-dagupan,SM Center Dagupan,north-luzon
icase,iCASE,robinsons,robinsons-gapan,Robinsons Gapan,north-luzon
ibook,IBOOK,sm,sm-city-clark,SM City Clark,north-luzon
ibloom massage chair,Ibloom Massage Chair,robinsons,robinsons-naga,Robinsons Place Naga,south-luzon
ibeautified beauty lounge kid co,Ibeautified Beauty Lounge / Kid Co,ortigas,greenhills,Greenhills,metro-manila
ibays silver,Ibay's Silver,robinsons,robinsons-ilocos,Robinsons Place Ilocos,north-luzon
ian darcy perfume,IAN DARCY PERFUME,robinsons,robinsons-tagum,Robinsons Place Tagum,mindanao
ian darcy oil rich fragrance collection,Ian Darcy Oil Rich Fragrance Collection,robinsons,robinsons-dasmarinas,Robinsons Place Dasmarinas,south-luzon
ian darcey,ian Darcey,robinsons,robinsons-gen-san,Robinsons Place GenSan,mindanao
iams kitchen bar,IAMS KITCHEN BAR,sm,sm-city-butuan,SM City Butuan,mindanao
i2i incorporated,I2I INCORPORATED,starmall,edsa-shaw,Starmall EDSA-Shaw,metro-manila
i wacth,I-WACTH,robinsons,robinsons-ilocos,Robinsons Place Ilocos,north-luzon
i slim and skin aesthetic center,I-SLIM AND SKIN AESTHETIC CENTER,sm,sm-city-legazpi,SM City Legazpi,south-luzon
i refresh massage,I-Refresh Massage,robinsons,robinsons-pangasinan,Robinsons Place Pangasinan,north-luzon
i parcel,I PARCEL,sm,sm-city-trece-martires,SM City Trece Martires,south-luzon
i ngco,I NGCO,sm,sm-city-fairview,SM City Fairview,metro-manila
felicias retail pastry shop,FELICIAS RETAIL PASTRY SHOP,sm,sm-city-bacolod,SM City Bacolod,visayas
father and sons barbershop,FATHER AND SONS BARBERSHOP,sm,sm-city-tuguegarao,SM City Tuguegarao,north-luzon
father & sons barbershop,FATHER & SONS BARBERSHOP,robinsons,robinsons-santiago,Robinsons Place Santiago,north-luzon
father & sons,FATHER & SONS,robinsons,robinsons-tuguegarao,Robinsons Place Tuguegarao,north-luzon
fatboys pizza & pasta,Fatboys Pizza & Pasta,waltermart,caloocan,WalterMart Caloocan,metro-manila
fat monk,FAT MONK,sm,sm-cdo-downtown,SM CDO Downtown Premier,mindanao
fat chef restaurant,FAT CHEF RESTAURANT,sm,sm-city-cagayan-de-oro,SM City CDO Uptown,mindanao
fat belly kitchen,FAT BELLY KITCHEN,robinsons,robinsons-manila,Robinsons Place Manila,metro-manila
fastplay,Fastplay,robinsons,robinsons-gen-san,Robinsons Place GenSan,mindanao
fast play,FAST PLAY,robinsons,robinsons-gen-san,Robinsons Place GenSan,mindanao
fast fix key duplication shoes and bags repair,FAST FIX KEY DUPLICATION SHOES AND BAGS REPAIR,sm,sm-city-davao,SM City Davao,mindanao
fast autoworld phil corp,Fast Autoworld Phil. Corp.,robinsons,robinsons-galleria-cebu,Robinsons Galleria Cebu,visayas
ice print,ICE PRINT,sm,sm-city-north-edsa,SM City North Edsa,metro-manila
ice kingdom,Ice Kingdom,robinsons,robinsons-santiago,Robinsons Place Santiago,north-luzon
ice crumble,Ice Crumble,robinsons,robinsons-pavia,Robinsons Place Pavia,visayas
ice bergs,Ice Bergs,megaworld,eastwood-city-walk,Eastwood City Walk,metro-manila
ice & swirls,ICE & SWIRLS,robinsons,robinsons-angeles,Robinsons Angeles,north-luzon
fashion mobile,FASHION MOBILE,sm,sm-city-general-santos,SM City General Santos,mindanao
fashion 21,FASHION 21,robinsons,robinsons-manila,Robinsons Place Manila,metro-manila
fashion 101,Fashion 101,ortigas,greenhills,Greenhills,metro-manila
farron coffee,FARRON COFFEE,fishermall,malabon,Fisher Mall Malabon,metro-manila
farmery deli,Farmery Deli,ortigas,estancia,Estancia,metro-manila
famous country waffles,FAMOUS COUNTRY WAFFLES,robinsons,opus,Opus Mall,metro-manila
iconique beauty,ICONIQUE BEAUTY,robinsons,robinsons-starmills,Robinsons Starmills,north-luzon
icon,Icon 9273457826,robinsons,robinsons-magnolia,Robinsons Magnolia,metro-manila
iclear vision,Iclear Vision,waltermart,makati,WalterMart Makati,metro-manila
ichibang,ICHIBANG,robinsons,robinsons-naga,Robinsons Place Naga,south-luzon
ichiba japanese market,Ichiba Japanese Market,megaworld,newport-city,Newport City,metro-manila
icha bingsu dessert cafe,ICHA BINGSU DESSERT CAFE,sm,sm-seaside-city-cebu,SM Seaside City Cebu,visayas
icha,ICHA 0917-675-7171,robinsons,robinsons-cybergate-cebu,Robinsons Cybergate Cebu,visayas
icetag cafe,ICETAG CAFE,sm,sm-city-general-santos,SM City General Santos,mindanao
fatty kim,Fatty Kim,fishermall,quezonave,Fisher Mall Quezon Avenue,metro-manila
father and sons music studio,FATHER AND SONS MUSIC STUDIO,sm,sm-cdo-downtown,SM CDO Downtown Premier,mindanao
ifixit,Ifixit,robinsons,robinsons-cagayan-de-oro,Robinsons Cagayan de Oro,mindanao
ifixed gadget repair shop,IFIXED GADGET REPAIR SHOP,sm,sm-city-molino,SM City Molino,south-luzon
ifix migz,IFIX MIGZ,sm,sm-lanang,SM Lanang,mindanao
ifc exchange,IFC EXCHANGE,waltermart,north-edsa,WalterMart North EDSA,metro-manila
ie creative computers,IE CREATIVE COMPUTERS,sm,sm-city-bacolod,SM City Bacolod,visayas
idiot sandwich,Idiot Sandwich,megaworld,uptown-parade,Uptown Parade,metro-manila
idental square,IDENTAL SQUARE,sm,sm-city-san-jose-del-monte,SM City San Jose Del Monte,north-luzon
ideal vision premier,Ideal Vision Premier,filinvest,festival-mall,Festival Mall,metro-manila
ideal siomai,Ideal Siomai,filinvest,fora,Fora Mall,south-luzon
ideal home,IDEAL HOME,sm,sm-city-north-edsa,SM City North Edsa,metro-manila
idea vision,Idea Vision,robinsons,robinsons-tacloban,Robinsons Place Tacloban,visayas
idara aesthetics cafe,IDARA AESTHETICS CAFÉ,sm,sm-city-sto-tomas,SM City Sto. Tomas,south-luzon
idara,Idara,megaworld,eastwood-city-walk,Eastwood City Walk,metro-manila
fashionista mom beauty lounge,FASHIONISTA MOM BEAUTY LOUNGE,sm,sm-center-lemery,SM Center Lemery,south-luzon
fashion tv,FASHION TV,ayala,ayala-manila-bay,Ayala Malls Manila Bay,metro-manila
fashion square,Fashion Square 9533153345,robinsons,robinsons-santiago,Robinsons Place Santiago,north-luzon
il lupino trattoria & wine bar,IL LUPINO TRATTORIA & WINE BAR,robinsons,opus,Opus Mall,metro-manila
il fragranza,IL FRAGRANZA,robinsons,robinsons-palawan,Robinsons Place Palawan,south-luzon
ikshava juice,Ikshava Juice,filinvest,festival-mall,Festival Mall,metro-manila
ikinari steakhouse,IKINARI STEAKHOUSE,robinsons,robinsons-magnolia,Robinsons Magnolia,metro-manila
ikinari steak,IKINARI STEAK,sm,moa-square,MOA Square,metro-manila
ikigai,IKIGAI,ayala,ayala-manila-bay,Ayala Malls Manila Bay,metro-manila
ikebukuro japanese resto bar,IKEBUKURO JAPANESE RESTO BAR,ayala,ayala-solenad,Ayala Malls Nuvali,south-luzon
ikea cakes & snacks i,Ikea Cakes & Snacks I 0961-971-2089,robinsons,robinsons-ormoc,Robinsons Place Ormoc,visayas
ikea,IKEA,sm,moa-square,MOA Square,metro-manila
ikarao,Ikarao,filinvest,festival-mall,Festival Mall,metro-manila
ihearbetternow,iHearBetterNow 0917-794-4327,robinsons,robinsons-cybergate-cebu,Robinsons Cybergate Cebu,visayas
ihaw juan,IHAW JUAN,sm,sm-city-clark,SM City Clark,north-luzon
iguanas sandals,Iguanas Sandals,robinsons,robinsons-malabon,Robinsons Town Mall Malabon,metro-manila
igo korean mart,Igo Korean Mart,filinvest,festival-mall,Festival Mall,metro-manila
igadget world,IGADGET WORLD,sm,sm-lanang,SM Lanang,mindanao
ifu,IFU,robinsons,robinsons-iloilo,Robinsons Place Iloilo,visayas
famous belgain waffle,FAMOUS BELGAIN WAFFLE,robinsons,robinsons-starmills,Robinsons Starmills,north-luzon
family fried chicken,FAMILY FRIED CHICKEN,robinsons,robinsons-metro-east,Robinsons Metro East,metro-manila
family eye center,Family Eye Center,robinsons,robinsons-cybergate-davao,Robinsons Cybergate Davao,mindanao
family eye care,Family Eye Care,robinsons,robinsons-gen-san,Robinsons Place GenSan,mindanao
falcor marketing corporation,FALCOR MARKETING CORPORATION,sm,sm-city-bacolod,SM City Bacolod,visayas
fairyland specialty shop,Fairyland Specialty Shop,robinsons,robinsons-imus,Robinsons Place Imus,south-luzon
fairy trail trackless electric train,FAIRY TRAIL TRACKLESS ELECTRIC TRAIN (OPEN),robinsons,robinsons-naga,Robinsons Place Naga,south-luzon
fairy trail,Fairy Trail 9332662016,robinsons,robinsons-santiago,Robinsons Place Santiago,north-luzon
fairy land,Fairy land,robinsons,robinsons-gentrias,Robinsons Place Gen. Trias,south-luzon
illumina derma clinic,Illumina Derma Clinic,ortigas,tiendesitas,Tiendesitas,metro-manila
iligan light,Iligan Light,robinsons,robinsons-iligan,Robinsons Place Iligan,mindanao
iliberty,Iliberty,robinsons,robinsons-santiago,Robinsons Place Santiago,north-luzon
ileco 1,Ileco 1,robinsons,robinsons-pavia,Robinsons Place Pavia,visayas
ilash extensions,Ilash Extensions,megaworld,lucky-chinatown-imperial-wing,Lucky Chinatown - Imperial Wing,metro-manila
ilash,Ilash,ortigas,greenhills,Greenhills,metro-manila
il padrino coffee,IL PADRINO COFFEE,sm,sm-city-baguio,SM City Baguio,north-luzon
imperial dance studio,Imperial Dance Studio,megaworld,venice-grand-canal-mall,Venice Grand Canal Mall,metro-manila
immense food,Immense Food,megaworld,lucky-chinatown-imperial-wing,Lucky Chinatown - Imperial Wing,metro-manila
ilvapore coffee house,ILVAPORE COFFEE HOUSE,robinsons,robinsons-cagayan-de-oro,Robinsons Cagayan de Oro,mindanao
ilonggo grill,Ilonggo Grill,filinvest,festival-mall,Festival Mall,metro-manila
ilonggo express,ILONGGO EXPRESS,robinsons,robinsons-sta-rosa,Robinsons Sta. Rosa,south-luzon
iloko empanada,ILOKO EMPANADA,sm,sm-city-rosales,SM City Rosales,north-luzon
iloilo southprime,ILOILO SOUTHPRIME,sm,sm-city-iloilo,SM City Iloilo,visayas
iloilo grace pharmacy,Iloilo Grace Pharmacy,robinsons,robinsons-iloilo,Robinsons Place Iloilo,visayas
iloilo doctorss clinic,Iloilo Doctors's Clinic,robinsons,robinsons-iloilo,Robinsons Place Iloilo,visayas
iloilo doctors clinic laboratory services,ILOILO DOCTORS CLINIC LABORATORY SERVICES,sm,sm-city-iloilo,SM City Iloilo,visayas
iloilo bingo,ILOILO BINGO,sm,sm-city-iloilo,SM City Iloilo,visayas
ilocos pet clinic,Ilocos Pet Clinic,robinsons,robinsons-ilocos,Robinsons Place Ilocos,north-luzon
ilocandia blind massage 2004,ILOCANDIA BLIND MASSAGE 2004,robinsons,robinsons-ilocos,Robinsons Place Ilocos,north-luzon
illy,ILLY,robinsons,opus,Opus Mall,metro-manila
famous belgian waffles i,Famous Belgian Waffles I 0938-035-4081,robinsons,robinsons-ormoc,Robinsons Place Ormoc,visayas
famous belgian,FAMOUS BELGIAN,robinsons,robinsons-la-union,Robinsons Place La Union,north-luzon
fabularize smile,FABULARIZE SMILE,robinsons,robinsons-tagum,Robinsons Place Tagum,mindanao
fabrics plus,FABRICS PLUS,sm,sm-city-cebu,SM City Cebu,visayas
fabric life by larrys,FABRIC LIFE BY LARRYS,sm,sm-city-cebu,SM City Cebu,visayas
fab you lush,FAB-YOU-LUSH,robinsons,robinsons-gentrias,Robinsons Place Gen. Trias,south-luzon
faathena gen merchandise,FAATHENA GEN. MERCHANDISE,robinsons,robinsons-novaliches,Robinsons Novaliches,metro-manila
f&m niceday carwash,F&M Niceday Carwash,robinsons,robinsons-antique,Robinsons Place Antique,visayas
f&c jewelry,F&C JEWELRY,ayala,ayala-glorietta,Glorietta,metro-manila
incare,INCARE,sm,smdc-mplace-mall,SMDC Mplace Mall,metro-manila
inasal de cebu,INASAL DE CEBU,sm,sm-city-general-santos,SM City General Santos,mindanao
inas pater,Ina's Pater,robinsons,robinsons-iligan,Robinsons Place Iligan,mindanao
inari sukiyaki,INARI SUKIYAKI (9328882718),robinsons,robinsons-magnolia,Robinsons Magnolia,metro-manila
in tune,In Tune,ortigas,greenhills,Greenhills,metro-manila
in time by strapshop,In-Time By Strapshop,araneta,ali-mall,Ali Mall,metro-manila
imprint studio,IMPRINT STUDIO,robinsons,robinsons-angeles,Robinsons Angeles,north-luzon
imperial vet clinic,Imperial Vet Clinic,robinsons,galleria-south,Robinsons Galleria South,south-luzon
imperial vet,Imperial Vet ( TEMPORARILY CLOSED ),robinsons,robinsons-gentrias,Robinsons Place Gen. Trias,south-luzon
infonec kiosk,Infonec Kiosk,araneta,farmers-plaza,Farmers Plaza,metro-manila
infonec,INFONEC,sm,sm-city-novaliches,SM City Novaliches,metro-manila
infomax gold,INFOMAX GOLD,ayala,ayala-trinoma,Trinoma,metro-manila
infintea,INFINTEA,robinsons,robinsons-ilocos,Robinsons Place Ilocos,north-luzon
infinix ms twirling ice cream,Infinix Ms. Twirling Ice Cream,robinsons,robinsons-naga,Robinsons Place Naga,south-luzon
infinix i,Infinix I 0938-742-3817,robinsons,robinsons-ormoc,Robinsons Place Ormoc,visayas
infinity smile dental clinic,INFINITY SMILE DENTAL CLINIC (0926-582-6832 /0953-913-7138),robinsons,robinsons-cagayan-de-oro,Robinsons Cagayan de Oro,mindanao
infinitea i,INFINITEA I 0975-523-3343,robinsons,robinsons-ormoc,Robinsons Place Ormoc,visayas
infinite mobile solutions,Infinite Mobile Solutions,robinsons,robinsons-pavia,Robinsons Place Pavia,visayas
indio,Indio,megaworld,venice-grand-canal-mall,Venice Grand Canal Mall,metro-manila
indigo profiles salon,Indigo / Profiles Salon,megaworld,clubhouse-temple-drive,The Clubhouse at Temple Drive,metro-manila
inchrist city church,INCHRIST CITY CHURCH,starmall,san-jose-del-monte,Starmall San Jose del Monte,north-luzon
facial plus spa,FACIAL PLUS SPA,sm,sm-city-sorsogon,SM City Sorsogon,south-luzon
facial plus,FACIAL PLUS,ayala,ayala-legazpi,Ayala Malls Legazpi,south-luzon
faceshop,THE FACESHOP,robinsons,robinsons-antipolo,Robinsons Place Antipolo,metro-manila
fabularized cafe,FABULARIZED CAFE,robinsons,robinsons-tagum,Robinsons Place Tagum,mindanao
eyes & shades optical clinic,Eyes & Shades Optical Clinic,robinsons,robinsons-valencia,Robinsons Place Valencia,mindanao
eyepod,THE EYEPOD,sm,sm-megamall,SM Megamall,metro-manila
eyecrafter,EYECRAFTER,ayala,ayala-abreeza,Abreeza,mindanao
eyecare deluxe optical clinic,EYECARE DELUXE OPTICAL CLINIC,ayala,ayala-abreeza,Abreeza,mindanao
eyebrowdery,THE EYEBROWDERY,sm,sm-megamall,SM Megamall,metro-manila
eye studio,Eye Studio,robinsons,robinsons-antipolo,Robinsons Place Antipolo,metro-manila
eye sports,EYE SPORTS,ayala,ayala-glorietta,Glorietta,metro-manila
inland corporation,INLAND CORPORATION,sm,sm-cdo-downtown,SM CDO Downtown Premier,mindanao
inkwell tattoo,Inkwell Tattoo,megaworld,newport-city,Newport City,metro-manila
inkrite ink refilling station,INKRITE INK REFILLING STATION,sm,sm-city-north-edsa,SM City North Edsa,metro-manila
ink n print,Ink N’ Print,filinvest,festival-mall,Festival Mall,metro-manila
ink master,INK MASTER,sm,sm-city-santa-rosa,SM City Santa Rosa,south-luzon
ink fairness,Ink Fairness,robinsons,robinsons-novaliches,Robinsons Novaliches,metro-manila
ink 1,INK 1,sm,sm-city-bacoor,SM City Bacoor,south-luzon
inihaw republic,INIHAW REPUBLIC,sm,sm-city-urdaneta-central,SM City Urdaneta Central,north-luzon
inglorious cookies,INGLORIOUS COOKIES,ayala,ayala-malls-central-bloc,Ayala Malls Central Bloc,visayas
intelliprime medical and psychological counseling,Intelliprime Medical and Psychological Counseling 0916-364-3067,robinsons,robinsons-cybergate-cebu,Robinsons Cybergate Cebu,visayas
intellident dental clinic,INTELLIDENT DENTAL CLINIC,ayala,ayala-solenad,Ayala Malls Nuvali,south-luzon
intellicom kiosk (marui),Intellicom Kiosk (Marui),araneta,farmers-plaza,Farmers Plaza,metro-manila
instaprint,Instaprint 9177188130,robinsons,robinsons-magnolia,Robinsons Magnolia,metro-manila
instagadget cellphone and accessories,INSTAGADGET CELLPHONE AND ACCESSORIES,ayala,ayala-marquee,MarQuee Mall,north-luzon
instabloc,Instabloc,robinsons,robinsons-magnolia,Robinsons Magnolia,metro-manila
insta 360,INSTA 360,robinsons,robinsons-manila,Robinsons Place Manila,metro-manila
inspired expressions bazaar,Inspired Expressions Bazaar,robinsons,robinsons-malabon,Robinsons Town Mall Malabon,metro-manila
inspire church,INSPIRE CHURCH,ayala,ayala-vertis,Ayala Malls Vertis North,metro-manila
inspector gadget,INSPECTOR GADGET,sm,sm-city-trece-martires,SM City Trece Martires,south-luzon
innove asia,Innove Asia,ortigas,greenhills,Greenhills,metro-manila
innovatronix inc,INNOVATRONIX INC.,starmall,edsa-shaw,Starmall EDSA-Shaw,metro-manila
innovator,Innovator,ortigas,greenhills,Greenhills,metro-manila
ez text,Ez Text,ortigas,greenhills,Greenhills,metro-manila
ez shop,EZ SHOP,sm,sm-city-cebu,SM City Cebu,visayas
eyezone vision center,EYEZONE VISION CENTER,sm,sm-city-lucena,SM City Lucena,south-luzon
irestore,Irestore,filinvest,festival-mall,Festival Mall,metro-manila
irepair,IREPAIR,robinsons,robinsons-antipolo,Robinsons Place Antipolo,metro-manila
irefresh,iREFRESH,robinsons,robinsons-antipolo,Robinsons Place Antipolo,metro-manila
iqor,IQOR,robinsons,robinsons-dasmarinas,Robinsons Place Dasmarinas,south-luzon
ipro repair,IPRO REPAIR,sm,sm-city-cebu,SM City Cebu,visayas
ippudo ramen bar,Ippudo Ramen Bar,megaworld,uptown-mall,Uptown Mall,metro-manila
ipponyari,Ipponyari,megaworld,alabang-west-parade,Alabang West Parade,metro-manila
ippin si ji restaurant,IPPIN SI JI RESTAURANT,sm,smdc-breeze-mall,SMDC Breeze Mall,metro-manila
ipanema satellite selling 2024,IPANEMA SATELLITE SELLING 2024,robinsons,robinsons-ilocos,Robinsons Place Ilocos,north-luzon
ip express,IP Express,robinsons,robinsons-novaliches,Robinsons Novaliches,metro-manila
ionline com internet shop,Ionline.Com Internet Shop,robinsons,robinsons-north-tacloban,Robinsons North Tacloban,visayas
ioc vision care clinic,IOC Vision Care Clinic,robinsons,robinsons-lipa,Robinsons Place Lipa,south-luzon
into gadgets,Into Gadgets,robinsons,robinsons-iligan,Robinsons Place Iligan,mindanao
interpace computer systems,Interpace Computer Systems,filinvest,dumaguete,Filinvest Malls Dumaguete,visayas
international eye center,International Eye Center,robinsons,robinsons-starmills,Robinsons Starmills,north-luzon
interior homescapes,INTERIOR HOMESCAPES,ayala,ayala-abreeza,Abreeza,mindanao
eye & optics,Eye & Optics,robinsons,robinsons-santiago,Robinsons Place Santiago,north-luzon
exzone repair shop,EXZONE REPAIR SHOP,sm,sm-city-lucena,SM City Lucena,south-luzon
extraordineri salon,EXTRAORDINERI SALON,ayala,ayala-serin,Ayala Malls Serin,south-luzon
exquisite advanced dental clinic,EXQUISITE ADVANCED DENTAL CLINIC,robinsons,galleria-south,Robinsons Galleria South,south-luzon
exquisite advance dental center,EXQUISITE ADVANCE DENTAL CENTER,robinsons,robinsons-novaliches,Robinsons Novaliches,metro-manila
expressions stationery shop inc,"EXPRESSIONS STATIONERY SHOP, INC.",starmall,edsa-shaw,Starmall EDSA-Shaw,metro-manila
expressions stationery shop,EXPRESSIONS STATIONERY SHOP,starmall,san-jose-del-monte,Starmall San Jose del Monte,north-luzon
expressions stationery inc,Expressions Stationery Inc.,robinsons,robinsons-iligan,Robinsons Place Iligan,mindanao
iskin aesthetic lifestyle,iSKIN AESTHETIC LIFESTYLE,sm,smdc-air-mall,SMDC Air Mall,metro-manila
isabella by bebe de dieu,ISABELLA BY BEBE DE DIEU,sm,sm-city-calamba,SM City Calamba,south-luzon
irvins salted egg,IRVINS SALTED EGG,sm,sm-mall-of-asia,SM Mall of Asia,metro-manila
ironmans steak,IRONMAN’S STEAK,ayala,ayala-circuit,Ayala Malls Circuit,metro-manila
ironic iconic by verona optical,IRONIC ICONIC BY VERONA OPTICAL,sm,sm-city-cebu,SM City Cebu,visayas
irisistaball takoyaki station,IRISISTABALL TAKOYAKI STATION,ayala,ayala-fairview-mall,Fairview Terraces,metro-manila
irish potato,IRISH POTATO,sm,sm-mall-of-asia,SM Mall of Asia,metro-manila
irise driving school,IRISE DRIVING SCHOOL (0960-247-6510),robinsons,robinsons-metro-east,Robinsons Metro East,metro-manila
istudioplus,ISTUDIOPLUS,sm,sm-city-manila,SM City Manila,metro-manila
istore digital lifestyle retail,Istore Digital Lifestyle Retail,filinvest,dumaguete,Filinvest Malls Dumaguete,visayas
issy cosmetics,Issy Cosmetics,megaworld,uptown-mall,Uptown Mall,metro-manila
issue,Issue,ortigas,greenhills,Greenhills,metro-manila
isport,iSPORT,robinsons,robinsons-butuan,Robinsons Place Butuan,mindanao
ismile dental clinc,ISMILE DENTAL CLINC,sm,sm-city-sorsogon,SM City Sorsogon,south-luzon
ismart cellphone accessories & merchandising,Ismart Cellphone Accessories & Merchandising,robinsons,robinsons-antique,Robinsons Place Antique,visayas
islands juice,Islands Juice,ortigas,greenhills,Greenhills,metro-manila
island tea company,ISLAND TEA COMPANY,sm,sm-city-baguio,SM City Baguio,north-luzon
island spa,Island Spa,megaworld,newport-city,Newport City,metro-manila
island coffee club,ISLAND COFFEE CLUB,robinsons,robinsons-palawan,Robinsons Place Palawan,south-luzon
iskin cafe,ISKIN CAFÉ,sm,smdc-air-mall,SMDC Air Mall,metro-manila
eye republic,EYE REPUBLIC,ayala,ayala-trinoma,Trinoma,metro-manila
eye optics,EYE OPTICS,sm,sm-city-cauayan,SM City Cauayan,north-luzon
eye lab,THE EYE LAB,sm,sm-city-calamba,SM City Calamba,south-luzon
eye city,The Eye City,megaworld,festive-walk-mall-iloilo,Festive Walk Mall,visayas
expression,EXPRESSION,robinsons,robinsons-butuan,Robinsons Place Butuan,mindanao
expresse cafe,Expresse Cafe,robinsons,robinsons-bacolod,Robinsons Place Bacolod,visayas
expresscut,EXPRESSCUT,sm,sm-cherry-antipolo,SM Center Antipolo Downtown,metro-manila
express sincerity,Express Sincerity,robinsons,robinsons-magnolia,Robinsons Magnolia,metro-manila
express cut,EXPRESS CUT,ayala,ayala-market-market,Market! Market!,metro-manila
executive optical kids,Executive Optical Kids,megaworld,festive-walk-mall-iloilo,Festive Walk Mall,visayas
executive optical i,Executive Optical I 0908-866-9636,robinsons,robinsons-ormoc,Robinsons Place Ormoc,visayas
executive optical (fun optics),EXECUTIVE OPTICAL (FUN OPTICS),starmall,edsa-shaw,Starmall EDSA-Shaw,metro-manila
executive optical (az rotunda),Executive Optical (az Rotunda),filinvest,festival-mall,Festival Mall,metro-manila
italiannis restaurant,Italianni’s Restaurant,robinsons,robinsons-manila,Robinsons Place Manila,metro-manila
italiannis baker & cook,ITALIANNI'S / BAKER & COOK,ayala,ayala-up-town-center,U. P. Town Center,metro-manila
it solutions cph,IT SOLUTIONS CPH,sm,sm-city-manila,SM City Manila,metro-manila
it solutions,IT SOLUTIONS,robinsons,galleria-south,Robinsons Galleria South,south-luzon
it serve computer,It Serve Computer,ortigas,greenhills,Greenhills,metro-manila
it republic,IT REPUBLIC,sm,smdc-sun-mall,SMDC Sun Mall,metro-manila
it alley,IT ALLEY,ayala,ayala-market-market,Market! Market!,metro-manila
j co,J. Co,filinvest,festival-mall,Festival Mall,metro-manila
j and b sunrise optical clinic,J AND B SUNRISE OPTICAL CLINIC,sm,sm-city-naga,SM City Naga,south-luzon
j & n affordabest,J & N AFFORDABEST,robinsons,robinsons-gen-san,Robinsons Place GenSan,mindanao
j & g x gongcha,J & G x Gongcha,ortigas,estancia,Estancia,metro-manila
izza mawy,IZZA MAWY,sm,sm-city-pampanga,SM City Pampanga,north-luzon
izakaya mori,Izakaya Mori,ortigas,estancia,Estancia,metro-manila
iwc schaffhausen,IWC SCHAFFHAUSEN,ayala,ayala-greenbelt,Greenbelt,metro-manila
ivy lane by natural art,IVY LANE BY NATURAL ART,sm,s-maison,S Maison,metro-manila
ives and co,IVES AND Co '09691390522 (NEW),robinsons,robinsons-bacolod,Robinsons Place Bacolod,visayas
itsu,Itsu,araneta,farmers-plaza,Farmers Plaza,metro-manila
its a girl thing,It's A Girl Thing,robinsons,robinsons-tuguegarao,Robinsons Place Tuguegarao,north-luzon
itlog on sticks,ITLOG ON STICKS,sm,sm-city-north-edsa,SM City North Edsa,metro-manila
itels cellphone trading,Itel's Cellphone Trading,araneta,ali-mall,Ali Mall,metro-manila
italyumm,Italyumm,megaworld,venice-grand-canal-mall,Venice Grand Canal Mall,metro-manila
itallanis,Itallani's (NEW),robinsons,robinsons-magnolia,Robinsons Magnolia,metro-manila
expressions fabric square,EXPRESSIONS FABRIC SQUARE,ayala,ayala-glorietta,Glorietta,metro-manila
exchange,Exchange,robinsons,robinsons-ilocos,Robinsons Place Ilocos,north-luzon
excell,EXCELL,sm,sm-city-baguio,SM City Baguio,north-luzon
ew villa medica,EW Villa Medica,megaworld,newport-city,Newport City,metro-manila
evo helmet,EVO HELMET,ayala,ayala-market-market,Market! Market!,metro-manila
evita peroni,EVITA PERONI,ayala,ayala-greenbelt,Greenbelt,metro-manila
evita,Evita,robinsons,robinsons-sta-rosa,Robinsons Sta. Rosa,south-luzon
everything yummy,EVERYTHING YUMMY,sm,sm-jmall,SM J Mall,visayas
everything nice cakeshop cafe,EVERYTHING NICE CAKESHOP CAFE,sm,sm-city-baguio,SM City Baguio,north-luzon
everything but cheese (ebc),Everything But Cheese (EBC),robinsons,robinsons-naga,Robinsons Place Naga,south-luzon
everyday laundry,EVERYDAY LAUNDRY,sm,sm-southmall,SM Southmall,metro-manila
j king,J KING,ayala,ayala-market-market,Market! Market!,metro-manila
j five shoes shop,J-FIVE SHOES SHOP,robinsons,robinsons-novaliches,Robinsons Novaliches,metro-manila
j emmanuel pastries,J. Emmanuel Pastries,robinsons,robinsons-naga,Robinsons Place Naga,south-luzon
j co reserve,J CO RESERVE,sm,sm-city-la-union,SM City La Union,north-luzon
j co doughnuts,J.Co Doughnuts,robinsons,robinsons-manila,Robinsons Place Manila,metro-manila
j co donuts,J.Co Donuts,robinsons,robinsons-galleria-ortigas,Robinsons Galleria,metro-manila
jade garden,JADE GARDEN,ayala,ayala-glorietta,Glorietta,metro-manila
jacobs breadnuts,JACOBS BREADNUTS,sm,sm-city-general-santos,SM City General Santos,mindanao
jacks adventures,JACKS ADVENTURES,robinsons,robinsons-ilocos,Robinsons Place Ilocos,north-luzon
jacks adventure,JACK'S ADVENTURE,robinsons,robinsons-palawan,Robinsons Place Palawan,south-luzon
jaam house of sushi,JAAM HOUSE OF SUSHI,sm,smdc-air-mall,SMDC Air Mall,metro-manila
j4s car care services,J4S CAR CARE SERVICES,sm,sm-city-fairview,SM City Fairview,metro-manila
j24k,J24K,sm,sm-city-general-santos,SM City General Santos,mindanao
j&t express,J&T Express,megaworld,venice-grand-canal-mall,Venice Grand Canal Mall,metro-manila
j&t,J&T,ortigas,greenhills,Greenhills,metro-manila
j&j,J&J,megaworld,festive-walk-mall-iloilo,Festive Walk Mall,visayas
j&e phonebeast,J&E PHONEBEAST,sm,sm-city-bf-paranaque,SM City BF Parañaque,metro-manila
j&a cellphone shop and accessories,J&A Cellphone Shop and Accessories,robinsons,robinsons-fuente,Robinsons Fuente,visayas
j&a cellphone and accessories,J&A CELLPHONE AND ACCESSORIES 0955-180-2147,robinsons,robinsons-cybergate-cebu,Robinsons Cybergate Cebu,visayas
j lindeberg,J. Lindeberg,ortigas,greenhills,Greenhills,metro-manila
exclusively his,Exclusively His,megaworld,forbes-town,Forbes Town,metro-manila
exclusive computer,Exclusive Computer,araneta,farmers-plaza,Farmers Plaza,metro-manila
events photo booth bicol,Events Photo Booth Bicol,robinsons,robinsons-naga,Robinsons Place Naga,south-luzon
evegate tranquilo wellness massage,EVEGATE TRANQUILO WELLNESS MASSAGE,sm,sm-city-sorsogon,SM City Sorsogon,south-luzon
evans goto,EVAN'S GOTO,robinsons,robinsons-otis,Robinsons Otis,metro-manila
ev dental,EV Dental,robinsons,robinsons-tacloban,Robinsons Place Tacloban,visayas
eurostep footwear,Eurostep Footwear 9178887849,robinsons,robinsons-iligan,Robinsons Place Iligan,mindanao
eurostep,Eurostep,robinsons,robinsons-ormoc,Robinsons Place Ormoc,visayas
europak,Europak,filinvest,festival-mall,Festival Mall,metro-manila
jamila aesthetics,JAMILA AESTHETICS,sm,smdc-fame-mall,SMDC Fame Mall,metro-manila
jamican pattie,JAMICAN PATTIE,robinsons,robinsons-pagadian,Robinsons Pagadian,mindanao
james wright cafe,JAMES WRIGHT CAFE,sm,sm-city-baguio,SM City Baguio,north-luzon
james i kaze cellphone accessories,JAMES I-KAZE CELLPHONE ACCESSORIES,sm,sm-city-general-santos,SM City General Santos,mindanao
jamaican pattie ii,Jamaican Pattie Ii,filinvest,festival-mall,Festival Mall,metro-manila
jaliah,Jaliah,robinsons,robinsons-novaliches,Robinsons Novaliches,metro-manila
jafars,JAFARS,sm,sm-seaside-city-cebu,SM Seaside City Cebu,visayas
jaeger lecoultre,JAEGER-LECOULTRE,ayala,ayala-greenbelt,Greenbelt,metro-manila
jade solutions & management services,Jade Solutions & Management Services,megaworld,greenhouse-village-square,The Greenhouse at Village Square,metro-manila
jayme petshop petville hotel,Jayme Petshop Petville Hotel,ortigas,tiendesitas,Tiendesitas,metro-manila
jaycob ihaw ihaw,JAYCOB IHAW IHAW,sm,sm-city-urdaneta-central,SM City Urdaneta Central,north-luzon
jay js,Jay-j's,ortigas,tiendesitas,Tiendesitas,metro-manila
jay jays funrides,JAY JAYS FUNRIDES 0906-308-4734,robinsons,robinsons-pangasinan,Robinsons Place Pangasinan,north-luzon
jatujak,JATUJAK,sm,sm-mall-of-asia,SM Mall of Asia,metro-manila
jaro pawnshop,JARO PAWNSHOP,starmall,alabang,Starmall Alabang,metro-manila
japoncom,JAPONCOM,sm,sm-city-marilao,SM City Marilao,north-luzon
japanglish vintage,Japanglish Vintage,araneta,ali-mall,Ali Mall,metro-manila
japanese restaurant matsunoya,JAPANESE RESTAURANT MATSUNOYA,sm,sm-seaside-city-cebu,SM Seaside City Cebu,visayas
japan fudo street,JAPAN FUDO STREET,ayala,ayala-manila-bay,Ayala Malls Manila Bay,metro-manila
janina jewelries,JANINA JEWELRIES,robinsons,robinsons-iloilo,Robinsons Place Iloilo,visayas
janicas cellphone and accessories,JANICA'S CELLPHONE AND ACCESSORIES,robinsons,robinsons-novaliches,Robinsons Novaliches,metro-manila
janely maests bookfinds book store,Janely Maests Bookfinds Book Store,robinsons,robinsons-galleria-cebu,Robinsons Galleria Cebu,visayas
everyday coffee roasters,EVERYDAY COFFEE ROASTERS,sm,sm-city-santa-rosa,SM City Santa Rosa,south-luzon
ever new melbourne,Ever New Melbourne,filinvest,festival-mall,Festival Mall,metro-manila
ever bilena,EVER BILENA,robinsons,robinsons-manila,Robinsons Place Manila,metro-manila
eurobake,Eurobake,ortigas,greenhills,Greenhills,metro-manila
euro oriental massage,EURO-ORIENTAL MASSAGE,sm,sm-city-santa-rosa,SM City Santa Rosa,south-luzon
euphony,Euphony,robinsons,robinsons-dasmarinas,Robinsons Place Dasmarinas,south-luzon
eu yan sang,Eu Yan Sang,robinsons,robinsons-magnolia,Robinsons Magnolia,metro-manila
etude casa musica,ETUDE CASA MUSICA,ayala,ayala-solenad,Ayala Malls Nuvali,south-luzon
ettas,ETTAS,sm,sm-jmall,SM J Mall,visayas
ethans indian restaurant,Ethan's Indian Restaurant,robinsons,robinsons-cybergate-cebu,Robinsons Cybergate Cebu,visayas
esthetique,ESTHETIQUE,sm,sm-city-pampanga,SM City Pampanga,north-luzon
est by grand castella,EST BY GRAND CASTELLA,sm,sm-aura,SM Aura,metro-manila
essenza esthetica,ESSENZA ESTHETICA,sm,sm-center-pasig,SM Center Pasig,metro-manila
essensuals by toni guy,ESSENSUALS BY TONI GUY,sm,sm-mall-of-asia,SM Mall of Asia,metro-manila
jbl a refinery,JBL/A. REFINERY,ayala,ayala-up-town-center,U. P. Town Center,metro-manila
jbc travel & tour,JBC Travel & Tour,ortigas,greenhills,Greenhills,metro-manila
jb music and sports,JB MUSIC AND SPORTS,ayala,ayala-centrio,Centrio Mall,mindanao
jazz c,JAZZ-C,robinsons,robinsons-pagadian,Robinsons Pagadian,mindanao
jayms fashion,JAYM's fashion,robinsons,robinsons-dasmarinas,Robinsons Place Dasmarinas,south-luzon
jeenie,Jeenie,filinvest,festival-mall,Festival Mall,metro-manila
jeanetts jewelry,JEANETT'S JEWELRY,ayala,ayala-abreeza,Abreeza,mindanao
jeanetts,JEANETTS,sm,sm-city-davao,SM City Davao,mindanao
jean and jaz gallerie,Jean and Jaz Gallerie,ortigas,greenhills,Greenhills,metro-manila
jea cellshop,Jea Cellshop,waltermart,gapan,WalterMart Gapan,north-luzon
jdm printshoppe,JDM PRINTSHOPPE,sm,sm-city-marilao,SM City Marilao,north-luzon
jdg jewelries,JDG Jewelries,robinsons,robinsons-palawan,Robinsons Place Palawan,south-luzon
jdb ideas home,JDB IDEAS HOME,robinsons,robinsons-metro-east,Robinsons Metro East,metro-manila
jco donuts & coffee,JCO Donuts & Coffee,robinsons,galleria-south,Robinsons Galleria South,south-luzon
jco,JCO,robinsons,robinsons-pagadian,Robinsons Pagadian,mindanao
jcn furniture,Jcn Furniture,filinvest,festival-mall,Festival Mall,metro-manila
jchd enterprise,JCHD Enterprise,robinsons,robinsons-antipolo,Robinsons Place Antipolo,metro-manila
jcd customized printing,JCD Customized Printing,robinsons,robinsons-starmills,Robinsons Starmills,north-luzon
jc dog republic,JC Dog Republic,megaworld,venice-grand-canal-mall,Venice Grand Canal Mall,metro-manila
jbs tech hub,JBS Tech Hub,megaworld,southwoods-mall,Southwoods Mall,south-luzon
eurocave,EUROCAVE,ayala,ayala-one-bonifacio-high-street,One Bonifacio High Street,metro-manila
jet speed,JET SPEED 0922-875-2072 / 0933-819-1162,robinsons,robinsons-pangasinan,Robinsons Place Pangasinan,north-luzon
jessi james nino loading station,JESSI JAMES NINO LOADING STATION,robinsons,robinsons-dasmarinas,Robinsons Place Dasmarinas,south-luzon
jeruels mobile,JERUELS MOBILE,sm,sm-city-north-edsa,SM City North Edsa,metro-manila
jeremiah footwear & bags,Jeremiah Footwear & Bags,robinsons,robinsons-novaliches,Robinsons Novaliches,metro-manila
jeremiah bags and accessories shop,JEREMIAH BAGS AND ACCESSORIES SHOP,robinsons,robinsons-novaliches,Robinsons Novaliches,metro-manila
jens pet corner,Jen's Pet Corner,ortigas,tiendesitas,Tiendesitas,metro-manila
jennie,Jennie,filinvest,festival-mall,Festival Mall,metro-manila
jenden hair studio,JENDEN HAIR STUDIO,sm,sm-city-davao,SM City Davao,mindanao
jems barbers,Jem's Barbers,robinsons,robinsons-tacloban,Robinsons Place Tacloban,visayas
jems barber salon for men & women,Jems Barber Salon For Men & Women,robinsons,robinsons-roxas,Robinsons Place Roxas,visayas
jems barber salon & jems junior,Jems Barber Salon & Jems Junior,robinsons,robinsons-iligan,Robinsons Place Iligan,mindanao
jemfaith,Jemfaith,robinsons,robinsons-novaliches,Robinsons Novaliches,metro-manila
jem junior hair salon,JEM JUNIOR HAIR SALON,sm,sm-city-puerto-princesa,SM City Puerto Princesa,south-luzon
jelly skin lab,Jelly Skin Lab,megaworld,uptown-parade,Uptown Parade,metro-manila
jeli deli pasalubong,JELI-DELI PASALUBONG,ayala,ayala-marquee,MarQuee Mall,north-luzon
jeju ramyun food park,Jeju Ramyun Food Park,megaworld,festive-walk-mall-iloilo,Festive Walk Mall,visayas
essens,Essens,waltermart,sta-rosa,WalterMart Sta. Rosa,south-luzon
essencia skin care spa,ESSENCIA SKIN CARE SPA,sm,sm-city-north-edsa,SM City North Edsa,metro-manila
essence derm aesthetic,Essence Derm Aesthetic,megaworld,california-garden-square,California Garden Square,metro-manila
esse parfum,ESSE PARFUM,sm,sm-city-fairview,SM City Fairview,metro-manila
esprit oshkosh,Esprit / Oshkosh,ortigas,greenhills,Greenhills,metro-manila
espressions mobile center,ESPRESSIONS MOBILE CENTER,robinsons,robinsons-iligan,Robinsons Place Iligan,mindanao
espieranza,Espieranza,araneta,farmers-plaza,Farmers Plaza,metro-manila
espacio manila artphile,Espacio Manila / Artphile,filinvest,festival-mall,Festival Mall,metro-manila
esotico jewelry,ESOTICO JEWELRY,sm,sm-mall-of-asia,SM Mall of Asia,metro-manila
esotico,Esotico,robinsons,robinsons-manila,Robinsons Place Manila,metro-manila
escape cebu,ESCAPE Cebu,robinsons,robinsons-galleria-cebu,Robinsons Galleria Cebu,visayas
jewelholic,Jewelholic,filinvest,festival-mall,Festival Mall,metro-manila
jev & jean cellphone and accessories store,Jev & Jean Cellphone And Accessories Store,robinsons,robinsons-tagum,Robinsons Place Tagum,mindanao
jeuvens bibingka,Jeuven's Bibingka,robinsons,robinsons-antipolo,Robinsons Place Antipolo,metro-manila
jeuvens 3 seasons,JEUVEN'S 3 SEASONS,robinsons,robinsons-antipolo,Robinsons Place Antipolo,metro-manila
jethro jewelry shop,Jethro Jewelry Shop,robinsons,robinsons-galleria-ortigas,Robinsons Galleria,metro-manila
jipan,JIPAN,ayala,ayala-glorietta,Glorietta,metro-manila
jin ju k foods,Jin-Ju K Foods,robinsons,robinsons-tagum,Robinsons Place Tagum,mindanao
jimmy choo,JIMMY CHOO,ayala,ayala-greenbelt,Greenbelt,metro-manila
jieya & cos jewelry shop,Jieya & Co's Jewelry Shop,megaworld,southwoods-mall,Southwoods Mall,south-luzon
jies,Jie's TEMPORARILY CLOSED,robinsons,robinsons-pangasinan,Robinsons Place Pangasinan,north-luzon
jiang nan hot pot,Jiang Nan Hot Pot,megaworld,paseo-center,Paseo Center,metro-manila
jian cellshop,JIAN CELLSHOP,robinsons,robinsons-valencia,Robinsons Place Valencia,mindanao
jian axel sisig station,JIAN AXEL SISIG STATION,robinsons,galleria-south,Robinsons Galleria South,south-luzon
jhs electric shop,JHS ELECTRIC SHOP,sm,sm-lanang,SM Lanang,mindanao
jgr drug testing and medical center,JGR Drug Testing And Medical Center,robinsons,robinsons-gen-san,Robinsons Place GenSan,mindanao
jgkb cellphone accessories,JGKB Cellphone Accessories,robinsons,robinsons-otis,Robinsons Otis,metro-manila
jf buchi bread,JF BUCHI BREAD,sm,sm-city-cauayan,SM City Cauayan,north-luzon
jewels cotton candy,JEWEL'S COTTON CANDY,robinsons,robinsons-gen-san,Robinsons Place GenSan,mindanao
jewels collection,JEWELS COLLECTION,sm,sm-city-dasmarinas,SM City Dasmariñas,south-luzon
jewels by allison,JEWELS BY ALLISON,ayala,ayala-abreeza,Abreeza,mindanao
jewelmer joaillerie,JEWELMER JOAILLERIE,sm,sm-megamall,SM Megamall,metro-manila
erwin g hair salon,ERWIN G HAIR SALON,sm,sm-city-bacolod,SM City Bacolod,visayas
ersao,ERSAO,sm,smdc-strip-at-mezza,SMDC Strip at Mezza,metro-manila
ermenegildo zegna,ERMENEGILDO ZEGNA,ayala,ayala-greenbelt,Greenbelt,metro-manila
eric kayser,ERIC KAYSER,sm,the-podium,The Podium,metro-manila
ergo home,ERGO HOME,sm,sm-megamall,SM Megamall,metro-manila
er herbal store,ER Herbal Store,robinsons,robinsons-roxas,Robinsons Place Roxas,visayas
er herbal,ER Herbal,robinsons,robinsons-iloilo,Robinsons Place Iloilo,visayas
eomma korean foody,Eomma Korean Foody,filinvest,main-square,Main Square,south-luzon
eo kids and up,EO KIDS AND UP,robinsons,robinsons-iligan,Robinsons Place Iligan,mindanao
jjj key services i,JJJ KEY SERVICES I 0932-552-1435,robinsons,robinsons-ormoc,Robinsons Place Ormoc,visayas
jjj key services,JJJ Key Services,robinsons,robinsons-north-tacloban,Robinsons North Tacloban,visayas
jjcl drug testing,JJCL DRUG TESTING,sm,sm-city-manila,SM City Manila,metro-manila
jjampponggwan,JJAMPPONGGWAN,megaworld,venice-grand-canal-mall,Venice Grand Canal Mall,metro-manila
jiyu wellness,JIYU WELLNESS,sm,sm-city-fairview,SM City Fairview,metro-manila
jisu life,Jisu Life,filinvest,festival-mall,Festival Mall,metro-manila
jipan cafe,Jipan Cafe,ortigas,estancia,Estancia,metro-manila
jmy foreign exchange,JMY Foreign Exchange,robinsons,robinsons-tagaytay,Robinsons Tagaytay,south-luzon
jms watch repair,JMS WATCH REPAIR,sm,sm-city-dasmarinas,SM City Dasmariñas,south-luzon
jms watch accessories,JMS WATCH ACCESSORIES,sm,sm-city-dasmarinas,SM City Dasmariñas,south-luzon
jms music studio,Jms Music Studio,filinvest,fora,Fora Mall,south-luzon
jmoa,JMOA,ortigas,greenhills,Greenhills,metro-manila
jmn hobby shop,JMN Hobby Shop,fishermall,quezonave,Fisher Mall Quezon Avenue,metro-manila
jmj (smell me),JMJ (Smell Me),robinsons,robinsons-jaro,Robinsons Place Jaro,visayas
jmj,JMJ,robinsons,robinsons-galleria-ortigas,Robinsons Galleria,metro-manila
jmg massage,JMG Massage,robinsons,robinsons-metro-east,Robinsons Metro East,metro-manila
jmg,JMG,megaworld,venice-grand-canal-mall,Venice Grand Canal Mall,metro-manila
jmc personalized printing,Jmc Personalized Printing,filinvest,festival-mall,Festival Mall,metro-manila
jm shawarama,JM Shawarama,robinsons,robinsons-ormoc,Robinsons Place Ormoc,visayas
jm peanut world,JM PEANUT WORLD,ayala,ayala-market-market,Market! Market!,metro-manila
jk grill unlimited k bbq,Jk Grill Unlimited K-bbq,filinvest,main-square,Main Square,south-luzon
es things specialty shop,ES THINGS SPECIALTY SHOP,sm,sm-city-davao,SM City Davao,mindanao
es elle aesthetic,Es Elle Aesthetic,megaworld,lucky-chinatown-mall,Lucky Chinatown Mall,metro-manila
eo,EO,robinsons,the-plaza,The Plaza Bagong Silang,metro-manila
envyblooms skincare clinic,ENVYBLOOMS SKINCARE CLINIC,sm,sm-city-fairview,SM City Fairview,metro-manila
envy me salon & spa,Envy Me Salon & Spa,robinsons,robinsons-iligan,Robinsons Place Iligan,mindanao
enter10,Enter10,megaworld,venice-grand-canal-mall,Venice Grand Canal Mall,metro-manila
ensorcell beauty,Ensorcell Beauty,ortigas,greenhills,Greenhills,metro-manila
enovas modular cabinet trading,ENOVAS MODULAR CABINET TRADING,sm,sm-city-cagayan-de-oro,SM City CDO Uptown,mindanao
enhance cosmetic surgery skin care center,ENHANCE COSMETIC SURGERY SKIN CARE CENTER,sm,sm-city-fairview,SM City Fairview,metro-manila
engkanto brewery,Engkanto Brewery,megaworld,forbes-town,Forbes Town,metro-manila
johans pet hub,JOHAN’S PET HUB,ayala,ayala-the-district-dasmarinas,The District Dasmarinas,south-luzon
joeys restaurant cafe,JOEYS RESTAURANT CAFE,sm,sm-megacenter-cabanatuan,SM Megacenter Cabanatuan,north-luzon
joel yu,Joel Yu 0917-328-0823/0916-620-1271,robinsons,robinsons-cybergate-cebu,Robinsons Cybergate Cebu,visayas
jockey satellite,Jockey Satellite,filinvest,festival-mall,Festival Mall,metro-manila
joaqui and jacqui cellphone accessories repair,Joaqui and Jacqui Cellphone Accessories Repair,megaworld,festive-walk-mall-iloilo,Festive Walk Mall,visayas
joachims steamstick,JOACHIMS STEAMSTICK,sm,sm-city-roxas,SM City Roxas,visayas
jo frango piri piri,JO FRANGO PIRI PIRI,ayala,ayala-marquee,MarQuee Mall,north-luzon
jng mobile phone repair services,JNG MOBILE PHONE REPAIR SERVICES,sm,sm-city-batangas,SM City Batangas,south-luzon
jonies express,Jonies Express,robinsons,robinsons-galleria-cebu,Robinsons Galleria Cebu,visayas
jonies,JONIE'S,ayala,ayala-center-cebu,Ayala Center Cebu,visayas
joniels cake and pastries,JONIEL'S CAKE AND PASTRIES,robinsons,robinsons-tagum,Robinsons Place Tagum,mindanao
jolyns enterprise,JOLYN'S ENTERPRISE (NEW),robinsons,robinsons-angeles,Robinsons Angeles,north-luzon
jolos barbershop,Jolo's Barbershop,waltermart,muntinlupa,WalterMart W.MALL Muntinlupa,metro-manila
jollibee i,Jollibee I 520-5196,robinsons,robinsons-ormoc,Robinsons Place Ormoc,visayas
johnyee campsite,JOHNYEE CAMPSITE,ayala,ayala-feliz,Ayala Malls Feliz,metro-manila
johnsons fitness & wellness,Johnsons Fitness & Wellness,ortigas,estancia,Estancia,metro-manila
johnri trading,Johnri Trading,fishermall,quezonave,Fisher Mall Quezon Avenue,metro-manila
johnnys pizza,JOHNNY'S PIZZA,sm,sm-city-bacolod,SM City Bacolod,visayas
johnica musical instruments,JOHNICA MUSICAL INSTRUMENTS (NEW),robinsons,robinsons-iloilo,Robinsons Place Iloilo,visayas
john briann,JOHN BRIANN,robinsons,robinsons-manila,Robinsons Place Manila,metro-manila
john and mae key duplication,JOHN AND MAE KEY DUPLICATION,robinsons,robinsons-valencia,Robinsons Place Valencia,mindanao
john & rj cellphone,John & RJ Cellphone,robinsons,robinsons-los-banos,Robinsons Town Mall Los Banos,south-luzon
eo for kids and up,EO FOR KIDS AND UP 0998-573-1087,robinsons,robinsons-pangasinan,Robinsons Place Pangasinan,north-luzon
eo executives optical,EO EXECUTIVES OPTICAL,robinsons,robinsons-tagum,Robinsons Place Tagum,mindanao
emsq fragrant,EMSQ Fragrant,robinsons,robinsons-otis,Robinsons Otis,metro-manila
empress dining palace,THE EMPRESS DINING PALACE,ayala,ayala-bonifacio-high-street,Bonifacio High Street,metro-manila
empress beauty skin care essentials,EMPRESS BEAUTY SKIN CARE ESSENTIALS,ayala,ayala-pavilion,Pavilion Mall,south-luzon
empire tech,Empire Tech,robinsons,galleria-south,Robinsons Galleria South,south-luzon
empire east showroom,Empire East Showroom,megaworld,san-lorenzo-place-mall,San Lorenzo Place Mall,metro-manila
emperors tea,Emperor's Tea,robinsons,robinsons-novaliches,Robinsons Novaliches,metro-manila
emperador brandy museum,Emperador Brandy Museum,megaworld,festive-walk-parade,Festive Walk Parade,visayas
emperador,Emperador,megaworld,san-lorenzo-place-mall,San Lorenzo Place Mall,metro-manila
empanadabes snack bar,EMPANADABES SNACK BAR,sm,sm-city-tarlac,SM City Tarlac,north-luzon
empanada de ilocos,EMPANADA DE ILOCOS,robinsons,robinsons-novaliches,Robinsons Novaliches,metro-manila
joy juice,Joy Juice,megaworld,paseo-center,Paseo Center,metro-manila
joy bakes,Joy Bakes,robinsons,robinsons-magnolia,Robinsons Magnolia,metro-manila
journey to australia,Journey to Australia,robinsons,robinsons-galleria-ortigas,Robinsons Galleria,metro-manila
jose filipino kitchen,JOSE FILIPINO KITCHEN,sm,sm-jmall,SM J Mall,visayas
jories art gallery,JORIE'S ART GALLERY,ayala,ayala-market-market,Market! Market!,metro-manila
jons lechon house,jon's lechon house,robinsons,robinsons-imus,Robinsons Place Imus,south-luzon
jubilum cellphone repair hub,JUBILUM CELLPHONE REPAIR HUB,sm,sm-city-santa-rosa,SM City Santa Rosa,south-luzon
juanitos buko station,Juanito’s Buko Station,filinvest,main-square,Main Square,south-luzon
juander buko,Juander Buko,robinsons,robinsons-novaliches,Robinsons Novaliches,metro-manila
juan whey,Juan Whey,megaworld,lucky-chinatown-mall,Lucky Chinatown Mall,metro-manila
juan silog,Juan Silog,waltermart,makiling,WalterMart Makiling,south-luzon
jts manukan grille,JT'S MANUKAN GRILLE,ayala,ayala-solenad,Ayala Malls Nuvali,south-luzon
jtech cellphone,JTECH CELLPHONE,sm,sm-city-mindpro,SM City Mindpro,mindanao
jte health massage,JTE HEALTH MASSAGE,sm,sm-city-clark,SM City Clark,north-luzon
js diamond jewellery,JS DIAMOND JEWELLERY,sm,sm-city-dasmarinas,SM City Dasmariñas,south-luzon
jrose fine jewelry,JROSE FINE JEWELRY,sm,sm-lanang,SM Lanang,mindanao
jrm,JRM,robinsons,robinsons-dasmarinas,Robinsons Place Dasmarinas,south-luzon
jr jump,JR. JUMP,robinsons,robinsons-gapan,Robinsons Gapan,north-luzon
jpy juan,JPY Juan,robinsons,robinsons-naga,Robinsons Place Naga,south-luzon
jp sabater,Jp Sabater,filinvest,festival-mall,Festival Mall,metro-manila
endless treasures,ENDLESS TREASURES,sm,sm-lanang,SM Lanang,mindanao
encarnacion furnitures,Encarnacion Furnitures ( TEMPORARILY CLOSED ),robinsons,robinsons-roxas,Robinsons Place Roxas,visayas
emma lacsons delicacies,EMMA LACSON’S DELICACIES,ayala,ayala-capitol-central,Ayala Malls Capitol Central,visayas
emma canalog,Emma Canalog,ortigas,greenhills,Greenhills,metro-manila
emj cellphone accesories,EMJ CELLPHONE ACCESORIES,robinsons,robinsons-otis,Robinsons Otis,metro-manila
emilias jewelry,EMILIA'S JEWELRY,ayala,ayala-abreeza,Abreeza,mindanao
emerson watch accessories shop,EMERSON WATCH ACCESSORIES SHOP,sm,sm-city-santa-rosa,SM City Santa Rosa,south-luzon
emerald star jewelry,Emerald Star Jewelry,robinsons,robinsons-north-tacloban,Robinsons North Tacloban,visayas
emcor,Emcor,robinsons,robinsons-iloilo,Robinsons Place Iloilo,visayas
emans homemade,EMAN'S HOMEMADE,robinsons,robinsons-valencia,Robinsons Place Valencia,mindanao
elyu buko roll,ELYU BUKO ROLL,sm,sm-city-la-union,SM City La Union,north-luzon
elverde food,Elverde Food,ortigas,tiendesitas,Tiendesitas,metro-manila
elros barber shop,ELRO'S BARBER SHOP,sm,sm-city-rosales,SM City Rosales,north-luzon
juice boost,JUICE BOOST,sm,sm-city-cagayan-de-oro,SM City CDO Uptown,mindanao
juevens 3 season,Jueven's 3 Season (TEMPORARILY CLOSED),robinsons,robinsons-metro-east,Robinsons Metro East,metro-manila
juevens,Jueven's,sm,sm-hypermarket-sucat-lopez,SM Hypermarket Sucat Lopez,metro-manila
judes ticketing agency,JUDES TICKETING AGENCY,sm,sm-city-consolacion,SM City Consolacion,visayas
juddies bulalohan,JUDDIES BULALOHAN,sm,sm-city-sto-tomas,SM City Sto. Tomas,south-luzon
jus & jerrys,Jus & Jerrys,waltermart,erodriguez,WalterMart E.Rodriguez,metro-manila
jure documentation and notarial services,Jure Documentation And Notarial Services,filinvest,main-square,Main Square,south-luzon
junrex,JUNREX,ayala,ayala-center-cebu,Ayala Center Cebu,visayas
june eatery,June Eatery,megaworld,forbes-town,Forbes Town,metro-manila
jump for joy,JUMP FOR JOY,ayala,ayala-the-district-imus,The District Imus,south-luzon
julshe cellphone accessories,JULSHE CELLPHONE ACCESSORIES,robinsons,robinsons-metro-east,Robinsons Metro East,metro-manila
julsche cellphone accessories,Julsche Cellphone Accessories,robinsons,robinsons-metro-east,Robinsons Metro East,metro-manila
julies food house,Julie's Food House,megaworld,mactan-newtown,Mactan Newtown,visayas
julien and jorel,Julien And Jorel,filinvest,festival-mall,Festival Mall,metro-manila
juliana,JULIANA,ayala,ayala-market-market,Market! Market!,metro-manila
julian eatery,Julian Eatery,robinsons,robinsons-tacloban,Robinsons Place Tacloban,visayas
jujuice fruity blendz fruit juice bar,JUJUICE FRUITY BLENDZ FRUIT JUICE BAR,robinsons,robinsons-ilocos,Robinsons Place Ilocos,north-luzon
juicy lemon,Juicy Lemon,robinsons,robinsons-santiago,Robinsons Place Santiago,north-luzon
juices shakes by thirsty,JUICES SHAKES BY THIRSTY,sm,sm-city-cebu,SM City Cebu,visayas
juice cubi,JUICE CUBI,sm,nu-mall-of-asia-building,NU MALL OF ASIA BUILDING,metro-manila
empanada bes,EMPANADA BES,robinsons,robinsons-gapan,Robinsons Gapan,north-luzon
elixir aesthetic center,THE ELIXIR AESTHETIC CENTER,robinsons,robinsons-butuan,Robinsons Place Butuan,mindanao
elixer aesthec center,THE ELIXER AESTHEC CENTER,robinsons,robinsons-butuan,Robinsons Place Butuan,mindanao
elite pilates,Elite Pilates,megaworld,venice-grand-canal-mall,Venice Grand Canal Mall,metro-manila
elite mnl,Elite Mnl,filinvest,festival-mall,Festival Mall,metro-manila
elite fitness,Elite Fitness,megaworld,eastwood-mall,Eastwood Mall,metro-manila
elite cut salon,ELITE CUT SALON,sm,smdc-breeze-mall,SMDC Breeze Mall,metro-manila
elite & aqua mineral,Elite & Aqua Mineral,robinsons,robinsons-galleria-cebu,Robinsons Galleria Cebu,visayas
eliahbella aesthetics and skin clinic,ELIAHBELLA AESTHETICS AND SKIN CLINIC,sm,sm-city-tuguegarao,SM City Tuguegarao,north-luzon
jvr,JVR,robinsons,robinsons-dasmarinas,Robinsons Place Dasmarinas,south-luzon
jveetech,JVEETECH,sm,sm-city-clark,SM City Clark,north-luzon
justines world,JUSTINE'S WORLD,robinsons,robinsons-starmills,Robinsons Starmills,north-luzon
justine eatery,Justine Eatery,robinsons,robinsons-novaliches,Robinsons Novaliches,metro-manila
justified cut,JUSTIFIED CUT,sm,sm-city-la-union,SM City La Union,north-luzon
justgold jewellery,JUSTGOLD JEWELLERY,sm,sm-city-bacolod,SM City Bacolod,visayas
just a minute,Just A Minute,robinsons,robinsons-jaro,Robinsons Place Jaro,visayas
jus jerrys,JUS JERRYS,sm,sm-center-imus,SM Center Imus,south-luzon
k taparama,K-Taparama,waltermart,dasmarinas,WalterMart Dasmariñas,south-luzon
k street ph,K-Street PH,robinsons,robinsons-imus,Robinsons Place Imus,south-luzon
k s i,K S I,sm,sm-city-sta-mesa,SM City Sta. Mesa,metro-manila
k po food mart,K-PO Food Mart,megaworld,eastwood-cyber-mall,Eastwood Cyber Mall,metro-manila
k less baby needs 4less,K-Less Baby Needs 4Less,robinsons,robinsons-naga,Robinsons Place Naga,south-luzon
k blossom beauty studio company,K BLOSSOM BEAUTY STUDIO COMPANY,sm,sm-city-olongapo-central,SM City Olongapo Central,north-luzon
k beauty & skin clinic,K Beauty & Skin Clinic,robinsons,galleria-south,Robinsons Galleria South,south-luzon
k & f accessories,K & F ACCESSORIES,robinsons,robinsons-valencia,Robinsons Place Valencia,mindanao
k & co,K & CO,sm,s-maison,S Maison,metro-manila
jyusu,JYUSU 0907-654-1144,robinsons,robinsons-pangasinan,Robinsons Place Pangasinan,north-luzon
jwls n chrms,JWLS N CHRMS,robinsons,robinsons-novaliches,Robinsons Novaliches,metro-manila
elov chinese drug store,Elov Chinese Drug Store,waltermart,general-trias,WalterMart General Trias,south-luzon
elmo rose cellphone accessories,Elmo-Rose Cellphone Accessories,waltermart,taytay,WalterMart Taytay,metro-manila
elmers massage,ELMER'S MASSAGE,robinsons,robinsons-bacolod,Robinsons Place Bacolod,visayas
elliot bar restaurant,ELLIOT BAR RESTAURANT,sm,sm-city-caloocan,SM City Caloocan,metro-manila
elles salad,Elle's Salad,robinsons,robinsons-valencia,Robinsons Place Valencia,mindanao
electrocomputer data system,ELECTROCOMPUTER DATA SYSTEM,sm,sm-savemore-tacloban,SM Savemore Tacloban,visayas
electric studio rhythm boxing,ELECTRIC STUDIO RHYTHM BOXING,sm,the-podium,The Podium,metro-manila
electric massage chair,ELECTRIC MASSAGE CHAIR,robinsons,robinsons-manila,Robinsons Place Manila,metro-manila
electric cycle,Electric Cycle,ortigas,greenhills,Greenhills,metro-manila
eldio elcias pasalubong center,Eldio Elcia's Pasalubong Center,megaworld,southwoods-mall,Southwoods Mall,south-luzon
kaizen (exhibit),KAIZEN (Exhibit),robinsons,robinsons-metro-east,Robinsons Metro East,metro-manila
kaitenyaki japanese dessert,KAITENYAKI JAPANESE DESSERT,robinsons,robinsons-las-pinas,Robinsons Place Las Pinas,metro-manila
kaiser medical clinic,Kaiser Medical Clinic,robinsons,robinsons-manila,Robinsons Place Manila,metro-manila
kain,KAIN,robinsons,robinsons-manila,Robinsons Place Manila,metro-manila
kai neo restaurant,KAI NEO RESTAURANT,ayala,ayala-greenbelt,Greenbelt,metro-manila
kai coffee,KAI COFFEE,robinsons,robinsons-pagadian,Robinsons Pagadian,mindanao
kadlagan climbing equipment,KADLAGAN CLIMBING EQUIPMENT,sm,sm-city-naga,SM City Naga,south-luzon
kadiwa public market,KADIWA PUBLIC MARKET,sm,sm-marketmall-dasmarinas,SM Marketmall Dasmarinas,south-luzon
kaban,Kaban,robinsons,robinsons-dumaguete,Robinsons Place Dumaguete,visayas
k&l beauty skin care products,K&L Beauty Skin Care Products,robinsons,robinsons-valencia,Robinsons Place Valencia,mindanao
k&company,K&COMPANY,robinsons,opus,Opus Mall,metro-manila
kanegosyo center by cebuana lhuillier,KANEGOSYO CENTER BY CEBUANA LHUILLIER,sm,sm-cherry-antipolo,SM Center Antipolo Downtown,metro-manila
kamote ni juan,Kamote ni Juan,robinsons,robinsons-galleria-ortigas,Robinsons Galleria,metro-manila
kamir,KAMIR,sm,sm-city-clark,SM City Clark,north-luzon
kamina boutique,Kamina Boutique,robinsons,robinsons-dasmarinas,Robinsons Place Dasmarinas,south-luzon
kambal pandesal,KAMBAL PANDESAL,sm,smdc-strip-at-sea,SMDC Strip at Sea,metro-manila
kambal inasal,Kambal Inasal,robinsons,robinsons-cybergate-cebu,Robinsons Cybergate Cebu,visayas
kakka dairy bar,KAKKA DAIRY BAR,ayala,ayala-center-cebu,Ayala Center Cebu,visayas
kakao optical,KAKAO OPTICAL,sm,sm-city-fairview,SM City Fairview,metro-manila
kakaninja,KAKANINJA,sm,sm-city-tuguegarao,SM City Tuguegarao,north-luzon
kakanin ni jillian,KAKANIN NI JILLIAN,robinsons,robinsons-palawan,Robinsons Place Palawan,south-luzon
kaizen exhibit,KAIZEN EXHIBIT,robinsons,robinsons-metro-east,Robinsons Metro East,metro-manila
elevate fitness studio,Elevate Fitness Studio,robinsons,robinsons-north-tacloban,Robinsons North Tacloban,visayas
elev8 fitness studio,ELEV8 FITNESS STUDIO,sm,the-podium,The Podium,metro-manila
elederm skin clinic,Elederm Skin Clinic,robinsons,robinsons-tacloban,Robinsons Place Tacloban,visayas
elederm i,ELEDERM I 0967-328-1987,robinsons,robinsons-ormoc,Robinsons Place Ormoc,visayas
electronico,Electronico,robinsons,robinsons-palawan,Robinsons Place Palawan,south-luzon
el paso cafe,EL PASO CAFÉ,ayala,ayala-harbor-point,Harbor Point,north-luzon
el ideal,EL IDEAL,ayala,ayala-capitol-central,Ayala Malls Capitol Central,visayas
el corazon,El Corazon,megaworld,uptown-mall,Uptown Mall,metro-manila
el chato mexican kitchen,EL CHATO MEXICAN KITCHEN,sm,sm-mall-of-asia,SM Mall of Asia,metro-manila
el bonito pizza,El Bonito Pizza,robinsons,robinsons-sta-rosa,Robinsons Sta. Rosa,south-luzon
ekart raceway,EKART RACEWAY,sm,sm-city-north-edsa,SM City North Edsa,metro-manila
eight gig,EIGHT GIG,sm,sm-city-batangas,SM City Batangas,south-luzon
eggspert i,EGGSPERT I 0965-844-5087,robinsons,robinsons-ormoc,Robinsons Place Ormoc,visayas
eggluck,EGGLUCK,robinsons,robinsons-ilocos,Robinsons Place Ilocos,north-luzon
karat gold,KARAT GOLD,sm,sm-megamall,SM Megamall,metro-manila
kappu poteto,KAPPU POTET’O,sm,sm-city-trece-martires,SM City Trece Martires,south-luzon
kape pot,KAPE POT,sm,sm-city-pampanga,SM City Pampanga,north-luzon
kape ilokano,KAPE ILOKANO,sm,smdc-strip-at-trees,SMDC Strip at Trees,metro-manila
kanlungan cafe,KANLUNGAN CAFE,sm,sm-city-trece-martires,SM City Trece Martires,south-luzon
kangkong chips original,KANGKONG CHIPS ORIGINAL,sm,sm-center-las-pinas,SM Center Las Piñas,metro-manila
kang ho dong 678,KANG HO-DONG 678,sm,sm-by-the-bay,SM By the Bay,metro-manila
egg tarts mnl,Egg Tarts Mnl,filinvest,festival-mall,Festival Mall,metro-manila
egg project,THE EGG PROJECT,robinsons,robinsons-manila,Robinsons Place Manila,metro-manila
egg depot,EGG DEPOT,sm,sm-cherry-shaw,SM Center Shaw,metro-manila
egg (exciting gifts goodies),EGG (EXCITING GIFTS + GOODIES),robinsons,robinsons-novaliches,Robinsons Novaliches,metro-manila
egg (exciting gift goodies),EGG (EXCITING GIFT + GOODIES),waltermart,bacoor,WalterMart Bacoor,south-luzon
eesome,Eesome,megaworld,forbes-town,Forbes Town,metro-manila
edwin lisa,Edwin Lisa,megaworld,lucky-chinatown-imperial-wing,Lucky Chinatown - Imperial Wing,metro-manila
eds electrocomputer data system i,EDS Electrocomputer Data System I 0917-366-2480,robinsons,robinsons-ormoc,Robinsons Place Ormoc,visayas
edoya,Edoya,megaworld,arcovia-city,Arcovia City,metro-manila
ednas pasalubong,Edna's Pasalubong,robinsons,galleria-south,Robinsons Galleria South,south-luzon
katrina,Katrina,ortigas,greenhills,Greenhills,metro-manila
kate spade,KATE SPADE,ayala,ayala-greenbelt,Greenbelt,metro-manila
karuizawa shirt,KARUIZAWA SHIRT,ayala,ayala-one-bonifacio-high-street,One Bonifacio High Street,metro-manila
karen and jay cellphone and accessories,KAREN AND JAY CELLPHONE AND ACCESSORIES,robinsons,robinsons-tagum,Robinsons Place Tagum,mindanao
kardmoto,KARDMOTO,sm,sm-city-marilao,SM City Marilao,north-luzon
karayama,KARAYAMA,sm,sm-city-north-edsa,SM City North Edsa,metro-manila
kenjies takoyaki,KENJIE'S TAKOYAKI,robinsons,robinsons-santiago,Robinsons Place Santiago,north-luzon
kenangan coffee,KENANGAN COFFEE,sm,sm-city-east-ortigas,SM City East Ortigas,metro-manila
kemans,Keman's,robinsons,robinsons-tagum,Robinsons Place Tagum,mindanao
kelseys cafe & restaurant,Kelsey's Cafe & Restaurant,robinsons,robinsons-iligan,Robinsons Place Iligan,mindanao
kellie trinket,KELLIE TRINKET,waltermart,taytay,WalterMart Taytay,metro-manila
kebabulous,KEBABULOUS,sm,sm-cdo-downtown,SM CDO Downtown Premier,mindanao
kct shop,KCT Shop,megaworld,southwoods-mall,Southwoods Mall,south-luzon
kcp pizza,KCP PIZZA,sm,sm-by-the-bay,SM By the Bay,metro-manila
kc kiddie carts,KC KIDDIE CARTS,sm,sm-city-pampanga,SM City Pampanga,north-luzon
kazemi skin face body,KAZEMI SKIN.FACE.BODY,ayala,ayala-glorietta,Glorietta,metro-manila
kayu,KAYU,sm,sm-city-la-union,SM City La Union,north-luzon
kaysan bar & restaurant,KAYSAN BAR & RESTAURANT 0905 420 2668,robinsons,robinsons-sta-rosa,Robinsons Sta. Rosa,south-luzon
kaya restaurant,KAYA RESTAURANT,ayala,ayala-glorietta,Glorietta,metro-manila
kaya korean restaurant,Kaya Korean Restaurant,robinsons,robinsons-magnolia,Robinsons Magnolia,metro-manila
kawaiice,KAWAIICE,robinsons,robinsons-galleria-ortigas,Robinsons Galleria,metro-manila
kawa ramen,Kawa Ramen,megaworld,venice-grand-canal-mall,Venice Grand Canal Mall,metro-manila
edge care plus,EDGE CARE PLUS,sm,sm-center-sangandaan,SM Center Sangandaan,north-luzon
edens hair & nail salon,EDEN'S HAIR & NAIL SALON,robinsons,robinsons-metro-east,Robinsons Metro East,metro-manila
edengs toy center,EDENG'S TOY CENTER,ayala,ayala-market-market,Market! Market!,metro-manila
eden hair & nail station,EDEN HAIR & NAIL STATION,robinsons,robinsons-metro-east,Robinsons Metro East,metro-manila
ecpay,ECPAY,ayala,ayala-metropoint,Metro Point Mall,metro-manila
ecoflow,Ecoflow,megaworld,southwoods-mall,Southwoods Mall,south-luzon
keopi,KEOPI,robinsons,robinsons-pagadian,Robinsons Pagadian,mindanao
kenzo,KENZO,ayala,ayala-greenbelt,Greenbelt,metro-manila
kentucky fried chicken (kfc),Kentucky Fried Chicken (kfc),filinvest,festival-mall,Festival Mall,metro-manila
kenshin japanese izakaya restaurant,KENSHIN JAPANESE IZAKAYA RESTAURANT,sm,sm-southmall,SM Southmall,metro-manila
kenshin,KENSHIN,sm,smdc-light-mall,SMDC Light Mall,metro-manila
kenshiis,Kenshii's,robinsons,robinsons-metro-east,Robinsons Metro East,metro-manila
kenshayne food cart,KENSHAYNE FOOD CART,robinsons,robinsons-pavia,Robinsons Place Pavia,visayas
kennny rogers,KENNNY ROGERS,robinsons,robinsons-pagadian,Robinsons Pagadian,mindanao
kenneth cole,KENNETH COLE,sm,sm-mall-of-asia,SM Mall of Asia,metro-manila
kenko naicha tea lounge,KENKO NAICHA TEA LOUNGE,ayala,ayala-centrio,Centrio Mall,mindanao
key coffee kissaten,KEY COFFEE KISSATEN,robinsons,opus,Opus Mall,metro-manila
key cards,Key Cards,fishermall,quezonave,Fisher Mall Quezon Avenue,metro-manila
kevlo,KEVLO,ayala,ayala-malls-central-bloc,Ayala Malls Central Bloc,visayas
kevins toys and library,Kevin's Toys and Library,robinsons,robinsons-roxas,Robinsons Place Roxas,visayas
kettle lorn,KETTLE LORN,robinsons,robinsons-tagum,Robinsons Place Tagum,mindanao
kettle korn pop n mix,KETTLE KORN POP N MIX,sm,sm-mall-of-asia,SM Mall of Asia,metro-manila
kettle korn i,KETTLE KORN I 0963-080-0191,robinsons,robinsons-ormoc,Robinsons Place Ormoc,visayas
kettle,Kettle,ortigas,greenhills,Greenhills,metro-manila
kessel lutong bahay,Kessel Lutong Bahay,filinvest,main-square,Main Square,south-luzon
kerastase prestige salon,KERASTASE PRESTIGE SALON,sm,sm-aura,SM Aura,metro-manila
keralty tophealth,KERALTY TOPHEALTH,sm,sm-city-san-lazaro,SM City San Lazaro,metro-manila
keopi tattle,Keopi Tattle,waltermart,bacoor,WalterMart Bacoor,south-luzon
edifier,EDIFIER,sm,sm-megamall,SM Megamall,metro-manila
edifer electronics,Edifer Electronics,waltermart,guiguinto,WalterMart Guiguinto,north-luzon
edgecare plus,Edgecare Plus,waltermart,balanga,WalterMart Balanga,north-luzon
edge care plus telecom,EDGE CARE PLUS TELECOM,sm,sm-city-cauayan,SM City Cauayan,north-luzon
kiddie funland,Kiddie Funland,robinsons,robinsons-tacloban,Robinsons Place Tacloban,visayas
kiddie club,Kiddie Club,megaworld,lucky-chinatown-mall,Lucky Chinatown Mall,metro-manila
kiddie carts,KIDDIE CARTS,sm,sm-city-general-santos,SM City General Santos,mindanao
kiddie animal ride,KIDDIE ANIMAL RIDE,robinsons,robinsons-tuguegarao,Robinsons Place Tuguegarao,north-luzon
kid zone,KID ZONE,ayala,ayala-abreeza,Abreeza,mindanao
kid n around (balloon wheel),Kid n around (Balloon Wheel),robinsons,galleria-south,Robinsons Galleria South,south-luzon
kid n around,Kid n around,robinsons,galleria-south,Robinsons Galleria South,south-luzon
khun thai tea,KHUN THAI TEA,sm,sm-mall-of-asia,SM Mall of Asia,metro-manila
khua thai,Khua Thai,filinvest,festival-mall,Festival Mall,metro-manila
khay kiddie playhouse,KHAY KIDDIE PLAYHOUSE,robinsons,robinsons-ilocos,Robinsons Place Ilocos,north-luzon
khay jewelry,Khay Jewelry,robinsons,robinsons-ilocos,Robinsons Place Ilocos,north-luzon
khai asia pearl,Khai Asia Pearl,ortigas,greenhills,Greenhills,metro-manila
kg lcd and battery,Kg Lcd And Battery,filinvest,festival-mall,Festival Mall,metro-manila
keys unlimited and watch repair,KEYS UNLIMITED AND WATCH REPAIR,robinsons,robinsons-tuguegarao,Robinsons Place Tuguegarao,north-luzon
keyphone cellphone and accessories shop,Keyphone Cellphone and Accessories Shop,robinsons,robinsons-starmills,Robinsons Starmills,north-luzon
key express,KEY EXPRESS,sm,sm-city-sta-mesa,SM City Sta. Mesa,metro-manila
ecco,ECCO,sm,sm-mall-of-asia,SM Mall of Asia,metro-manila
ec cafe,EC CAFE | RESTAURANT,sm,sm-center-pulilan,SM Center Pulilan,north-luzon
ebiz western union,EBIZ WESTERN UNION,starmall,san-jose-del-monte,Starmall San Jose del Monte,north-luzon
ebingo,EBINGO,robinsons,robinsons-cainta,Robinsons Cainta,metro-manila
eau thermale avene,EAU THERMALE AVENE,sm,s-maison,S Maison,metro-manila
eau thermale av ne,EAU THERMALE AV?NE,sm,s-maison,S Maison,metro-manila
eatfitly,EATFITLY,sm,sm-center-pasig,SM Center Pasig,metro-manila
eatery happy days,Eatery Happy Days,megaworld,lucky-chinatown-imperial-wing,Lucky Chinatown - Imperial Wing,metro-manila
easy trip digital station,EASY TRIP DIGITAL STATION,robinsons,robinsons-galleria-ortigas,Robinsons Galleria,metro-manila
easy tiger,"Easy ,Tiger",sm,sm-mall-of-asia,SM Mall of Asia,metro-manila
kids at play,Kids at Play,robinsons,robinsons-antipolo,Robinsons Place Antipolo,metro-manila
kiddos playground,KIDDOS PLAYGROUND,robinsons,robinsons-ilocos,Robinsons Place Ilocos,north-luzon
kiddies magic funplay,KIDDIES MAGIC FUNPLAY,sm,sm-city-fairview,SM City Fairview,metro-manila
kiddie rides,KIDDIE RIDES,robinsons,robinsons-starmills,Robinsons Starmills,north-luzon
kiddie ride,KIDDIE RIDE,robinsons,robinsons-ilocos,Robinsons Place Ilocos,north-luzon
kiddie patrol ride,KIDDIE PATROL RIDE,robinsons,robinsons-tuguegarao,Robinsons Place Tuguegarao,north-luzon
kimbap,KImbap,robinsons,robinsons-dasmarinas,Robinsons Place Dasmarinas,south-luzon
kim alvin petshop,Kim Alvin Petshop,ortigas,tiendesitas,Tiendesitas,metro-manila
kilometer five car care center,KILOMETER FIVE CAR CARE CENTER,ayala,ayala-pavilion,Pavilion Mall,south-luzon
kikai hair salon,KIKAI HAIR SALON,sm,sm-center-lemery,SM Center Lemery,south-luzon
kidzia kiddie playground,KIDZIA KIDDIE PLAYGROUND,sm,sm-city-san-fernando-downtown,SM City San Fernando Downtown,north-luzon
kidz play,KIDZ@PLAY,robinsons,robinsons-santiago,Robinsons Place Santiago,north-luzon
kidvincible theraphy and learning center,Kidvincible Theraphy And Learning Center,filinvest,main-square,Main Square,south-luzon
kidventure,Kidventure,ortigas,estancia,Estancia,metro-manila
kids venue art play center,KIDS VENUE ART PLAY CENTER,sm,sm-megacenter-cabanatuan,SM Megacenter Cabanatuan,north-luzon
kids playtown,KIDS PLAYTOWN,robinsons,robinsons-tuguegarao,Robinsons Place Tuguegarao,north-luzon
kids paradise dino rides,Kids Paradise Dino Rides,robinsons,robinsons-galleria-cebu,Robinsons Galleria Cebu,visayas
kids ink,KIDS INK,ayala,ayala-trinoma,Trinoma,metro-manila
kids at play kiddiezone,KIDS AT PLAY KIDDIEZONE,sm,sm-city-east-ortigas,SM City East Ortigas,metro-manila
eco oil,ECO OIL,robinsons,robinsons-novaliches,Robinsons Novaliches,metro-manila
echolac,Echolac,megaworld,eastwood-mall,Eastwood Mall,metro-manila
echague bakery,Echague Bakery,fishermall,quezonave,Fisher Mall Quezon Avenue,metro-manila
eastwood mall cinemas snackbar,Eastwood Mall Cinemas - Snackbar,megaworld,eastwood-mall,Eastwood Mall,metro-manila
eastwood mall cinemas,Eastwood Mall Cinemas,megaworld,eastwood-mall,Eastwood Mall,metro-manila
eastwood citywalk cinemas snackbar,Eastwood Citywalk Cinemas - Snackbar,megaworld,eastwood-city-walk,Eastwood City Walk,metro-manila
eastwood citywalk cinemas,Eastwood Citywalk Cinemas,megaworld,eastwood-city-walk,Eastwood City Walk,metro-manila
eastwing golf,Eastwing Golf,ortigas,estancia,Estancia,metro-manila
eastern terra,EASTERN TERRA,sm,sm-cdo-downtown,SM CDO Downtown Premier,mindanao
east city dental center,East City Dental Center,waltermart,antipolo,WalterMart Antipolo,metro-manila
ease off by modish,EASE OFF BY MODISH,sm,sm-city-roxas,SM City Roxas,visayas
earthy kit,EARTHY KIT,sm,sm-city-fairview,SM City Fairview,metro-manila
earth beauty aesthetics,EARTH BEAUTY AESTHETICS,sm,sm-city-santa-rosa,SM City Santa Rosa,south-luzon
earls jewelry & souvenirs,EARL'S JEWELRY & SOUVENIRS,robinsons,robinsons-palawan,Robinsons Place Palawan,south-luzon
earls jewelry,EARL'S JEWELRY,robinsons,robinsons-palawan,Robinsons Place Palawan,south-luzon
kimizia,KIMIZIA,robinsons,robinsons-novaliches,Robinsons Novaliches,metro-manila
kimi,KIMI,ayala,ayala-market-market,Market! Market!,metro-manila
kimburp,Kimburp,waltermart,balanga,WalterMart Balanga,north-luzon
kimbap & bulgogi,KIMBAP & BULGOGI,ayala,ayala-market-market,Market! Market!,metro-manila
e games,E-games,filinvest,festival-mall,Festival Mall,metro-manila
e g g (exciting gifts & goodies),E.G.G. (Exciting Gifts & Goodies),robinsons,robinsons-lipa,Robinsons Place Lipa,south-luzon
e era,E-ERA,sm,sm-city-baguio,SM City Baguio,north-luzon
e bingo boutique,E-BINGO BOUTIQUE,ayala,ayala-the-district-dasmarinas,The District Dasmarinas,south-luzon
e aranez jewelry,E Aranez Jewelry,araneta,farmers-plaza,Farmers Plaza,metro-manila
e & es takuyaki,E & E's Takuyaki,robinsons,robinsons-gen-san,Robinsons Place GenSan,mindanao
king pulo garden,KING PULO GARDEN,ayala,ayala-fairview-mall,Fairview Terraces,metro-manila
king deli,KING DELI,ayala,ayala-cloverleaf,Ayala Malls Cloverleaf,metro-manila
king chefs seafood restaurant,King Chef's Seafood Restaurant,megaworld,lucky-chinatown-mall,Lucky Chinatown Mall,metro-manila
king bee,KING BEE,sm,sm-city-masinag,SM City Masinag,metro-manila
kinder space playgroup tutorial center,KINDER SPACE PLAYGROUP TUTORIAL CENTER,sm,smdc-strip-at-grass,SMDC Strip at Grass,metro-manila
kinder space,Kinder Space,megaworld,san-lorenzo-place-mall,San Lorenzo Place Mall,metro-manila
kind ventures wellness,KIND VENTURES WELLNESS,waltermart,sucat,WalterMart Sucat,metro-manila
kimseamixx food haus,KIMSEAMIXX FOOD HAUS,sm,sm-city-manila,SM City Manila,metro-manila
easy soft,Easy Soft,filinvest,festival-mall,Festival Mall,metro-manila
eastworld home,EASTWORLD HOME,ayala,ayala-manila-bay,Ayala Malls Manila Bay,metro-manila
kirmz b hub,Kirm'Z B Hub,waltermart,candelaria,WalterMart Candelaria,south-luzon
kirks house of desserts,KIRKS HOUSE OF DESSERTS,sm,sm-city-butuan,SM City Butuan,mindanao
kiras box i,KIRA'S BOX I 0963-964-9909,robinsons,robinsons-ormoc,Robinsons Place Ormoc,visayas
kipps chicken,KIPPS CHICKEN,sm,sm-southmall,SM Southmall,metro-manila
kiosk,KIOSK,robinsons,robinsons-pagadian,Robinsons Pagadian,mindanao
kio sk,KIO SK,robinsons,robinsons-pagadian,Robinsons Pagadian,mindanao
kingsmen bespoke,KINGSMEN BESPOKE,sm,the-podium,The Podium,metro-manila
kingsmen,Kingsmen,filinvest,festival-mall,Festival Mall,metro-manila
kings pasalubong,KING'S PASALUBONG,robinsons,robinsons-palawan,Robinsons Place Palawan,south-luzon
kings cup blends,King's Cup Blends,robinsons,robinsons-gentrias,Robinsons Place Gen. Trias,south-luzon
kings cracklings nuts,Kings Cracklings @ Nuts,waltermart,trece-martires,WalterMart Trece Martires,south-luzon
kings chicharon,KING'S CHICHARON,robinsons,robinsons-palawan,Robinsons Place Palawan,south-luzon
ear technologies,EAR TECHNOLOGIES,sm,sm-city-baguio,SM City Baguio,north-luzon
e&es takuyaki,E&E's Takuyaki,robinsons,robinsons-galleria-cebu,Robinsons Galleria Cebu,visayas
e&e takuyaki,E&E TAKUYAKI 9177725146,robinsons,robinsons-cybergate-cebu,Robinsons Cybergate Cebu,visayas
e&e takoyaki,E&E Takoyaki,robinsons,robinsons-fuente,Robinsons Fuente,visayas
klad,Klad,araneta,gateway-mall,Gateway Mall,metro-manila
kizuna,Kizuna,robinsons,robinsons-galleria-cebu,Robinsons Galleria Cebu,visayas
kizumi,Kizumi,ortigas,greenhills,Greenhills,metro-manila
kiwami,KIWAMI,ayala,ayala-bonifacio-high-street,Bonifacio High Street,metro-manila
kitchn,THE KITCHN,sm,sm-lanang,SM Lanang,mindanao
kitchentable by bng,KITCHENTABLE BY BnG,sm,sm-center-pasig,SM Center Pasig,metro-manila
kitchenito,Kitchenito,waltermart,erodriguez,WalterMart E.Rodriguez,metro-manila
kitchenaid experience center,KITCHENAID EXPERIENCE CENTER,sm,sm-megamall,SM Megamall,metro-manila
kitchenaid,KITCHENAID,ayala,ayala-vertis,Ayala Malls Vertis North,metro-manila
kitchen table,Kitchen Table,ortigas,tiendesitas,Tiendesitas,metro-manila
kitchen by the coffee bean tea leaf,KITCHEN BY THE COFFEE BEAN TEA LEAF,sm,sm-city-santa-rosa,SM City Santa Rosa,south-luzon
kitchen by the coffee bean & tea leaf,Kitchen by The Coffee Bean & Tea Leaf,megaworld,newport-city,Newport City,metro-manila
kitchen,Kitchen ❤,waltermart,caloocan,WalterMart Caloocan,metro-manila
kit keeping it together,KIT - KEEPING IT TOGETHER,ayala,ayala-up-town-center,U. P. Town Center,metro-manila
kit,KIT,ortigas,estancia,Estancia,metro-manila
kisan lu,KISAN LU,sm,sm-city-davao,SM City Davao,mindanao
dyna quest,Dyna Quest,ortigas,greenhills,Greenhills,metro-manila
dwn by script society,DWN BY SCRIPT SOCIETY,sm,sm-city-rosario,SM City Rosario,south-luzon
dvogue,D'VOGUE,robinsons,robinsons-ilocos,Robinsons Place Ilocos,north-luzon
dvf dairy farm,DVF DAIRY FARM,sm,sm-city-cabanatuan,SM City Cabanatuan,north-luzon
dvendo gachapon,Dvendo Gachapon,robinsons,robinsons-pavia,Robinsons Place Pavia,visayas
dunkin i,Dunkin' I 0939-101-1472,robinsons,robinsons-ormoc,Robinsons Place Ormoc,visayas
dunkin dunots,DUNKIN DUNOTS,robinsons,robinsons-pagadian,Robinsons Pagadian,mindanao
dunkin donut,Dunkin' Donut,robinsons,robinsons-ilocos,Robinsons Place Ilocos,north-luzon
dune london,Dune London,araneta,gateway-mall-2,Gateway Mall 2,metro-manila
knead brew bakery cafe,KNEAD BREW BAKERY CAFÉ,sm,sm-city-batangas,SM City Batangas,south-luzon
knc printz,KNC PRINTZ,sm,sm-center-ormoc,SM Center Ormoc,visayas
klm dental,KLM Dental,waltermart,dasmarinas,WalterMart Dasmariñas,south-luzon
klm advanced dental center i,KLM Advanced Dental Center I 0919-098-5198,robinsons,galleria-south,Robinsons Galleria South,south-luzon
klm advanced dental center,KLM Advanced Dental Center,robinsons,galleria-south,Robinsons Galleria South,south-luzon
klen laundromat,Klen Laundromat,megaworld,venice-grand-canal-mall,Venice Grand Canal Mall,metro-manila
kleen o matic,Kleen O Matic,waltermart,balanga,WalterMart Balanga,north-luzon
koreana look,KOREANA LOOK,robinsons,robinsons-pagadian,Robinsons Pagadian,mindanao
kopi by jims recipe,Kopi by Jim's Recipe,ortigas,greenhills,Greenhills,metro-manila
kooke house pop up store,KOOKE HOUSE POP UP STORE,robinsons,robinsons-ilocos,Robinsons Place Ilocos,north-luzon
konvy,KONVY,robinsons,robinsons-galleria-ortigas,Robinsons Galleria,metro-manila
kong vr,Kong Vr,filinvest,festival-mall,Festival Mall,metro-manila
konbini karaage,Konbini Karaage,robinsons,robinsons-magnolia,Robinsons Magnolia,metro-manila
komoro soba,KOMORO SOBA,sm,sm-megamall,SM Megamall,metro-manila
komoro japanese dining,KOMORO JAPANESE DINING,sm,sm-southmall,SM Southmall,metro-manila
koi,Koi,megaworld,venice-grand-canal-mall,Venice Grand Canal Mall,metro-manila
kohi cha by cof tea,KOHI CHA BY COF/TEA,robinsons,robinsons-sta-rosa,Robinsons Sta. Rosa,south-luzon
kogi vegi,KOGI VEGI,sm,sm-city-iloilo,SM City Iloilo,visayas
kochi cafe,KOCHI CAFE,sm,sm-city-sorsogon,SM City Sorsogon,south-luzon
kobe clinic,Kobe Clinic,filinvest,festival-mall,Festival Mall,metro-manila
e & e takoyaki,E & E TAKOYAKI,robinsons,robinsons-iligan,Robinsons Place Iligan,mindanao
dynasty stir fry noodles & dimsum,DYNASTY STIR FRY NOODLES & DIMSUM 93855416870,robinsons,robinsons-butuan,Robinsons Place Butuan,mindanao
dynamic pc,Dynamic Pc,ortigas,greenhills,Greenhills,metro-manila
ktv playbox,KTV PLAYBOX,fishermall,malabon,Fisher Mall Malabon,metro-manila
ktlystph clothings,Ktlystph Clothings,ortigas,greenhills,Greenhills,metro-manila
kt drinks,KT Drinks,robinsons,robinsons-magnolia,Robinsons Magnolia,metro-manila
ksyn fitness gym,KSYN Fitness Gym,megaworld,alabang-west-parade,Alabang West Parade,metro-manila
kskin,Kskin,ortigas,greenhills,Greenhills,metro-manila
krizie ice jelly,KRIZIE ICE JELLY,sm,sm-city-bacolod,SM City Bacolod,visayas
kristine jewellery,Kristine Jewellery,megaworld,newport-city,Newport City,metro-manila
kristine,KRISTINE,sm,sm-megamall,SM Megamall,metro-manila
krispy ice cream,KRISPY ICE CREAM,sm,sm-city-sorsogon,SM City Sorsogon,south-luzon
krisp,KRISP,sm,sm-city-la-union,SM City La Union,north-luzon
krazy mushroom,Krazy Mushroom,megaworld,san-lorenzo-place-mall,San Lorenzo Place Mall,metro-manila
krapow,KRAPOW,sm,moa-square,MOA Square,metro-manila
kowloon house jr,"KOWLOON HOUSE, JR.",ayala,ayala-market-market,Market! Market!,metro-manila
korte ni bella mechanica,KORTE NI BELLA MECHANICA,robinsons,robinsons-butuan,Robinsons Place Butuan,mindanao
korte,Korte,robinsons,robinsons-butuan,Robinsons Place Butuan,mindanao
korn,KORN,robinsons,robinsons-lipa,Robinsons Place Lipa,south-luzon
dunamis,Dunamis,robinsons,robinsons-iligan,Robinsons Place Iligan,mindanao
dumaguete blind massage,Dumaguete Blind Massage,robinsons,robinsons-dumaguete,Robinsons Place Dumaguete,visayas
dulces,DULCES,sm,sm-city-bacolod,SM City Bacolod,visayas
dulceana boutique,Dulceana Boutique,robinsons,robinsons-cagayan-de-oro,Robinsons Cagayan de Oro,mindanao
ducks unlimited,Ducks Unlimited,ortigas,greenhills,Greenhills,metro-manila
dti otop,DTI OToP,robinsons,robinsons-pagadian,Robinsons Pagadian,mindanao
dswd provincial extension office zambales services,DSWD PROVINCIAL EXTENSION OFFICE ZAMBALES SERVICES,sm,sm-city-olongapo-downtown,SM City Olongapo Downtown,north-luzon
ds windows,DS WINDOWS,robinsons,robinsons-metro-east,Robinsons Metro East,metro-manila
ds interior,DS INTERIOR,waltermart,makati,WalterMart Makati,metro-manila
drybrush gallery,DRYBRUSH GALLERY,sm,moa-square,MOA Square,metro-manila
drip room aesthetics,THE DRIP ROOM AESTHETICS,sm,sm-city-legazpi,SM City Legazpi,south-luzon
kuletz,Kuletz,robinsons,robinsons-cagayan-de-oro,Robinsons Cagayan de Oro,mindanao
kukugalbi restaurant,KUKUGALBI RESTAURANT,sm,smdc-grace-mall,SMDC Grace Mall,metro-manila
kuka,KUKA,sm,sm-city-north-edsa,SM City North Edsa,metro-manila
kublai khan,KUBLAI KHAN,ayala,ayala-center-cebu,Ayala Center Cebu,visayas
kuanzhai alley,KUANZHAI ALLEY,waltermart,macapagal,WalterMart W.MALL Macapagal,metro-manila
kvik,KVIK,sm,sm-megamall,SM Megamall,metro-manila
kuzina guadalupe,KUZINA GUADALUPE,sm,sm-seaside-city-cebu,SM Seaside City Cebu,visayas
kuysen,KUYSEN,sm,sm-megamall,SM Megamall,metro-manila
kuya korea,KUYA KOREA,sm,sm-city-manila,SM City Manila,metro-manila
kuya js restaurant,Kuya J's Restaurant,robinsons,robinsons-imus,Robinsons Place Imus,south-luzon
kuya berts pares house,KUYA BERT'S PARES HOUSE,robinsons,robinsons-galleria-ortigas,Robinsons Galleria,metro-manila
kusina tsina,KUSINA TSINA,sm,sm-city-iloilo,SM City Iloilo,visayas
kusina ni sendang,KUSINA NI SENDANG,sm,sm-city-pampanga,SM City Pampanga,north-luzon
kusina manyaman,KUSINA MANYAMAN,sm,sm-city-clark,SM City Clark,north-luzon
kurimi,KURIMI (Soon to Open),robinsons,robinsons-pagadian,Robinsons Pagadian,mindanao
kureji,KUREJI,sm,sm-city-baguio,SM City Baguio,north-luzon
kurbang lokal,Kurbang Lokal,megaworld,lucky-chinatown-mall,Lucky Chinatown Mall,metro-manila
kuppa coffee tea,KUPPA COFFEE TEA,sm,sm-city-bacolod,SM City Bacolod,visayas
kung fu master cooking,Kung Fu Master Cooking,megaworld,mckinley-west,McKinley West,metro-manila
kumpares,KUMPARES,ayala,ayala-market-market,Market! Market!,metro-manila
kumon robinsons otis center,KUMON ROBINSONS OTIS CENTER,robinsons,robinsons-otis,Robinsons Otis,metro-manila
dri,Dri+,megaworld,southwoods-mall,Southwoods Mall,south-luzon
dreiland ice cream,DREILAND ICE CREAM,sm,sm-city-dasmarinas,SM City Dasmariñas,south-luzon
dreamland massage chair,DREAMLAND MASSAGE CHAIR,robinsons,robinsons-sta-rosa,Robinsons Sta. Rosa,south-luzon
dreamland,Dreamland,ortigas,greenhills,Greenhills,metro-manila
dreamlab,DREAMLAB,ayala,ayala-circuit,Ayala Malls Circuit,metro-manila
dreame,DREAME,sm,moa-square,MOA Square,metro-manila
dream world arcade,Dream World Arcade,megaworld,southwoods-mall,Southwoods Mall,south-luzon
dream cream pastries,DREAM CREAM PASTRIES,sm,sm-city-roxas,SM City Roxas,visayas
drakes restaurant & bar,Drake's Restaurant & Bar,robinsons,robinsons-tacloban,Robinsons Place Tacloban,visayas
dragons gem health care,Dragon's Gem Health Care,robinsons,robinsons-imus,Robinsons Place Imus,south-luzon
dragonforge,THE DRAGONFORGE,ayala,ayala-up-town-center,U. P. Town Center,metro-manila
dragon dumplings,DRAGON DUMPLINGS,sm,sm-city-davao,SM City Davao,mindanao
draftsmans digital printing services,DRAFTSMAN'S DIGITAL PRINTING SERVICES,robinsons,robinsons-novaliches,Robinsons Novaliches,metro-manila
draft restaurant and brewery,Draft Restaurant and Brewery,megaworld,uptown-parade,Uptown Parade,metro-manila
kyocera mita,KYOCERA MITA,sm,sm-city-north-edsa,SM City North Edsa,metro-manila
kylas bistro,Kyla's Bistro,robinsons,robinsons-iligan,Robinsons Place Iligan,mindanao
la casa empanada,La Casa Empanada,filinvest,festival-mall,Festival Mall,metro-manila
la birria tacos nachos,LA BIRRIA TACOS NACHOS,sm,sm-city-bicutan,SM City Bicutan,metro-manila
la birria tacos & nachos,LA BIRRIA TACOS & NACHOS,sm,sm-center-pasig,SM Center Pasig,metro-manila
l sea dimsum and noodle house,L SEA DIMSUM AND NOODLE HOUSE,sm,sm-city-bacolod,SM City Bacolod,visayas
l royale,L' Royale,robinsons,robinsons-dumaguete,Robinsons Place Dumaguete,visayas
l entrecote,L' Entrecote,megaworld,forbes-town,Forbes Town,metro-manila
l elegante salon,L Elegante Salon,robinsons,robinsons-gen-san,Robinsons Place GenSan,mindanao
l a music & sports center,L.A. MUSIC & SPORTS CENTER,sm,sm-city-olongapo-central,SM City Olongapo Central,north-luzon
l a eatery,L. A EATERY,robinsons,robinsons-novaliches,Robinsons Novaliches,metro-manila
l & y mobile phone & computer accessories,L & Y Mobile Phone & Computer Accessories,robinsons,robinsons-iligan,Robinsons Place Iligan,mindanao
kyushu ramen,KYUSHU RAMEN,ayala,ayala-cloverleaf,Ayala Malls Cloverleaf,metro-manila
kyukyu ramen 99 i,KYUKYU RAMEN 99 I 0998-844-3878,robinsons,robinsons-novaliches,Robinsons Novaliches,metro-manila
kyukyu ramen 99,KyuKyu Ramen 99,robinsons,robinsons-tacloban,Robinsons Place Tacloban,visayas
kyoken travel tours,KYOKEN TRAVEL TOURS,sm,sm-city-bacolod,SM City Bacolod,visayas
kyoda1,KYODA1,ayala,ayala-vertis,Ayala Malls Vertis North,metro-manila
drink sls,Drink SLS,megaworld,festive-walk-parade,Festive Walk Parade,visayas
dr wine,Dr. Wine,megaworld,forbes-town,Forbes Town,metro-manila
dr tooth dental smile clinic,Dr. Tooth Dental Smile Clinic,robinsons,robinsons-novaliches,Robinsons Novaliches,metro-manila
dr textus gadgets accessories store,DR TEXTUS GADGETS ACCESSORIES STORE,sm,sm-city-iloilo,SM City Iloilo,visayas
dr tech,Dr. Tech,robinsons,robinsons-galleria-cebu,Robinsons Galleria Cebu,visayas
dr ouanos dental clinic,DR. OUANO’S DENTAL CLINIC,sm,sm-city-consolacion,SM City Consolacion,visayas
dr leather,Dr. Leather,megaworld,eastwood-city-walk,Eastwood City Walk,metro-manila
dr john sidney s ricamora,Dr. John Sidney S. Ricamora,robinsons,robinsons-galleria-cebu,Robinsons Galleria Cebu,visayas
dr esthe,Dr. Esthe,filinvest,festival-mall,Festival Mall,metro-manila
dr crb aesthetic laser clinic,DR CRB AESTHETIC LASER CLINIC,sm,sm-city-cebu,SM City Cebu,visayas
la fiesta filipino cuisine,LA FIESTA FILIPINO CUISINE,sm,sm-by-the-bay,SM By the Bay,metro-manila
la europa ceramica,LA EUROPA CERAMICA,sm,moa-square,MOA Square,metro-manila
la estetica,LA ESTETICA,sm,sm-city-bacolod,SM City Bacolod,visayas
la chicks hot chicken,La Chicks Hot Chicken,filinvest,festival-mall,Festival Mall,metro-manila
la chambre de beaute beauty salon,LA CHAMBRE DE BEAUTE BEAUTY SALON,robinsons,robinsons-cagayan-de-oro,Robinsons Cagayan de Oro,mindanao
la casetta de britt restaurant,LA CASETTA DE BRITT RESTAURANT,sm,sm-city-taytay,SM City Taytay,metro-manila
la casa empanadas,LA CASA EMPANADAS,sm,sm-city-north-edsa,SM City North Edsa,metro-manila
lachis,LACHIS,sm,sm-city-davao,SM City Davao,mindanao
lab by the eyebrowdery,LAB BY THE EYEBROWDERY,ayala,ayala-feliz,Ayala Malls Feliz,metro-manila
la treats,La Treats,robinsons,robinsons-pangasinan,Robinsons Place Pangasinan,north-luzon
la rizza clinica dentista,La Rizza Clinica Dentista,robinsons,robinsons-manila,Robinsons Place Manila,metro-manila
la provence,LA PROVENCE,ayala,ayala-bonifacio-high-street,Bonifacio High Street,metro-manila
la perfecta wellness spa,La Perfecta Wellness Spa,robinsons,robinsons-north-tacloban,Robinsons North Tacloban,visayas
la perfecta,La Perfecta,robinsons,robinsons-tacloban,Robinsons Place Tacloban,visayas
la oriental wellness spa,LA ORIENTAL WELLNESS SPA,sm,sm-city-laoag,SM City Laoag,north-luzon
la nilad coffee,LA NILAD COFFEE,sm,sm-city-clark,SM City Clark,north-luzon
la maison,La Maison,ortigas,estancia,Estancia,metro-manila
la lola,LA LOLA,robinsons,robinsons-antipolo,Robinsons Place Antipolo,metro-manila
la kuseana,LA KUSEANA,sm,sm-lanang,SM Lanang,mindanao
la hanan,LA HANAN,sm,sm-city-naga,SM City Naga,south-luzon
la halo halo,LA HALO HALO,robinsons,robinsons-pagadian,Robinsons Pagadian,mindanao
la floreria,LA FLORERIA,ayala,ayala-market-market,Market! Market!,metro-manila
draft coffee by lews,Draft Coffee by Lew’s,ortigas,greenhills,Greenhills,metro-manila
dr a g salazar dental orthodontic clinic,DR. A.G SALAZAR DENTAL ORTHODONTIC CLINIC,robinsons,robinsons-galleria-ortigas,Robinsons Galleria,metro-manila
doys homemade delicacies,DOY'S HOMEMADE DELICACIES,sm,sm-city-davao,SM City Davao,mindanao
doughnut,DOUGHNUT,ayala,ayala-trinoma,Trinoma,metro-manila
doughmain,DOUGHMAIN,sm,sm-city-north-edsa,SM City North Edsa,metro-manila
dough story,THE DOUGH STORY,sm,sm-city-davao,SM City Davao,mindanao
dotpad mobile phone,DOTPAD MOBILE PHONE,starmall,alabang,Starmall Alabang,metro-manila
dotonbori ramen,DOTONBORI RAMEN,ayala,ayala-center-cebu,Ayala Center Cebu,visayas
dothy maos pizzahaus,DOTHY MAOS PIZZAHAUS,sm,sm-city-naga,SM City Naga,south-luzon
dot zero hair studio,Dot Zero Hair Studio,filinvest,festival-mall,Festival Mall,metro-manila
lady carat,Lady Carat,araneta,gateway-mall-2,Gateway Mall 2,metro-manila
lady annes tarts & pastries,LADY ANNE'S TARTS & PASTRIES,sm,sm-city-bacolod,SM City Bacolod,visayas
lactation treats,LACTATION TREATS,sm,sm-city-baliwag,SM City Baliwag,north-luzon
lacoste sports,LACOSTE SPORTS,ayala,ayala-center-cebu,Ayala Center Cebu,visayas
lacoste outlet,Lacoste Outlet,robinsons,robinsons-starmills,Robinsons Starmills,north-luzon
lacoste live,LACOSTE LIVE,ayala,ayala-glorietta,Glorietta,metro-manila
lacoste footwear,LACOSTE FOOTWEAR,sm,sm-city-pampanga,SM City Pampanga,north-luzon
landbank,LANDBANK,sm,sm-city-sorsogon,SM City Sorsogon,south-luzon
land registration authority,LAND REGISTRATION AUTHORITY,sm,sm-aura,SM Aura,metro-manila
land bank,Land Bank,robinsons,robinsons-novaliches,Robinsons Novaliches,metro-manila
lanchi,Lanchi,robinsons,robinsons-novaliches,Robinsons Novaliches,metro-manila
lanas sweet delights,LANAS SWEET DELIGHTS,sm,sm-city-legazpi,SM City Legazpi,south-luzon
lamier jewelry,Lamier Jewelry,ortigas,greenhills,Greenhills,metro-manila
lam ay furniture,LAM-AY FURNITURE,ayala,ayala-market-market,Market! Market!,metro-manila
lalaines fashion boutique,Lalaine's Fashion Boutique,robinsons,robinsons-sta-rosa,Robinsons Sta. Rosa,south-luzon
lala annies sizzling food house,Lala Annie's Sizzling Food House,robinsons,robinsons-valencia,Robinsons Place Valencia,mindanao
laizah beauty,LAIZAH BEAUTY,robinsons,robinsons-naga,Robinsons Place Naga,south-luzon
lahlahlah,LAHLAHLAH,robinsons,opus,Opus Mall,metro-manila
lagalag,LAGALAG,sm,sm-city-north-edsa,SM City North Edsa,metro-manila
ladybelle nail and body spa,LADYBELLE NAIL AND BODY SPA,sm,sm-city-masinag,SM City Masinag,metro-manila
lady grace,Lady Grace,fishermall,quezonave,Fisher Mall Quezon Avenue,metro-manila
dr alvin,Dr. Alvin,filinvest,festival-mall,Festival Mall,metro-manila
dr a repair center,Dr.a Repair Center,ortigas,greenhills,Greenhills,metro-manila
doroci,DOROCI,sm,sm-city-novaliches,SM City Novaliches,metro-manila
doqaus,DOQAUS,sm,sm-city-pampanga,SM City Pampanga,north-luzon
doogee,DOOGEE,sm,sm-city-north-edsa,SM City North Edsa,metro-manila
doodskie,Doodskie,robinsons,robinsons-iloilo,Robinsons Place Iloilo,visayas
doner durum,Doner Durum,robinsons,robinsons-los-banos,Robinsons Town Mall Los Banos,south-luzon
don ricardos chocolate shop,DON RICARDOS CHOCOLATE SHOP,sm,sm-city-general-santos,SM City General Santos,mindanao
don machiattos,Don Machiatto's,robinsons,robinsons-valencia,Robinsons Place Valencia,mindanao
don juan boodle ihaw ihaw atbp,DON JUAN BOODLE IHAW-IHAW ATBP,sm,sm-city-lipa,SM City Lipa,south-luzon
don juan,Don Juan,ortigas,greenhills,Greenhills,metro-manila
lao taipei,Lao Taipei,ortigas,greenhills,Greenhills,metro-manila
landmark supermarket,Landmark Supermarket,filinvest,festival-mall,Festival Mall,metro-manila
landmark department store,Landmark Department Store,filinvest,festival-mall,Festival Mall,metro-manila
landmark banks,LANDMARK - BANKS,ayala,ayala-trinoma,Trinoma,metro-manila
landers,Landers,megaworld,uptown-parade,Uptown Parade,metro-manila
lander,Lander,ortigas,greenhills,Greenhills,metro-manila
landcell,Landcell,ortigas,greenhills,Greenhills,metro-manila
doki doki takoyaki and sunakku food stop,DOKI-DOKI TAKOYAKI AND SUNAKKU FOOD STOP,sm,sm-city-sorsogon,SM City Sorsogon,south-luzon
dojo,THE DOJO,robinsons,opus,Opus Mall,metro-manila
dogs spa,The Dog's Spa,fishermall,quezonave,Fisher Mall Quezon Avenue,metro-manila
dogs and the city pet store,DOGS AND THE CITY PET STORE,sm,sm-mall-of-asia,SM Mall of Asia,metro-manila
lashgasm,LASHGASM,sm,sm-jmall,SM J Mall,visayas
laserase md,Laserase MD,robinsons,robinsons-malolos,Robinsons Place Malolos,north-luzon
laserase m d,Laserase M.D.,waltermart,malolos,WalterMart Malolos,north-luzon
laser madness,Laser Madness,filinvest,festival-mall,Festival Mall,metro-manila
las fresas,LAS FRESAS,robinsons,robinsons-palawan,Robinsons Place Palawan,south-luzon
larrazabal eye,LARRAZABAL EYE,sm,s-maison,S Maison,metro-manila
large screen format,LARGE SCREEN FORMAT,sm,sm-seaside-city-cebu,SM Seaside City Cebu,visayas
laragway,Laragway,filinvest,festival-mall,Festival Mall,metro-manila
laptop factory,LAPTOP FACTORY,ayala,ayala-fairview-mall,Fairview Terraces,metro-manila
laptop expert,THE LAPTOP EXPERT,sm,sm-mall-of-asia,SM Mall of Asia,metro-manila
lapilar jewellery,LAPILAR JEWELLERY,ayala,ayala-market-market,Market! Market!,metro-manila
lapid dental clinic,Lapid Dental Clinic,robinsons,robinsons-magnolia,Robinsons Magnolia,metro-manila
laybare plus,LAYBARE PLUS,robinsons,opus,Opus Mall,metro-manila
laxare nail & day spa,Laxare Nail & Day Spa,filinvest,festival-mall,Festival Mall,metro-manila
laundrybest,LAUNDRYBEST,sm,smdc-strip-at-sea,SMDC Strip at Sea,metro-manila
laundry room,THE LAUNDRY ROOM,sm,smdc-strip-at-grass,SMDC Strip at Grass,metro-manila
laundry district,The Laundry District,megaworld,california-garden-square,California Garden Square,metro-manila
last scoop ice cream,LAST SCOOP ICE CREAM,sm,sm-city-pampanga,SM City Pampanga,north-luzon
lasquite dental and medical clinic,LASQUITE DENTAL AND MEDICAL CLINIC,sm,sm-city-san-pablo,SM City San Pablo,south-luzon
lashious,LASHIOUS,sm,sm-city-bacoor,SM City Bacoor,south-luzon
don henricos,DON HENRICOS,sm,sm-city-baguio,SM City Baguio,north-luzon
don de dieu salon,Don De Dieu Salon,robinsons,robinsons-jaro,Robinsons Place Jaro,visayas
don churros,Don Churros,robinsons,robinsons-ilocos,Robinsons Place Ilocos,north-luzon
domlenes empanada,DOMLENES EMPANADA,robinsons,robinsons-tuguegarao,Robinsons Place Tuguegarao,north-luzon
dom lenes ilocos empanada,DOM LENES ILOCOS EMPANADA,sm,sm-city-cauayan,SM City Cauayan,north-luzon
dollar store,Dollar Store,ortigas,greenhills,Greenhills,metro-manila
dole,DOLE,sm,sm-city-cebu,SM City Cebu,visayas
doktor relos service center co,Doktor Relos Service Center Co.,waltermart,balayan,WalterMart Balayan,south-luzon
le petit bizu,Le Petit Bizu 9062284170,robinsons,robinsons-magnolia,Robinsons Magnolia,metro-manila
le katsu mnl street katsu,LE KATSU MNL STREET KATSU,sm,sm-cherry-antipolo,SM Center Antipolo Downtown,metro-manila
le katsu manila,LE KATSU MANILA,robinsons,robinsons-pangasinan,Robinsons Place Pangasinan,north-luzon
le dessert,Le Dessert,robinsons,robinsons-palawan,Robinsons Place Palawan,south-luzon
le derion flowers,LE DERION FLOWERS,sm,sm-city-iloilo,SM City Iloilo,visayas
le ching tea house,Le Ching Tea House,ortigas,greenhills,Greenhills,metro-manila
ldm driving institute inc,LDM DRIVING INSTITUTE INC.,robinsons,robinsons-novaliches,Robinsons Novaliches,metro-manila
ldm driving institute,LDM DRIVING INSTITUTE,sm,sm-city-north-edsa,SM City North Edsa,metro-manila
lca cellphone & accessories,LCA Cellphone & Accessories,robinsons,robinsons-gen-san,Robinsons Place GenSan,mindanao
lbc i,LBC I 0917-827-8894,robinsons,robinsons-ormoc,Robinsons Place Ormoc,visayas
lazy panda massage chair,LAZY PANDA MASSAGE CHAIR,robinsons,robinsons-cagayan-de-oro,Robinsons Cagayan de Oro,mindanao
lazerarena,LAZERARENA,sm,sm-megamall,SM Megamall,metro-manila
lazer xtreme,LAZER XTREME,ayala,ayala-market-market,Market! Market!,metro-manila
lazer musical instruments,LAZER MUSICAL INSTRUMENTS,ayala,ayala-market-market,Market! Market!,metro-manila
lazer arena,LAZER ARENA,sm,sm-mall-of-asia,SM Mall of Asia,metro-manila
lazboy,LAZBOY,ayala,ayala-manila-bay,Ayala Malls Manila Bay,metro-manila
dogs & the city,Dogs & The City,robinsons,robinsons-manila,Robinsons Place Manila,metro-manila
doghauz hotdog toppings,DOGHAUZ HOTDOG TOPPINGS 9911845655,robinsons,robinsons-butuan,Robinsons Place Butuan,mindanao
doggo,Doggo,filinvest,festival-mall,Festival Mall,metro-manila
dogaholics,Dogaholics,ortigas,tiendesitas,Tiendesitas,metro-manila
dog city,DOG CITY,sm,sm-cherry-shaw,SM Center Shaw,metro-manila
dodolon world,Dodolon World,robinsons,robinsons-dasmarinas,Robinsons Place Dasmarinas,south-luzon
doctors alley,Doctor's Alley,robinsons,robinsons-metro-east,Robinsons Metro East,metro-manila
doc onin dental services,DOC ONIN DENTAL SERVICES,sm,sm-marketmall-dasmarinas,SM Marketmall Dasmarinas,south-luzon
doc ferds animal wellness center,DOC FERDS ANIMAL WELLNESS CENTER,ayala,ayala-up-town-center,U. P. Town Center,metro-manila
dobbo,DOBBO,sm,sm-city-cauayan,SM City Cauayan,north-luzon
do thirsty,Do Thirsty,robinsons,robinsons-malolos,Robinsons Place Malolos,north-luzon
do marketing,DO MARKETING 0945-8454967,robinsons,robinsons-sta-rosa,Robinsons Sta. Rosa,south-luzon
do eat cotton candy,DO EAT COTTON CANDY,sm,sm-megamall,SM Megamall,metro-manila
dna therapy,DNA THERAPY,sm,sm-city-san-lazaro,SM City San Lazaro,metro-manila
le salon de coiffure,Le Salon De Coiffure,robinsons,robinsons-antique,Robinsons Place Antique,visayas
le petit bouquet manille,LE PETIT BOUQUET MANILLE,sm,sm-city-san-lazaro,SM City San Lazaro,metro-manila
legrand,Legrand,ortigas,greenhills,Greenhills,metro-manila
lee wrangler us polo,Lee / Wrangler / Us Polo,araneta,farmers-plaza,Farmers Plaza,metro-manila
lee eun young nature care center,LEE EUN YOUNG NATURE CARE CENTER,sm,sm-lanang,SM Lanang,mindanao
ledesma audiological center,LEDESMA AUDIOLOGICAL CENTER,sm,sm-city-davao,SM City Davao,mindanao
lechoneria,Lechoneria,robinsons,robinsons-galleria-ortigas,Robinsons Galleria,metro-manila
lechon house,LECHON HOUSE,robinsons,robinsons-la-union,Robinsons Place La Union,north-luzon
lechon h,LECHON H,sm,sm-city-bacolod,SM City Bacolod,visayas
lechon factory,LECHON FACTORY,starmall,alabang,Starmall Alabang,metro-manila
lechon belly kitchen salo,Lechon Belly Kitchen/Salo,ortigas,greenhills,Greenhills,metro-manila
learning jungle,Learning Jungle,megaworld,forbes-town,Forbes Town,metro-manila
learning hub,Learning Hub,filinvest,festival-mall,Festival Mall,metro-manila
leap grip,Leap Grip,filinvest,festival-mall,Festival Mall,metro-manila
lea salon,LEA Salon,megaworld,california-garden-square,California Garden Square,metro-manila
le vibe ph,LE VIBE PH,robinsons,robinsons-gapan,Robinsons Gapan,north-luzon
le temps pandora,LE TEMPS PANDORA,sm,sm-mall-of-asia,SM Mall of Asia,metro-manila
le temps,Le Temps,megaworld,newport-city,Newport City,metro-manila
dj kool loca,DJ Kool Loca,robinsons,robinsons-palawan,Robinsons Place Palawan,south-luzon
dj jewelry store,DJ JEWELRY STORE,sm,sm-city-cabanatuan,SM City Cabanatuan,north-luzon
dizzle kitchen,Dizzle Kitchen,filinvest,festival-mall,Festival Mall,metro-manila
dizon furnitures,Dizon Furnitures,ortigas,estancia,Estancia,metro-manila
dizon farm,DIZON FARM,ayala,ayala-market-market,Market! Market!,metro-manila
dix gadget repair shop,DIX GADGET REPAIR SHOP,sm,sm-city-san-jose-del-monte,SM City San Jose Del Monte,north-luzon
divine sweets bakery and cafe,DIVINE SWEETS BAKERY AND CAFE,sm,sm-city-puerto-princesa,SM City Puerto Princesa,south-luzon
divine sweets,Divine Sweets,robinsons,robinsons-palawan,Robinsons Place Palawan,south-luzon
divine indulgence,DIVINE INDULGENCE,sm,sm-city-baguio,SM City Baguio,north-luzon
divine grace medical center,DIVINE GRACE MEDICAL CENTER,sm,sm-center-imus,SM Center Imus,south-luzon
lemon 101,LEMON 101,ayala,ayala-capitol-central,Ayala Malls Capitol Central,visayas
lemo massage chairs,Lemo Massage Chairs,robinsons,robinsons-antipolo,Robinsons Place Antipolo,metro-manila
lemo,Lemo,robinsons,robinsons-galleria-ortigas,Robinsons Galleria,metro-manila
lemeur,Lemeur,ortigas,greenhills,Greenhills,metro-manila
leisure hopper,Leisure Hopper,filinvest,fora,Fora Mall,south-luzon
leica,LEICA,ayala,ayala-greenbelt,Greenbelt,metro-manila
lemon made,LEMON MADE,robinsons,robinsons-gapan,Robinsons Gapan,north-luzon
lemon life,Lemon Life,robinsons,robinsons-la-union,Robinsons Place La Union,north-luzon
lemon jess,LEMON JESS,sm,sm-city-daet,SM City Daet,south-luzon
lemon jar samgyeopsalemon,LEMON JAR SAMGYEOPSALEMON,sm,sm-city-olongapo-central,SM City Olongapo Central,north-luzon
lemon hub sunsai,LEMON HUB SUNSAI,robinsons,robinsons-ilocos,Robinsons Place Ilocos,north-luzon
lemon greens,LEMON GREENS,sm,sm-city-urdaneta-central,SM City Urdaneta Central,north-luzon
lemon express,Lemon Express,filinvest,festival-mall,Festival Mall,metro-manila
lemon drop,LEMON DROP,robinsons,robinsons-tagum,Robinsons Place Tagum,mindanao
lemon dew,LEMON DEW,sm,sm-city-butuan,SM City Butuan,mindanao
lemon co juicery,THE LEMON CO JUICERY,sm,sm-jmall,SM J Mall,visayas
lemon co i,The Lemon Co. I 0951-799-9010,robinsons,robinsons-ormoc,Robinsons Place Ormoc,visayas
lemon cali,LEMON CALI,sm,sm-city-batangas,SM City Batangas,south-luzon
lemon burst,Lemon Burst,robinsons,robinsons-tacloban,Robinsons Place Tacloban,visayas
lemon blend,Lemon Blend 9959386824,robinsons,robinsons-santiago,Robinsons Place Santiago,north-luzon
dlro lto san roque retrouvaille center,DLRO LTO SAN ROQUE RETROUVAILLE CENTER,sm,sm-city-cagayan-de-oro,SM City CDO Uptown,mindanao
dkny,DKNY,ayala,ayala-trinoma,Trinoma,metro-manila
dito kiosk,DITO Kiosk,robinsons,robinsons-tacloban,Robinsons Place Tacloban,visayas
district 8,District 8,ortigas,greenhills,Greenhills,metro-manila
diskubre pet shop,DISKUBRE PET SHOP,sm,sm-city-baguio,SM City Baguio,north-luzon
dishee,D’ISHEE,megaworld,venice-grand-canal-mall,Venice Grand Canal Mall,metro-manila
dipping dumpling,DIPPING DUMPLING,sm,sm-cherry-shaw,SM Center Shaw,metro-manila
dion & mary,Dion & Mary,araneta,ali-mall,Ali Mall,metro-manila
lenin computer systems inc,LENIN COMPUTER SYSTEMS INC,sm,sm-city-mindpro,SM City Mindpro,mindanao
lemonzilla freshly squeezed lemonade,LEMONZILLA FRESHLY SQUEEZED LEMONADE,sm,sm-lanang,SM Lanang,mindanao
lemonzest,LEMONZEST,sm,sm-city-general-santos,SM City General Santos,mindanao
lemonjuju,Lemonjuju,robinsons,robinsons-pavia,Robinsons Place Pavia,visayas
lemoncha,Lemoncha,megaworld,lucky-chinatown-prosperity-wing,Lucky Chinatown - Prosperity Wing,metro-manila
lemonaze,LEMONAZE,sm,sm-city-sucat,SM City Sucat,metro-manila
lemon zone,Lemon Zone,robinsons,robinsons-naga,Robinsons Place Naga,south-luzon
lemon twist,LEMON TWIST,robinsons,robinsons-pagadian,Robinsons Pagadian,mindanao
lemon station,Lemon Station,robinsons,robinsons-galleria-ortigas,Robinsons Galleria,metro-manila
lemon pa more,Lemon Pa More,robinsons,robinsons-antipolo,Robinsons Place Antipolo,metro-manila
levis i,Levi's I 520-1449,robinsons,robinsons-ormoc,Robinsons Place Ormoc,visayas
levie lifestyle clinic,LEVIE LIFESTYLE CLINIC,sm,sm-southmall,SM Southmall,metro-manila
level 1 & level 1 (transport terminal),Level 1 & Level 1 (Transport Terminal),robinsons,robinsons-pavia,Robinsons Place Pavia,visayas
level 1,Level 1,robinsons,robinsons-fuente,Robinsons Fuente,visayas
letterbee,LETTERBEE,sm,sm-city-consolacion,SM City Consolacion,visayas
lets get meals,LETS GET MEALS,robinsons,robinsons-ormoc,Robinsons Place Ormoc,visayas
lets face it going straight,LETS FACE IT GOING STRAIGHT,sm,sm-city-sucat,SM City Sucat,metro-manila
leo pizza,LEO PIZZA,sm,sm-city-fairview,SM City Fairview,metro-manila
leo dosirak,LEO DOSIRAK,sm,sm-city-trece-martires,SM City Trece Martires,south-luzon
lenslab optical clinic,Lenslab Optical Clinic,robinsons,robinsons-galleria-cebu,Robinsons Galleria Cebu,visayas
lenslab eyecare specialist,Lenslab EyeCare Specialist,robinsons,robinsons-galleria-cebu,Robinsons Galleria Cebu,visayas
lens crafter shop,THE LENS CRAFTER SHOP,sm,sm-city-cebu,SM City Cebu,visayas
divas kaffe,DIVAS KAFFE,sm,sm-city-clark,SM City Clark,north-luzon
dito telecommunity corporation,DITO Telecommunity Corporation,robinsons,robinsons-roxas,Robinsons Place Roxas,visayas
dito telecom,DITO Telecom,megaworld,forbes-town,Forbes Town,metro-manila
dito telcommunity,DITO TELCOMMUNITY,robinsons,galleria-south,Robinsons Galleria South,south-luzon
dingers,DINGERS,sm,sm-city-manila,SM City Manila,metro-manila
dimsum republic hongkong style fried noodles,DIMSUM REPUBLIC HONGKONG STYLE FRIED NOODLES (NEW),robinsons,robinsons-naga,Robinsons Place Naga,south-luzon
dimsum republic,Dimsum Republic,fishermall,quezonave,Fisher Mall Quezon Avenue,metro-manila
dimsum place,The Dimsum Place,fishermall,quezonave,Fisher Mall Quezon Avenue,metro-manila
dillingers prohibition,DILLINGERS/PROHIBITION,ayala,ayala-greenbelt,Greenbelt,metro-manila
digos apple products,DIGOS APPLE PRODUCTS,robinsons,robinsons-gen-san,Robinsons Place GenSan,mindanao
lfafa enterprises,Lfafa Enterprises,robinsons,robinsons-ormoc,Robinsons Place Ormoc,visayas
lfafa enterprise (massage chairs),Lfafa Enterprise (Massage Chairs),robinsons,robinsons-valencia,Robinsons Place Valencia,mindanao
lfafa enterprise,LFAFA Enterprise,fishermall,quezonave,Fisher Mall Quezon Avenue,metro-manila
lfafa enteprise,Lfafa Enteprise,robinsons,robinsons-north-tacloban,Robinsons North Tacloban,visayas
leyte paperworld,LEYTE PAPERWORLD,sm,sm-savemore-tacloban,SM Savemore Tacloban,visayas
leysa,Leysa,filinvest,festival-mall,Festival Mall,metro-manila
leylams shawarma,Leylam's Shawarma,robinsons,robinsons-ilocos,Robinsons Place Ilocos,north-luzon
leylam i,Leylam I 0992-354-7107,robinsons,robinsons-ormoc,Robinsons Place Ormoc,visayas
lexstar graphics arts,Lexstar Graphics Arts,filinvest,festival-mall,Festival Mall,metro-manila
lewis house,THE LEWIS HOUSE,sm,sm-city-la-union,SM City La Union,north-luzon
digi tech,Digi Tech,fishermall,quezonave,Fisher Mall Quezon Avenue,metro-manila
life extension by confluence health and wellness products,LIFE EXTENSION BY CONFLUENCE HEALTH AND WELLNESS PRODUCTS,sm,sm-city-bacolod,SM City Bacolod,visayas
life extension,LIFE EXTENSION,sm,sm-city-iloilo,SM City Iloilo,visayas
liege manila,Liege Manila,filinvest,festival-mall,Festival Mall,metro-manila
licanto takoyaki,LICANTO TAKOYAKI,robinsons,robinsons-imus,Robinsons Place Imus,south-luzon
licanto food corner (,LICANTO FOOD CORNER (,robinsons,robinsons-imus,Robinsons Place Imus,south-luzon
liams & louis gourmet,Liam's & Louis Gourmet,ortigas,the-strip,The Strip,metro-manila
liam cars,Liam Cars,robinsons,robinsons-dasmarinas,Robinsons Place Dasmarinas,south-luzon
li ning,LI-NING,ayala,ayala-glorietta,Glorietta,metro-manila
li am dimsum,LI AM DIMSUM,robinsons,robinsons-gen-san,Robinsons Place GenSan,mindanao
lgd key shop,LGD KEY SHOP,robinsons,robinsons-tagum,Robinsons Place Tagum,mindanao
lg,LG,sm,sm-city-north-edsa,SM City North Edsa,metro-manila
lfafa massage chair,Lfafa Massage Chair,fishermall,malabon,Fisher Mall Malabon,metro-manila
dino dig,DINO DIG,sm,sm-city-fairview,SM City Fairview,metro-manila
dino adventure,Dino Adventure,filinvest,festival-mall,Festival Mall,metro-manila
dinko bakery supplies,DINKO BAKERY SUPPLIES,sm,sm-city-naga,SM City Naga,south-luzon
line clover d trading inc,Line Clover D Trading Inc,megaworld,eastwood-cyber-mall,Eastwood Cyber Mall,metro-manila
limjoe lemony juice station,LIMJOE LEMONY JUICE STATION,sm,sm-southmall,SM Southmall,metro-manila
limitless,Limitless,megaworld,newport-city,Newport City,metro-manila
limapulo,LIMAPULO,sm,sm-mall-of-asia,SM Mall of Asia,metro-manila
lim dental clinic,Lim Dental Clinic,waltermart,sucat,WalterMart Sucat,metro-manila
lily & co,LILY & CO.,ayala,ayala-marquee,MarQuee Mall,north-luzon
lils hobby center,LIL'S HOBBY CENTER,ayala,ayala-glorietta,Glorietta,metro-manila
lilorbits mini donuts,Lil'Orbits Mini-Donuts,robinsons,robinsons-iligan,Robinsons Place Iligan,mindanao
lightbox studios,LIGHTBOX STUDIOS,sm,sm-city-bf-paranaque,SM City BF Parañaque,metro-manila
lifecycle,Lifecycle,ortigas,greenhills,Greenhills,metro-manila
life n arts,LIFE ‘N ARTS,ayala,ayala-solenad,Ayala Malls Nuvali,south-luzon
digital premium,DIGITAL PREMIUM,sm,sm-city-bacolod,SM City Bacolod,visayas
digital depot,Digital Depot,robinsons,robinsons-north-tacloban,Robinsons North Tacloban,visayas
digistamp,Digistamp,robinsons,robinsons-galleria-cebu,Robinsons Galleria Cebu,visayas
digibyte internet cafe,DIGIBYTE INTERNET CAFE,sm,sm-city-bicutan,SM City Bicutan,metro-manila
digi techpoint,DIGI TECHPOINT,sm,sm-city-sucat,SM City Sucat,metro-manila
diandra denise,Diandra Denise,robinsons,robinsons-lipa,Robinsons Place Lipa,south-luzon
diana stadler,Diana Stadler,araneta,gateway-mall,Gateway Mall,metro-manila
diana binoya cahayag,Diana Binoya Cahayag 0909-407-5343,robinsons,robinsons-cybergate-cebu,Robinsons Cybergate Cebu,visayas
diamonds and lilies,DIAMONDS AND LILIES,sm,sm-city-mindpro,SM City Mindpro,mindanao
diamond star,Diamond Star,robinsons,robinsons-tacloban,Robinsons Place Tacloban,visayas
diamond rent a car,DIAMOND RENT-A-CAR,sm,sm-city-davao,SM City Davao,mindanao
diamond palace,DIAMOND PALACE,sm,sm-lanang,SM Lanang,mindanao
diamond life,DIAMOND LIFE,robinsons,robinsons-galleria-ortigas,Robinsons Galleria,metro-manila
diamond finery,THE DIAMOND FINERY,ayala,ayala-greenbelt,Greenbelt,metro-manila
dialog telecom,DIALOG TELECOM,sm,sm-city-north-edsa,SM City North Edsa,metro-manila
listening room,THE LISTENING ROOM,sm,sm-megamall,SM Megamall,metro-manila
listen apparel,LISTEN APPAREL,robinsons,robinsons-otis,Robinsons Otis,metro-manila
liquid flask,Liquid Flask,filinvest,dumaguete,Filinvest Malls Dumaguete,visayas
lipad getaway travel & tours,Lipad Getaway Travel & Tours,robinsons,robinsons-gentrias,Robinsons Place Gen. Trias,south-luzon
lipa city travels & tours,LIPA CITY TRAVELS & TOURS,robinsons,robinsons-lipa,Robinsons Place Lipa,south-luzon
ling nam express,Ling Nam Express,robinsons,robinsons-magnolia,Robinsons Magnolia,metro-manila
livestock,Livestock,megaworld,uptown-parade,Uptown Parade,metro-manila
little yoo daebak,LITTLE YOO DAEBAK,sm,sm-city-davao,SM City Davao,mindanao
little saigon,LITTLE SAIGON,sm,sm-city-laoag,SM City Laoag,north-luzon
little prince,Little Prince,megaworld,festive-walk-parade,Festive Walk Parade,visayas
little orlys,LITTLE ORLY'S,sm,sm-city-pampanga,SM City Pampanga,north-luzon
little moms donuts,LITTLE MOM'S DONUTS,robinsons,robinsons-otis,Robinsons Otis,metro-manila
little green,Little Green 9190837902,robinsons,robinsons-magnolia,Robinsons Magnolia,metro-manila
little golden nuggets,Little Golden Nuggets,ortigas,tiendesitas,Tiendesitas,metro-manila
little flour cafe,Little Flour Cafe,ortigas,greenhills,Greenhills,metro-manila
little flour,Little Flour,megaworld,newport-city,Newport City,metro-manila
little farmers coffee brim,LITTLE FARMERS COFFEE BRIM,ayala,ayala-the-30th,Ayala Malls The 30th,metro-manila
little corner breadshop,THE LITTLE CORNER BREADSHOP,ayala,ayala-solenad,Ayala Malls Nuvali,south-luzon
lito sy studio,LITO SY STUDIO,sm,sm-city-davao,SM City Davao,mindanao
lithe,Lithe,megaworld,alabang-west-parade,Alabang West Parade,metro-manila
digi boss,DIGI BOSS,sm,sm-city-urdaneta-central,SM City Urdaneta Central,north-luzon
difam,Difam,ortigas,greenhills,Greenhills,metro-manila
loccitane en provence,L’occitane En Provence,robinsons,robinsons-manila,Robinsons Place Manila,metro-manila
loc&stor,Loc&Stor,megaworld,newport-city,Newport City,metro-manila
loalde & 18myles,Loalde & 18Myles,megaworld,festive-walk-mall-iloilo,Festive Walk Mall,visayas
load up station,LOAD UP STATION,robinsons,robinsons-galleria-ortigas,Robinsons Galleria,metro-manila
load na,Load Na,araneta,farmers-plaza,Farmers Plaza,metro-manila
lnd,LND,robinsons,robinsons-gentrias,Robinsons Place Gen. Trias,south-luzon
lllaollao,Lllaollao,robinsons,robinsons-galleria-ortigas,Robinsons Galleria,metro-manila
llanillo romero optical clinic,LLANILLO-ROMERO OPTICAL CLINIC,sm,sm-city-cagayan-de-oro,SM City CDO Uptown,mindanao
lkaisei japanese restaurant,LKAISEI JAPANESE RESTAURANT,sm,sm-city-bacolod,SM City Bacolod,visayas
ljm,LJM,robinsons,robinsons-lipa,Robinsons Place Lipa,south-luzon
lj lugawan,LJ LUGAWAN,sm,sm-city-pampanga,SM City Pampanga,north-luzon
lj bikes,LJ Bikes,waltermart,malolos,WalterMart Malolos,north-luzon
liz beauty lounge,Liz Beauty Lounge,megaworld,southwoods-mall,Southwoods Mall,south-luzon
liwanag house,LIWANAG HOUSE,robinsons,robinsons-galleria-ortigas,Robinsons Galleria,metro-manila
living space by rds,Living Space by RDS,robinsons,robinsons-magnolia,Robinsons Magnolia,metro-manila
living life well medical center,LIVING LIFE WELL MEDICAL CENTER,sm,sm-megamall,SM Megamall,metro-manila
dfa regional consular office,DFA REGIONAL CONSULAR OFFICE,ayala,ayala-marquee,MarQuee Mall,north-luzon
df dacanay dental center,DF DACANAY DENTAL CENTER,sm,sm-center-pasig,SM Center Pasig,metro-manila
devia,DEVIA,sm,sm-city-bacolod,SM City Bacolod,visayas
dev hub center for intervention,DEV HUB CENTER FOR INTERVENTION,sm,sm-cherry-antipolo,SM Center Antipolo Downtown,metro-manila
deuces coffee,Deuces Coffee,megaworld,newport-city,Newport City,metro-manila
detailed x quisite,DETAILED X QUISITE,sm,sm-city-iloilo,SM City Iloilo,visayas
dessert museum,THE DESSERT MUSEUM,sm,s-maison,S Maison,metro-manila
dessert factory restaurant and bakery,The Dessert Factory Restaurant And Bakery,filinvest,il-corso,IL Corso,visayas
dessert factory,THE DESSERT FACTORY,ayala,ayala-center-cebu,Ayala Center Cebu,visayas
deskanso cafe,Deskanso Cafe,robinsons,robinsons-tacloban,Robinsons Place Tacloban,visayas
designer blooms,DESIGNER BLOOMS,ayala,ayala-glorietta,Glorietta,metro-manila
design project digital embroidery services,Design Project Digital Embroidery Services,robinsons,robinsons-iloilo,Robinsons Place Iloilo,visayas
loewe,LOEWE,ayala,ayala-greenbelt,Greenbelt,metro-manila
locknlock,LocknLock,megaworld,eastwood-mall,Eastwood Mall,metro-manila
lock n lock,Lock N Lock,ortigas,greenhills,Greenhills,metro-manila
lock and lock,Lock and Lock,fishermall,quezonave,Fisher Mall Quezon Avenue,metro-manila
dermax,Dermax,filinvest,festival-mall,Festival Mall,metro-manila
dermatrium skin care,DERMATRIUM SKIN CARE,sm,sm-city-legazpi,SM City Legazpi,south-luzon
dermatology clinic,DERMATOLOGY CLINIC,robinsons,robinsons-galleria-ortigas,Robinsons Galleria,metro-manila
london eyelash extensions,LONDON EYELASH EXTENSIONS,sm,sm-lanang,SM Lanang,mindanao
lom key specialist,LOM Key Specialist,ortigas,greenhills,Greenhills,metro-manila
lolo pinoy grill,Lolo Pinoy Grill,megaworld,mactan-newtown,Mactan Newtown,visayas
lolo at lola internet cafe,Lolo at Lola Internet Cafe,robinsons,robinsons-imus,Robinsons Place Imus,south-luzon
lollipastillas,LOLLIPASTILLAS,sm,sm-city-pampanga,SM City Pampanga,north-luzon
loliths empanada,Lolith's Empanada,robinsons,robinsons-malolos,Robinsons Place Malolos,north-luzon
lolas boutique,LOLA’S BOUTIQUE,ayala,ayala-feliz,Ayala Malls Feliz,metro-manila
lola soap,LOLA SOAP,sm,sm-city-davao,SM City Davao,mindanao
lola nenas,LOLA NENA'S,sm,sm-megamall,SM Megamall,metro-manila
lola caf,LOLA CAF?,sm,s-maison,S Maison,metro-manila
lola belens,LOLA BELEN’S,ayala,ayala-marquee,MarQuee Mall,north-luzon
lokal,Lokal,megaworld,eastwood-city-walk,Eastwood City Walk,metro-manila
log,LOG,sm,sm-center-lemery,SM Center Lemery,south-luzon
los pedritos,LOS PEDRITOS (075) 654-6099,robinsons,robinsons-pangasinan,Robinsons Place Pangasinan,north-luzon
los churreros churros,LOS CHURREROS CHURROS,robinsons,robinsons-metro-east,Robinsons Metro East,metro-manila
lormalifecheck,LORMALIFECHECK,robinsons,robinsons-la-union,Robinsons Place La Union,north-luzon
lorenzo jewelry,LORENZO JEWELRY,sm,sm-city-north-edsa,SM City North Edsa,metro-manila
loraine jewelry and watch repair shop,Loraine Jewelry and Watch Repair Shop,robinsons,robinsons-fuente,Robinsons Fuente,visayas
looks by optika eccelente,LOOKS BY OPTIKA ECCELENTE,sm,smdc-mplace-mall,SMDC Mplace Mall,metro-manila
longchamp,LONGCHAMP,ayala,ayala-greenbelt,Greenbelt,metro-manila
long live play,Long Live Play,ortigas,estancia,Estancia,metro-manila
deserie,Deserie,waltermart,sucat,WalterMart Sucat,metro-manila
dermtrends,DERMTRENDS,sm,sm-city-san-lazaro,SM City San Lazaro,metro-manila
dermstrata premier,DERMSTRATA PREMIER,ayala,ayala-manila-bay,Ayala Malls Manila Bay,metro-manila
dermstrata atelier,DERMSTRATA ATELIER,robinsons,robinsons-galleria-ortigas,Robinsons Galleria,metro-manila
dermphil skin clinic,DERMPHIL SKIN CLINIC,ayala,ayala-pavilion,Pavilion Mall,south-luzon
dermo republiq,DERMO REPUBLIQ,sm,sm-city-masinag,SM City Masinag,metro-manila
dermis luxury skin specialst and aesthetic center,DERMIS LUXURY SKIN SPECIALST AND AESTHETIC CENTER,sm,smdc-fame-mall,SMDC Fame Mall,metro-manila
dermax laser center,DERMAX LASER CENTER,ayala,ayala-solenad,Ayala Malls Nuvali,south-luzon
lovemarie beauty lounge,LOVEMARIE BEAUTY LOUNGE,sm,sm-center-tuguegarao-downtown,SM Center Tuguegarao Downtown,north-luzon
lovehouse beauty studio,LOVEHOUSE BEAUTY STUDIO,robinsons,robinsons-north-tacloban,Robinsons North Tacloban,visayas
love marie beauty & brow salon,LOVE MARIE BEAUTY & BROW SALON,robinsons,robinsons-tuguegarao,Robinsons Place Tuguegarao,north-luzon
love marie,LOVE MARIE,robinsons,robinsons-santiago,Robinsons Place Santiago,north-luzon
love house,Love House,robinsons,robinsons-tacloban,Robinsons Place Tacloban,visayas
love brows brow aesthetic studio,LOVE BROWS BROW AESTHETIC STUDIO,sm,sm-city-sorsogon,SM City Sorsogon,south-luzon
lourmon garden,LOURMON GARDEN,sm,sm-city-davao,SM City Davao,mindanao
loulou nail spa & salon,Loulou Nail Spa & Salon,filinvest,festival-mall,Festival Mall,metro-manila
louis vuitton,LOUIS VUITTON,ayala,ayala-greenbelt,Greenbelt,metro-manila
louies dermatology,LOUIE'S DERMATOLOGY,robinsons,robinsons-galleria-ortigas,Robinsons Galleria,metro-manila
louelli travel & tours,Louelli Travel & Tours,robinsons,robinsons-naga,Robinsons Place Naga,south-luzon
lotus cafe,LOTUS CAFÉ,sm,sm-city-novaliches,SM City Novaliches,metro-manila
lotsa pizza,LOTS'A PIZZA (TEMPORARILY CLOSED),robinsons,robinsons-angeles,Robinsons Angeles,north-luzon
lost bread,THE LOST BREAD,sm,sm-city-dasmarinas,SM City Dasmariñas,south-luzon
lost,LOST,sm,sm-city-north-edsa,SM City North Edsa,metro-manila
los tacos,Los Tacos,megaworld,uptown-mall,Uptown Mall,metro-manila
lucky chao,Lucky Chao,megaworld,lucky-chinatown-mall,Lucky Chinatown Mall,metro-manila
lucky boba milktea,Lucky Boba Milktea,robinsons,robinsons-galleria-cebu,Robinsons Galleria Cebu,visayas
lucky boba,Lucky Boba,robinsons,robinsons-tagaytay,Robinsons Tagaytay,south-luzon
lucky beauty,Lucky Beauty,filinvest,festival-mall,Festival Mall,metro-manila
lucilles siomai,LUCILLE'S SIOMAI,robinsons,robinsons-ormoc,Robinsons Place Ormoc,visayas
lucerne,LUCERNE,ayala,ayala-greenbelt,Greenbelt,metro-manila
lucelle,Lucelle 9454728556,robinsons,robinsons-magnolia,Robinsons Magnolia,metro-manila
lspascual optical,LSPASCUAL OPTICAL,sm,sm-city-bicutan,SM City Bicutan,metro-manila
lsc watch repair,LSC Watch Repair,robinsons,robinsons-metro-east,Robinsons Metro East,metro-manila
ls pascual optical,LS Pascual Optical,robinsons,robinsons-gentrias,Robinsons Place Gen. Trias,south-luzon
ls pascual,LS Pascual,robinsons,robinsons-magnolia,Robinsons Magnolia,metro-manila
ls blooms flower shop,LS BLOOMS FLOWER SHOP,robinsons,galleria-south,Robinsons Galleria South,south-luzon
ls blooms,LS BLOOMS,sm,sm-city-rosario,SM City Rosario,south-luzon
lra,LRA,robinsons,robinsons-dasmarinas,Robinsons Place Dasmarinas,south-luzon
loyola k 12 tutorial services,LOYOLA K-12 TUTORIAL SERVICES,sm,smdc-strip-at-blue,SMDC Strip at Blue,metro-manila
lowcal salad & wraps,LOWCAL SALAD & WRAPS 0923-858-5216,robinsons,robinsons-cybergate-cebu,Robinsons Cybergate Cebu,visayas
dermastrasse,Dermastrasse,fishermall,quezonave,Fisher Mall Quezon Avenue,metro-manila
dermacircles,DERMACIRCLES,sm,sm-city-butuan,SM City Butuan,mindanao
dermacare,Dermacare,megaworld,newport-city,Newport City,metro-manila
derma esthetica,Derma Esthetica,ortigas,greenhills,Greenhills,metro-manila
derma concepts,DERMA CONCEPTS,sm,sm-city-masinag,SM City Masinag,metro-manila
derma bloom skin clinic,Derma Bloom Skin Clinic,robinsons,robinsons-tuguegarao,Robinsons Place Tuguegarao,north-luzon
derm station,DERM STATION,sm,sm-city-lucena,SM City Lucena,south-luzon
department of social welfare and development (dswd),Department Of Social Welfare And Development (dswd),filinvest,main-square,Main Square,south-luzon
department of migrant workers,DEPARTMENT OF MIGRANT WORKERS,robinsons,robinsons-iloilo,Robinsons Place Iloilo,visayas
department of labor and employment (dole),Department Of Labor And Employment (dole),filinvest,main-square,Main Square,south-luzon
department of foreign affairs consular office cebu,Department of Foreign Affairs Consular Office Cebu,robinsons,robinsons-galleria-cebu,Robinsons Galleria Cebu,visayas
deos massage chair services,Deo's Massage Chair Services,robinsons,robinsons-roxas,Robinsons Place Roxas,visayas
deoluxe massage and body spa,DEOLUXE MASSAGE AND BODY SPA,sm,sm-cdo-downtown,SM CDO Downtown Premier,mindanao
deogold,DEOGOLD,robinsons,robinsons-cagayan-de-oro,Robinsons Cagayan de Oro,mindanao
lucky chinatown cinemas,Lucky Chinatown Cinemas,megaworld,lucky-chinatown-mall,Lucky Chinatown Mall,metro-manila
lucky charm,Lucky Charm,robinsons,robinsons-ilocos,Robinsons Place Ilocos,north-luzon
lumbenos barong & gown collection 377 93,LUMBENOS BARONG & GOWN COLLECTION 377.93,ayala,ayala-market-market,Market! Market!,metro-manila
lulu forex,Lulu Forex,robinsons,robinsons-las-pinas,Robinsons Place Las Pinas,metro-manila
luka ferruccio,LUKA FERRUCCIO,sm,sm-city-bicutan,SM City Bicutan,metro-manila
lugaw to go,LUGAW TO GO,robinsons,robinsons-santiago,Robinsons Place Santiago,north-luzon
lugaw plus,LUGAW PLUS,ayala,ayala-feliz,Ayala Malls Feliz,metro-manila
lugaw one,Lugaw One,filinvest,fora,Fora Mall,south-luzon
lugaw ni bossing,Lugaw ni Bossing,robinsons,robinsons-tacloban,Robinsons Place Tacloban,visayas
lugaw ni bosing,Lugaw ni Bosing,robinsons,robinsons-butuan,Robinsons Place Butuan,mindanao
lugaw ni abel,Lugaw Ni Abel,waltermart,malolos,WalterMart Malolos,north-luzon
lugaw king,LUGAW KING,sm,sm-city-manila,SM City Manila,metro-manila
luez printing services,Luez Printing Services,robinsons,robinsons-novaliches,Robinsons Novaliches,metro-manila
luez printing,LUEZ PRINTING,robinsons,robinsons-starmills,Robinsons Starmills,north-luzon
lueur,LUEUR,robinsons,opus,Opus Mall,metro-manila
lucky pick lotto,Lucky Pick lotto,robinsons,robinsons-tacloban,Robinsons Place Tacloban,visayas
lucky joy,LUCKY JOY,robinsons,robinsons-santiago,Robinsons Place Santiago,north-luzon
lucky chinatown cinemas snackbar,Lucky Chinatown Cinemas - Snackbar,megaworld,lucky-chinatown-mall,Lucky Chinatown Mall,metro-manila
luvyah korean potato hotdogs corndogs,LUVYAH KOREAN POTATO HOTDOGS CORNDOGS,sm,sm-city-bataan,SM City Bataan,north-luzon
luv lemon life,LUV LEMON LIFE,sm,sm-city-la-union,SM City La Union,north-luzon
lutong bahay ni manang,LUTONG BAHAY NI MANANG,robinsons,robinsons-la-union,Robinsons Place La Union,north-luzon
lustre salon & wellness,LUSTRE SALON & WELLNESS,robinsons,robinsons-las-pinas,Robinsons Place Las Pinas,metro-manila
lusso,LUSSO,ayala,ayala-greenbelt,Greenbelt,metro-manila
lush fresh handmade cosmetics,LUSH FRESH HANDMADE COSMETICS,sm,sm-mall-of-asia,SM Mall of Asia,metro-manila
lunula salon & spa,Lunula Salon & Spa,robinsons,robinsons-magnolia,Robinsons Magnolia,metro-manila
lunas ilonggo legacy,Luna's Ilonggo Legacy,megaworld,festive-walk-mall-iloilo,Festive Walk Mall,visayas
lumpiaholic,LUMPIAHOLIC,sm,sm-city-general-santos,SM City General Santos,mindanao
lumpia natics by magsies,LUMPIA.NATICS BY MAGSIE’S,ayala,ayala-market-market,Market! Market!,metro-manila
luminous espresso industry,Luminous Espresso Industry,filinvest,il-corso,IL Corso,visayas
luminous dental,LUMINOUS DENTAL,sm,sm-city-la-union,SM City La Union,north-luzon
luminosa aesthetic & wellness center,Luminosa Aesthetic & Wellness Center,megaworld,southwoods-mall,Southwoods Mall,south-luzon
luminisce holistic skin innovations,LUMINISCE HOLISTIC SKIN INNOVATIONS,sm,the-podium,The Podium,metro-manila
lumina homes,LUMINA HOMES,starmall,alabang,Starmall Alabang,metro-manila
lumiere anti aging and skin spa,Lumiere Anti-aging and Skin Spa,megaworld,uptown-parade,Uptown Parade,metro-manila
deoglow skinnovation,Deoglow Skinnovation,megaworld,san-lorenzo-place-mall,San Lorenzo Place Mall,metro-manila
dentspec,DENTSPEC,sm,sm-city-cebu,SM City Cebu,visayas
dentista ko clinic,Dentista Ko Clinic,waltermart,guiguinto,WalterMart Guiguinto,north-luzon
dentista ko,Dentista Ko,robinsons,robinsons-malolos,Robinsons Place Malolos,north-luzon
dentista group,DENTISTA GROUP,ayala,ayala-harbor-point,Harbor Point,north-luzon
dentist touch,DENTIST TOUCH,sm,sm-city-novaliches,SM City Novaliches,metro-manila
dentcare plus,DENTCARE PLUS,sm,sm-city-dasmarinas,SM City Dasmariñas,south-luzon
dentcare and therabreath center,DENTCARE AND THERABREATH CENTER,sm,sm-city-iloilo,SM City Iloilo,visayas
dentallounge health hub,DENTALLOUNGE HEALTH HUB,sm,sm-city-tuguegarao,SM City Tuguegarao,north-luzon
dentaland,DENTALAND,ayala,ayala-center-cebu,Ayala Center Cebu,visayas
luxe premiere,Luxe Premiere,ortigas,greenhills,Greenhills,metro-manila
luxe parfum and scents,LUXE PARFUM AND SCENTS,sm,sm-city-dasmarinas,SM City Dasmariñas,south-luzon
luxe lounge,LUXE LOUNGE,ayala,ayala-circuit,Ayala Malls Circuit,metro-manila
luxe escape spa,Luxe Escape Spa,megaworld,alabang-west-parade,Alabang West Parade,metro-manila
luxe at twelfth,LUXE AT TWELFTH,ayala,ayala-capitol-central,Ayala Malls Capitol Central,visayas
luxallure aesthetic clinic,LUXALLURE AESTHETIC CLINIC,robinsons,robinsons-starmills,Robinsons Starmills,north-luzon
m lhuillier pawnshop,M. LHUILLIER PAWNSHOP,ayala,ayala-marquee,MarQuee Mall,north-luzon
m lhuillier jeweler,M Lhuillier Jeweler,robinsons,robinsons-galleria-cebu,Robinsons Galleria Cebu,visayas
m lhuiller,M Lhuiller,robinsons,robinsons-iligan,Robinsons Place Iligan,mindanao
m herrero general merchandise,M. Herrero General Merchandise,robinsons,robinsons-novaliches,Robinsons Novaliches,metro-manila
m h burton,M.h Burton,filinvest,festival-mall,Festival Mall,metro-manila
m and d quick check medical exam clinic,M AND D QUICK CHECK MEDICAL EXAM CLINIC,sm,sm-city-clark,SM City Clark,north-luzon
lz scents studio by lz perfumery shop,LZ Scents Studio by LZ Perfumery Shop,robinsons,robinsons-naga,Robinsons Place Naga,south-luzon
lyric instrument,Lyric Instrument,filinvest,festival-mall,Festival Mall,metro-manila
lynx design,LYNX DESIGN,sm,sm-city-olongapo-downtown,SM City Olongapo Downtown,north-luzon
lynx,Lynx,ortigas,greenhills,Greenhills,metro-manila
lynderm facial center and day spa,Lynderm Facial Center And Day Spa,waltermart,cabuyao,WalterMart Cabuyao,south-luzon
lyn,LYN,sm,sm-mall-of-asia,SM Mall of Asia,metro-manila
luxurious nails,Luxurious Nails,robinsons,robinsons-lipa,Robinsons Place Lipa,south-luzon
luxuri pets by aivee,Luxuri Pets By Aivee,megaworld,forbes-town,Forbes Town,metro-manila
luxuri manila,Luxuri Manila,megaworld,forbes-town,Forbes Town,metro-manila
luxederm face and body,LuxeDerm Face and Body,robinsons,robinsons-la-union,Robinsons Place La Union,north-luzon
dental specialty inc,DENTAL SPECIALTY INC.,ayala,ayala-the-district-dasmarinas,The District Dasmarinas,south-luzon
dental spa,DENTAL SPA,sm,sm-city-iloilo,SM City Iloilo,visayas
dental place,DENTAL PLACE,robinsons,robinsons-gapan,Robinsons Gapan,north-luzon
dental partners,Dental Partners,robinsons,robinsons-malolos,Robinsons Place Malolos,north-luzon
dental nook centre,Dental Nook Centre,robinsons,robinsons-roxas,Robinsons Place Roxas,visayas
dental hub,The Dental Hub,megaworld,venice-grand-canal-mall,Venice Grand Canal Mall,metro-manila
dental fix,Dental Fix,megaworld,southwoods-mall,Southwoods Mall,south-luzon
dental edge dental clinic,THE DENTAL EDGE DENTAL CLINIC,ayala,ayala-fairview-mall,Fairview Terraces,metro-manila
dental district centre,DENTAL DISTRICT CENTRE,sm,sm-city-roxas,SM City Roxas,visayas
dental design,Dental Design,robinsons,robinsons-lipa,Robinsons Place Lipa,south-luzon
dental corner,Dental Corner,robinsons,robinsons-imus,Robinsons Place Imus,south-luzon
m&n sky light,M&N Sky Light,robinsons,robinsons-metro-east,Robinsons Metro East,metro-manila
m y shoes,M+Y Shoes,robinsons,robinsons-otis,Robinsons Otis,metro-manila
m stone,M STONE,sm,sm-city-cagayan-de-oro,SM City CDO Uptown,mindanao
m r ginger detox drinks,M.R. GINGER DETOX DRINKS,ayala,ayala-marquee,MarQuee Mall,north-luzon
m m creations,M M CREATIONS,sm,sm-city-sorsogon,SM City Sorsogon,south-luzon
madc dental clinic,MADC DENTAL CLINIC,sm,sm-city-cagayan-de-oro,SM City CDO Uptown,mindanao
mad marks creamery & good eats,MAD MARK'S CREAMERY & GOOD EATS,ayala,ayala-up-town-center,U. P. Town Center,metro-manila
mad arrow,MAD ARROW,sm,sm-city-cauayan,SM City Cauayan,north-luzon
macrowash laundry,MACROWASH LAUNDRY,sm,sm-city-consolacion,SM City Consolacion,visayas
mackim prints inc,MACKIM PRINTS INC,sm,sm-city-dasmarinas,SM City Dasmariñas,south-luzon
mac cellphone and accessories,MAC CELLPHONE AND ACCESSORIES,robinsons,robinsons-gapan,Robinsons Gapan,north-luzon
mac beth,Mac Beth 9154811681,robinsons,robinsons-santiago,Robinsons Place Santiago,north-luzon
maba road safety kiddie park,MABA Road Safety Kiddie Park,robinsons,robinsons-sta-rosa,Robinsons Sta. Rosa,south-luzon
maanyag,MAANYAG,ayala,ayala-center-cebu,Ayala Center Cebu,visayas
ma sculptra skin laser & aesthetic center,Ma Sculptra Skin Laser & Aesthetic Center,megaworld,eastwood-city-walk,Eastwood City Walk,metro-manila
ma dao,MA DAO,sm,sm-mall-of-asia,SM Mall of Asia,metro-manila
ma chicken mami house,MA CHICKEN MAMI HOUSE,ayala,ayala-trinoma,Trinoma,metro-manila
ma ay,Ma-ay,filinvest,festival-mall,Festival Mall,metro-manila
dental world,Dental World,robinsons,robinsons-tacloban,Robinsons Place Tacloban,visayas
dental wellness,DENTAL WELLNESS,robinsons,robinsons-cybergate-cebu,Robinsons Cybergate Cebu,visayas
dental suite,DENTAL SUITE,robinsons,robinsons-pagadian,Robinsons Pagadian,mindanao
dental center by dr kimberly ray fajardo dmd,DENTAL CENTER BY DR. KIMBERLY RAY FAJARDO DMD,ayala,ayala-serin,Ayala Malls Serin,south-luzon
dental center by dr kim fajardo,Dental Center By Dr. Kim Fajardo,filinvest,fora,Fora Mall,south-luzon
dental avenue,DENTAL AVENUE,sm,sm-city-baliwag,SM City Baliwag,north-luzon
dentaholics,DENTAHOLICS,sm,sm-city-pampanga,SM City Pampanga,north-luzon
dentaderm clinic,DENTADERM CLINIC,ayala,ayala-trinoma,Trinoma,metro-manila
dent xp,DENT.XP,robinsons,robinsons-palawan,Robinsons Place Palawan,south-luzon
dent precisions,DENT PRECISIONS,ayala,ayala-solenad,Ayala Malls Nuvali,south-luzon
dennis vasquez,Dennis Vasquez,ortigas,greenhills,Greenhills,metro-manila
dennis coffee express,DENNIS COFFEE EXPRESS,sm,sm-cdo-downtown,SM CDO Downtown Premier,mindanao
madrone,Madrone,megaworld,mckinley-west,McKinley West,metro-manila
madisons skin body experts,MADISONS SKIN BODY EXPERTS,sm,sm-city-laoag,SM City Laoag,north-luzon
madeca,MADECA,sm,the-podium,The Podium,metro-manila
made for u,MADE FOR U,ayala,ayala-glorietta,Glorietta,metro-manila
made by pearl,MADE BY PEARL,sm,sm-city-pampanga,SM City Pampanga,north-luzon
made 2 measure,MADE 2 MEASURE,sm,sm-city-taytay,SM City Taytay,metro-manila
madcafe,MADCAFE,sm,sm-city-grand-central,SM City Grand Central,metro-manila
majeids carpet,Majeid’s Carpet,filinvest,festival-mall,Festival Mall,metro-manila
maja coffee & donuts,Maja Coffee & Donuts,megaworld,southwoods-mall,Southwoods Mall,south-luzon
maisys coffee cut,Maisy's Coffee Cut (open),robinsons,robinsons-bacolod,Robinsons Place Bacolod,visayas
maison margiela,MAISON MARGIELA,robinsons,opus,Opus Mall,metro-manila
maison de beaute,MAISON DE BEAUTE,ayala,ayala-serendra,Shops at Serendra,metro-manila
mairah footwear store,MAIRAH FOOTWEAR STORE,robinsons,robinsons-novaliches,Robinsons Novaliches,metro-manila
mai pao,MAI PAO,sm,sm-city-general-santos,SM City General Santos,mindanao
mahiwagang kape,Mahiwagang Kape,robinsons,robinsons-galleria-ortigas,Robinsons Galleria,metro-manila
mahiwaga cafe,MAHIWAGA CAFE,sm,sm-city-caloocan,SM City Caloocan,metro-manila
mah,MAH,robinsons,robinsons-manila,Robinsons Place Manila,metro-manila
magure restaurant,MAGURE RESTAURANT,sm,sm-city-north-edsa,SM City North Edsa,metro-manila
magure izakaya,Magure Izakaya,megaworld,lucky-chinatown-imperial-wing,Lucky Chinatown - Imperial Wing,metro-manila
magic tracklesstrain,Magic TracklessTrain,robinsons,robinsons-tacloban,Robinsons Place Tacloban,visayas
magic melt,MAGIC MELT,sm,sm-city-cebu,SM City Cebu,visayas
mag sugba ta seafood grill,MAG SUGBA TA SEAFOOD GRILL,sm,sm-city-cagayan-de-oro,SM City CDO Uptown,mindanao
madsun travel & tours,MADSUN TRAVEL & TOURS,robinsons,robinsons-las-pinas,Robinsons Place Las Pinas,metro-manila
dempsey,DEMPSEY,robinsons,opus,Opus Mall,metro-manila
delsey juices,DELSEY JUICES,sm,sm-city-novaliches,SM City Novaliches,metro-manila
delsey juice,Delsey Juice,filinvest,festival-mall,Festival Mall,metro-manila
delsan office,DELSAN OFFICE,ayala,ayala-circuit,Ayala Malls Circuit,metro-manila
delin optical,Delin Optical,robinsons,robinsons-valencia,Robinsons Place Valencia,mindanao
delightful creation,Delightful Creation,waltermart,bacoor,WalterMart Bacoor,south-luzon
deli by chele,Deli by Chele,robinsons,robinsons-magnolia,Robinsons Magnolia,metro-manila
defender,DEFENDER,sm,sm-mall-of-asia,SM Mall of Asia,metro-manila
deecom express,DEECOM EXPRESS,sm,sm-city-mindpro,SM City Mindpro,mindanao
makimura ramen,MAKIMURA RAMEN,ayala,ayala-harbor-point,Harbor Point,north-luzon
makiko,MAKIKO,ayala,ayala-the-30th,Ayala Malls The 30th,metro-manila
make room & more,MAKE ROOM & MORE,ayala,ayala-glorietta,Glorietta,metro-manila
make it kwek,Make-It-Kwek,robinsons,robinsons-antipolo,Robinsons Place Antipolo,metro-manila
makati projections,MAKATI PROJECTIONS,ayala,ayala-glorietta,Glorietta,metro-manila
majesty driving school,MAJESTY DRIVING SCHOOL,sm,sm-city-fairview,SM City Fairview,metro-manila
majestic ham,Majestic Ham,ortigas,estancia,Estancia,metro-manila
decatorias,Decatorias,robinsons,robinsons-tuguegarao,Robinsons Place Tuguegarao,north-luzon
dear self,DEAR SELF,sm,sm-city-baguio,SM City Baguio,north-luzon
dear manok,Dear Manok,robinsons,robinsons-iligan,Robinsons Place Iligan,mindanao
dear alice,Dear Alice,megaworld,three-central,Three Central Mall,metro-manila
dean and deluca,DEAN AND DELUCA,ayala,ayala-vertis,Ayala Malls Vertis North,metro-manila
de original jamaican pattie juice avenue,DE ORIGINAL JAMAICAN PATTIE+JUICE AVENUE,ayala,ayala-fairview-mall,Fairview Terraces,metro-manila
mama jacqs kitchen,Mama Jacq's Kitchen,robinsons,robinsons-angeles,Robinsons Angeles,north-luzon
mama bears garden,Mama Bears Garden,waltermart,tanauan,WalterMart Tanauan,south-luzon
malubianbian spicy restaurant,MALUBIANBIAN SPICY RESTAURANT,sm,smdc-strip-at-shore,SMDC Strip at Shore,metro-manila
malbcoff,Malbcoff,ortigas,greenhills,Greenhills,metro-manila
malayan bank,Malayan Bank,robinsons,robinsons-iloilo,Robinsons Place Iloilo,visayas
malabar,MALABAR,sm,sm-city-la-union,SM City La Union,north-luzon
makkiramen restaurant,MAKKIRAMEN RESTAURANT,sm,sm-city-olongapo-central,SM City Olongapo Central,north-luzon
makiramen,MAKIRAMEN,sm,sm-city-bataan,SM City Bataan,north-luzon
makimura ramen bar express,MAKIMURA RAMEN BAR EXPRESS,sm,sm-city-pampanga,SM City Pampanga,north-luzon
denim brands depot,DENIM BRANDS DEPOT,ayala,ayala-metropoint,Metro Point Mall,metro-manila
manam comfort food,MANAM COMFORT FOOD,robinsons,robinsons-manila,Robinsons Place Manila,metro-manila
man go juan,Man-Go Juan,waltermart,balayan,WalterMart Balayan,south-luzon
mamolo dental clinic,Mamolo Dental Clinic,robinsons,robinsons-dasmarinas,Robinsons Place Dasmarinas,south-luzon
mamma mia,Mamma Mia,megaworld,uptown-mall,Uptown Mall,metro-manila
mamitas pizza,MAMITA'S PIZZA,sm,sm-city-daet,SM City Daet,south-luzon
mamastill atbp,MAMASTILL ATBP,sm,sm-city-general-santos,SM City General Santos,mindanao
mamas & papas,MAMAS & PAPAS,robinsons,opus,Opus Mall,metro-manila
mamangs wood fired pizzeria,MAMANGS WOOD FIRED PIZZERIA,sm,sm-city-santa-rosa,SM City Santa Rosa,south-luzon
mamacita,Mamacita,megaworld,forbes-town,Forbes Town,metro-manila
mamacai,MAMACAI,sm,nu-mall-of-asia-building,NU MALL OF ASIA BUILDING,metro-manila
mama sarahs lettuce garden,Mama Sarah's Lettuce Garden,robinsons,robinsons-naga,Robinsons Place Naga,south-luzon
deeco,Deeco,araneta,farmers-plaza,Farmers Plaza,metro-manila
decos original lapaz batchoy,Deco's Original Lapaz Batchoy,robinsons,robinsons-jaro,Robinsons Place Jaro,visayas
decos la paz batchoy,Deco's La Paz Batchoy,robinsons,robinsons-iloilo,Robinsons Place Iloilo,visayas
decor riel,Decor Riel,filinvest,festival-mall,Festival Mall,metro-manila
decor premier,DECOR PREMIER,sm,sm-city-north-edsa,SM City North Edsa,metro-manila
de jesus eye center,De Jesus Eye Center,robinsons,robinsons-santiago,Robinsons Place Santiago,north-luzon
ddoddo korean cuisine restaurant,DDODDO KOREAN CUISINE RESTAURANT,sm,sm-cherry-shaw,SM Center Shaw,metro-manila
dd backyard hydroponic farm,DD BACKYARD HYDROPONIC FARM,sm,sm-city-tuguegarao,SM City Tuguegarao,north-luzon
dc shop,Dc Shop,filinvest,festival-mall,Festival Mall,metro-manila
dc derm cosmetic,DC DERM Cosmetic,waltermart,bacoor,WalterMart Bacoor,south-luzon
dc delights,DC DELIGHTS,sm,s-maison,S Maison,metro-manila
dc coffee lover,DC COFFEE LOVER,sm,sm-city-fairview,SM City Fairview,metro-manila
dc,DC,ayala,ayala-centrio,Centrio Mall,mindanao
dbtk (dont blame the kids),DBTK (Don’t Blame The Kids),ortigas,greenhills,Greenhills,metro-manila
mang chaa,Mang Chaa,robinsons,robinsons-pangasinan,Robinsons Place Pangasinan,north-luzon
mandotory cut,Mandotory Cut,robinsons,robinsons-naga,Robinsons Place Naga,south-luzon
mandaue foam and home store,MANDAUE FOAM AND HOME STORE,robinsons,robinsons-la-union,Robinsons Place La Union,north-luzon
mandarin sky express,MANDARIN SKY EXPRESS,ayala,ayala-market-market,Market! Market!,metro-manila
mandarin,Mandarin,robinsons,robinsons-lipa,Robinsons Place Lipa,south-luzon
mandara spa relaxation,THE MANDARA SPA RELAXATION,sm,s-maison,S Maison,metro-manila
manang sayong,Manang Sayong,megaworld,mactan-newtown,Mactan Newtown,visayas
mango mango touch,Mango/Mango Touch,robinsons,robinsons-magnolia,Robinsons Magnolia,metro-manila
mango mango man,MANGO MANGO MAN,sm,sm-city-clark,SM City Clark,north-luzon
mango magic i,Mango Magic I 0964-190-7815,robinsons,robinsons-ormoc,Robinsons Place Ormoc,visayas
mango float supreme,Mango Float Supreme,megaworld,lucky-chinatown-mall,Lucky Chinatown Mall,metro-manila
mango float,MANGO FLOAT,waltermart,north-edsa,WalterMart North EDSA,metro-manila
mango delight original,MANGO DELIGHT ORIGINAL,sm,sm-city-sorsogon,SM City Sorsogon,south-luzon
mangkok avenue,Mangkok Avenue,robinsons,robinsons-malolos,Robinsons Place Malolos,north-luzon
mangan restaurant,MANGAN RESTAURANT,robinsons,robinsons-manila,Robinsons Place Manila,metro-manila
mang tinapay,MANG TINAPAY,sm,sm-city-north-edsa,SM City North Edsa,metro-manila
mang sorbetes,MANG SORBETES,robinsons,robinsons-ormoc,Robinsons Place Ormoc,visayas
mang rudys,MANG RUDY'S,ayala,ayala-circuit,Ayala Malls Circuit,metro-manila
mang pakpak,Mang Pakpak,megaworld,festive-walk-mall-iloilo,Festive Walk Mall,visayas
mang domengs bibingka,Mang Domeng's Bibingka,waltermart,cabuyao,WalterMart Cabuyao,south-luzon
mang domeng bibingka,Mang Domeng Bibingka,waltermart,carmona,WalterMart Carmona,south-luzon
de original jamaican pattie johnn lemon,DE ORIGINAL JAMAICAN PATTIE+JOHNN LEMON,ayala,ayala-circuit,Ayala Malls Circuit,metro-manila
de le mere,De Le Mere,robinsons,robinsons-tacloban,Robinsons Place Tacloban,visayas
dbci gadgets accessories,DBCI GADGETS ACCESSORIES,robinsons,robinsons-butuan,Robinsons Place Butuan,mindanao
dbci gadgets,DBCI GADGETS,sm,sm-center-ormoc,SM Center Ormoc,visayas
db express,DB EXPRESS,sm,sm-city-calamba,SM City Calamba,south-luzon
dazzling nails,Dazzling Nails,robinsons,robinsons-tacloban,Robinsons Place Tacloban,visayas
daykey donut,Daykey Donut,megaworld,uptown-mall,Uptown Mall,metro-manila
day one bar and restaurant,DAY.ONE BAR AND RESTAURANT,sm,sm-city-olongapo-central,SM City Olongapo Central,north-luzon
dawg snackhouse,Dawg Snackhouse,robinsons,robinsons-north-tacloban,Robinsons North Tacloban,visayas
davids tea house express,DAVIDS TEA HOUSE EXPRESS,sm,sm-city-grand-central,SM City Grand Central,metro-manila
davids salon & topten nails,DAVID'S SALON & TOPTEN NAILS,robinsons,robinsons-la-union,Robinsons Place La Union,north-luzon
david dental,David Dental,robinsons,robinsons-antipolo,Robinsons Place Antipolo,metro-manila
daves funhouse,DAVE'S FUNHOUSE,robinsons,robinsons-bacolod,Robinsons Place Bacolod,visayas
manila bankers life,MANILA BANKER'S LIFE,robinsons,robinsons-galleria-ortigas,Robinsons Galleria,metro-manila
manila bankers insurance,MANILA BANKER'S INSURANCE,robinsons,robinsons-manila,Robinsons Place Manila,metro-manila
manic,MANIC,sm,sm-city-pampanga,SM City Pampanga,north-luzon
mango superstore,MANGO SUPERSTORE,sm,sm-mall-of-asia,SM Mall of Asia,metro-manila
mango ong,Mango-Ong,robinsons,robinsons-manila,Robinsons Place Manila,metro-manila
mapua malayan digital college,MAPUA-MALAYAN DIGITAL COLLEGE,ayala,ayala-capitol-central,Ayala Malls Capitol Central,visayas
many unlimited topokki buffet,MANY UNLIMITED TOPOKKI BUFFET,sm,sm-city-north-edsa,SM City North Edsa,metro-manila
manulife,Manulife,robinsons,robinsons-naga,Robinsons Place Naga,south-luzon
mantaring,MANTARING,ayala,ayala-center-cebu,Ayala Center Cebu,visayas
manongs tusok tusok,MANONG'S TUSOK TUSOK,ayala,ayala-circuit,Ayala Malls Circuit,metro-manila
manong samalamig,Manong Samalamig,robinsons,robinsons-santiago,Robinsons Place Santiago,north-luzon
mannys spices,Manny's Spices ( TEMPORARILY CLOSED),robinsons,robinsons-bacolod,Robinsons Place Bacolod,visayas
manny and pie calayan clinic,Manny And Pie Calayan Clinic,filinvest,festival-mall,Festival Mall,metro-manila
manna garden,MANNA GARDEN,sm,sm-lanang,SM Lanang,mindanao
manjos cafe,MANJOS CAFE,sm,sm-city-cagayan-de-oro,SM City CDO Uptown,mindanao
manjaru outdoors inc,MANJARU OUTDOORS INC.,starmall,edsa-shaw,Starmall EDSA-Shaw,metro-manila
manjaru outdoors,MANJARU OUTDOORS,starmall,san-jose-del-monte,Starmall San Jose del Monte,north-luzon
manila goldsmiths co,MANILA GOLDSMITHS CO,sm,sm-megamall,SM Megamall,metro-manila
manila dokha medwakh,Manila Dokha Medwakh,fishermall,quezonave,Fisher Mall Quezon Avenue,metro-manila
manila diamond,Manila Diamond,ortigas,estancia,Estancia,metro-manila
manila bankers life insurance corp,MANILA BANKERS LIFE INSURANCE CORP,robinsons,robinsons-lipa,Robinsons Place Lipa,south-luzon
davao doctors care center,DAVAO DOCTORS CARE CENTER,sm,sm-city-davao,SM City Davao,mindanao
dataview,DATAVIEW,sm,sm-city-north-edsa,SM City North Edsa,metro-manila
dasmarinas satellite office,DASMARINAS SATELLITE OFFICE,robinsons,robinsons-dasmarinas,Robinsons Place Dasmarinas,south-luzon
das burgery,DAS BURGERY,ayala,ayala-capitol-central,Ayala Malls Capitol Central,visayas
darling foods,DARLING FOODS,sm,sm-city-cagayan-de-oro,SM City CDO Uptown,mindanao
darios perfume,Dario's Perfume,waltermart,candelaria,WalterMart Candelaria,south-luzon
dans bike shop,DAN'S BIKE SHOP,sm,sm-megamall,SM Megamall,metro-manila
dans,DANS,sm,sm-megamall,SM Megamall,metro-manila
dannys delicacies pasalubong center i,DANNY'S DELICACIES PASALUBONG CENTER I 0969-204-6128,robinsons,robinsons-ormoc,Robinsons Place Ormoc,visayas
dannys delicacies,Danny's Delicacies,robinsons,robinsons-ormoc,Robinsons Place Ormoc,visayas
dannahs decor,DANNAH'S DECOR,ayala,ayala-market-market,Market! Market!,metro-manila
marc by marc jacob,MARC BY MARC JACOB,ayala,ayala-greenbelt,Greenbelt,metro-manila
marc ann fashion collection,Marc Ann Fashion Collection,araneta,farmers-plaza,Farmers Plaza,metro-manila
mar sizzling hub,Mar Sizzling Hub,robinsons,robinsons-imus,Robinsons Place Imus,south-luzon
mar fashion accessories,Mar Fashion Accessories,araneta,farmers-plaza,Farmers Plaza,metro-manila
maq barbershop,MAQ BARBERSHOP,sm,sm-city-iloilo,SM City Iloilo,visayas
marina lechon house,Marina Lechon House,robinsons,robinsons-fuente,Robinsons Fuente,visayas
marie t jose dental clinic,MARIE T JOSE DENTAL CLINIC,sm,sm-city-baguio,SM City Baguio,north-luzon
marie flower shop,MARIE FLOWER SHOP,sm,sm-city-naga,SM City Naga,south-luzon
marianas nails & lashes,MARIANA'S NAILS & LASHES (new),robinsons,robinsons-palawan,Robinsons Place Palawan,south-luzon
mariae souvenir and novelty shop,MARIAE SOUVENIR AND NOVELTY SHOP,sm,sm-city-naga,SM City Naga,south-luzon
margots luxury boutique,Margot's Luxury Boutique,ortigas,greenhills,Greenhills,metro-manila
margies kitchen,MARGIES KITCHEN,sm,sm-city-butuan,SM City Butuan,mindanao
margans news & magazines,MARGAN'S NEWS & MAGAZINES,ayala,ayala-abreeza,Abreeza,mindanao
mardoneys,MARDONEYS,sm,sm-city-cagayan-de-oro,SM City CDO Uptown,mindanao
mardesh,MARDESH,robinsons,robinsons-gen-san,Robinsons Place GenSan,mindanao
marcos lugawan,MARCO'S LUGAWAN,sm,sm-center-pulilan,SM Center Pulilan,north-luzon
marco pollo cafe,Marco Pollo Cafe,robinsons,robinsons-north-tacloban,Robinsons North Tacloban,visayas
marcianas palabok supreme and puto pandan,MARCIANAS PALABOK SUPREME AND PUTO PANDAN,sm,sm-city-fairview,SM City Fairview,metro-manila
marcella myx,MARCELLA MYX,ayala,ayala-feliz,Ayala Malls Feliz,metro-manila
davedent dental services,DAVEDENT DENTAL SERVICES,ayala,ayala-manila-bay,Ayala Malls Manila Bay,metro-manila
dave & busters,DAVE & BUSTER'S,robinsons,opus,Opus Mall,metro-manila
dalubhasa,Dalubhasa,ortigas,greenhills,Greenhills,metro-manila
dalton jewelry,Dalton Jewelry,robinsons,robinsons-gen-san,Robinsons Place GenSan,mindanao
dalmore cigar lounge,Dalmore Cigar Lounge,megaworld,uptown-parade,Uptown Parade,metro-manila
dallida korean mart,DALLIDA KOREAN MART,sm,sm-city-santa-rosa,SM City Santa Rosa,south-luzon
dakasi hot star,DAKASI HOT STAR,sm,sm-city-calamba,SM City Calamba,south-luzon
dakasi & hot star,Dakasi & Hot Star,megaworld,twin-lakes,Twin Lakes,south-luzon
daiso saizen,Daiso/Saizen,robinsons,robinsons-antique,Robinsons Place Antique,visayas
daiso japan temporary space,DAISO JAPAN TEMPORARY SPACE,robinsons,robinsons-otis,Robinsons Otis,metro-manila
marquins,Marquins,araneta,ali-mall,Ali Mall,metro-manila
marlons creations salon,MARLONS CREATIONS SALON,ayala,ayala-abreeza,Abreeza,mindanao
marlea dental clinic,MARLEA DENTAL CLINIC,sm,sm-city-santa-rosa,SM City Santa Rosa,south-luzon
marks pepper meal,MARKS PEPPER MEAL,sm,sm-city-consolacion,SM City Consolacion,visayas
markline,Markline,filinvest,festival-mall,Festival Mall,metro-manila
market square,MARKET SQUARE,ayala,ayala-market-market,Market! Market!,metro-manila
marked unlock,Marked Unlock,waltermart,paniqui,WalterMart Paniqui,north-luzon
marina tuna,MARINA TUNA,sm,sm-lanang,SM Lanang,mindanao
mascot pets,MASCOT PETS,sm,sm-city-cebu,SM City Cebu,visayas
masatami shave ice,MASATAMI SHAVE ICE,sm,sm-mall-of-asia,SM Mall of Asia,metro-manila
masa food corner,MASA FOOD CORNER 9482764228,robinsons,robinsons-butuan,Robinsons Place Butuan,mindanao
marys gift collection,MARY'S GIFT COLLECTION,ayala,ayala-market-market,Market! Market!,metro-manila
maryelles boutique,MARYELLE'S BOUTIQUE,ayala,ayala-fairview-mall,Fairview Terraces,metro-manila
maryans photocopier,Maryan's Photocopier,robinsons,robinsons-galleria-cebu,Robinsons Galleria Cebu,visayas
mary pauline,Mary Pauline,robinsons,robinsons-dasmarinas,Robinsons Place Dasmarinas,south-luzon
marwhel,Marwhel,robinsons,robinsons-malabon,Robinsons Town Mall Malabon,metro-manila
marugo takoyaki,MARUGO TAKOYAKI,robinsons,robinsons-tuguegarao,Robinsons Place Tuguegarao,north-luzon
maruca,Maruca,megaworld,newport-city,Newport City,metro-manila
martabak cafe,MARTABAK CAFE,sm,sm-mall-of-asia,SM Mall of Asia,metro-manila
mart,The Mart,megaworld,mactan-newtown,Mactan Newtown,visayas
marshall driving school,MARSHALL DRIVING SCHOOL,sm,sm-city-trece-martires,SM City Trece Martires,south-luzon
marry me,MARRY ME,ayala,ayala-market-market,Market! Market!,metro-manila
daneco inc,DANECO INC.,robinsons,robinsons-tagum,Robinsons Place Tagum,mindanao
danbhels fitness gym,DANBHELS FITNESS GYM,sm,sm-center-pulilan,SM Center Pulilan,north-luzon
dainty restaurant,DAINTY RESTAURANT,sm,sm-city-clark,SM City Clark,north-luzon
daily tech,DAILY TECH,waltermart,north-edsa,WalterMart North EDSA,metro-manila
daily lemon,The Daily Lemon,robinsons,robinsons-roxas,Robinsons Place Roxas,visayas
daily joe coffee shop,DAILY JOE COFFEE SHOP,sm,sm-city-sorsogon,SM City Sorsogon,south-luzon
daily drive,The Daily Drive,megaworld,festive-walk-mall-iloilo,Festive Walk Mall,visayas
daily cut,THE DAILY CUT,sm,the-podium,The Podium,metro-manila
daily bread,DAILY BREAD,sm,sm-city-lucena,SM City Lucena,south-luzon
daily beer,Daily Beer,megaworld,arcovia-city,Arcovia City,metro-manila
master gawlu,Master Gawlu,robinsons,robinsons-malabon,Robinsons Town Mall Malabon,metro-manila
master feng shui ang,Master Feng Shui Ang,araneta,ali-mall,Ali Mall,metro-manila
master chaolong,MASTER CHAOLONG,waltermart,north-edsa,WalterMart North EDSA,metro-manila
masskara chicken inasal,Masskara Chicken Inasal,megaworld,festive-walk-mall-iloilo,Festive Walk Mall,visayas
massimo dutti,MASSIMO DUTTI,ayala,ayala-greenbelt,Greenbelt,metro-manila
massage venue,MASSAGE VENUE,ayala,ayala-market-market,Market! Market!,metro-manila
massage to go,MASSAGE TO GO,robinsons,robinsons-tuguegarao,Robinsons Place Tuguegarao,north-luzon
masil charcoal grill restaurant,MASIL CHARCOAL GRILL RESTAURANT,sm,sm-megamall,SM Megamall,metro-manila
mauarte fashion accessories shop,MAUARTE FASHION ACCESSORIES SHOP,fishermall,malabon,Fisher Mall Malabon,metro-manila
mats donut,MAT'S DONUT,sm,sm-center-pulilan,SM Center Pulilan,north-luzon
mathe magis,Mathe Magis,ortigas,greenhills,Greenhills,metro-manila
matees soft serve ice cream & frozen yogurt,MATEE'S SOFT SERVE ICE CREAM & FROZEN YOGURT,robinsons,robinsons-lipa,Robinsons Place Lipa,south-luzon
matchadachi,Matchadachi,robinsons,robinsons-malolos,Robinsons Place Malolos,north-luzon
matcha super,Matcha Super,ortigas,greenhills,Greenhills,metro-manila
matcha mama,Matcha Mama,ortigas,greenhills,Greenhills,metro-manila
masy,MASY,robinsons,robinsons-novaliches,Robinsons Novaliches,metro-manila
masters key retail opc,MASTERS KEY RETAIL OPC,sm,sm-city-rosario,SM City Rosario,south-luzon
master tan fried chicken,Master Tan Fried Chicken,megaworld,lucky-chinatown-imperial-wing,Lucky Chinatown - Imperial Wing,metro-manila
master soimai,Master Soimai,robinsons,robinsons-naga,Robinsons Place Naga,south-luzon
master siomai (1f),MASTER SIOMAI (1F),fishermall,malabon,Fisher Mall Malabon,metro-manila
master siomai ( 6332),MASTER SIOMAI (+6332) 505-2384,robinsons,robinsons-cybergate-cebu,Robinsons Cybergate Cebu,visayas
daisees bakeshop,DAISEE'S BAKESHOP,sm,sm-center-las-pinas,SM Center Las Piñas,metro-manila
dairy queen cart,Dairy Queen Cart,filinvest,festival-mall,Festival Mall,metro-manila
dainty tea house and cafe,DAINTY TEA HOUSE AND CAFE,sm,sm-city-telabastagan,SM City Telabastagan,north-luzon
mayongs bakeshop & snackhouse i,Mayong's Bakeshop & Snackhouse I 0917-119-1925,robinsons,robinsons-ormoc,Robinsons Place Ormoc,visayas
mayon clinical laboratory medical services,MAYON CLINICAL LABORATORY MEDICAL SERVICES,sm,smdc-mplace-mall,SMDC Mplace Mall,metro-manila
mayet dela rosa jewelry,Mayet Dela Rosa Jewelry,robinsons,robinsons-starmills,Robinsons Starmills,north-luzon
may abohan i,MAY ABOHAN I 0916-860-2239,robinsons,robinsons-ormoc,Robinsons Place Ormoc,visayas
maxs chicken,Max's Chicken,robinsons,robinsons-valencia,Robinsons Place Valencia,mindanao
maximum power smile dental,Maximum Power Smile Dental,robinsons,robinsons-galleria-ortigas,Robinsons Galleria,metro-manila
maxima fashion,MAXIMA FASHION,ayala,ayala-market-market,Market! Market!,metro-manila
maxicollector,Maxicollector,ortigas,greenhills,Greenhills,metro-manila
maxicare primary care center,Maxicare Primary Care Center 0917-848-6366,robinsons,robinsons-cybergate-cebu,Robinsons Cybergate Cebu,visayas
maxi care,MAXI CARE,robinsons,galleria-south,Robinsons Galleria South,south-luzon
max wax,Max Wax,robinsons,robinsons-magnolia,Robinsons Magnolia,metro-manila
max rider,MAX RIDER,sm,sm-seaside-city-cebu,SM Seaside City Cebu,visayas
max n case,Max n Case,robinsons,robinsons-valencia,Robinsons Place Valencia,mindanao
max mara,MAX MARA,ayala,ayala-greenbelt,Greenbelt,metro-manila
mauros grille restaurant,MAURO'S GRILLE RESTAURANT,sm,sm-city-fairview,SM City Fairview,metro-manila
maurizios,MAURIZIOS,sm,sm-city-mindpro,SM City Mindpro,mindanao
dai pai dong,Dai Pai Dong,robinsons,robinsons-cybergate-cebu,Robinsons Cybergate Cebu,visayas
dagataraw i,DAGATARAW I 0927-775-2880,robinsons,robinsons-ormoc,Robinsons Place Ormoc,visayas
dae joa gem,DAE JOA GEM,sm,s-maison,S Maison,metro-manila
dadskamayansaisaki,DADSKAMAYANSAISAKI,sm,sm-megamall,SM Megamall,metro-manila
daddys toasted siopao,DADDYS TOASTED SIOPAO,sm,sm-city-cauayan,SM City Cauayan,north-luzon
d&j hair salon,D&J Hair Salon,ortigas,greenhills,Greenhills,metro-manila
d&j barber shop,D&J Barber Shop,ortigas,greenhills,Greenhills,metro-manila
d&d hydroponics,D&D Hydroponics,robinsons,robinsons-santiago,Robinsons Place Santiago,north-luzon
d&d guitar,D&D GUITAR,robinsons,robinsons-manila,Robinsons Place Manila,metro-manila
d&d backyard hydroponic farm,D&D BACKYARD HYDROPONIC FARM,sm,sm-city-cauayan,SM City Cauayan,north-luzon
d&d backyard hydrophonics farm,D&D BACKYARD HYDROPHONICS FARM,sm,sm-center-tuguegarao-downtown,SM Center Tuguegarao Downtown,north-luzon
d westside,D WESTSIDE,sm,sm-city-legazpi,SM City Legazpi,south-luzon
d vj jewellers,D' VJ Jewellers,robinsons,robinsons-bacolod,Robinsons Place Bacolod,visayas
d vendo,D' Vendo,robinsons,robinsons-jaro,Robinsons Place Jaro,visayas
mayongs bakeshop snackhouse,MAYONGS BAKESHOP SNACKHOUSE,sm,sm-center-ormoc,SM Center Ormoc,visayas
mayongs bakeshop and snackhouse i,MAYONG'S BAKESHOP AND SNACKHOUSE I 0917-119-1925,robinsons,robinsons-ormoc,Robinsons Place Ormoc,visayas
mcjim leather gallery,McJim Leather Gallery,robinsons,robinsons-manila,Robinsons Place Manila,metro-manila
mcjim,Mcjim,robinsons,robinsons-magnolia,Robinsons Magnolia,metro-manila
mcdonalds fries and sundae stand,Mcdonald's Fries and Sundae Stand,robinsons,robinsons-dasmarinas,Robinsons Place Dasmarinas,south-luzon
mcdonalds drive thru,MCDONALD'S DRIVE THRU,robinsons,robinsons-novaliches,Robinsons Novaliches,metro-manila
mcdonalds dessert counter,McDonald's Dessert Counter,megaworld,lucky-chinatown-prosperity-wing,Lucky Chinatown - Prosperity Wing,metro-manila
mcdonalds dessert center and fries,MCDONALDS DESSERT CENTER AND FRIES,sm,sm-mall-of-asia,SM Mall of Asia,metro-manila
mcdonalds dessert and fries center,MCDONALDS DESSERT AND FRIES CENTER,starmall,san-jose-del-monte,Starmall San Jose del Monte,north-luzon
mccoys pizza house,MCCOY'S PIZZA HOUSE,sm,sm-city-puerto-princesa,SM City Puerto Princesa,south-luzon
mc sports,MC SPORTS,sm,sm-city-tuguegarao,SM City Tuguegarao,north-luzon
mc home depot,MC Home Depot,megaworld,uptown-parade,Uptown Parade,metro-manila
mc donalds dessert station,Mc Donald's Dessert Station,fishermall,quezonave,Fisher Mall Quezon Avenue,metro-manila
mbt fashion,MBT Fashion,robinsons,robinsons-ilocos,Robinsons Place Ilocos,north-luzon
mb life,MB Life,megaworld,lucky-chinatown-prosperity-wing,Lucky Chinatown - Prosperity Wing,metro-manila
mazza,Mazza,megaworld,eastwood-city-walk,Eastwood City Walk,metro-manila
maytech,Maytech,filinvest,festival-mall,Festival Mall,metro-manila
daiesumi digital cafe,DAIESUMI DIGITAL CAFE,sm,sm-city-north-edsa,SM City North Edsa,metro-manila
meatogether by tong yang,MEATOGETHER BY TONG YANG,sm,smdc-jazz-mall,SMDC Jazz Mall,metro-manila
meatogether,Meatogether 0917-657-4888,robinsons,robinsons-magnolia,Robinsons Magnolia,metro-manila
meat me,Meat Me,megaworld,arcovia-city,Arcovia City,metro-manila
meat depot,MEAT DEPOT,ayala,ayala-vertis,Ayala Malls Vertis North,metro-manila
me&u,ME&U,robinsons,robinsons-manila,Robinsons Place Manila,metro-manila
me u gift shop,ME U GIFT SHOP,sm,sm-city-cebu,SM City Cebu,visayas
me mobile stop and shop trading co,Me Mobile Stop And Shop Trading Co.,araneta,ali-mall,Ali Mall,metro-manila
me & my mom,Me & My Mom,robinsons,robinsons-tuguegarao,Robinsons Place Tuguegarao,north-luzon
mds consulting,MDS Consulting,robinsons,robinsons-dasmarinas,Robinsons Place Dasmarinas,south-luzon
mda scent station,MDA SCENT STATION,sm,sm-city-north-edsa,SM City North Edsa,metro-manila
md glow aesthetic and wellness clinic,MD GLOW AESTHETIC AND WELLNESS CLINIC,sm,sm-city-laoag,SM City Laoag,north-luzon
md aesthetique,MD Aesthetique,ortigas,estancia,Estancia,metro-manila
mcr dental,MCR Dental,megaworld,california-garden-square,California Garden Square,metro-manila
mcm salon,MCM SALON,sm,sm-city-cagayan-de-oro,SM City CDO Uptown,mindanao
mcl cebu dental wellness centre,MCL-Cebu Dental Wellness Centre 0933-200-7932,robinsons,robinsons-cybergate-cebu,Robinsons Cybergate Cebu,visayas
mckinley whisky park,McKinley Whisky Park,megaworld,mckinley-west,McKinley West,metro-manila
d nail haus,D' Nail Haus,robinsons,robinsons-starmills,Robinsons Starmills,north-luzon
d i y hardware & japan home centre,D.I.Y. Hardware & Japan Home Centre,megaworld,southwoods-mall,Southwoods Mall,south-luzon
d froyo mart,D' Froyo Mart,megaworld,southwoods-mall,Southwoods Mall,south-luzon
d cream,D' CREAM,sm,sm-center-dagupan,SM Center Dagupan,north-luzon
d changing style,D' Changing Style,waltermart,cabuyao,WalterMart Cabuyao,south-luzon
d cell city,D' Cell City,robinsons,robinsons-tacloban,Robinsons Place Tacloban,visayas
d amazing patricias pizza,D' AMAZING PATRICIA'S PIZZA,robinsons,robinsons-novaliches,Robinsons Novaliches,metro-manila
czarina exchange,CZARINA EXCHANGE,robinsons,robinsons-magnolia,Robinsons Magnolia,metro-manila
cyrille pasalubong,Cyrille Pasalubong,robinsons,robinsons-tacloban,Robinsons Place Tacloban,visayas
cyma greek taverna,CYMA GREEK TAVERNA,ayala,ayala-trinoma,Trinoma,metro-manila
mediaprint,Mediaprint,megaworld,venice-grand-canal-mall,Venice Grand Canal Mall,metro-manila
media central,MEDIA CENTRAL,sm,sm-city-tarlac,SM City Tarlac,north-luzon
media box,MEDIA BOX,sm,sm-city-north-edsa,SM City North Edsa,metro-manila
medexcel healthcare,Medexcel Healthcare,robinsons,robinsons-malabon,Robinsons Town Mall Malabon,metro-manila
medco dental,Medco Dental,robinsons,robinsons-dasmarinas,Robinsons Place Dasmarinas,south-luzon
meatsumo,MEATSUMO,sm,sm-city-valenzuela,SM City Valenzuela,metro-manila
megabit,Megabit,robinsons,robinsons-antique,Robinsons Place Antique,visayas
mega one,MEGA ONE,robinsons,robinsons-manila,Robinsons Place Manila,metro-manila
mega fitness center,MEGA FITNESS CENTER,sm,sm-city-mindpro,SM City Mindpro,mindanao
mega cellular network,Mega Cellular Network,filinvest,festival-mall,Festival Mall,metro-manila
mega cellular,MEGA CELLULAR,ayala,ayala-market-market,Market! Market!,metro-manila
meg,Meg,ortigas,greenhills,Greenhills,metro-manila
meetrovi,MEETROVI,sm,sm-city-general-santos,SM City General Santos,mindanao
meet your ribs,MEET YOUR RIBS,sm,sm-city-olongapo-central,SM City Olongapo Central,north-luzon
medley modern mediterranean,MEDLEY MODERN MEDITERRANEAN,ayala,ayala-bonifacio-high-street,Bonifacio High Street,metro-manila
medispa,MEDISPA,sm,sm-city-mindpro,SM City Mindpro,mindanao
medico global,Medico Global,ortigas,greenhills,Greenhills,metro-manila
medico dental,Medico Dental,robinsons,robinsons-imus,Robinsons Place Imus,south-luzon
medicard lifestyle center,Medicard Lifestyle Center,megaworld,uptown-mall,Uptown Mall,metro-manila
medicard clinic,Medicard Clinic,megaworld,festive-walk-parade,Festive Walk Parade,visayas
d soul express,D-Soul Express,robinsons,robinsons-galleria-cebu,Robinsons Galleria Cebu,visayas
d rebonding center,D' Rebonding Center,robinsons,robinsons-roxas,Robinsons Place Roxas,visayas
cycle shack,Cycle Shack,robinsons,robinsons-imus,Robinsons Place Imus,south-luzon
cybertech multibrand,Cybertech Multibrand,robinsons,robinsons-roxas,Robinsons Place Roxas,visayas
cyber excalades,Cyber Excalades,robinsons,robinsons-ilocos,Robinsons Place Ilocos,north-luzon
cy7 cellphone & accessories,CY7 Cellphone & Accessories,robinsons,robinsons-la-union,Robinsons Place La Union,north-luzon
cxf design center,CXF Design Center,ortigas,greenhills,Greenhills,metro-manila
cvc repair,CVC REPAIR,sm,sm-city-general-santos,SM City General Santos,mindanao
cvc casing,CVC CASING,sm,sm-city-general-santos,SM City General Santos,mindanao
mejicano,Mejicano,waltermart,bacoor,WalterMart Bacoor,south-luzon
meiying food & refreshment,Meiying Food & Refreshment,megaworld,lucky-chinatown-imperial-wing,Lucky Chinatown - Imperial Wing,metro-manila
meinas scalp treatment center,MEINAS SCALP TREATMENT CENTER,sm,sm-city-north-edsa,SM City North Edsa,metro-manila
meinas professional,Meinas Professional,ortigas,greenhills,Greenhills,metro-manila
mei lin,MEI LIN,sm,smdc-jazz-mall,SMDC Jazz Mall,metro-manila
megaworld showroom,Megaworld Showroom,megaworld,three-central,Three Central Mall,metro-manila
megaworld prime office,Megaworld Prime Office,megaworld,eastwood-city-walk,Eastwood City Walk,metro-manila
megaworld platinum,Megaworld Platinum,megaworld,newport-city,Newport City,metro-manila
megamelt,MEGAMELT,sm,sm-city-novaliches,SM City Novaliches,metro-manila
meogja,MEOGJA,robinsons,robinsons-metro-east,Robinsons Metro East,metro-manila
meo asia,Meo Asia,robinsons,robinsons-antipolo,Robinsons Place Antipolo,metro-manila
menya noodle & bento bar,Menya Noodle & Bento Bar,ortigas,greenhills,Greenhills,metro-manila
menya kokoro,Menya Kokoro,megaworld,uptown-mall,Uptown Mall,metro-manila
mentore coffee bar,MENTORE COFFEE BAR,ayala,ayala-glorietta,Glorietta,metro-manila
mens depot by davids,Men's Depot by David's,ortigas,greenhills,Greenhills,metro-manila
mendokoro ramenba,MENDOKORO RAMENBA,sm,moa-square,MOA Square,metro-manila
men in blooms,MEN IN BLOOMS,ayala,ayala-market-market,Market! Market!,metro-manila
melyn skincare body spa,MELYN SKINCARE BODY SPA,sm,sm-city-novaliches,SM City Novaliches,metro-manila
melrose boardshop,MELROSE BOARDSHOP,sm,sm-seaside-city-cebu,SM Seaside City Cebu,visayas
melos,Melo's,megaworld,forbes-town,Forbes Town,metro-manila
melonpan ice,MELONPAN ICE,sm,sm-mall-of-asia,SM Mall of Asia,metro-manila
melissa clube,MELISSA CLUBE,robinsons,robinsons-manila,Robinsons Place Manila,metro-manila
melirose,Melirose,ortigas,greenhills,Greenhills,metro-manila
mele marie,MELE + MARIE,sm,s-maison,S Maison,metro-manila
cycles & cradles,Cycles & Cradles,megaworld,lucky-chinatown-mall,Lucky Chinatown Mall,metro-manila
cut salon,Cut Salon,ortigas,greenhills,Greenhills,metro-manila
cut n polish,CUT N POLISH,sm,sm-city-olongapo-downtown,SM City Olongapo Downtown,north-luzon
cut encarnacion,CUT ENCARNACION,starmall,san-jose-del-monte,Starmall San Jose del Monte,north-luzon
cut 4 tots,Cut 4 Tots,filinvest,festival-mall,Festival Mall,metro-manila
customistation,Customistation,ortigas,estancia,Estancia,metro-manila
custom mate,CUSTOM MATE,ayala,ayala-capitol-central,Ayala Malls Capitol Central,visayas
custodio medical clinic,CUSTODIO MEDICAL CLINIC,sm,sm-city-butuan,SM City Butuan,mindanao
curves beauty and wellness spa,CURVES BEAUTY AND WELLNESS SPA,sm,sm-city-tanza,SM City Tanza,south-luzon
curry angel,CURRY ANGEL,robinsons,robinsons-ilocos,Robinsons Place Ilocos,north-luzon
curried away,Curried Away,ortigas,greenhills,Greenhills,metro-manila
curated skin lifestyle collective,Curated.Skin + Lifestyle Collective,megaworld,southwoods-mall,Southwoods Mall,south-luzon
merlgen euro designs,MERLGEN EURO DESIGNS,sm,sm-lanang,SM Lanang,mindanao
merkado supermarket,MERKADO SUPERMARKET,ayala,ayala-vertis,Ayala Malls Vertis North,metro-manila
merienda by pan de manila,MERIENDA BY PAN DE MANILA,sm,sm-city-batangas,SM City Batangas,south-luzon
mer nels cake house,MER-NELS CAKE HOUSE,sm,sm-city-calamba,SM City Calamba,south-luzon
mer cellphone accessories shop,Mer Cellphone Accessories Shop,robinsons,robinsons-roxas,Robinsons Place Roxas,visayas
metro wine center,METRO WINE CENTER,ayala,ayala-market-market,Market! Market!,metro-manila
metro wanderer travel services,METRO WANDERER TRAVEL SERVICES,sm,sm-city-masinag,SM City Masinag,metro-manila
metro sanitas keralty,Metro Sanitas / Keralty,filinvest,festival-mall,Festival Mall,metro-manila
metro rapid transit service inc,METRO RAPID TRANSIT SERVICE INC,sm,sm-seaside-city-cebu,SM Seaside City Cebu,visayas
metanoia christian ministries,METANOIA CHRISTIAN MINISTRIES,ayala,ayala-the-30th,Ayala Malls The 30th,metro-manila
messy bessy,MESSY BESSY,ayala,one-ayala-mall,One Ayala,metro-manila
messiah,Messiah,ortigas,greenhills,Greenhills,metro-manila
message sent,Message Sent,ortigas,greenhills,Greenhills,metro-manila
mesa steak sizzlers,MESA STEAK SIZZLERS,ayala,ayala-trinoma,Trinoma,metro-manila
merzci pasalubong center,MERZCI PASALUBONG CENTER,sm,sm-city-bacolod,SM City Bacolod,visayas
merzci pasalubong,MERZCI PASALUBONG,ayala,ayala-capitol-central,Ayala Malls Capitol Central,visayas
merzci,Merzci,robinsons,robinsons-pavia,Robinsons Place Pavia,visayas
mers paluto,Mers Paluto,megaworld,mactan-newtown,Mactan Newtown,visayas
merriam & webster bookstore,MERRIAM & WEBSTER BOOKSTORE,starmall,san-jose-del-monte,Starmall San Jose del Monte,north-luzon
cuttin loose,Cuttin' Loose,robinsons,robinsons-dumaguete,Robinsons Place Dumaguete,visayas
cuts 4 tots,Cuts 4 Tots,filinvest,festival-mall,Festival Mall,metro-manila
cupcakes by sonja,CUPCAKES BY SONJA,sm,sm-megamall,SM Megamall,metro-manila
cup poteto,CUP POTET'O,robinsons,robinsons-valencia,Robinsons Place Valencia,mindanao
cul de sac,CUL-DE-SAC,sm,the-podium,The Podium,metro-manila
cuesina,CUESINA,sm,smdc-air-mall,SMDC Air Mall,metro-manila
cubyx collective,CUBYX Collective,robinsons,galleria-south,Robinsons Galleria South,south-luzon
cube bazaar,THE CUBE BAZAAR,ayala,ayala-abreeza,Abreeza,mindanao
cualoping securities corporation,CUALOPING SECURITIES CORPORATION,ayala,ayala-circuit,Ayala Malls Circuit,metro-manila
cuadro specialists,CUADRO SPECIALISTS,ayala,ayala-market-market,Market! Market!,metro-manila
ctines gadget shop,CTINES GADGET SHOP 9616040564,robinsons,robinsons-cybergate-cebu,Robinsons Cybergate Cebu,visayas
ct mobile solution,CT MOBILE SOLUTION,sm,sm-city-pampanga,SM City Pampanga,north-luzon
csl cut & shave lounge,CSL CUT & SHAVE LOUNGE,ayala,ayala-malls-central-bloc,Ayala Malls Central Bloc,visayas
cs by lfisher,CS BY LFISHER,sm,sm-city-bacolod,SM City Bacolod,visayas
meuble,MEUBLE,robinsons,robinsons-ilocos,Robinsons Place Ilocos,north-luzon
metrowaki,Metrowaki,robinsons,robinsons-metro-east,Robinsons Metro East,metro-manila
metrospecs,METROSPECS,robinsons,robinsons-north-tacloban,Robinsons North Tacloban,visayas
metrofone,Metrofone,waltermart,the-junction,WalterMart The Junction,metro-manila
crosta,Crosta,ortigas,greenhills,Greenhills,metro-manila
crossway kidney care,Crossway Kidney Care,megaworld,festive-walk-parade,Festive Walk Parade,visayas
mi (xiaomi store) i,MI (XIAOMI STORE) I 0998-980-2770,robinsons,robinsons-ormoc,Robinsons Place Ormoc,visayas
mhk korean food,MHK KOREAN FOOD,robinsons,robinsons-north-tacloban,Robinsons North Tacloban,visayas
mhj enterprise,MHJ ENTERPRISE,ayala,ayala-market-market,Market! Market!,metro-manila
mhinnie footwear,MHINNIE FOOTWEAR,robinsons,robinsons-novaliches,Robinsons Novaliches,metro-manila
mg gateway,MG Gateway TEMPORARILY CLOSED,robinsons,robinsons-dumaguete,Robinsons Place Dumaguete,visayas
mg,Mg,filinvest,festival-mall,Festival Mall,metro-manila
mf beauty secrets,MF BEAUTY SECRETS,sm,sm-city-sucat,SM City Sucat,metro-manila
mey lin,MEY LIN,sm,sm-megamall,SM Megamall,metro-manila
mexita pizza,MEXITA PIZZA,sm,sm-city-legazpi,SM City Legazpi,south-luzon
mexikanto,Mexikanto,robinsons,robinsons-galleria-ortigas,Robinsons Galleria,metro-manila
mexicanos,Mexicanos,robinsons,robinsons-la-union,Robinsons Place La Union,north-luzon
mexicali,MEXICALI,sm,sm-megamall,SM Megamall,metro-manila
mexibites,MEXIBITES,robinsons,robinsons-las-pinas,Robinsons Place Las Pinas,metro-manila
cuppa,CUPPA,sm,sm-city-novaliches,SM City Novaliches,metro-manila
midio,MIDIO,robinsons,robinsons-valencia,Robinsons Place Valencia,mindanao
micu dentail clinic,MICU DENTAIL CLINIC,robinsons,robinsons-galleria-ortigas,Robinsons Galleria,metro-manila
microcadd,MICROCADD,sm,sm-city-north-edsa,SM City North Edsa,metro-manila
micovidi,Micovidi,robinsons,robinsons-fuente,Robinsons Fuente,visayas
michelles homemade,Michelle's Homemade,megaworld,lucky-chinatown-mall,Lucky Chinatown Mall,metro-manila
michael kors,MICHAEL KORS,ayala,ayala-greenbelt,Greenbelt,metro-manila
mi service center,MI SERVICE CENTER,sm,sm-city-manila,SM City Manila,metro-manila
mi panda,MI PANDA 0917 841 0027,robinsons,robinsons-sta-rosa,Robinsons Sta. Rosa,south-luzon
crystalderm,CRYSTALDERM,sm,sm-marketmall-dasmarinas,SM Marketmall Dasmarinas,south-luzon
crystal cdr world,Crystal Cdr World,ortigas,greenhills,Greenhills,metro-manila
crushh landing korean dog,CRUSHH LANDING KOREAN DOG,robinsons,robinsons-iligan,Robinsons Place Iligan,mindanao
crunchy corner,CRUNCHY CORNER,robinsons,robinsons-palawan,Robinsons Place Palawan,south-luzon
crunch boneless chicken,The Crunch Boneless Chicken,megaworld,venice-grand-canal-mall,Venice Grand Canal Mall,metro-manila
crucible,THE CRUCIBLE,sm,sm-megamall,SM Megamall,metro-manila
crown royale,CROWN ROYALE,sm,sm-city-iloilo,SM City Iloilo,visayas
crown dental,Crown Dental,megaworld,forbes-town,Forbes Town,metro-manila
miles cartruck,Miles Cartruck,robinsons,robinsons-lipa,Robinsons Place Lipa,south-luzon
milas tokwat baboy,MILA'S TOKWAT BABOY,sm,sm-city-clark,SM City Clark,north-luzon
milas pastries and snacks,MILAS PASTRIES AND SNACKS,sm,sm-city-bacolod,SM City Bacolod,visayas
milas pastries & snacks,MILA’S PASTRIES & SNACKS,ayala,ayala-capitol-central,Ayala Malls Capitol Central,visayas
milano & design,Milano & Design,megaworld,uptown-mall,Uptown Mall,metro-manila
mikhada takoyaki,MIKHADA TAKOYAKI,robinsons,robinsons-manila,Robinsons Place Manila,metro-manila
mikayla,MIKAYLA,sm,sm-city-molino,SM City Molino,south-luzon
mikana,Mikana,filinvest,festival-mall,Festival Mall,metro-manila
mijj gadgets repair,MIJJ GADGETS REPAIR,sm,sm-city-pampanga,SM City Pampanga,north-luzon
miguelitoss ice cream,MIGUELITOS'S ICE CREAM,robinsons,robinsons-iligan,Robinsons Place Iligan,mindanao
miguelitos diner,MIGUELITO'S DINER,robinsons,robinsons-antipolo,Robinsons Place Antipolo,metro-manila
miguelitos avocado locco,MIGUELITO'S AVOCADO LOCCO,robinsons,galleria-south,Robinsons Galleria South,south-luzon
miguelitos,MIGUELITOS,robinsons,robinsons-pagadian,Robinsons Pagadian,mindanao
miguelito ice cream,Miguelito' Ice Cream,robinsons,robinsons-valencia,Robinsons Place Valencia,mindanao
mighty hands,Mighty Hands,megaworld,southwoods-mall,Southwoods Mall,south-luzon
mietubl philippines,MIETUBL PHILIPPINES,robinsons,robinsons-gapan,Robinsons Gapan,north-luzon
cropp,CROPP,sm,smdc-mplace-mall,SMDC Mplace Mall,metro-manila
croffle store,The Croffle Store ( TEMPORARILY CLOSED ),robinsons,robinsons-galleria-cebu,Robinsons Galleria Cebu,visayas
crissa fubu international,Crissa / Fubu International,araneta,farmers-plaza,Farmers Plaza,metro-manila
crispy popiah,CRISPY POPIAH,sm,sm-southmall,SM Southmall,metro-manila
crisostomo restaurant,Crisostomo Restaurant,robinsons,robinsons-manila,Robinsons Place Manila,metro-manila
crismalee,Crismalee,robinsons,robinsons-malabon,Robinsons Town Mall Malabon,metro-manila
criscom telecom,Criscom Telecom,waltermart,gapan,WalterMart Gapan,north-luzon
crepe glazik,Crepe Glazik,megaworld,uptown-mall,Uptown Mall,metro-manila
crepe espresso and kuroda,"Crepe, Espresso and Kuroda",megaworld,venice-grand-canal-mall,Venice Grand Canal Mall,metro-manila
creativity lounge,CREATIVITY LOUNGE,ayala,one-ayala-mall,One Ayala,metro-manila
creative play corner school,Creative Play Corner School,megaworld,mckinley-west,McKinley West,metro-manila
creations lourd ramos salon,CREATIONS LOURD RAMOS SALON,sm,sm-center-pulilan,SM Center Pulilan,north-luzon
milk qq,Milk QQ (Temporarily Closed),robinsons,robinsons-metro-east,Robinsons Metro East,metro-manila
milk pot,MILK POT,sm,sm-city-laoag,SM City Laoag,north-luzon
milk cream,MILK CREAM,sm,sm-city-tuguegarao,SM City Tuguegarao,north-luzon
miles eatery,MILES EATERY,robinsons,robinsons-novaliches,Robinsons Novaliches,metro-manila
mini centro,MINI CENTRO,sm,sm-city-fairview,SM City Fairview,metro-manila
mini bites donuts,MINI BITES DONUTS,robinsons,robinsons-gentrias,Robinsons Place Gen. Trias,south-luzon
mingoys paellas,MINGOY'S PAELLAS,sm,sm-southmall,SM Southmall,metro-manila
mingfu asian cuisine,Mingfu Asian Cuisine,robinsons,robinsons-galleria-cebu,Robinsons Galleria Cebu,visayas
mined polished jewelry depot,MINED POLISHED JEWELRY DEPOT,sm,sm-city-baguio,SM City Baguio,north-luzon
mindwerks the toy shop,Mindwerks The Toy Shop,filinvest,festival-mall,Festival Mall,metro-manila
mindpro supermarket,MINDPRO SUPERMARKET,sm,sm-city-mindpro,SM City Mindpro,mindanao
mindanao gorilla auto detail,MINDANAO GORILLA AUTO DETAIL,sm,sm-lanang,SM Lanang,mindanao
mindanao basket,THE MINDANAO BASKET,sm,sm-city-cagayan-de-oro,SM City CDO Uptown,mindanao
mind werks,Mind Werks,fishermall,quezonave,Fisher Mall Quezon Avenue,metro-manila
mind champs international preschool,MIND CHAMPS INTERNATIONAL PRESCHOOL,sm,s-maison,S Maison,metro-manila
mimosa wellness,Mimosa Wellness,ortigas,estancia,Estancia,metro-manila
mimiko,Mimiko,ortigas,greenhills,Greenhills,metro-manila
milky dangooo,MILKY DANGOOO,sm,sm-city-pampanga,SM City Pampanga,north-luzon
milktea square,Milktea Square,robinsons,robinsons-sta-rosa,Robinsons Sta. Rosa,south-luzon
crossroads church,Crossroads Church,robinsons,robinsons-galleria-cebu,Robinsons Galleria Cebu,visayas
mirrored his & hers studio,MIRRORED HIS & HERS STUDIO,sm,smdc-fame-mall,SMDC Fame Mall,metro-manila
miratap,Miratap,ortigas,greenhills,Greenhills,metro-manila
mirangcurl korea salon,MIRANGCURL KOREA SALON,ayala,ayala-malls-central-bloc,Ayala Malls Central Bloc,visayas
miranda optical,MIRANDA OPTICAL,ayala,ayala-serin,Ayala Malls Serin,south-luzon
mira stationers,MIRA STATIONERS,robinsons,opus,Opus Mall,metro-manila
miquits therapeutic blind massage,MIQUITS THERAPEUTIC BLIND MASSAGE,sm,sm-city-bacolod,SM City Bacolod,visayas
miquesi salon,Miquesi Salon,megaworld,forbes-town,Forbes Town,metro-manila
mio mei,Mio mei,waltermart,antipolo,WalterMart Antipolo,metro-manila
minute fried,Minute Fried,robinsons,robinsons-cybergate-cebu,Robinsons Cybergate Cebu,visayas
minute burger,Minute Burger,waltermart,sta-rosa,WalterMart Sta. Rosa,south-luzon
mins korean grilling station,MIN'S KOREAN GRILLING STATION,sm,sm-center-pulilan,SM Center Pulilan,north-luzon
minlou home,Minlou Home,araneta,ali-mall,Ali Mall,metro-manila
minlou,Minlou,filinvest,festival-mall,Festival Mall,metro-manila
minicare gadget repair,MINICARE GADGET REPAIR,sm,sm-city-trece-martires,SM City Trece Martires,south-luzon
mini shabu shabu,MINI SHABU-SHABU,sm,sm-city-baguio,SM City Baguio,north-luzon
mini donuts,Mini Donuts,robinsons,robinsons-ilocos,Robinsons Place Ilocos,north-luzon
cream n bake,CREAM N' BAKE 0932-775-3987,robinsons,robinsons-cybergate-cebu,Robinsons Cybergate Cebu,visayas
crazy maki,Crazy Maki,filinvest,festival-mall,Festival Mall,metro-manila
crazy lemons,CRAZY LEMONS,sm,sm-city-mindpro,SM City Mindpro,mindanao
craze mango,CRAZE MANGO,sm,sm-city-san-jose-del-monte,SM City San Jose Del Monte,north-luzon
crawling dinosaurs,Crawling Dinosaurs,robinsons,robinsons-gen-san,Robinsons Place GenSan,mindanao
crawling animals,Crawling Animals,robinsons,robinsons-valencia,Robinsons Place Valencia,mindanao
crave,CRAVE,ayala,ayala-market-market,Market! Market!,metro-manila
craft lounge,CRAFT LOUNGE,sm,sm-city-davao,SM City Davao,mindanao
miss olives ice cream,MISS OLIVE'S ICE CREAM,robinsons,robinsons-tagum,Robinsons Place Tagum,mindanao
miss esthe,Miss Esthe,megaworld,uptown-mall,Uptown Mall,metro-manila
misreen pet food & accessories,Misreen Pet Food & Accessories,ortigas,tiendesitas,Tiendesitas,metro-manila
mismukuno,MISMUKUNO,ayala,ayala-center-cebu,Ayala Center Cebu,visayas
misen homewares,Misen Homewares,fishermall,quezonave,Fisher Mall Quezon Avenue,metro-manila
misaki,Misaki,filinvest,festival-mall,Festival Mall,metro-manila
miruu,MIRUU,robinsons,robinsons-manila,Robinsons Place Manila,metro-manila
mirrors salon & spa,MIRRORS SALON & SPA,robinsons,robinsons-north-tacloban,Robinsons North Tacloban,visayas
mix eat,Mix Eat,robinsons,robinsons-galleria-cebu,Robinsons Galleria Cebu,visayas
mitubl,MITUBL,sm,sm-city-general-santos,SM City General Santos,mindanao
mitsuhana,MITSUHANA,robinsons,opus,Opus Mall,metro-manila
mitsubishi motors fast autoworld,MITSUBISHI MOTORS - FAST AUTOWORLD,sm,sm-jmall,SM J Mall,visayas
mitsubishi motors cebu lifestlye center,MITSUBISHI MOTORS CEBU LIFESTLYE CENTER,sm,sm-seaside-city-cebu,SM Seaside City Cebu,visayas
mita,Mita,robinsons,robinsons-gen-san,Robinsons Place GenSan,mindanao
mister siomai atbp,MISTER SIOMAI ATBP,sm,smdc-strip-at-trees,SMDC Strip at Trees,metro-manila
mister frosty,MISTER FROSTY,sm,sm-city-clark,SM City Clark,north-luzon
mister donut kiosk,MISTER DONUT KIOSK,robinsons,robinsons-novaliches,Robinsons Novaliches,metro-manila
mister donut cafe,MISTER DONUT CAFE,sm,sm-city-bacolod,SM City Bacolod,visayas
mist & co,MIST & CO,robinsons,robinsons-ilocos,Robinsons Place Ilocos,north-luzon
missy bon bon,Missy Bon Bon,robinsons,robinsons-iligan,Robinsons Place Iligan,mindanao
missing link,Missing Link,megaworld,eastwood-cyber-mall,Eastwood Cyber Mall,metro-manila
miss tea cafe,MISS TEA CAFE,robinsons,robinsons-palawan,Robinsons Place Palawan,south-luzon
creamy cups,CREAMY CUPS,sm,sm-city-la-union,SM City La Union,north-luzon
creamee d lite,CREAMEE D-LITE,robinsons,robinsons-naga,Robinsons Place Naga,south-luzon
cppc fix,CPPC FIX,sm,sm-city-san-jose-del-monte,SM City San Jose Del Monte,north-luzon
cpm drug testing & medical center,CPM DRUG TESTING & MEDICAL CENTER,robinsons,robinsons-cainta,Robinsons Cainta,metro-manila
cowrie grill,Cowrie Grill,ortigas,greenhills,Greenhills,metro-manila
countryside steakhouse & cafe,Countryside Steakhouse & Cafe,robinsons,robinsons-imus,Robinsons Place Imus,south-luzon
country basket pastries more,COUNTRY BASKET PASTRIES MORE,sm,sm-city-cebu,SM City Cebu,visayas
cougar,COUGAR,sm,sm-city-north-edsa,SM City North Edsa,metro-manila
cotton kendi,COTTON KENDI,sm,sm-cdo-downtown,SM CDO Downtown Premier,mindanao
cotton depot,Cotton Depot,filinvest,festival-mall,Festival Mall,metro-manila
cotton candy,Cotton Candy(timezone),filinvest,festival-mall,Festival Mall,metro-manila
mizuki,Mizuki,megaworld,festive-walk-mall-iloilo,Festive Walk Mall,visayas
mixue ice cream & tea house,Mixue Ice Cream & Tea House,robinsons,robinsons-jaro,Robinsons Place Jaro,visayas
mixue ice cream & tea,MIXUE ICE CREAM & TEA,robinsons,robinsons-cainta,Robinsons Cainta,metro-manila
mixte,Mixté,ortigas,greenhills,Greenhills,metro-manila
mixed it,Mixed It,robinsons,robinsons-cybergate-cebu,Robinsons Cybergate Cebu,visayas
mix in style,Mix In Style,robinsons,robinsons-tuguegarao,Robinsons Place Tuguegarao,north-luzon
mix gems,Mix Gems,ortigas,greenhills,Greenhills,metro-manila
mlr toothsaver dental clinic,MLR TOOTHSAVER DENTAL CLINIC,robinsons,galleria-south,Robinsons Galleria South,south-luzon
mlhuillier jewellers,MLHUILLIER JEWELLERS,robinsons,robinsons-palawan,Robinsons Place Palawan,south-luzon
mlhuillier,Mlhuillier,robinsons,robinsons-lipa,Robinsons Place Lipa,south-luzon
mlg travel & tours,MLG Travel & Tours,robinsons,robinsons-starmills,Robinsons Starmills,north-luzon
mlb korea,MLB Korea,megaworld,uptown-mall,Uptown Mall,metro-manila
mlb beauty and wellness hub,MLB Beauty and Wellness Hub,robinsons,robinsons-dumaguete,Robinsons Place Dumaguete,visayas
mkc vintage shop,MKC VINTAGE SHOP,ayala,ayala-marquee,MarQuee Mall,north-luzon
mk fried noodles,Mk Fried Noodles,filinvest,fora,Fora Mall,south-luzon
mjks food corner,MJK's Food Corner,robinsons,robinsons-dumaguete,Robinsons Place Dumaguete,visayas
mj gold & silver,MJ Gold & Silver,robinsons,robinsons-malolos,Robinsons Place Malolos,north-luzon
mj gadget,Mj Gadget,ortigas,greenhills,Greenhills,metro-manila
mj & jm cellphone accessories,MJ & JM CELLPHONE ACCESSORIES,robinsons,robinsons-los-banos,Robinsons Town Mall Los Banos,south-luzon
mizusawa milktea and coffee,MIZUSAWA MILKTEA AND COFFEE,sm,sm-city-north-edsa,SM City North Edsa,metro-manila
mizuno,MIZUNO,ayala,ayala-trinoma,Trinoma,metro-manila
craft central cafe,THE CRAFT CENTRAL CAFÉ,ayala,ayala-vertis,Ayala Malls Vertis North,metro-manila
crackles,CRACKLES,sm,sm-by-the-bay,SM By the Bay,metro-manila
cos,COS,sm,sm-aura,SM Aura,metro-manila
cornerstone animal clinic,Cornerstone Animal Clinic,ortigas,tiendesitas,Tiendesitas,metro-manila
corner market,CORNER MARKET,sm,the-podium,The Podium,metro-manila
corndog28,Corndog28,megaworld,lucky-chinatown-imperial-wing,Lucky Chinatown - Imperial Wing,metro-manila
corn dog,CORN DOG,robinsons,robinsons-antipolo,Robinsons Place Antipolo,metro-manila
coreen razons halo halo,COREEN RAZONS HALO-HALO,sm,sm-city-clark,SM City Clark,north-luzon
core pacific exchange,Core Pacific Exchange,robinsons,robinsons-manila,Robinsons Place Manila,metro-manila
cordon dragon management and development corp,CORDON DRAGON MANAGEMENT AND DEVELOPMENT CORP.,ayala,ayala-market-market,Market! Market!,metro-manila
mobicity,MOBICITY,robinsons,robinsons-starmills,Robinsons Starmills,north-luzon
mobell copy center,Mobell Copy Center,robinsons,robinsons-dasmarinas,Robinsons Place Dasmarinas,south-luzon
mnm de masaje massage chair services,MNM DE MASAJE MASSAGE CHAIR SERVICES (NEW),robinsons,robinsons-iloilo,Robinsons Place Iloilo,visayas
mnla,MNLA,sm,sm-city-manila,SM City Manila,metro-manila
mncc cellphones and accessories store,MNCC CELLPHONES AND ACCESSORIES STORE,robinsons,robinsons-novaliches,Robinsons Novaliches,metro-manila
mml essentials,MML - Essentials,megaworld,southwoods-mall,Southwoods Mall,south-luzon
mmda satellite office,MMDA Satellite Office,robinsons,robinsons-galleria-ortigas,Robinsons Galleria,metro-manila
mls,MLS,starmall,alabang,Starmall Alabang,metro-manila
coopertech,COOPERTECH,sm,sm-seaside-city-cebu,SM Seaside City Cebu,visayas
coola,COOLA,sm,moa-square,MOA Square,metro-manila
cool vision,Cool Vision,robinsons,robinsons-ilocos,Robinsons Place Ilocos,north-luzon
cookpub,COOKPUB,sm,sm-city-mindpro,SM City Mindpro,mindanao
cook coffee,COOK COFFEE,sm,the-podium,The Podium,metro-manila
cook & coffee,COOK & COFFEE,ayala,ayala-manila-bay,Ayala Malls Manila Bay,metro-manila
contis takeout nook,Conti's Takeout Nook,robinsons,robinsons-antipolo,Robinsons Place Antipolo,metro-manila
mobile place,MOBILE PLACE,sm,sm-city-marilao,SM City Marilao,north-luzon
mobile outfitters,Mobile Outfitters,megaworld,venice-grand-canal-mall,Venice Grand Canal Mall,metro-manila
mobile g mik,MOBILE G-MIK,sm,sm-city-marilao,SM City Marilao,north-luzon
mobile extras,Mobile Extras,robinsons,robinsons-malolos,Robinsons Place Malolos,north-luzon
mobile core,MOBILE CORE,sm,sm-city-marilao,SM City Marilao,north-luzon
mobile circuit,Mobile Circuit,filinvest,festival-mall,Festival Mall,metro-manila
mobile care solutions,Mobile Care Solutions,ortigas,greenhills,Greenhills,metro-manila
costal & co,Costal & Co,ortigas,greenhills,Greenhills,metro-manila
cosmic kidz,COSMIC KIDZ,sm,sm-mall-of-asia,SM Mall of Asia,metro-manila
modbed,modbed,ortigas,estancia,Estancia,metro-manila
mod audio ph,MOD AUDIO PH,sm,sm-mall-of-asia,SM Mall of Asia,metro-manila
mochi mama,MOCHI MAMA,sm,sm-city-north-edsa,SM City North Edsa,metro-manila
mobteq,MOBTEQ,sm,sm-city-cagayan-de-oro,SM City CDO Uptown,mindanao
mobistar cellphone and accessories,MOBISTAR CELLPHONE AND ACCESSORIES,robinsons,robinsons-novaliches,Robinsons Novaliches,metro-manila
mobility scooter kiosk,MOBILITY SCOOTER KIOSK,robinsons,robinsons-manila,Robinsons Place Manila,metro-manila
mobilinks,MOBILINKS,robinsons,robinsons-butuan,Robinsons Place Butuan,mindanao
mobile works,MOBILE WORKS,sm,sm-center-pasig,SM Center Pasig,metro-manila
mobile to go,Mobile To Go,ortigas,greenhills,Greenhills,metro-manila
mobile tech ave,MOBILE TECH AVE,sm,sm-city-manila,SM City Manila,metro-manila
mobile shop,MOBILE SHOP,ayala,ayala-marquee,MarQuee Mall,north-luzon
mobile shield,MOBILE SHIELD,sm,sm-city-urdaneta-central,SM City Urdaneta Central,north-luzon
corc,CORC,ortigas,estancia,Estancia,metro-manila
coras food house,Cora's Food House,waltermart,balanga,WalterMart Balanga,north-luzon
corals candy bar,CORALS CANDY BAR,sm,sm-city-davao,SM City Davao,mindanao
copytown,COPYTOWN,robinsons,robinsons-galleria-ortigas,Robinsons Galleria,metro-manila
continkuous,CONTINKUOUS,sm,sm-city-marilao,SM City Marilao,north-luzon
consuelos,CONSUELO'S,robinsons,robinsons-iloilo,Robinsons Place Iloilo,visayas
conquer outdoor equipment,Conquer Outdoor Equipment,megaworld,venice-grand-canal-mall,Venice Grand Canal Mall,metro-manila
connect pilates,Connect Pilates,ortigas,greenhills,Greenhills,metro-manila
congo grille,CONGO GRILLE,sm,sm-mall-of-asia,SM Mall of Asia,metro-manila
confluence health and wellness products,Confluence Health And Wellness Products,robinsons,robinsons-iloilo,Robinsons Place Iloilo,visayas
molino grill,Molino Grill,robinsons,robinsons-naga,Robinsons Place Naga,south-luzon
moderna,Moderna,megaworld,uptown-parade,Uptown Parade,metro-manila
modern smiles,MODERN SMILES,sm,smdc-strip-at-shine,SMDC Strip at Shine,metro-manila
modern shang and fish & co,Modern Shang and Fish & Co,robinsons,robinsons-magnolia,Robinsons Magnolia,metro-manila
modern pet,Modern Pet,megaworld,arcovia-city,Arcovia City,metro-manila
modern optics and eye center,MODERN OPTICS AND EYE CENTER,sm,sm-city-santa-rosa,SM City Santa Rosa,south-luzon
modern optics,MODERN OPTICS,sm,sm-city-san-lazaro,SM City San Lazaro,metro-manila
modern gadgets,Modern Gadgets,filinvest,festival-mall,Festival Mall,metro-manila
modern dental studio,Modern Dental Studio,megaworld,eastwood-city-walk,Eastwood City Walk,metro-manila
modern bamboo,MODERN BAMBOO,sm,sm-mall-of-asia,SM Mall of Asia,metro-manila
concept gaming hub,CONCEPT GAMING HUB,sm,sm-city-iloilo,SM City Iloilo,visayas
comworks multibrand,Comworks-Multibrand,fishermall,quezonave,Fisher Mall Quezon Avenue,metro-manila
comworks inc,Comworks Inc.,waltermart,makati,WalterMart Makati,metro-manila
computer aniq service center,Computer Aniq Service Center,robinsons,robinsons-jaro,Robinsons Place Jaro,visayas
comprehensive dermatology center,Comprehensive Dermatology Center,robinsons,robinsons-galleria-ortigas,Robinsons Galleria,metro-manila
complex lifestyle,COMPLEX LIFESTYLE,robinsons,robinsons-gentrias,Robinsons Place Gen. Trias,south-luzon
money changer,Money Changer,robinsons,robinsons-cybergate-cebu,Robinsons Cybergate Cebu,visayas
mondae,MONDAE,sm,sm-center-pulilan,SM Center Pulilan,north-luzon
monarch montage skin science and medical aesthetics,Monarch Montage Skin Science And Medical Aesthetics,filinvest,main-square,Main Square,south-luzon
moms ube choco champorado,MOMS UBE-CHOCO CHAMPORADO,robinsons,robinsons-manila,Robinsons Place Manila,metro-manila
momo cart,Momo Cart,robinsons,robinsons-gentrias,Robinsons Place Gen. Trias,south-luzon
mommas fresh lumpia,MOMMAS FRESH LUMPIA,sm,sm-city-bacoor,SM City Bacoor,south-luzon
mom ube choco champorado,MOM' UBE CHOCO CHAMPORADO,robinsons,robinsons-antipolo,Robinsons Place Antipolo,metro-manila
mom czes pares mami house,Mom Cze's Pares Mami House,robinsons,robinsons-north-tacloban,Robinsons North Tacloban,visayas
contis island kiosk,CONTI'S ISLAND KIOSK,sm,sm-city-rosario,SM City Rosario,south-luzon
contis (take out nook),CONTI'S (TAKE OUT NOOK),robinsons,robinsons-lipa,Robinsons Place Lipa,south-luzon
monters siomai,MONTERS SIOMAI,robinsons,robinsons-starmills,Robinsons Starmills,north-luzon
monteal money changer,Monteal Money Changer,megaworld,venice-grand-canal-mall,Venice Grand Canal Mall,metro-manila
montblanc,MONTBLANC,ayala,ayala-greenbelt,Greenbelt,metro-manila
mont blanc,Mont-Blanc,robinsons,robinsons-jaro,Robinsons Place Jaro,visayas
monstericed,Monstericed,waltermart,makati,WalterMart Makati,metro-manila
mons takuyaki japanese food cart,MONS TAKUYAKI JAPANESE FOOD CART,sm,sm-city-iloilo,SM City Iloilo,visayas
mono mansion,MONO MANSION,sm,s-maison,S Maison,metro-manila
monki,MONKI,sm,sm-mall-of-asia,SM Mall of Asia,metro-manila
monkey grounds coffee,Monkey Grounds Coffee,megaworld,festive-walk-parade,Festive Walk Parade,visayas
monicas handicrafts,MONICAS HANDICRAFTS,sm,sm-city-fairview,SM City Fairview,metro-manila
monicas apartment laundry room,Monica's Apartment Laundry Room,megaworld,venice-grand-canal-mall,Venice Grand Canal Mall,metro-manila
mongolian quick stop,Mongolian Quick Stop,waltermart,makati,WalterMart Makati,metro-manila
monga & siobee roasters,Monga & Siobee Roasters,waltermart,erodriguez,WalterMart E.Rodriguez,metro-manila
money xpress,Money Xpress,megaworld,eastwood-city-walk,Eastwood City Walk,metro-manila
concorde car accessories center,CONCORDE CAR ACCESSORIES CENTER,ayala,ayala-harbor-point,Harbor Point,north-luzon
concon,Concon,ortigas,greenhills,Greenhills,metro-manila
comic alley,COMIC ALLEY,sm,sm-city-cebu,SM City Cebu,visayas
combo de luxe,COMBO DE LUXE,robinsons,robinsons-tuguegarao,Robinsons Place Tuguegarao,north-luzon
colourette,COLOURETTE,sm,sm-city-north-edsa,SM City North Edsa,metro-manila
colorado photo,COLORADO PHOTO,sm,sm-city-pampanga,SM City Pampanga,north-luzon
color my hair,COLOR MY HAIR,sm,sm-megamall,SM Megamall,metro-manila
morihs hair & beauty salon,MORIH'S HAIR & BEAUTY SALON,robinsons,robinsons-iloilo,Robinsons Place Iloilo,visayas
moressi,MORESSI,sm,s-maison,S Maison,metro-manila
morellis gelato caffe,Morelli's Gelato Caffe,ortigas,greenhills,Greenhills,metro-manila
more hair center,MoRe Hair Center,ortigas,estancia,Estancia,metro-manila
moostea cafe,MOOSTEA CAFE,starmall,san-jose-del-monte,Starmall San Jose del Monte,north-luzon
moonsky sunny,MOONSKY SUNNY,sm,sm-seaside-city-cebu,SM Seaside City Cebu,visayas
moonleaf tea,MOONLEAF TEA,robinsons,robinsons-gapan,Robinsons Gapan,north-luzon
moonleaf,MOONLEAF,sm,sm-city-sucat,SM City Sucat,metro-manila
mood brows and lashes,MOOD BROWS AND LASHES,sm,sm-city-tuguegarao,SM City Tuguegarao,north-luzon
monza barcade concept,Monza / Barcade Concept,megaworld,arcovia-city,Arcovia City,metro-manila
montesa medical group aesthetic center,MONTESA MEDICAL GROUP AESTHETIC CENTER,ayala,ayala-circuit,Ayala Malls Circuit,metro-manila
mothers cake house,MOTHERS CAKE HOUSE,sm,sm-city-pampanga,SM City Pampanga,north-luzon
mother hen,Mother Hen,megaworld,festive-walk-mall-iloilo,Festive Walk Mall,visayas
mother base,Mother Base,ortigas,greenhills,Greenhills,metro-manila
mossimo satellite selling,MOSSIMO SATELLITE SELLING,robinsons,robinsons-ilocos,Robinsons Place Ilocos,north-luzon
mossimo (kids),Mossimo (Kids),robinsons,robinsons-malolos,Robinsons Place Malolos,north-luzon
mossimo (adults),Mossimo (Adults),robinsons,robinsons-malolos,Robinsons Place Malolos,north-luzon
moshi koshi,MOSHI KOSHI,ayala,ayala-market-market,Market! Market!,metro-manila
moshi gran cafe,MOSHI GRAN CAFE,ayala,one-ayala-mall,One Ayala,metro-manila
mos simo,MOS SIMO,robinsons,robinsons-pagadian,Robinsons Pagadian,mindanao
mortons the steakhouse,Morton's The Steakhouse,megaworld,uptown-mall,Uptown Mall,metro-manila
morning after antro,The Morning After/Antro,ortigas,greenhills,Greenhills,metro-manila
communicare therapy center,COMMUNICARE THERAPY CENTER,sm,sm-mall-of-asia,SM Mall of Asia,metro-manila
common room,COMMON ROOM,ayala,ayala-manila-bay,Ayala Malls Manila Bay,metro-manila
comme des garcons,COMME DES GARCONS,ayala,ayala-greenbelt,Greenbelt,metro-manila
commatics,Commatics,filinvest,festival-mall,Festival Mall,metro-manila
comic oddysey,Comic Oddysey,robinsons,robinsons-galleria-ortigas,Robinsons Galleria,metro-manila
color me mine,Color Me Mine,megaworld,uptown-mall,Uptown Mall,metro-manila
colonial creamery,COLONIAL CREAMERY,sm,sm-city-naga,SM City Naga,south-luzon
collective base,Collective Base,ortigas,greenhills,Greenhills,metro-manila
collage,COLLAGE,ayala,ayala-center-cebu,Ayala Center Cebu,visayas
cole haan grandshop,COLE HAAN GRANDSHOP,sm,sm-city-north-edsa,SM City North Edsa,metro-manila
coldee coffee,Coldee Coffee,filinvest,main-square,Main Square,south-luzon
cold zone,COLD ZONE,sm,sm-cdo-downtown,SM CDO Downtown Premier,mindanao
cold plate rolled ice cream,COLD PLATE ROLLED ICE CREAM,sm,sm-city-puerto-princesa,SM City Puerto Princesa,south-luzon
cold layers,Cold Layers,fishermall,quezonave,Fisher Mall Quezon Avenue,metro-manila
motosport,Motosport,robinsons,robinsons-iligan,Robinsons Place Iligan,mindanao
motorino,MOTORINO,sm,the-podium,The Podium,metro-manila
motomarket,Motomarket,megaworld,uptown-parade,Uptown Parade,metro-manila
moto aqua flask,Moto/ Aqua Flask,robinsons,robinsons-tacloban,Robinsons Place Tacloban,visayas
mothers touch hilot massage,MOTHER'S TOUCH HILOT + MASSAGE,sm,sm-city-legazpi,SM City Legazpi,south-luzon
mothers touch (hilot massage),Mother's Touch (Hilot + Massage),robinsons,robinsons-ormoc,Robinsons Place Ormoc,visayas
mothers fried chicken,MOTHER'S FRIED CHICKEN,ayala,ayala-center-cebu,Ayala Center Cebu,visayas
coffee lounge,THE COFFEE LOUNGE,sm,sm-city-rosales,SM City Rosales,north-luzon
coffee library,THE COFFEE LIBRARY,sm,sm-city-la-union,SM City La Union,north-luzon
coffee guys coffee shop,COFFEE GUYS COFFEE SHOP,sm,sm-city-bacolod,SM City Bacolod,visayas
coffee garden,THE COFFEE GARDEN,sm,sm-city-la-union,SM City La Union,north-luzon
coffee for peace,COFFEE FOR PEACE,ayala,ayala-abreeza,Abreeza,mindanao
mr coco,MR COCO,sm,sm-southmall,SM Southmall,metro-manila
mr clive shoe repair shop,MR. CLIVE SHOE REPAIR SHOP,robinsons,robinsons-novaliches,Robinsons Novaliches,metro-manila
mr chowfan,Mr. Chowfan,waltermart,makati,WalterMart Makati,metro-manila
mr b special puto bumbong,MR. B Special Puto Bumbong,waltermart,sta-rosa,WalterMart Sta. Rosa,south-luzon
mps telcom,MPS Telcom,robinsons,robinsons-gentrias,Robinsons Place Gen. Trias,south-luzon
movieworld,MOVIEWORLD,robinsons,robinsons-pagadian,Robinsons Pagadian,mindanao
move it powered rental scooter,MOVE IT POWERED RENTAL SCOOTER,sm,sm-seaside-city-cebu,SM Seaside City Cebu,visayas
move dance studio,MOVE DANCE STUDIO,sm,sm-city-cagayan-de-oro,SM City CDO Uptown,mindanao
mountain express,MOUNTAIN EXPRESS,robinsons,robinsons-metro-east,Robinsons Metro East,metro-manila
mountain blend,MOUNTAIN BLEND,sm,sm-city-urdaneta-central,SM City Urdaneta Central,north-luzon
motto,Motto,robinsons,robinsons-iligan,Robinsons Place Iligan,mindanao
mr lee rrj,MR. LEE/RRJ,starmall,edsa-shaw,Starmall EDSA-Shaw,metro-manila
mr kokio food cart,MR KOKIO FOOD CART,sm,sm-city-bacolod,SM City Bacolod,visayas
mr hongs unlimited samgyeopsal,MR. HONG'S UNLIMITED SAMGYEOPSAL,starmall,alabang,Starmall Alabang,metro-manila
mr green,MR GREEN,sm,sm-city-davao,SM City Davao,mindanao
mr dynamic,Mr Dynamic,ortigas,greenhills,Greenhills,metro-manila
mr doods laundry hub,MR DOODS LAUNDRY HUB,sm,sm-city-sto-tomas,SM City Sto. Tomas,south-luzon
mr diecast & collectibles,Mr. Diecast & Collectibles,robinsons,robinsons-dasmarinas,Robinsons Place Dasmarinas,south-luzon
mr d cellphone store,Mr. D. Cellphone Store,robinsons,robinsons-starmills,Robinsons Starmills,north-luzon
mr cutter,Mr Cutter,robinsons,robinsons-tacloban,Robinsons Place Tacloban,visayas
mr creamy station i,Mr. Creamy Station I 0927-848-6462,robinsons,robinsons-ormoc,Robinsons Place Ormoc,visayas
mr creamy station,MR. CREAMY STATION,robinsons,robinsons-ormoc,Robinsons Place Ormoc,visayas
cold cups,Cold Cups,robinsons,robinsons-jaro,Robinsons Place Jaro,visayas
col financial philippines davao,Col Financial Philippines Davao,robinsons,robinsons-cybergate-davao,Robinsons Cybergate Davao,mindanao
coi,COI,robinsons,robinsons-cybergate-cebu,Robinsons Cybergate Cebu,visayas
coffeebreak nxt,Coffeebreak NXT,robinsons,robinsons-pavia,Robinsons Place Pavia,visayas
coffee shop,The Coffee Shop,ortigas,estancia,Estancia,metro-manila
coffee break elite,Coffee Break Elite,megaworld,festive-walk-mall-iloilo,Festive Walk Mall,visayas
coffee bean & tea leaf (padre faura),The Coffee Bean & Tea Leaf (Padre Faura),robinsons,robinsons-manila,Robinsons Place Manila,metro-manila
coffee bean & tea leaf (midtown),The Coffee Bean & Tea Leaf (Midtown),robinsons,robinsons-manila,Robinsons Place Manila,metro-manila
coffee bay,COFFEE BAY,sm,sm-seaside-city-cebu,SM Seaside City Cebu,visayas
coffee and you coffee house,COFFEE AND YOU COFFEE HOUSE,sm,sm-city-clark,SM City Clark,north-luzon
coffee academics cafe,THE COFFEE ACADEMICS CAFE,sm,sm-megamall,SM Megamall,metro-manila
coffee academics,THE COFFEE ACADEMICS 9209733716,robinsons,robinsons-magnolia,Robinsons Magnolia,metro-manila
mr quickie plus,MR. QUICKIE PLUS,robinsons,robinsons-antipolo,Robinsons Place Antipolo,metro-manila
mr potato,MR POTATO,sm,sm-city-cebu,SM City Cebu,visayas
mr pluffy the cotton candy company,MR PLUFFY THE COTTON CANDY COMPANY,sm,sm-city-sucat,SM City Sucat,metro-manila
mr patatas,Mr. Patatas,robinsons,robinsons-malabon,Robinsons Town Mall Malabon,metro-manila
mr parks bread cake,MR PARKS BREAD CAKE,sm,sm-city-telabastagan,SM City Telabastagan,north-luzon
mr noodle,MR NOODLE,sm,smdc-strip-at-shore,SMDC Strip at Shore,metro-manila
mr ninja,MR. NINJA,ayala,ayala-market-market,Market! Market!,metro-manila
mr matakaw,MR MATAKAW,robinsons,robinsons-novaliches,Robinsons Novaliches,metro-manila
mr mala hotpot,MR. MALA HOTPOT,sm,sm-city-baliwag,SM City Baliwag,north-luzon
ms by marjories,MS BY MARJORIES,sm,sm-city-bicutan,SM City Bicutan,metro-manila
mrz mobile repair zone,MRZ MOBILE REPAIR ZONE,sm,sm-city-san-mateo,SM City San Mateo,metro-manila
mrs goodies,MRS GOODIES,sm,sm-city-cebu,SM City Cebu,visayas
mrg law office,MRG Law Office,robinsons,robinsons-novaliches,Robinsons Novaliches,metro-manila
mr wippy,MR. WIPPY,robinsons,robinsons-palawan,Robinsons Place Palawan,south-luzon
mr unlocker,MR. UNLOCKER,ayala,ayala-harbor-point,Harbor Point,north-luzon
mr ube,MR. UBE,ayala,ayala-cloverleaf,Ayala Malls Cloverleaf,metro-manila
mr taho,MR TAHO,sm,sm-jmall,SM J Mall,visayas
mr taco,MR TACO,sm,sm-city-clark,SM City Clark,north-luzon
mr sizzlers,MR SIZZLERS,sm,sm-seaside-city-cebu,SM Seaside City Cebu,visayas
mr shaw,Mr. Shaw,megaworld,san-lorenzo-place-mall,San Lorenzo Place Mall,metro-manila
mr renes quick shoes and bags repair shop,MR RENES QUICK SHOES AND BAGS REPAIR SHOP,sm,sm-city-sto-tomas,SM City Sto. Tomas,south-luzon
coffee dream,COFFEE DREAM,sm,sm-city-cebu,SM City Cebu,visayas
coffee but better,COFFEE BUT BETTER,sm,sm-cherry-antipolo,SM Center Antipolo Downtown,metro-manila
coffee buddy,COFFEE BUDDY,robinsons,robinsons-malolos,Robinsons Place Malolos,north-luzon
coffee break premier,Coffee Break Premier,megaworld,festive-walk-mall-iloilo,Festive Walk Mall,visayas
coffee & pine,COFFEE & PINE,sm,sm-city-baguio,SM City Baguio,north-luzon
coconut club and family & friends,COCONUT CLUB AND FAMILY & FRIENDS,ayala,ayala-bonifacio-high-street,Bonifacio High Street,metro-manila
cocolicious,COCOLICIOUS,robinsons,robinsons-valencia,Robinsons Place Valencia,mindanao
coco life,COCO LIFE,robinsons,robinsons-galleria-ortigas,Robinsons Galleria,metro-manila
coco lab,COCO LAB,sm,sm-city-la-union,SM City La Union,north-luzon
coco corner,COCO CORNER,sm,sm-city-olongapo-central,SM City Olongapo Central,north-luzon
coco circle,COCO CIRCLE,robinsons,robinsons-manila,Robinsons Place Manila,metro-manila
cocktails md,Cocktails Md,filinvest,festival-mall,Festival Mall,metro-manila
mugna,MUGNA,robinsons,robinsons-valencia,Robinsons Place Valencia,mindanao
muebles italiano,MUEBLES ITALIANO,sm,sm-megamall,SM Megamall,metro-manila
mu lan general merchandise,MU LAN GENERAL MERCHANDISE,robinsons,robinsons-novaliches,Robinsons Novaliches,metro-manila
mtmb,MTMB,starmall,alabang,Starmall Alabang,metro-manila
mt stomach,MT Stomach,megaworld,california-garden-square,California Garden Square,metro-manila
msr pro,MSR PRO,sm,sm-city-marilao,SM City Marilao,north-luzon
msc detour car care center,MSC DETOUR CAR CARE CENTER,ayala,ayala-capitol-central,Ayala Malls Capitol Central,visayas
ms cellphone accessories,MS CELLPHONE ACCESSORIES,robinsons,robinsons-dumaguete,Robinsons Place Dumaguete,visayas
music mayhem,MUSIC MAYHEM,robinsons,robinsons-metro-east,Robinsons Metro East,metro-manila
music house,The Music House,ortigas,greenhills,Greenhills,metro-manila
mushroom burger,Mushroom Burger,waltermart,cabanatuan,WalterMart Cabanatuan,north-luzon
museum of emotions,MUSEUM OF EMOTIONS,ayala,ayala-center-cebu,Ayala Center Cebu,visayas
museo barbershop nail gallery spa,MUSEO BARBERSHOP NAIL GALLERY SPA,sm,smdc-air-mall,SMDC Air Mall,metro-manila
musashi maru,MUSASHI MARU,ayala,ayala-glorietta,Glorietta,metro-manila
musar music,MUSAR MUSIC,sm,sm-city-baguio,SM City Baguio,north-luzon
mundae soft serve ice cream,MUNDAE SOFT SERVE ICE CREAM,sm,smdc-fame-mall,SMDC Fame Mall,metro-manila
mundae,Mundae,ortigas,greenhills,Greenhills,metro-manila
mumin innovations,MUMIN INNOVATIONS,robinsons,robinsons-malolos,Robinsons Place Malolos,north-luzon
mumbaki,Mumbaki,robinsons,robinsons-metro-east,Robinsons Metro East,metro-manila
multisport hub,MULTISPORT HUB,ayala,ayala-solenad,Ayala Malls Nuvali,south-luzon
multi time emporium,MULTI-TIME EMPORIUM,sm,sm-city-north-edsa,SM City North Edsa,metro-manila
muju,Muju,robinsons,robinsons-malolos,Robinsons Place Malolos,north-luzon
muji pop up store,Muji Pop-Up Store,araneta,gateway-mall,Gateway Mall,metro-manila
muhlachs ensaymada,Muhlach’s Ensaymada,robinsons,robinsons-manila,Robinsons Place Manila,metro-manila
coach,COACH,ayala,ayala-greenbelt,Greenbelt,metro-manila
co limited,CO LIMITED,sm,sm-seaside-city-cebu,SM Seaside City Cebu,visayas
cnt lechon,CNT LECHON,ayala,ayala-center-cebu,Ayala Center Cebu,visayas
cna sjd beauty shop,CNA-SJD BEAUTY SHOP,starmall,san-jose-del-monte,Starmall San Jose del Monte,north-luzon
cma cgm philippines inc,CMA CGM PHILIPPINES INC,sm,sm-cdo-downtown,SM CDO Downtown Premier,mindanao
clydes breads,Clyde's Breads,megaworld,lucky-chinatown-mall,Lucky Chinatown Mall,metro-manila
clydes bread and pastries,CLYDE'S BREAD AND PASTRIES,robinsons,robinsons-metro-east,Robinsons Metro East,metro-manila
club lux,Club Lux,megaworld,mactan-newtown,Mactan Newtown,visayas
mxt restaurant,MXT RESTAURANT,sm,sm-city-sta-mesa,SM City Sta. Mesa,metro-manila
mwell primary care,Mwell Primary Care,filinvest,main-square,Main Square,south-luzon
mvt mobile,MVT Mobile,megaworld,eastwood-cyber-mall,Eastwood Cyber Mall,metro-manila
mvp taekwando,MVP Taekwando,megaworld,festive-walk-parade,Festive Walk Parade,visayas
mutt chery,MUTT CHERY,sm,sm-mall-of-asia,SM Mall of Asia,metro-manila
musik wizzard,Musik Wizzard,robinsons,robinsons-tuguegarao,Robinsons Place Tuguegarao,north-luzon
music school of ryan cayabyab,THE MUSIC SCHOOL OF RYAN CAYABYAB,robinsons,robinsons-galleria-ortigas,Robinsons Galleria,metro-manila
music museum,Music Museum,ortigas,greenhills,Greenhills,metro-manila
my j & s,MY J & S,robinsons,robinsons-manila,Robinsons Place Manila,metro-manila
my is corn,My Is Corn,robinsons,robinsons-malolos,Robinsons Place Malolos,north-luzon
my health clinic quezon city,MY HEALTH CLINIC - QUEZON CITY,sm,sm-city-north-edsa,SM City North Edsa,metro-manila
my health,My Health,megaworld,venice-grand-canal-mall,Venice Grand Canal Mall,metro-manila
my happy home,My Happy Home,ortigas,greenhills,Greenhills,metro-manila
my greek taverna,MY GREEK TAVERNA,sm,sm-city-cebu,SM City Cebu,visayas
my girl milktea & coffee,My Girl Milktea & Coffee,robinsons,robinsons-luisita,Robinsons Luisita,north-luzon
my gems,My Gems,ortigas,greenhills,Greenhills,metro-manila
my falafel,My Falafel,megaworld,venice-grand-canal-mall,Venice Grand Canal Mall,metro-manila
my dollar store plus,My Dollar Store Plus,araneta,ali-mall,Ali Mall,metro-manila
my diamond technomarine,MY DIAMOND / TECHNOMARINE,robinsons,robinsons-manila,Robinsons Place Manila,metro-manila
my destination tours and travel,MY DESTINATION TOURS AND TRAVEL,sm,sm-cherry-antipolo,SM Center Antipolo Downtown,metro-manila
my chow (former hongkong noodles) i,MY CHOW (FORMER HONGKONG NOODLES) I 0998-181-9790,robinsons,robinsons-ormoc,Robinsons Place Ormoc,visayas
my choice i,MY CHOICE I 0918-525-3866,robinsons,robinsons-ormoc,Robinsons Place Ormoc,visayas
my angels enterprise,MY ANGELS ENTERPRISE,ayala,ayala-market-market,Market! Market!,metro-manila
cobo tea beverages,COBO TEA BEVERAGES,sm,sm-mall-of-asia,SM Mall of Asia,metro-manila
clothes by jah,CLOTHES BY JAH,ayala,ayala-harbor-point,Harbor Point,north-luzon
clinipath,Clinipath,robinsons,robinsons-metro-east,Robinsons Metro East,metro-manila
clinica esthetica,Clinica Esthetica 0917-8557566,robinsons,robinsons-sta-rosa,Robinsons Sta. Rosa,south-luzon
clinica comfy dental,CLINICA COMFY DENTAL,ayala,ayala-solenad,Ayala Malls Nuvali,south-luzon
clinic for dental concerns,Clinic For Dental Concerns,robinsons,robinsons-dumaguete,Robinsons Place Dumaguete,visayas
clickstore,CLICKSTORE,fishermall,malabon,Fisher Mall Malabon,metro-manila
click & prints,Click & Prints,robinsons,robinsons-tuguegarao,Robinsons Place Tuguegarao,north-luzon
clearcom merchandising,CLEARCOM MERCHANDISING,sm,sm-city-lucena,SM City Lucena,south-luzon
clear view 3d ultrasound,Clear View 3D Ultrasound,robinsons,robinsons-starmills,Robinsons Starmills,north-luzon
my thai,My Thai,megaworld,venice-grand-canal-mall,Venice Grand Canal Mall,metro-manila
my south hall,MY SOUTH HALL,sm,s-maison,S Maison,metro-manila
my smile,My Smile,robinsons,robinsons-iloilo,Robinsons Place Iloilo,visayas
my skin clinic,My Skin Clinic,filinvest,festival-mall,Festival Mall,metro-manila
my nail society,MY NAIL SOCIETY,sm,smdc-jazz-mall,SMDC Jazz Mall,metro-manila
my jewelry box,My Jewelry Box,ortigas,greenhills,Greenhills,metro-manila
my jewellery box,My Jewellery Box,ortigas,greenhills,Greenhills,metro-manila
nadai fujisoba,NADAI FUJISOBA,sm,sm-aura,SM Aura,metro-manila
nacho shack,NACHO SHACK,sm,sm-city-baguio,SM City Baguio,north-luzon
n1 coffee,N1 COFFEE,robinsons,robinsons-manila,Robinsons Place Manila,metro-manila
mywatch,MyWatch,araneta,gateway-mall-2,Gateway Mall 2,metro-manila
myungrang hotdog,MYUNGRANG HOTDOG,ayala,ayala-circuit,Ayala Malls Circuit,metro-manila
mythai,Mythai,ortigas,greenhills,Greenhills,metro-manila
mystery manila,Mystery Manila,megaworld,eastwood-city-walk,Eastwood City Walk,metro-manila
mystery case,MYSTERY CASE,sm,sm-city-fairview,SM City Fairview,metro-manila
myrtelle fonebytes,Myrtelle Fonebytes,robinsons,robinsons-imus,Robinsons Place Imus,south-luzon
myrtelle fone bytes trading,MYRTELLE FONE BYTES TRADING,sm,sm-marketmall-dasmarinas,SM Marketmall Dasmarinas,south-luzon
mylo speech therapy center,Mylo Speech Therapy Center,ortigas,the-strip,The Strip,metro-manila
mylenes ensaymada & banana cake,MYLENE'S ENSAYMADA & BANANA CAKE,ayala,ayala-feliz,Ayala Malls Feliz,metro-manila
mygold,MYGOLD,ayala,ayala-center-cebu,Ayala Center Cebu,visayas
clt cafe,CLT CAFE,robinsons,robinsons-gapan,Robinsons Gapan,north-luzon
cloudys chicken hub,CLOUDYS CHICKEN HUB,sm,sm-city-cauayan,SM City Cauayan,north-luzon
cloud eats,Cloud Eats,megaworld,venice-grand-canal-mall,Venice Grand Canal Mall,metro-manila
claw cafe,Claw Cafe,ortigas,estancia,Estancia,metro-manila
classique home interior,Classique Home Interior,filinvest,festival-mall,Festival Mall,metro-manila
classic hifi,CLASSIC HIFI,ayala,ayala-center-cebu,Ayala Center Cebu,visayas
clarkie,Clarkie,megaworld,mactan-newtown,Mactan Newtown,visayas
clarisse,CLARISSE,sm,sm-cherry-antipolo,SM Center Antipolo Downtown,metro-manila
clara scents,CLARA SCENTS,sm,sm-city-bacoor,SM City Bacoor,south-luzon
claire & carlos,Claire & Carlos,ortigas,tiendesitas,Tiendesitas,metro-manila
cku digital supplies,CKU Digital Supplies,robinsons,robinsons-valencia,Robinsons Place Valencia,mindanao
nai cha,NAI CHA,sm,sm-city-cagayan-de-oro,SM City CDO Uptown,mindanao
nagomi zakura,NAGOMI ZAKURA,sm,sm-city-trece-martires,SM City Trece Martires,south-luzon
naga optical,NAGA OPTICAL,sm,sm-city-naga,SM City Naga,south-luzon
naduma,NADUMA,sm,sm-city-baguio,SM City Baguio,north-luzon
nadomi maki food house,NADOMI MAKI FOOD HOUSE,sm,sm-city-rosario,SM City Rosario,south-luzon
nadines medical clinic,Nadine's Medical Clinic,robinsons,robinsons-dasmarinas,Robinsons Place Dasmarinas,south-luzon
nadines a z driving academy,Nadine's A-Z Driving Academy,robinsons,robinsons-imus,Robinsons Place Imus,south-luzon
nadela dental clinic,NADELA DENTAL CLINIC,sm,sm-cdo-downtown,SM CDO Downtown Premier,mindanao
civina healthline,Civina Healthline,robinsons,robinsons-palawan,Robinsons Place Palawan,south-luzon
civet coffee roasters,THE CIVET COFFEE ROASTERS,sm,sm-city-cebu,SM City Cebu,visayas
citydent dental specialty,CITYDENT DENTAL SPECIALTY,sm,sm-city-cebu,SM City Cebu,visayas
citycomputer,CITYCOMPUTER,robinsons,robinsons-valencia,Robinsons Place Valencia,mindanao
city time,CITY TIME,sm,sm-city-fairview,SM City Fairview,metro-manila
city smiles dental services,City Smiles Dental Services,robinsons,robinsons-bacolod,Robinsons Place Bacolod,visayas
city smiles,City Smiles,robinsons,robinsons-iloilo,Robinsons Place Iloilo,visayas
city md,City MD,robinsons,robinsons-bacolod,Robinsons Place Bacolod,visayas
nail vitale,NAIL VITALE,robinsons,opus,Opus Mall,metro-manila
nail tropics body shop,NAIL TROPICS BODY SHOP,sm,sm-city-bf-paranaque,SM City BF Parañaque,metro-manila
nail story,NAIL STORY,sm,sm-city-puerto-princesa,SM City Puerto Princesa,south-luzon
nail spa lounge by ellabell,NAIL SPA LOUNGE BY ELLABELL,robinsons,robinsons-manila,Robinsons Place Manila,metro-manila
nail corner spa,NAIL CORNER SPA,sm,sm-city-marilao,SM City Marilao,north-luzon
cleaning crew,Cleaning Crew,megaworld,california-garden-square,California Garden Square,metro-manila
clean & bright professional carwash,Clean & Bright Professional Carwash,robinsons,robinsons-cybergate-davao,Robinsons Cybergate Davao,mindanao
cle de peau beaute,CLE DE PEAU BEAUTE,ayala,ayala-greenbelt,Greenbelt,metro-manila
city buffet,CITY BUFFET,sm,sm-city-fairview,SM City Fairview,metro-manila
city best dental clinic,CITY BEST DENTAL CLINIC,sm,sm-city-sta-mesa,SM City Sta. Mesa,metro-manila
citrus pulp detox,CITRUS PULP DETOX,sm,sm-city-clark,SM City Clark,north-luzon
citrus blend,Citrus Blend,waltermart,paniqui,WalterMart Paniqui,north-luzon
citrus and shakes,CITRUS AND SHAKES,robinsons,robinsons-pangasinan,Robinsons Place Pangasinan,north-luzon
citrus & chips,Citrus & Chips,robinsons,robinsons-pangasinan,Robinsons Place Pangasinan,north-luzon
naki pica pica corner,NAKI PICA PICA CORNER,sm,sm-city-naga,SM City Naga,south-luzon
nailtensity,Nailtensity,robinsons,robinsons-imus,Robinsons Place Imus,south-luzon
nails toes spa,NAILS TOES SPA,sm,sm-city-san-fernando-downtown,SM City San Fernando Downtown,north-luzon
nails solutions,Nails Solutions,robinsons,robinsons-dasmarinas,Robinsons Place Dasmarinas,south-luzon
nails dot glow,Nails Dot Glow,megaworld,southwoods-mall,Southwoods Mall,south-luzon
nailcrush,NailCrush,waltermart,sta-rosa,WalterMart Sta. Rosa,south-luzon
ckk mobile,CKK Mobile,robinsons,robinsons-dasmarinas,Robinsons Place Dasmarinas,south-luzon
cjj,CJJ,araneta,farmers-plaza,Farmers Plaza,metro-manila
cj home,CJ Home,robinsons,robinsons-dasmarinas,Robinsons Place Dasmarinas,south-luzon
cj five,CJ Five,araneta,farmers-plaza,Farmers Plaza,metro-manila
chunky boss,CHUNKY BOSS,sm,sm-mall-of-asia,SM Mall of Asia,metro-manila
chronomile watch store,CHRONOMILE WATCH STORE,robinsons,robinsons-santiago,Robinsons Place Santiago,north-luzon
chroma men,CHROMA MEN,robinsons,robinsons-metro-east,Robinsons Metro East,metro-manila
nara thai cuisine,NARA THAI CUISINE,sm,sm-megamall,SM Megamall,metro-manila
nanay ses pasalubong,NANAY SE'S PASALUBONG,robinsons,robinsons-manila,Robinsons Place Manila,metro-manila
nanay julings batangas cuisine,NANAY JULINGS BATANGAS CUISINE,sm,sm-city-manila,SM City Manila,metro-manila
nanay juliets eatery,NANAY JULIET'S EATERY,ayala,ayala-marquee,MarQuee Mall,north-luzon
nanam iloco,NANAM ILOCO,sm,sm-city-baguio,SM City Baguio,north-luzon
namaste skin care spa massage,NAMASTE SKIN CARE SPA MASSAGE,sm,sm-city-urdaneta-central,SM City Urdaneta Central,north-luzon
namaste,Namaste,robinsons,robinsons-tacloban,Robinsons Place Tacloban,visayas
nakpil eye clinic and vision therapy center,Nakpil Eye Clinic And Vision Therapy Center,filinvest,festival-mall,Festival Mall,metro-manila
city light,City Light,fishermall,quezonave,Fisher Mall Quezon Avenue,metro-manila
city government of taguig satellite office,CITY GOVERNMENT OF TAGUIG SATELLITE OFFICE,sm,sm-aura,SM Aura,metro-manila
city government of pasig city,CITY GOVERNMENT OF PASIG CITY,ayala,ayala-the-30th,Ayala Malls The 30th,metro-manila
city government of bacoor regional trial court,"City Government Of Bacoor Regional Trial Court (branch 114, 115, 116, 117, 118 And 119)",filinvest,main-square,Main Square,south-luzon
city cycle,City Cycle,megaworld,california-garden-square,California Garden Square,metro-manila
native kopi & co,NATIVE KOPI & CO,sm,sm-city-general-santos,SM City General Santos,mindanao
national university inc,NATIONAL UNIVERSITY INC,sm,nu-mall-of-asia-building,NU MALL OF ASIA BUILDING,metro-manila
national police clearance system (npcs),NATIONAL POLICE CLEARANCE SYSTEM (NPCS),robinsons,robinsons-valencia,Robinsons Place Valencia,mindanao
national labor relations commission (nlrc),National Labor Relations Commission (nlrc),filinvest,main-square,Main Square,south-luzon
national home mortgage,National Home Mortgage 0920-911-6299,robinsons,robinsons-sta-rosa,Robinsons Sta. Rosa,south-luzon
national geographic,NATIONAL GEOGRAPHIC,sm,sm-megamall,SM Megamall,metro-manila
national everyday,National Everyday,megaworld,newport-city,Newport City,metro-manila
national bureau of investigation (nbi),National Bureau Of Investigation (nbi),filinvest,main-square,Main Square,south-luzon
national bookstore i,NATIONAL BOOKSTORE I 0951-828-7328,robinsons,robinsons-ormoc,Robinsons Place Ormoc,visayas
nathans famous,NATHANS FAMOUS,sm,sm-mall-of-asia,SM Mall of Asia,metro-manila
nathaniels bakeshop,NATHANIEL'S BAKESHOP,ayala,ayala-marquee,MarQuee Mall,north-luzon
nasreyah cellphones & accessories,NASREYAH CELLPHONES & ACCESSORIES,robinsons,robinsons-novaliches,Robinsons Novaliches,metro-manila
citi bites pizza & pasta,Citi Bites Pizza & Pasta,robinsons,robinsons-la-union,Robinsons Place La Union,north-luzon
cisco systems management b v,CISCO SYSTEMS MANAGEMENT B V,sm,sm-aura,SM Aura,metro-manila
cindys bakery,Cindy's Bakery,robinsons,robinsons-metro-east,Robinsons Metro East,metro-manila
ciao mango,CIAO MANGO,robinsons,robinsons-malabon,Robinsons Town Mall Malabon,metro-manila
christs commission fellowship (ccf),CHRIST'S COMMISSION FELLOWSHIP (CCF),robinsons,galleria-south,Robinsons Galleria South,south-luzon
christine llhuilier,Christine Llhuilier,ortigas,greenhills,Greenhills,metro-manila
christine lhuillier perfumerie,CHRISTINE LHUILLIER PERFUMERIE,robinsons,robinsons-manila,Robinsons Place Manila,metro-manila
christine lhuillere parfumerie,Christine Lhuillere Parfumerie,araneta,gateway-mall,Gateway Mall,metro-manila
christian dior,CHRISTIAN DIOR,ayala,ayala-greenbelt,Greenbelt,metro-manila
chow dynasty,Chow Dynasty,ortigas,greenhills,Greenhills,metro-manila
chotto matcha,Chotto Matcha,megaworld,arcovia-city,Arcovia City,metro-manila
chops children park,Chops Children Park,robinsons,robinsons-pavia,Robinsons Place Pavia,visayas
nazrea pearls,NAZREA PEARLS,ayala,ayala-centrio,Centrio Mall,mindanao
naytess lutong bahay,NAYTESS LUTONG BAHAY,ayala,ayala-pavilion,Pavilion Mall,south-luzon
nay linas homemade pies,NAY LINAS HOMEMADE PIES,sm,sm-city-san-mateo,SM City San Mateo,metro-manila
naughty nachos,Naughty Nachos,megaworld,festive-walk-mall-iloilo,Festive Walk Mall,visayas
natures way aromatherapy,THE NATURES WAY AROMATHERAPY,sm,sm-city-san-mateo,SM City San Mateo,metro-manila
natureal juice,NATUREAL JUICE,sm,sm-lanang,SM Lanang,mindanao
nature republic n cat,NATURE REPUBLIC / N.CAT,ayala,ayala-centrio,Centrio Mall,mindanao
natividad,NATIVIDAD,sm,sm-city-grand-central,SM City Grand Central,metro-manila
chocolate chamber,The Chocolate Chamber,robinsons,robinsons-galleria-cebu,Robinsons Galleria Cebu,visayas
chocfull of nuts,Chocfull of Nuts,robinsons,robinsons-magnolia,Robinsons Magnolia,metro-manila
chlosam laundry services,CHLOSAM LAUNDRY SERVICES,sm,sm-center-las-pinas,SM Center Las Piñas,metro-manila
chizmoza,Chizmoza,ortigas,estancia,Estancia,metro-manila
ness press carwash,Ness Press Carwash,robinsons,robinsons-roxas,Robinsons Place Roxas,visayas
nephromed asia dialysis center,NEPHROMED ASIA DIALYSIS CENTER,sm,sm-cherry-antipolo,SM Center Antipolo Downtown,metro-manila
nephroasia dialysis center,Nephroasia Dialysis Center 0945 133 3131,robinsons,robinsons-sta-rosa,Robinsons Sta. Rosa,south-luzon
nephroasia clinic,Nephroasia Clinic,robinsons,robinsons-gentrias,Robinsons Place Gen. Trias,south-luzon
neola nails & spa,Neola Nails & Spa,ortigas,greenhills,Greenhills,metro-manila
nenita farms,NENITA FARMS,ayala,ayala-market-market,Market! Market!,metro-manila
needles & threads,NEEDLES & THREADS,ayala,ayala-the-district-dasmarinas,The District Dasmarinas,south-luzon
need coffee,Need Coffee,robinsons,robinsons-naga,Robinsons Place Naga,south-luzon
neeco1,Neeco1,waltermart,gapan,WalterMart Gapan,north-luzon
near dental clinic,NEAR DENTAL CLINIC,sm,sm-jmall,SM J Mall,visayas
ne bakeshop & restaurant,NE Bakeshop & Restaurant,waltermart,cabanatuan,WalterMart Cabanatuan,north-luzon
ne bakeshop,NE BAKESHOP,robinsons,robinsons-gapan,Robinsons Gapan,north-luzon
new your fries and dip,New Your Fries and Dip,robinsons,robinsons-tacloban,Robinsons Place Tacloban,visayas
new yorker pizza,New Yorker Pizza,ortigas,greenhills,Greenhills,metro-manila
new york supreme,NEW YORK SUPREME,sm,sm-city-clark,SM City Clark,north-luzon
new york cubao,"New York, Cubao",robinsons,robinsons-magnolia,Robinsons Magnolia,metro-manila
new york buffalo brads hot wings,NEW YORK BUFFALO BRADS HOT WINGS,sm,sm-city-cebu,SM City Cebu,visayas
new york bagels,New York Bagels,robinsons,robinsons-galleria-cebu,Robinsons Galleria Cebu,visayas
new sunbeam,New Sunbeam,ortigas,greenhills,Greenhills,metro-manila
new nemar,NEW NEMAR,sm,sm-center-san-pedro,SM Center San Pedro,south-luzon
new life christian center,NEW LIFE CHRISTIAN CENTER,ayala,ayala-trinoma,Trinoma,metro-manila
new innovation cellphone and accessories,NEW INNOVATION CELLPHONE AND ACCESSORIES,sm,sm-city-valenzuela,SM City Valenzuela,metro-manila
new generation dental premier,NEW GENERATION DENTAL PREMIER,robinsons,robinsons-galleria-ortigas,Robinsons Galleria,metro-manila
new bombay restaurant,NEW BOMBAY RESTAURANT,sm,the-podium,The Podium,metro-manila
neutral grounds spiel,NEUTRAL GROUNDS SPIEL,sm,sm-megamall,SM Megamall,metro-manila
chooks i,CHOOKS I 0992-826-2245,robinsons,robinsons-ormoc,Robinsons Place Ormoc,visayas
choo choo train,THE CHOO CHOO TRAIN,robinsons,robinsons-tuguegarao,Robinsons Place Tuguegarao,north-luzon
choi garden,Choi Garden,ortigas,greenhills,Greenhills,metro-manila
chingkeetea,CHINGKEETEA,ayala,ayala-centrio,Centrio Mall,mindanao
chinese mandarin,Chinese Mandarin,ortigas,greenhills,Greenhills,metro-manila
chinatown cafe,CHINATOWN CAFE,sm,sm-city-roxas,SM City Roxas,visayas
nihonkai tsukiji,Nihonkai Tsukiji,megaworld,venice-grand-canal-mall,Venice Grand Canal Mall,metro-manila
nightshade cocktails & spirits,Nightshade Cocktails & Spirits,megaworld,mckinley-west,McKinley West,metro-manila
nids binalot,Nid's Binalot,robinsons,robinsons-lipa,Robinsons Place Lipa,south-luzon
nicoletti home,Nicoletti Home,megaworld,mckinley-west,McKinley West,metro-manila
nicolette bakery cafe,NICOLETTE BAKERY CAFE,sm,sm-city-iloilo,SM City Iloilo,visayas
nicole gadgets,Nicole Gadgets,ortigas,greenhills,Greenhills,metro-manila
nicks,NICKS,sm,sm-city-bacolod,SM City Bacolod,visayas
nice day carwash,NICE DAY CARWASH,starmall,talisay,Starmall Talisay Cebu,visayas
ngohiong express,NGOHIONG EXPRESS,ayala,ayala-malls-central-bloc,Ayala Malls Central Bloc,visayas
ngenius it hub,NGENIUS IT HUB,sm,sm-city-cebu,SM City Cebu,visayas
newtopia,Newtopia,robinsons,robinsons-iloilo,Robinsons Place Iloilo,visayas
newport cinemas,Newport Cinemas,megaworld,newport-city,Newport City,metro-manila
newlife cellphone and accessories,NEWLIFE CELLPHONE AND ACCESSORIES,sm,sm-city-lucena,SM City Lucena,south-luzon
nissan showroom,NISSAN SHOWROOM,robinsons,robinsons-las-pinas,Robinsons Place Las Pinas,metro-manila
niseko coffee,Niseko Coffee,ortigas,greenhills,Greenhills,metro-manila
nisce skin clinic,NISCE SKIN CLINIC (0930-648-9600),robinsons,robinsons-la-union,Robinsons Place La Union,north-luzon
ninetygo,NINETYGO,sm,sm-city-north-edsa,SM City North Edsa,metro-manila
nikola moto,NIKOLA MOTO,sm,sm-city-north-edsa,SM City North Edsa,metro-manila
nikkei,NIKKEI,sm,the-podium,The Podium,metro-manila
nike zone,Nike Zone,robinsons,robinsons-starmills,Robinsons Starmills,north-luzon
nike sports center,NIKE SPORTS CENTER,ayala,ayala-capitol-central,Ayala Malls Capitol Central,visayas
nike outlet,Nike Outlet,ortigas,greenhills,Greenhills,metro-manila
chiropractor inc,"The Chiropractor, Inc.",megaworld,southwoods-mall,Southwoods Mall,south-luzon
chippens,CHIPPENS,robinsons,robinsons-cybergate-davao,Robinsons Cybergate Davao,mindanao
chins express inihaw express,Chin’s Express / Inihaw Express,filinvest,festival-mall,Festival Mall,metro-manila
chinooks roast and fried chicken,CHINOOKS ROAST AND FRIED CHICKEN,robinsons,robinsons-sta-rosa,Robinsons Sta. Rosa,south-luzon
chino latino (food truck),CHINO LATINO (FOOD TRUCK) (NEW),robinsons,robinsons-tagaytay,Robinsons Tagaytay,south-luzon
chingus buko house,Chingus Buko House,robinsons,robinsons-malolos,Robinsons Place Malolos,north-luzon
chingu buko,Chingu Buko,robinsons,robinsons-imus,Robinsons Place Imus,south-luzon
chin sticks food corner,Chin Sticks Food Corner,robinsons,robinsons-fuente,Robinsons Fuente,visayas
chin sticks,CHIN STICKS 9154049029,robinsons,robinsons-cybergate-cebu,Robinsons Cybergate Cebu,visayas
chin medical clinic,CHIN MEDICAL CLINIC,robinsons,robinsons-cybergate-cebu,Robinsons Cybergate Cebu,visayas
chin chins jewelry,CHIN CHINS JEWELRY,robinsons,robinsons-tuguegarao,Robinsons Place Tuguegarao,north-luzon
chimes,CHIMES,ayala,ayala-abreeza,Abreeza,mindanao
chilx,CHILX,robinsons,robinsons-ormoc,Robinsons Place Ormoc,visayas
chill top,Chill Top,ortigas,the-strip,The Strip,metro-manila
chill hub,CHILL HUB,ayala,ayala-circuit,Ayala Malls Circuit,metro-manila
chill cafe,Chill Cafe,robinsons,robinsons-galleria-cebu,Robinsons Galleria Cebu,visayas
no brand,NO BRAND,ayala,ayala-glorietta,Glorietta,metro-manila
no bad days coffee,No Bad Days Coffee,megaworld,southwoods-mall,Southwoods Mall,south-luzon
njb printing & souvenir shop,NJB PRINTING & SOUVENIR SHOP,waltermart,erodriguez,WalterMart E.Rodriguez,metro-manila
niya claw machine,NIYA CLAW MACHINE,robinsons,robinsons-novaliches,Robinsons Novaliches,metro-manila
nitro 7 coffee tea bar,NITRO 7 COFFEE TEA BAR,sm,sm-city-sucat,SM City Sucat,metro-manila
nitro 7,NITRO 7,sm,sm-megamall,SM Megamall,metro-manila
nitori,Nitori,filinvest,festival-mall,Festival Mall,metro-manila
noon talk,NOON TALK,sm,sm-mall-of-asia,SM Mall of Asia,metro-manila
noodles everyday,Noodles Everyday,megaworld,lucky-chinatown-mall,Lucky Chinatown Mall,metro-manila
noodle house exhibit,NOODLE HOUSE EXHIBIT,sm,sm-city-sucat,SM City Sucat,metro-manila
nonnas pasta & pizzeria,NONNA'S PASTA & PIZZERIA,ayala,ayala-solenad,Ayala Malls Nuvali,south-luzon
nonki japanese restaurant,NONKI JAPANESE RESTAURANT,sm,sm-city-cebu,SM City Cebu,visayas
noms,NOMS,sm,sm-city-pampanga,SM City Pampanga,north-luzon
nomikashi,NOMIKASHI,sm,sm-city-novaliches,SM City Novaliches,metro-manila
nomikai gastropub,Nomikai Gastropub,robinsons,robinsons-tacloban,Robinsons Place Tacloban,visayas
noahs petsmart,NOAH'S PETSMART,ayala,ayala-centrio,Centrio Mall,mindanao
no strips salon,NO STRIPS SALON 0907-509-7345,robinsons,robinsons-cybergate-cebu,Robinsons Cybergate Cebu,visayas
no problem stk,NO PROBLEM STK,sm,sm-jmall,SM J Mall,visayas
no problem lets go bingo,No Problem Lets Go Bingo,robinsons,robinsons-tacloban,Robinsons Place Tacloban,visayas
no curfew,NO CURFEW,sm,sm-city-iloilo,SM City Iloilo,visayas
china mommy,China Mommy,robinsons,robinsons-magnolia,Robinsons Magnolia,metro-manila
china bank savings,CHINA BANK SAVINGS,sm,smdc-sun-mall,SMDC Sun Mall,metro-manila
china bank atm,CHINA BANK - ATM,robinsons,robinsons-manila,Robinsons Place Manila,metro-manila
chikaan sa cebu,CHIKAAN SA CEBU,ayala,ayala-center-cebu,Ayala Center Cebu,visayas
chika an,Chika-an,robinsons,robinsons-galleria-cebu,Robinsons Galleria Cebu,visayas
chigue house of kimchi,CHIGUE HOUSE OF KIMCHI,ayala,ayala-capitol-central,Ayala Malls Capitol Central,visayas
chiggys kesaku,CHIGGY'S KESAKU,robinsons,robinsons-valencia,Robinsons Place Valencia,mindanao
chido donuts,Chido Donuts,megaworld,venice-grand-canal-mall,Venice Grand Canal Mall,metro-manila
chickin,Chickin,megaworld,festive-walk-parade,Festive Walk Parade,visayas
chick net,Chick Net,filinvest,festival-mall,Festival Mall,metro-manila
north dental clinic,NORTH DENTAL CLINIC,sm,sm-city-consolacion,SM City Consolacion,visayas
north brew,NORTH BREW,sm,sm-city-baguio,SM City Baguio,north-luzon
nors footwear,NORS FOOTWEAR,robinsons,robinsons-novaliches,Robinsons Novaliches,metro-manila
nori san,NORI-SAN,sm,sm-cherry-shaw,SM Center Shaw,metro-manila
nords bread hub,NORDS BREAD HUB,sm,sm-city-north-edsa,SM City North Edsa,metro-manila
nords,NORD'S,waltermart,erodriguez,WalterMart E.Rodriguez,metro-manila
nora salon,Nora Salon,robinsons,robinsons-manila,Robinsons Place Manila,metro-manila
noontalk nail lounge,NOONTALK NAIL LOUNGE,robinsons,robinsons-antipolo,Robinsons Place Antipolo,metro-manila
noonsaram korean cafe,NOONSARAM KOREAN CAFE,sm,sm-lanang,SM Lanang,mindanao
nuat thai (massage & spa),NUAT THAI (MASSAGE & SPA),robinsons,robinsons-tagaytay,Robinsons Tagaytay,south-luzon
nu fairview inc,NU FAIRVIEW INC,sm,sm-city-fairview,SM City Fairview,metro-manila
nu bulacan inc,NU BULACAN INC,sm,sm-city-baliwag,SM City Baliwag,north-luzon
ntoys,Ntoys,ortigas,greenhills,Greenhills,metro-manila
nstyle nail beauty lounge,NSTYLE NAIL BEAUTY LOUNGE,sm,sm-city-consolacion,SM City Consolacion,visayas
nsn dentalworks,NSN DENTALWORKS,sm,sm-city-manila,SM City Manila,metro-manila
nrl petgrooming pet shop,NRL PETGROOMING PET SHOP,robinsons,robinsons-novaliches,Robinsons Novaliches,metro-manila
nova watch,Nova Watch,waltermart,sta-maria,WalterMart Sta. Maria,north-luzon
nova skin,Nova Skin,ortigas,greenhills,Greenhills,metro-manila
nouveau skin clinic,NOUVEAU SKIN CLINIC,ayala,ayala-marikina,Ayala Malls Marikina,metro-manila
nothing but laundry,Nothing But Laundry,megaworld,eastwood-cyber-mall,Eastwood Cyber Mall,metro-manila
notary public,Notary Public,robinsons,robinsons-sta-rosa,Robinsons Sta. Rosa,south-luzon
not just silver,Not Just Silver,robinsons,robinsons-palawan,Robinsons Place Palawan,south-luzon
nose boop,Nose Boop,megaworld,venice-grand-canal-mall,Venice Grand Canal Mall,metro-manila
north tech,NORTH TECH,sm,sm-city-rosales,SM City Rosales,north-luzon
chikten wings,ChikTEN Wings,robinsons,robinsons-ilocos,Robinsons Place Ilocos,north-luzon
ny bagel by kates,NY BAGEL BY KATE'S,ayala,ayala-center-cebu,Ayala Center Cebu,visayas
nuvera aesthetic,Nuvera Aesthetic,megaworld,newport-city,Newport City,metro-manila
nuts and bits,Nuts And Bits,waltermart,carmona,WalterMart Carmona,south-luzon
nutriel,Nutriel,robinsons,robinsons-roxas,Robinsons Place Roxas,visayas
nutribullet,NUTRIBULLET,ayala,ayala-glorietta,Glorietta,metro-manila
nutri health and beauty products trading,Nutri Health And Beauty Products Trading,araneta,farmers-plaza,Farmers Plaza,metro-manila
nutech solutions,NUTECH SOLUTIONS,sm,sm-city-cebu,SM City Cebu,visayas
nutech,NUTECH,ayala,ayala-malls-central-bloc,Ayala Malls Central Bloc,visayas
nutcracker,THE NUTCRACKER,sm,sm-city-cagayan-de-oro,SM City CDO Uptown,mindanao
nurlikas pearl shoppe,NURLIKA'S PEARL SHOPPE,ayala,ayala-abreeza,Abreeza,mindanao
number 1 barbeque,NUMBER 1 BARBEQUE,sm,sm-city-east-ortigas,SM City East Ortigas,metro-manila
nullspace,Nullspace,megaworld,uptown-mall,Uptown Mall,metro-manila
null,Null,araneta,ali-mall,Ali Mall,metro-manila
nuggets foreign exchange services,NUGGETS FOREIGN EXCHANGE SERVICES,robinsons,robinsons-novaliches,Robinsons Novaliches,metro-manila
nude floor dance studio,NUDE FLOOR DANCE STUDIO,ayala,ayala-circuit,Ayala Malls Circuit,metro-manila
nuat thai premier,NUAT THAI PREMIER,sm,smdc-air-mall,SMDC Air Mall,metro-manila
chias letchon house,CHIA'S LETCHON HOUSE,robinsons,robinsons-la-union,Robinsons Place La Union,north-luzon
chi luxury,Chi Luxury,megaworld,lucky-chinatown-mall,Lucky Chinatown Mall,metro-manila
chi cha san chen,Chi Cha San Chen,robinsons,robinsons-magnolia,Robinsons Magnolia,metro-manila
chez rose,Chez Rose,robinsons,robinsons-bacolod,Robinsons Place Bacolod,visayas
chesterup gadget solution,CHESTERUP GADGET SOLUTION,sm,sm-city-naga,SM City Naga,south-luzon
chester enterprises inc,CHESTER ENTERPRISES INC,sm,sm-city-cebu,SM City Cebu,visayas
cheskaffe,CHESKAFFE,sm,sm-center-san-pedro,SM Center San Pedro,south-luzon
cherys jewelry,Chery's Jewelry,ortigas,greenhills,Greenhills,metro-manila
cherrys stitches,Cherrys Stitches,waltermart,dasmarinas,WalterMart Dasmariñas,south-luzon
cherrys house of stitches n frames,Cherry's House of Stitches N' Frames,waltermart,dasmarinas,WalterMart Dasmariñas,south-luzon
cherry turf,CHERRY TURF,sm,sm-cherry-shaw,SM Center Shaw,metro-manila
cherry mobile store,CHERRY MOBILE STORE,starmall,san-jose-del-monte,Starmall San Jose del Monte,north-luzon
o banh mi,O BANH MI,robinsons,robinsons-galleria-ortigas,Robinsons Galleria,metro-manila
nyfd premiere,NYFD PREMIERE,ayala,one-ayala-mall,One Ayala,metro-manila
nyc studio salon,NYC STUDIO SALON,sm,sm-city-urdaneta-central,SM City Urdaneta Central,north-luzon
ny buffalo brads hot wings,NY BUFFALO BRADS HOT WINGS,ayala,ayala-malls-central-bloc,Ayala Malls Central Bloc,visayas
octagon computer shop,OCTAGON COMPUTER SHOP,robinsons,robinsons-pagadian,Robinsons Pagadian,mindanao
ochie,Ochie,ortigas,greenhills,Greenhills,metro-manila
ochado,Ochado,filinvest,festival-mall,Festival Mall,metro-manila
oceannail nail and lashes salon,OCEANNAIL NAIL AND LASHES SALON,ayala,ayala-marquee,MarQuee Mall,north-luzon
ocean seafood restaurant,OCEAN SEAFOOD RESTAURANT,sm,sm-by-the-bay,SM By the Bay,metro-manila
occupational safety and health center,OCCUPATIONAL SAFETY AND HEALTH CENTER,ayala,ayala-legazpi,Ayala Malls Legazpi,south-luzon
occassions,OCCASSIONS,ayala,ayala-market-market,Market! Market!,metro-manila
occasion gift shop,Occasion Gift Shop,araneta,ali-mall,Ali Mall,metro-manila
ocampos fine jewellery,Ocampo's Fine Jewellery,robinsons,robinsons-galleria-ortigas,Robinsons Galleria,metro-manila
obrang pilipino,OBRANG PILIPINO,sm,sm-city-north-edsa,SM City North Edsa,metro-manila
oak bakery,Oak Bakery,megaworld,festive-walk-mall-iloilo,Festive Walk Mall,visayas
o2 wellness k beauty,O2 Wellness K-Beauty,megaworld,newport-city,Newport City,metro-manila
o noodle,O' Noodle,robinsons,robinsons-novaliches,Robinsons Novaliches,metro-manila
o d c dental clinic co,O.D.C DENTAL CLINIC CO.,ayala,ayala-trinoma,Trinoma,metro-manila
chicberry,Chicberry,robinsons,robinsons-imus,Robinsons Place Imus,south-luzon
chibis fried chicken,CHIBIS FRIED CHICKEN,waltermart,naic,WalterMart Naic,south-luzon
oglimen dental clinic,Oglimen Dental Clinic,waltermart,sta-rosa,WalterMart Sta. Rosa,south-luzon
ogetsu hime,OGETSU HIME,sm,sm-aura,SM Aura,metro-manila
ogawa japanese restaurant,Ogawa Japanese Restaurant,megaworld,mckinley-west,McKinley West,metro-manila
ofixph,OFIXPH,sm,sm-city-north-edsa,SM City North Edsa,metro-manila
officine universelle buly,OFFICINE UNIVERSELLE BULY,ayala,ayala-greenbelt,Greenbelt,metro-manila
officepartners 360 inc,OFFICEPARTNERS 360 INC,sm,sm-cdo-downtown,SM CDO Downtown Premier,mindanao
office of the city prosecutor,Office Of The City Prosecutor,filinvest,main-square,Main Square,south-luzon
office ergonomics,Office Ergonomics,filinvest,festival-mall,Festival Mall,metro-manila
office,The Office,ortigas,estancia,Estancia,metro-manila
odyssey driving school,ODYSSEY DRIVING SCHOOL,sm,sm-city-cagayan-de-oro,SM City CDO Uptown,mindanao
oddballs,Oddballs,filinvest,festival-mall,Festival Mall,metro-manila
od cafe express,OD CAFE EXPRESS,robinsons,robinsons-galleria-ortigas,Robinsons Galleria,metro-manila
od cafe,OD CAFE,robinsons,robinsons-manila,Robinsons Place Manila,metro-manila
octoboy unli wagyu and seafood grill,OCTOBOY UNLI WAGYU AND SEAFOOD GRILL,sm,sm-city-fairview,SM City Fairview,metro-manila
octoboy,OCTOBOY,ayala,ayala-cloverleaf,Ayala Malls Cloverleaf,metro-manila
octo takoyaki,OCTO TAKOYAKI,robinsons,the-plaza,The Plaza Bagong Silang,metro-manila
cherry miranda optical clinic,Cherry Miranda Optical Clinic,waltermart,guiguinto,WalterMart Guiguinto,north-luzon
cher nail tropics salon & spa,Cher Nail Tropics Salon & Spa,filinvest,il-corso,IL Corso,visayas
chemworld fragrance factory inc,Chemworld Fragrance Factory inc.,robinsons,robinsons-galleria-cebu,Robinsons Galleria Cebu,visayas
chemworld,Chemworld,megaworld,lucky-chinatown-prosperity-wing,Lucky Chinatown - Prosperity Wing,metro-manila
chelsea,CHELSEA,ayala,ayala-center-cebu,Ayala Center Cebu,visayas
chefs bowl & rice,Chef's Bowl & Rice,robinsons,robinsons-galleria-ortigas,Robinsons Galleria,metro-manila
chefs bowl,CHEF'S BOWL,robinsons,robinsons-novaliches,Robinsons Novaliches,metro-manila
chefnaths cronuts,CHEFNATHS CRONUTS,sm,sm-city-baguio,SM City Baguio,north-luzon
chef tonys,Chef Tony's,robinsons,robinsons-magnolia,Robinsons Magnolia,metro-manila
chef sinauna,Chef Sinauna,ortigas,tiendesitas,Tiendesitas,metro-manila
chef restys beef carving station,Chef Resty's Beef Carving Station,megaworld,greenhouse-village-square,The Greenhouse at Village Square,metro-manila
chef rahab,CHEF RAHAB,sm,sm-city-urdaneta-central,SM City Urdaneta Central,north-luzon
chef gerwins happy tummy binalot,CHEF GERWIN'S HAPPY TUMMY BINALOT 0905 488 2537,robinsons,robinsons-sta-rosa,Robinsons Sta. Rosa,south-luzon
oh my goodies,Oh My Goodies!,fishermall,malabon,Fisher Mall Malabon,metro-manila
oh holiday apothecary,OH HOLIDAY APOTHECARY,sm,s-maison,S Maison,metro-manila
oh georg,OH GEORG!,ayala,ayala-center-cebu,Ayala Center Cebu,visayas
cheechat clothing shop,CHEECHAT CLOTHING SHOP,ayala,ayala-trinoma,Trinoma,metro-manila
chedengs snack bar,CHEDENGS SNACK BAR,sm,sm-city-bataan,SM City Bataan,north-luzon
chebi webbi,Chebi Webbi,ortigas,greenhills,Greenhills,metro-manila
che bello,CHE BELLO!,ayala,ayala-market-market,Market! Market!,metro-manila
chayi,ChaYi,megaworld,venice-grand-canal-mall,Venice Grand Canal Mall,metro-manila
chaya,CHAYA,sm,sm-city-baguio,SM City Baguio,north-luzon
chatoyer,Chatoyer,fishermall,quezonave,Fisher Mall Quezon Avenue,metro-manila
chateau 1771,CHATEAU 1771,ayala,ayala-one-bonifacio-high-street,One Bonifacio High Street,metro-manila
okonomi takoyaki,OKONOMI TAKOYAKI,robinsons,robinsons-las-pinas,Robinsons Place Las Pinas,metro-manila
ojo signature & kids,Ojo Signature & Kids,filinvest,festival-mall,Festival Mall,metro-manila
oishi maki,Oishi Maki,waltermart,candelaria,WalterMart Candelaria,south-luzon
oil paint store,The Oil Paint Store,araneta,ali-mall,Ali Mall,metro-manila
ohtako takoyaki,Ohtako Takoyaki,filinvest,fora,Fora Mall,south-luzon
oh waffles & crepes,OH! WAFFLES & CREPES,robinsons,robinsons-pagadian,Robinsons Pagadian,mindanao
oh tanghulu,OH TANGHULU,sm,sm-city-novaliches,SM City Novaliches,metro-manila
oh my jeong corndog,Oh my Jeong Corndog,robinsons,robinsons-malolos,Robinsons Place Malolos,north-luzon
olleskin,OLLESKIN,sm,sm-city-la-union,SM City La Union,north-luzon
olive garden,OLIVE GARDEN,sm,sm-mall-of-asia,SM Mall of Asia,metro-manila
olive fashion collection,Olive Fashion Collection,robinsons,robinsons-iligan,Robinsons Place Iligan,mindanao
olfaction,OLFACTION,ayala,ayala-solenad,Ayala Malls Nuvali,south-luzon
oldtown white coffee,OldTown White Coffee,megaworld,venice-grand-canal-mall,Venice Grand Canal Mall,metro-manila
old town barbrrshop,Old Town Barbrrshop,robinsons,robinsons-cybergate-cebu,Robinsons Cybergate Cebu,visayas
old town barbershop,Old Town Barbershop,robinsons,robinsons-galleria-cebu,Robinsons Galleria Cebu,visayas
old town barber shop,OLD TOWN BARBER SHOP,ayala,ayala-solenad,Ayala Malls Nuvali,south-luzon
old soul bar beans,OLD SOUL BAR BEANS,sm,sm-city-laoag,SM City Laoag,north-luzon
old navy,OLD NAVY,ayala,one-ayala-mall,One Ayala,metro-manila
old manila coffee house,Old Manila Coffee House,robinsons,robinsons-galleria-ortigas,Robinsons Galleria,metro-manila
ola by siesta,OLA by Siesta,megaworld,alabang-west-parade,Alabang West Parade,metro-manila
okto,OKTO,sm,sm-city-north-edsa,SM City North Edsa,metro-manila
cheesu,CHEESU,sm,sm-southmall,SM Southmall,metro-manila
cheese corn express,Cheese Corn Express,robinsons,robinsons-gentrias,Robinsons Place Gen. Trias,south-luzon
cheese & stalk,CHEESE & STALK,sm,sm-city-tuguegarao,SM City Tuguegarao,north-luzon
one audio acoustics,One Audio Acoustics,robinsons,robinsons-pangasinan,Robinsons Place Pangasinan,north-luzon
on the go shawarma & pies,ON THE GO SHAWARMA & PIES,robinsons,robinsons-las-pinas,Robinsons Place Las Pinas,metro-manila
on stage school for the arts,ON STAGE SCHOOL FOR THE ARTS,robinsons,robinsons-angeles,Robinsons Angeles,north-luzon
on stage,On Stage,araneta,farmers-plaza,Farmers Plaza,metro-manila
on,ON,sm,sm-city-north-edsa,SM City North Edsa,metro-manila
omotenashi ramen restaurant,OMOTENASHI RAMEN RESTAURANT,ayala,ayala-capitol-central,Ayala Malls Capitol Central,visayas
omniverse museum,OMNIVERSE MUSEUM,ayala,ayala-glorietta,Glorietta,metro-manila
omg milk shake,Omg Milk Shake,filinvest,fora,Fora Mall,south-luzon
omf literature,OMF LITERATURE 0925-722-9638,robinsons,robinsons-cybergate-cebu,Robinsons Cybergate Cebu,visayas
omf lit bookshop,OMF LIT BOOKSHOP,sm,sm-city-davao,SM City Davao,mindanao
ombre salon,OMBRE SALON,ayala,ayala-solenad,Ayala Malls Nuvali,south-luzon
omberry,Omberry,robinsons,robinsons-magnolia,Robinsons Magnolia,metro-manila
olympic village outlet,Olympic Village Outlet,robinsons,robinsons-starmills,Robinsons Starmills,north-luzon
olympic outlet,Olympic Outlet,robinsons,robinsons-antipolo,Robinsons Place Antipolo,metro-manila
olvis visa services,OLVIS VISA SERVICES,ayala,ayala-center-cebu,Ayala Center Cebu,visayas
ollie bowls,OLLIE BOWLS (0921 843 2125),robinsons,robinsons-magnolia,Robinsons Magnolia,metro-manila
charms gift shop & accesories,CHARMS GIFT SHOP & ACCESORIES,robinsons,robinsons-tuguegarao,Robinsons Place Tuguegarao,north-luzon
charm by dr j lopez md,Charm by Dr. J. Lopez MD,ortigas,greenhills,Greenhills,metro-manila
charlene clothing co,Charlene Clothing Co.,robinsons,robinsons-starmills,Robinsons Starmills,north-luzon
charlene clothing,CHARLENE CLOTHING,ayala,ayala-marquee,MarQuee Mall,north-luzon
charitos delights,Charito's Delights,robinsons,robinsons-tacloban,Robinsons Place Tacloban,visayas
charina sarte,CHARINA SARTE,ayala,ayala-greenbelt,Greenbelt,metro-manila
charging station (ugf),Charging Station (UGF),fishermall,quezonave,Fisher Mall Quezon Avenue,metro-manila
charging station (lgf),Charging Station (LGF),fishermall,quezonave,Fisher Mall Quezon Avenue,metro-manila
charging station (3rd),Charging Station (3RD),fishermall,quezonave,Fisher Mall Quezon Avenue,metro-manila
one world medical wellness center,One World Medical Wellness Center,waltermart,macapagal,WalterMart W.MALL Macapagal,metro-manila
one up (world balance),One Up (World Balance),robinsons,robinsons-dasmarinas,Robinsons Place Dasmarinas,south-luzon
one stop food shop,ONE STOP FOOD SHOP,ayala,ayala-marquee,MarQuee Mall,north-luzon
one pot shabu shabu restaurant,ONE POT SHABU-SHABU RESTAURANT,sm,smdc-strip-at-shore,SMDC Strip at Shore,metro-manila
one life,One Life,ortigas,estancia,Estancia,metro-manila
one fine pictures,One Fine Pictures,robinsons,robinsons-galleria-cebu,Robinsons Galleria Cebu,visayas
one blue moo cafe,One Blue Moo Cafe,robinsons,robinsons-naga,Robinsons Place Naga,south-luzon
chapel of our lady of perpetual hope,CHAPEL OF OUR LADY OF PERPETUAL HOPE,ayala,ayala-marquee,MarQuee Mall,north-luzon
chanti gem fine jewelry collection,CHANTI GEM FINE JEWELRY COLLECTION,ayala,ayala-manila-bay,Ayala Malls Manila Bay,metro-manila
chantel collections,Chantel Collections,robinsons,robinsons-valencia,Robinsons Place Valencia,mindanao
chansel pizza haus,CHANSEL PIZZA HAUS,sm,sm-city-santa-rosa,SM City Santa Rosa,south-luzon
champion sports park,Champion Sports Park,filinvest,fora,Fora Mall,south-luzon
chaiwan milktea house,CHAIWAN MILKTEA HOUSE,sm,sm-city-bicutan,SM City Bicutan,metro-manila
chai connection,CHAI CONNECTION,sm,sm-cdo-downtown,SM CDO Downtown Premier,mindanao
ookit enterprises,OOKIT ENTERPRISES,sm,sm-city-cebu,SM City Cebu,visayas
ooh cha,Ooh Cha,robinsons,robinsons-galleria-ortigas,Robinsons Galleria,metro-manila
online travel express,ONLINE TRAVEL EXPRESS,robinsons,robinsons-metro-east,Robinsons Metro East,metro-manila
onisasa,Onisasa,megaworld,lucky-chinatown-mall,Lucky Chinatown Mall,metro-manila
onezo tapioca,ONEZO TAPIOCA,sm,sm-city-north-edsa,SM City North Edsa,metro-manila
oneills irish pub,O'Neill's Irish Pub,megaworld,eastwood-mall,Eastwood Mall,metro-manila
one zo,One Zo,ortigas,greenhills,Greenhills,metro-manila
chase,CHASE,ayala,ayala-malls-central-bloc,Ayala Malls Central Bloc,visayas
charms sapin sapin,CHARMS SAPIN-SAPIN,sm,sm-city-rosales,SM City Rosales,north-luzon
optical shop,THE OPTICAL SHOP,sm,sm-city-iloilo,SM City Iloilo,visayas
optical house,Optical House,robinsons,robinsons-palawan,Robinsons Place Palawan,south-luzon
oppo safariphone,Oppo/Safariphone,robinsons,robinsons-iligan,Robinsons Place Iligan,mindanao
oppo play telecom,Oppo/Play Telecom,robinsons,robinsons-iloilo,Robinsons Place Iloilo,visayas
oppo kiosk,Oppo Kiosk,araneta,farmers-plaza,Farmers Plaza,metro-manila
oppo (techbox international inc ),OPPO (TECHBOX INTERNATIONAL INC.),starmall,san-jose-del-monte,Starmall San Jose del Monte,north-luzon
opis ni juan,Opis ni Juan,robinsons,robinsons-metro-east,Robinsons Metro East,metro-manila
ophthal mix optical service,OPHTHAL-MIX OPTICAL SERVICE,sm,sm-center-pasig,SM Center Pasig,metro-manila
open kitchen,Open Kitchen,megaworld,southwoods-mall,Southwoods Mall,south-luzon
opatra,Opatra,megaworld,lucky-chinatown-mall,Lucky Chinatown Mall,metro-manila
ooma sushi bar,Ooma Sushi Bar,megaworld,paseo-center,Paseo Center,metro-manila
chapos grill and sizzlers,CHAPOS GRILL AND SIZZLERS,sm,sm-city-urdaneta-central,SM City Urdaneta Central,north-luzon
chapos grill & sizzlers,Chapo's Grill & Sizzlers,robinsons,robinsons-la-union,Robinsons Place La Union,north-luzon
chapes keto dream cakes,CHAPES KETO DREAM CAKES,sm,sm-city-fairview,SM City Fairview,metro-manila
chapes keto cakes and donuts,CHAPES KETO CAKES AND DONUTS,sm,sm-city-north-edsa,SM City North Edsa,metro-manila
chapes delectables,CHAPES DELECTABLES,sm,sm-city-grand-central,SM City Grand Central,metro-manila
cess and gab cellphone and accessories store,Cess and Gab Cellphone and Accessories Store,robinsons,robinsons-malabon,Robinsons Town Mall Malabon,metro-manila
cerveseria,Cerveseria,megaworld,forbes-town,Forbes Town,metro-manila
ceo,CEO,robinsons,robinsons-magnolia,Robinsons Magnolia,metro-manila
central jewelry,Central Jewelry,ortigas,greenhills,Greenhills,metro-manila
central gallery,Central Gallery,araneta,farmers-plaza,Farmers Plaza,metro-manila
orange tea,Orange Tea,filinvest,festival-mall,Festival Mall,metro-manila
orange karenderia,ORANGE KARENDERIA,sm,sm-city-cebu,SM City Cebu,visayas
orange factorie,ORANGE FACTORIE,ayala,ayala-marikina,Ayala Malls Marikina,metro-manila
oraderm care clinic,Oraderm Care Clinic,megaworld,clubhouse-temple-drive,The Clubhouse at Temple Drive,metro-manila
opulence cafe,Opulence Cafe,ortigas,greenhills,Greenhills,metro-manila
options studios,Options Studios,megaworld,uptown-mall,Uptown Mall,metro-manila
options boutique,Options Boutique,megaworld,festive-walk-mall-iloilo,Festive Walk Mall,visayas
options,OPTIONS,sm,sm-city-iloilo,SM City Iloilo,visayas
optimum skin,Optimum Skin,megaworld,arcovia-city,Arcovia City,metro-manila
optimo global,Optimo Global,filinvest,festival-mall,Festival Mall,metro-manila
opticians by george,THE OPTICIANS BY GEORGE,ayala,ayala-solenad,Ayala Malls Nuvali,south-luzon
oris,Oris,araneta,gateway-mall-2,Gateway Mall 2,metro-manila
original biscocho haus kiosk,Original Biscocho Haus Kiosk,robinsons,robinsons-iloilo,Robinsons Place Iloilo,visayas
original bakery,ORIGINAL BAKERY,sm,sm-city-north-edsa,SM City North Edsa,metro-manila
original all american,Original All American,robinsons,robinsons-magnolia,Robinsons Magnolia,metro-manila
originails,ORIGINAILS,ayala,ayala-harbor-point,Harbor Point,north-luzon
oriental treasures,ORIENTAL TREASURES,ayala,ayala-pavilion,Pavilion Mall,south-luzon
oriental art home,ORIENTAL ART HOME,ayala,ayala-glorietta,Glorietta,metro-manila
organiko beverage shop,ORGANIKO BEVERAGE SHOP,sm,sm-city-fairview,SM City Fairview,metro-manila
organail organic nail lounge spa,ORGANAIL ORGANIC NAIL LOUNGE SPA,sm,sm-cherry-shaw,SM Center Shaw,metro-manila
orells banana thins,ORELLS BANANA THINS,sm,sm-megamall,SM Megamall,metro-manila
orbisos buko shake and juice center,ORBISOS BUKO SHAKE AND JUICE CENTER,sm,sm-city-baliwag,SM City Baliwag,north-luzon
chaa,Chaa,robinsons,robinsons-malolos,Robinsons Place Malolos,north-luzon
cha tuk chak thai cafe,CHA TUK CHAK THAI CAFE,sm,sm-city-santa-rosa,SM City Santa Rosa,south-luzon
cg skin solutions,CG SKIN SOLUTIONS,sm,sm-city-sucat,SM City Sucat,metro-manila
cfront quesine,CFRONT QUESINE,sm,sm-city-legazpi,SM City Legazpi,south-luzon
cfg,CFG,ayala,ayala-center-cebu,Ayala Center Cebu,visayas
cellxesorya,Cellxesorya,robinsons,robinsons-manila,Robinsons Place Manila,metro-manila
cellware telecom supplies trading,Cellware Telecom Supplies Trading,robinsons,robinsons-imus,Robinsons Place Imus,south-luzon
celltime co,CELLTIME CO,sm,sm-city-pampanga,SM City Pampanga,north-luzon
celltech,Celltech,robinsons,robinsons-dasmarinas,Robinsons Place Dasmarinas,south-luzon
cellstreet,Cellstreet,robinsons,robinsons-starmills,Robinsons Starmills,north-luzon
cellsite mobile center,CELLSITE MOBILE CENTER,sm,sm-city-mindpro,SM City Mindpro,mindanao
cellshoppe,CELLSHOPPE,sm,sm-city-clark,SM City Clark,north-luzon
orodiam,Orodiam,filinvest,festival-mall,Festival Mall,metro-manila
orocher jewellery store,OROCHER JEWELLERY STORE,sm,sm-city-north-edsa,SM City North Edsa,metro-manila
oro talia,Oro Talia,robinsons,robinsons-iligan,Robinsons Place Iligan,mindanao
oro shawarma rice company,ORO SHAWARMA RICE COMPANY,ayala,ayala-centrio,Centrio Mall,mindanao
oro shawarma,ORO SHAWARMA,robinsons,robinsons-cagayan-de-oro,Robinsons Cagayan de Oro,mindanao
oro saudi gold,ORO SAUDI GOLD,robinsons,robinsons-valencia,Robinsons Place Valencia,mindanao
oro china premier,ORO CHINA PREMIER,sm,sm-jmall,SM J Mall,visayas
ormocnet i,Ormocnet I 0919-086-6069,robinsons,robinsons-ormoc,Robinsons Place Ormoc,visayas
orlina dental clinic,ORLINA DENTAL CLINIC,waltermart,taytay,WalterMart Taytay,metro-manila
celldome cellphone accessories,Celldome Cellphone Accessories,robinsons,robinsons-roxas,Robinsons Place Roxas,visayas
cellcomm i,Cellcomm I 0919-072-7316,robinsons,robinsons-ormoc,Robinsons Place Ormoc,visayas
cellboy fix center,CELLBOY FIX CENTER,sm,sm-megamall,SM Megamall,metro-manila
cellboy fix,CELLBOY FIX,sm,sm-center-dagupan,SM Center Dagupan,north-luzon
ossu,OSSU 8724-4591,robinsons,robinsons-magnolia,Robinsons Magnolia,metro-manila
ossam,OSSAM!,megaworld,uptown-mall,Uptown Mall,metro-manila
osmar led,Osmar Led,filinvest,festival-mall,Festival Mall,metro-manila
oshiekun bites,Oshiekun Bites,megaworld,lucky-chinatown-prosperity-wing,Lucky Chinatown - Prosperity Wing,metro-manila
osaka takoyaki house,OSAKA TAKOYAKI HOUSE,ayala,ayala-marquee,MarQuee Mall,north-luzon
os furniture furnishings by coast pacific,OS FURNITURE FURNISHINGS BY COAST PACIFIC,sm,sm-megamall,SM Megamall,metro-manila
orthofix dental center,ORTHOFIX DENTAL CENTER,sm,sm-lanang,SM Lanang,mindanao
orogem jewelry,OROGEM JEWELRY,sm,the-podium,The Podium,metro-manila
center stage,CENTER STAGE,sm,sm-seaside-city-cebu,SM Seaside City Cebu,visayas
center for advanced dentistry (cad),Center for Advanced Dentistry (CAD),ortigas,greenhills,Greenhills,metro-manila
cencom cellphone and accessories,Cencom Cellphone And Accessories,araneta,farmers-plaza,Farmers Plaza,metro-manila
cena golden free fashion shop,CENA GOLDEN FREE FASHION SHOP,ayala,ayala-market-market,Market! Market!,metro-manila
overbreak,Overbreak,megaworld,eastwood-city-walk,Eastwood City Walk,metro-manila
over again,Over Again,araneta,ali-mall,Ali Mall,metro-manila
oui tacos,Oui Tacos,megaworld,san-lorenzo-place-mall,San Lorenzo Place Mall,metro-manila
ouch tattoo & body piercing studio,OUCH! TATTOO & BODY PIERCING STUDIO,robinsons,robinsons-manila,Robinsons Place Manila,metro-manila
otto,Otto,robinsons,robinsons-gentrias,Robinsons Place Gen. Trias,south-luzon
otop philippines hub,OTOP PHILIPPINES HUB,ayala,ayala-capitol-central,Ayala Malls Capitol Central,visayas
otop ph hub butuan,OTOP PH HUB BUTUAN,sm,sm-city-butuan,SM City Butuan,mindanao
oth tech,OTH Tech,robinsons,robinsons-la-union,Robinsons Place La Union,north-luzon
ot dei clinic,OT DEI CLINIC,robinsons,robinsons-las-pinas,Robinsons Place Las Pinas,metro-manila
cellphone republic,Cellphone Republic,ortigas,greenhills,Greenhills,metro-manila
cellphone plus,CELLPHONE PLUS,sm,sm-city-mindpro,SM City Mindpro,mindanao
cellnote laptop repair services,Cellnote Laptop Repair Services,robinsons,robinsons-galleria-cebu,Robinsons Galleria Cebu,visayas
cellmax,Cellmax,robinsons,robinsons-palawan,Robinsons Place Palawan,south-luzon
cellmates cellphone accessories,Cellmates Cellphone Accessories,robinsons,robinsons-roxas,Robinsons Place Roxas,visayas
cellfad mobile accessories,CELLFAD MOBILE ACCESSORIES,sm,sm-city-cebu,SM City Cebu,visayas
cellections,CELLECTIONS,ayala,ayala-abreeza,Abreeza,mindanao
cellbox,CELLBOX,ayala,ayala-abreeza,Abreeza,mindanao
cell teck cellphone accessories,Cell Teck Cellphone Accessories,robinsons,robinsons-roxas,Robinsons Place Roxas,visayas
cell station,CELL STATION,sm,sm-city-davao,SM City Davao,mindanao
cell kid,CELL-KID,sm,sm-city-north-edsa,SM City North Edsa,metro-manila
cell interface,CELL INTERFACE,sm,sm-city-bacolod,SM City Bacolod,visayas
cell decor,CELL DECOR,ayala,ayala-abreeza,Abreeza,mindanao
cell corner,Cell Corner,robinsons,robinsons-ilocos,Robinsons Place Ilocos,north-luzon
cell axis,CELL AXIS,ayala,ayala-marquee,MarQuee Mall,north-luzon
cell active cellphone repair,CELL ACTIVE CELLPHONE REPAIR,sm,sm-city-puerto-princesa,SM City Puerto Princesa,south-luzon
cell active,Cell Active,robinsons,robinsons-palawan,Robinsons Place Palawan,south-luzon
celines gems jewels,CELINES GEMS JEWELS,sm,sm-city-lucena,SM City Lucena,south-luzon
celine (cln),Celine (cln),filinvest,festival-mall,Festival Mall,metro-manila
oxord computer solutions & repair center,Oxord - Computer Solutions & Repair Center,robinsons,robinsons-roxas,Robinsons Place Roxas,visayas
oxims,OXIM'S,sm,sm-city-baliwag,SM City Baliwag,north-luzon
oxford scents,Oxford Scents,araneta,farmers-plaza,Farmers Plaza,metro-manila
overflow,Overflow,robinsons,robinsons-imus,Robinsons Place Imus,south-luzon
paengs eastwood bowling and billiards,PAENG'S EASTWOOD BOWLING AND BILLIARDS,robinsons,robinsons-manila,Robinsons Place Manila,metro-manila
paengs,Paeng’s,filinvest,festival-mall,Festival Mall,metro-manila
padrinos way,PADRINO’S WAY,ayala,ayala-glorietta,Glorietta,metro-manila
pacundos,PACUNDOS,sm,sm-city-legazpi,SM City Legazpi,south-luzon
paculba flower shop,PACULBA FLOWER SHOP,robinsons,robinsons-iligan,Robinsons Place Iligan,mindanao
pacsafe urbanize,Pacsafe/Urbanize,robinsons,robinsons-manila,Robinsons Place Manila,metro-manila
pack your bags travel and tours,PACK YOUR BAGS TRAVEL AND TOURS,robinsons,robinsons-metro-east,Robinsons Metro East,metro-manila
pack your bags,Pack Your Bags,robinsons,robinsons-metro-east,Robinsons Metro East,metro-manila
pacific money exchange,Pacific Money Exchange,robinsons,robinsons-starmills,Robinsons Starmills,north-luzon
pablo,PABLO,ayala,ayala-manila-bay,Ayala Malls Manila Bay,metro-manila
pablings barbershop,Pablings Barbershop,megaworld,venice-grand-canal-mall,Venice Grand Canal Mall,metro-manila
pabder uomo,PABDER UOMO,ayala,ayala-center-cebu,Ayala Center Cebu,visayas
p5 idrive driving school,P5 iDrive Driving School,robinsons,robinsons-galleria-cebu,Robinsons Galleria Cebu,visayas
p&a,P&A,robinsons,robinsons-dasmarinas,Robinsons Place Dasmarinas,south-luzon
p e watch repair center,P E WATCH REPAIR CENTER,sm,sm-center-ormoc,SM Center Ormoc,visayas
p and d cellphone and accessories,P AND D CELLPHONE AND ACCESSORIES,ayala,ayala-abreeza,Abreeza,mindanao
palawan pearls & souvenirs,PALAWAN PEARLS & SOUVENIRS,robinsons,robinsons-palawan,Robinsons Place Palawan,south-luzon
palawan cart,PALAWAN CART,ayala,ayala-market-market,Market! Market!,metro-manila
palawan cafe,Palawan Cafe,robinsons,robinsons-palawan,Robinsons Place Palawan,south-luzon
palamuti jewelry and accessories shop,PALAMUTI JEWELRY AND ACCESSORIES SHOP,robinsons,robinsons-novaliches,Robinsons Novaliches,metro-manila
palamig kombucha,PALAMIG KOMBUCHA,sm,sm-city-tuguegarao,SM City Tuguegarao,north-luzon
palace,The Palace,megaworld,uptown-parade,Uptown Parade,metro-manila
pal,PAL,sm,sm-lanang,SM Lanang,mindanao
pajo optical,Pajo Optical,robinsons,robinsons-north-tacloban,Robinsons North Tacloban,visayas
pain rehab care,PAIN REHAB CARE,sm,sm-megamall,SM Megamall,metro-manila
paiks coffee and bakery,PAIK'S COFFEE AND BAKERY,robinsons,robinsons-manila,Robinsons Place Manila,metro-manila
paglaum,PAGLAUM,sm,sm-city-bacolod,SM City Bacolod,visayas
pagkaing pinoy,PAGKAING PINOY,ayala,ayala-marquee,MarQuee Mall,north-luzon
pagibig fund,PAGIBIG FUND,robinsons,robinsons-palawan,Robinsons Place Palawan,south-luzon
pag ibig branch office,PAG-IBIG Branch Office,robinsons,robinsons-imus,Robinsons Place Imus,south-luzon
paengs midtown bowling and billiards,PAENG'S MIDTOWN BOWLING AND BILLIARDS,robinsons,robinsons-manila,Robinsons Place Manila,metro-manila
paengs freedom bowl,Paeng's Freedom Bowl,robinsons,robinsons-imus,Robinsons Place Imus,south-luzon
celine,CELINE,ayala,ayala-greenbelt,Greenbelt,metro-manila
celestial,Celestial,robinsons,robinsons-lipa,Robinsons Place Lipa,south-luzon
celebrity jam cake and pastry shop,CELEBRITY JAM CAKE AND PASTRY SHOP,sm,sm-city-pampanga,SM City Pampanga,north-luzon
celebrations,Celebrations,filinvest,festival-mall,Festival Mall,metro-manila
cedric time enterprises,CEDRIC TIME ENTERPRISES,ayala,ayala-pavilion,Pavilion Mall,south-luzon
cecils snack inn,CECIL'S SNACK INN,ayala,ayala-abreeza,Abreeza,mindanao
cebus tasty lechon,CEBUS TASTY LECHON,sm,sm-city-consolacion,SM City Consolacion,visayas
cebus best ricos lechon,Cebu's Best Rico's Lechon,sm,sm-mall-of-asia,SM Mall of Asia,metro-manila
cebuana lhuillier pera padala,CEBUANA LHUILLIER PERA PADALA,ayala,ayala-market-market,Market! Market!,metro-manila
cebuana lhuillier jewelry premium,CEBUANA LHUILLIER JEWELRY PREMIUM,sm,sm-city-manila,SM City Manila,metro-manila
cebuana lhuillier financial,Cebuana Lhuillier Financial,robinsons,robinsons-galleria-ortigas,Robinsons Galleria,metro-manila
cebuana lhuiller financial,Cebuana Lhuiller Financial,robinsons,robinsons-galleria-ortigas,Robinsons Galleria,metro-manila
palpitate ph,PALPITATE PH,sm,sm-center-dagupan,SM Center Dagupan,north-luzon
palpitate coffee,PALPITATE COFFEE,robinsons,robinsons-iloilo,Robinsons Place Iloilo,visayas
palawan yogurt,PALAWAN YOGURT,robinsons,robinsons-palawan,Robinsons Place Palawan,south-luzon
palawan swing,PALAWAN SWING,robinsons,robinsons-palawan,Robinsons Place Palawan,south-luzon
paolo sebastian,Paolo Sebastian,waltermart,tanauan,WalterMart Tanauan,south-luzon
pao tsin specialties,PAO TSIN SPECIALTIES,sm,sm-savemore-nagtahan,SM Savemore Nagtahan,metro-manila
pao tsin,PAO TSIN,robinsons,robinsons-gentrias,Robinsons Place Gen. Trias,south-luzon
panulce,Panulce,robinsons,robinsons-roxas,Robinsons Place Roxas,visayas
panerai,PANERAI,ayala,ayala-bonifacio-high-street,Bonifacio High Street,metro-manila
pandayan book shop,PANDAYAN BOOK SHOP,fishermall,malabon,Fisher Mall Malabon,metro-manila
panco cafe,PANCO CAFÉ,sm,the-podium,The Podium,metro-manila
pananom co,PANANOM CO,sm,sm-city-sorsogon,SM City Sorsogon,south-luzon
panaderro bakery,PANADERRO BAKERY,sm,sm-center-pasig,SM Center Pasig,metro-manila
panaderia pantoja,PANADERIA PANTOJA,ayala,ayala-market-market,Market! Market!,metro-manila
pan de sal express,PAN DE SAL EXPRESS,ayala,ayala-capitol-central,Ayala Malls Capitol Central,visayas
pampered & polished wellness & spa,PAMPERED & POLISHED WELLNESS & SPA,ayala,ayala-capitol-central,Ayala Malls Capitol Central,visayas
pampanga regional cart,PAMPANGA REGIONAL CART,ayala,ayala-market-market,Market! Market!,metro-manila
pampanga bingo,PAMPANGA BINGO,sm,sm-city-pampanga,SM City Pampanga,north-luzon
pamela,Pamela,ortigas,greenhills,Greenhills,metro-manila
pamana,Pamana,ortigas,greenhills,Greenhills,metro-manila
cebu sweet candy store,CEBU SWEET CANDY STORE,sm,sm-city-consolacion,SM City Consolacion,visayas
cebu smiles doctors clinic,Cebu Smiles Doctors Clinic 9173204651,robinsons,robinsons-cybergate-cebu,Robinsons Cybergate Cebu,visayas
cebu smiles dentistry co,CEBU SMILES DENTISTRY CO,sm,sm-seaside-city-cebu,SM Seaside City Cebu,visayas
cebu smile studio,Cebu Smile Studio 0908-254-2305,robinsons,robinsons-cybergate-cebu,Robinsons Cybergate Cebu,visayas
cebu products,CEBU PRODUCTS,ayala,ayala-market-market,Market! Market!,metro-manila
cebu pardis aka spineman chiropractic,Cebu Pardis AKA Spineman Chiropractic,robinsons,robinsons-galleria-cebu,Robinsons Galleria Cebu,visayas
cebu pacific air,Cebu Pacific Air,robinsons,robinsons-galleria-cebu,Robinsons Galleria Cebu,visayas
cebu orthopaedic institute l,Cebu Orthopaedic Institute L4 0943-072-4856,robinsons,robinsons-cybergate-cebu,Robinsons Cybergate Cebu,visayas
cebu fiesta island of the south restaurant,CEBU FIESTA ISLAND OF THE SOUTH RESTAURANT,sm,sm-city-north-edsa,SM City North Edsa,metro-manila
cdo skin health experts dermatology laser clinic,CDO SKIN HEALTH EXPERTS DERMATOLOGY LASER CLINIC,sm,sm-cdo-downtown,SM CDO Downtown Premier,mindanao
cdo skin experts dermatology & laser clinic,THE CDO SKIN EXPERTS DERMATOLOGY & LASER CLINIC,ayala,ayala-centrio,Centrio Mall,mindanao
cdms hair gallery & spa,CDM'S HAIR GALLERY & SPA,robinsons,robinsons-tagum,Robinsons Place Tagum,mindanao
cd options,CD OPTIONS,sm,sm-city-fairview,SM City Fairview,metro-manila
papatoks food hub,PAPATOK'S FOOD HUB,sm,sm-city-pampanga,SM City Pampanga,north-luzon
papa kebs shawarma and kebab,PAPA KEBS SHAWARMA AND KEBAB,sm,sm-city-bataan,SM City Bataan,north-luzon
papa johns,Papa John's,waltermart,sta-rosa,WalterMart Sta. Rosa,south-luzon
paref preschool rosefield south triangle,PAREF PRESCHOOL ROSEFIELD SOUTH TRIANGLE,sm,smdc-mplace-mall,SMDC Mplace Mall,metro-manila
parasat hd,PARASAT HD,ayala,ayala-centrio,Centrio Mall,mindanao
paras alterstation,PARAS ALTERSTATION 0945-592-5424 (NEW),robinsons,robinsons-angeles,Robinsons Angeles,north-luzon
paras alteration,Paras Alteration,robinsons,robinsons-otis,Robinsons Otis,metro-manila
paramus,PARAMUS,ayala,ayala-glorietta,Glorietta,metro-manila
paramount life and general insurance,PARAMOUNT LIFE AND GENERAL INSURANCE,sm,sm-city-pampanga,SM City Pampanga,north-luzon
paraiba,Paraiba 8425-677 / 09555695900,robinsons,robinsons-magnolia,Robinsons Magnolia,metro-manila
paragon,Paragon,megaworld,eastwood-city-walk,Eastwood City Walk,metro-manila
paradise air freshener,PARADISE AIR FRESHENER,sm,sm-city-grand-central,SM City Grand Central,metro-manila
paradise air,PARADISE AIR,sm,sm-city-fairview,SM City Fairview,metro-manila
papu panda captains cove,Papu Panda Captains Cove,fishermall,quezonave,Fisher Mall Quezon Avenue,metro-manila
paps cyclezone,Paps Cyclezone,robinsons,robinsons-tacloban,Robinsons Place Tacloban,visayas
papermoon,Papermoon,ortigas,estancia,Estancia,metro-manila
paper world,Paper World,robinsons,robinsons-tacloban,Robinsons Place Tacloban,visayas
paper bunny,The Paper Bunny,megaworld,uptown-mall,Uptown Mall,metro-manila
papelemento visual arts and scenography,PAPELEMENTO VISUAL ARTS AND SCENOGRAPHY,sm,sm-cdo-downtown,SM CDO Downtown Premier,mindanao
ccf,CCF,megaworld,eastwood-city-walk,Eastwood City Walk,metro-manila
cbc tellercard,CBC TELLERCARD,sm,sm-city-daet,SM City Daet,south-luzon
cbc teller card,CBC Teller Card,waltermart,antipolo,WalterMart Antipolo,metro-manila
cayettas pasalubong,Cayetta's Pasalubong,fishermall,malabon,Fisher Mall Malabon,metro-manila
cavitechon lechon house,CAVITECHON LECHON HOUSE,sm,sm-city-dasmarinas,SM City Dasmariñas,south-luzon
catholic trade,Catholic Trade,araneta,farmers-plaza,Farmers Plaza,metro-manila
caterpillar room,The Caterpillar Room,megaworld,greenhouse-village-square,The Greenhouse at Village Square,metro-manila
casy,Casy,robinsons,robinsons-galleria-ortigas,Robinsons Galleria,metro-manila
castle candy,CASTLE CANDY,robinsons,robinsons-tagum,Robinsons Place Tagum,mindanao
castel scrub,Castel Scrub,ortigas,greenhills,Greenhills,metro-manila
cassalu,Cassalu,filinvest,festival-mall,Festival Mall,metro-manila
cassaleyah beauty hub,Cassaleyah Beauty Hub,robinsons,robinsons-tagum,Robinsons Place Tagum,mindanao
cassa calle,Cassa Calle,waltermart,antipolo,WalterMart Antipolo,metro-manila
casipit dental group,Casipit Dental Group,robinsons,robinsons-pangasinan,Robinsons Place Pangasinan,north-luzon
pares at tendon,PARES AT TENDON,sm,sm-city-north-edsa,SM City North Edsa,metro-manila
pares at sizzling,Pares at Sizzling,megaworld,eastwood-cyber-mall,Eastwood Cyber Mall,metro-manila
passion & health lines,Passion & Health Lines,robinsons,robinsons-tacloban,Robinsons Place Tacloban,visayas
passenger seat,PASSENGER SEAT,sm,sm-city-san-mateo,SM City San Mateo,metro-manila
pasig city hall annex 2,PASIG CITY HALL ANNEX 2,robinsons,robinsons-metro-east,Robinsons Metro East,metro-manila
paseo art gallery,PASEO ART GALLERY,sm,sm-megamall,SM Megamall,metro-manila
pasarabo ilocandia,PASARABO ILOCANDIA 0907-141-1116,robinsons,robinsons-pangasinan,Robinsons Place Pangasinan,north-luzon
pasalubong centrale,PASALUBONG CENTRALE,ayala,ayala-marquee,MarQuee Mall,north-luzon
party house by michelle ballon shop,PARTY HOUSE BY MICHELLE BALLON SHOP,robinsons,robinsons-iligan,Robinsons Place Iligan,mindanao
partners in child,Partners in Child,waltermart,sta-rosa,WalterMart Sta. Rosa,south-luzon
parties unlimited,PARTIES UNLIMITED,sm,sm-city-baguio,SM City Baguio,north-luzon
parks bakery k mart,PARKS BAKERY K-MART,sm,sm-city-pampanga,SM City Pampanga,north-luzon
parklane,PARKLANE,robinsons,robinsons-manila,Robinsons Place Manila,metro-manila
parking,Parking,ortigas,greenhills,Greenhills,metro-manila
park avenue,Park Avenue,ortigas,greenhills,Greenhills,metro-manila
paris esse parfum,Paris Esse Parfum,filinvest,festival-mall,Festival Mall,metro-manila
paris crepes,PARIS CREPES,sm,sm-city-dasmarinas,SM City Dasmariñas,south-luzon
parilya,Parilya,filinvest,il-corso,IL Corso,visayas
casio asprey,Casio/Asprey,waltermart,north-edsa,WalterMart North EDSA,metro-manila
caseu,CaseU,megaworld,eastwood-mall,Eastwood Mall,metro-manila
caseology,CASEOLOGY,sm,sm-megamall,SM Megamall,metro-manila
case to case,Case to Case,fishermall,quezonave,Fisher Mall Quezon Avenue,metro-manila
case 4 u,CASE 4 U,robinsons,robinsons-antipolo,Robinsons Place Antipolo,metro-manila
casaje optical,Casaje Optical,ortigas,greenhills,Greenhills,metro-manila
casa velyn,CASA VELYN,sm,sm-city-mindpro,SM City Mindpro,mindanao
casa sofrea,Casa Sofrea,filinvest,festival-mall,Festival Mall,metro-manila
casa romantica,CASA ROMANTICA,ayala,ayala-solenad,Ayala Malls Nuvali,south-luzon
casa reyes,Casa Reyes,ortigas,greenhills,Greenhills,metro-manila
pasto,Pasto,megaworld,eastwood-city-walk,Eastwood City Walk,metro-manila
pastil nation,Pastil Nation,megaworld,uptown-mall,Uptown Mall,metro-manila
pasta dolce amore,PASTA DOLCE AMORE TEMPORARILY CLOSED,robinsons,robinsons-la-union,Robinsons Place La Union,north-luzon
passionnails,Passionnails,filinvest,festival-mall,Festival Mall,metro-manila
passionart gallery,PASSIONART GALLERY,sm,sm-megamall,SM Megamall,metro-manila
passionails nail salon and spa,PASSIONAILS NAIL SALON AND SPA,ayala,ayala-centrio,Centrio Mall,mindanao
casa derma,CASA DERMA,ayala,ayala-marikina,Ayala Malls Marikina,metro-manila
casa blanca,Casa Blanca,filinvest,festival-mall,Festival Mall,metro-manila
cas pace,Cas:Pace,megaworld,uptown-mall,Uptown Mall,metro-manila
cartrick,Cartrick,robinsons,robinsons-pangasinan,Robinsons Place Pangasinan,north-luzon
pawchester,Pawchester,ortigas,greenhills,Greenhills,metro-manila
paw station,The Paw Station,megaworld,venice-grand-canal-mall,Venice Grand Canal Mall,metro-manila
paul smith,PAUL SMITH,ayala,ayala-one-bonifacio-high-street,One Bonifacio High Street,metro-manila
paul,PAUL,robinsons,opus,Opus Mall,metro-manila
patsada accessories,PATSADA ACCESSORIES,sm,sm-city-butuan,SM City Butuan,mindanao
patrick toy shop,Patrick Toy Shop,ortigas,greenhills,Greenhills,metro-manila
patricio dental plaza,THE PATRICIO DENTAL PLAZA,sm,sm-city-marikina,SM City Marikina,metro-manila
patek philippe,PATEK PHILIPPE,ayala,ayala-greenbelt,Greenbelt,metro-manila
pat & cameo,Pat & Cameo,ortigas,greenhills,Greenhills,metro-manila
pasty shop of bobs,THE PASTY SHOP OF BOB'S,robinsons,robinsons-bacolod,Robinsons Place Bacolod,visayas
pastry shop of bobs,The Pastry Shop Of Bob's,robinsons,robinsons-bacolod,Robinsons Place Bacolod,visayas
casipit dental center,CASIPIT DENTAL CENTER,sm,sm-center-dagupan,SM Center Dagupan,north-luzon
pc gadgets mobile hub,PC GADGETS MOBILE HUB,sm,sm-mall-of-asia,SM Mall of Asia,metro-manila
pc dynamic,PC DYNAMIC,sm,sm-city-north-edsa,SM City North Edsa,metro-manila
pc depot,PC DEPOT,sm,sm-city-north-edsa,SM City North Edsa,metro-manila
pc cartel,PC CARTEL,sm,sm-city-rosales,SM City Rosales,north-luzon
pc broker,PC BROKER,sm,sm-city-lucena,SM City Lucena,south-luzon
pazzion,PAZZION,ayala,ayala-trinoma,Trinoma,metro-manila
pazu,PAZU,sm,sm-center-pasig,SM Center Pasig,metro-manila
payless shoe store,Payless Shoe Store,robinsons,robinsons-manila,Robinsons Place Manila,metro-manila
payless shoe source,Payless Shoe Source,araneta,ali-mall,Ali Mall,metro-manila
pawssentials pet store,PAWSSENTIALS PET STORE,sm,sm-city-cagayan-de-oro,SM City CDO Uptown,mindanao
paws unlimited,Paws Unlimited,ortigas,tiendesitas,Tiendesitas,metro-manila
paws fins & tails,Paws Fins & Tails,megaworld,venice-grand-canal-mall,Venice Grand Canal Mall,metro-manila
casa norte,CASA NORTE,sm,sm-city-fairview,SM City Fairview,metro-manila
casa medica,CASA MEDICA,sm,sm-southmall,SM Southmall,metro-manila
casa euro,CASA EURO,sm,s-maison,S Maison,metro-manila
casa elegante,Casa Elegante,robinsons,robinsons-dasmarinas,Robinsons Place Dasmarinas,south-luzon
carrensline,Carrensline,ortigas,greenhills,Greenhills,metro-manila
carolinas lace shoppe,CAROLINA'S LACE SHOPPE,ayala,ayala-market-market,Market! Market!,metro-manila
carolina herrera,CAROLINA HERRERA,ayala,ayala-greenbelt,Greenbelt,metro-manila
carmelas home favourite,CARMELAS HOME FAVOURITE,robinsons,robinsons-pagadian,Robinsons Pagadian,mindanao
carlos primo velayo,CARLOS PRIMO VELAYO,ayala,ayala-glorietta,Glorietta,metro-manila
carlins flowershop,CARLINS FLOWERSHOP,sm,sm-city-davao,SM City Davao,mindanao
carl care services,Carl Care Services,robinsons,robinsons-dasmarinas,Robinsons Place Dasmarinas,south-luzon
cargofish & burnt bamboo,CargoFish & Burnt Bamboo,megaworld,uptown-mall,Uptown Mall,metro-manila
pc quickbuys computer sales and services,PC QUICKBUYS COMPUTER SALES AND SERVICES,ayala,ayala-center-cebu,Ayala Center Cebu,visayas
pc quarters,PC QUARTERS,sm,sm-city-north-edsa,SM City North Edsa,metro-manila
pc ondemand,PC ONDEMAND,sm,smdc-light-mall,SMDC Light Mall,metro-manila
pc office solution,PC OFFICE SOLUTION,robinsons,robinsons-tagum,Robinsons Place Tagum,mindanao
pc micro,PC MICRO,sm,sm-city-santa-rosa,SM City Santa Rosa,south-luzon
pc live,PC LIVE,sm,sm-megamall,SM Megamall,metro-manila
pc hub,PC HUB,sm,sm-city-fairview,SM City Fairview,metro-manila
pc gilmore,PC Gilmore,fishermall,quezonave,Fisher Mall Quezon Avenue,metro-manila
pearl market,PEARL MARKET!,ayala,ayala-market-market,Market! Market!,metro-manila
pearl farm,PEARL FARM,ayala,ayala-abreeza,Abreeza,mindanao
pearl dianne,PEARL DIANNE,ayala,ayala-market-market,Market! Market!,metro-manila
pearl body touch facial center,PEARL BODY TOUCH FACIAL CENTER,robinsons,robinsons-cagayan-de-oro,Robinsons Cagayan de Oro,mindanao
peak sport,Peak Sport,filinvest,festival-mall,Festival Mall,metro-manila
peak physical theraphy & scoliosis center,PEAK Physical Theraphy & Scoliosis Center,megaworld,eastwood-mall,Eastwood Mall,metro-manila
pdos travel express,PDOS TRAVEL EXPRESS,ayala,ayala-metropoint,Metro Point Mall,metro-manila
pdf massage,PDF Massage,robinsons,robinsons-dasmarinas,Robinsons Place Dasmarinas,south-luzon
pcx mobile,PCX MOBILE,sm,sm-megamall,SM Megamall,metro-manila
pcworx,PCWORX,ayala,one-ayala-mall,One Ayala,metro-manila
pcso outlet,PCSO OUTLET,robinsons,robinsons-ormoc,Robinsons Place Ormoc,visayas
pcbs,PCBS,robinsons,robinsons-bacolod,Robinsons Place Bacolod,visayas
pc worx tempo satellite,Pc Worx Tempo Satellite,filinvest,festival-mall,Festival Mall,metro-manila
cartier,CARTIER,ayala,ayala-greenbelt,Greenbelt,metro-manila
carters osh kosh b gosh,Carter's Osh Kosh B' Gosh,robinsons,robinsons-magnolia,Robinsons Magnolia,metro-manila
carters,CARTERS,sm,sm-seaside-city-cebu,SM Seaside City Cebu,visayas
care to bear skin and body clinic,CARE TO BEAR SKIN AND BODY CLINIC,ayala,ayala-marquee,MarQuee Mall,north-luzon
care and cure hub,CARE AND CURE HUB,ayala,ayala-center-cebu,Ayala Center Cebu,visayas
cardinal santos kidney care center,CARDINAL SANTOS KIDNEY CARE CENTER,sm,sm-cherry-shaw,SM Center Shaw,metro-manila
cardinal eyecare clinic,CARDINAL EYECARE CLINIC,sm,sm-cdo-downtown,SM CDO Downtown Premier,mindanao
caravel global travelware,Caravel Global Travelware,ortigas,greenhills,Greenhills,metro-manila
caramia cakes gelato,CARAMIA CAKES GELATO,sm,sm-city-san-jose-del-monte,SM City San Jose Del Monte,north-luzon
caramel cafe,CARAMEL CAFE,sm,sm-city-daet,SM City Daet,south-luzon
caracole,Caracole,ortigas,greenhills,Greenhills,metro-manila
cara mia cakes & gelato,CARA MIA CAKES & GELATO,sm,sm-city-san-pablo,SM City San Pablo,south-luzon
peking garden,PEKING GARDEN,ayala,ayala-greenbelt,Greenbelt,metro-manila
pedro the grocer,Pedro the Grocer,megaworld,alabang-west-parade,Alabang West Parade,metro-manila
pedritz sizzling hub,Pedritz Sizzling Hub,waltermart,malolos,WalterMart Malolos,north-luzon
peculiar eyewear,PECULIAR EYEWEAR,sm,sm-city-north-edsa,SM City North Edsa,metro-manila
peavey,Peavey,araneta,ali-mall,Ali Mall,metro-manila
peastry shop,The Peastry Shop,filinvest,il-corso,IL Corso,visayas
pearl shop & precious stone village,Pearl Shop & Precious Stone Village,filinvest,festival-mall,Festival Mall,metro-manila
capricho jewelry,CAPRICHO JEWELRY,fishermall,malabon,Fisher Mall Malabon,metro-manila
caprice,CAPRICE,sm,sm-city-fairview,SM City Fairview,metro-manila
canvasse skin,Canvásse Skin,ortigas,greenhills,Greenhills,metro-manila
cangrejos locos,Cangrejos Locos,megaworld,alabang-west-parade,Alabang West Parade,metro-manila
pera mpc,Pera MPC,robinsons,robinsons-valencia,Robinsons Place Valencia,mindanao
pepd pampanga,PEPD PAMPANGA,sm,sm-city-pampanga,SM City Pampanga,north-luzon
peoples palace,PEOPLE'S PALACE,ayala,ayala-greenbelt,Greenbelt,metro-manila
peoples champorado,People's Champorado,robinsons,robinsons-malolos,Robinsons Place Malolos,north-luzon
penongs barbecue seafoods and grill,PENONGS BARBECUE SEAFOODS AND GRILL,sm,sm-city-butuan,SM City Butuan,mindanao
penn & paengs kakanin,PENN & PAENG'S KAKANIN,robinsons,galleria-south,Robinsons Galleria South,south-luzon
penguin,Penguin,robinsons,robinsons-manila,Robinsons Place Manila,metro-manila
pelican fresh farm produce,PELICAN FRESH FARM PRODUCE,ayala,ayala-market-market,Market! Market!,metro-manila
carelon,Carelon,robinsons,robinsons-galleria-ortigas,Robinsons Galleria,metro-manila
carelab,Carelab,robinsons,robinsons-tuguegarao,Robinsons Place Tuguegarao,north-luzon
carehealth plus,CAREHEALTH PLUS,starmall,alabang,Starmall Alabang,metro-manila
carehealth,Carehealth,robinsons,robinsons-galleria-ortigas,Robinsons Galleria,metro-manila
perftech,PERFTECH,sm,sm-city-consolacion,SM City Consolacion,visayas
perfectly polished nail salon and spa,PERFECTLY POLISHED NAIL SALON AND SPA,sm,sm-city-manila,SM City Manila,metro-manila
perfectly polished,Perfectly Polished,robinsons,robinsons-antipolo,Robinsons Place Antipolo,metro-manila
perfect zone cellphone and accessories,PERFECT ZONE CELLPHONE AND ACCESSORIES 9564672085,robinsons,robinsons-butuan,Robinsons Place Butuan,mindanao
perfect smile dental clinic,Perfect Smile Dental Clinic,robinsons,robinsons-starmills,Robinsons Starmills,north-luzon
perfect smile,PERFECT SMILE,sm,sm-city-consolacion,SM City Consolacion,visayas
perfect sight eye center,PERFECT SIGHT EYE CENTER,sm,sm-city-north-edsa,SM City North Edsa,metro-manila
perfect shot,PERFECT SHOT,sm,sm-city-north-edsa,SM City North Edsa,metro-manila
perfect pixel,Perfect Pixel,robinsons,robinsons-malolos,Robinsons Place Malolos,north-luzon
perfect image,Perfect Image,robinsons,robinsons-gen-san,Robinsons Place GenSan,mindanao
perene cakes and pastries,PERENE CAKES AND PASTRIES,robinsons,robinsons-antipolo,Robinsons Place Antipolo,metro-manila
cara laser skin care,CARA LASER SKIN CARE,ayala,ayala-up-town-center,U. P. Town Center,metro-manila
car fads,CAR FADS,ayala,ayala-center-cebu,Ayala Center Cebu,visayas
captain lemon,Captain Lemon,robinsons,robinsons-malolos,Robinsons Place Malolos,north-luzon
captain gadget,CAPTAIN GADGET,sm,sm-savemore-apalit,SM Savemore Apalit,north-luzon
captain barber,CAPTAIN BARBER,sm,sm-city-fairview,SM City Fairview,metro-manila
candy up,Candy Up,robinsons,robinsons-novaliches,Robinsons Novaliches,metro-manila
candy mania,CANDY MANIA,sm,sm-city-clark,SM City Clark,north-luzon
candy land,CANDY LAND,robinsons,robinsons-pagadian,Robinsons Pagadian,mindanao
candy jar,CANDY JAR,robinsons,robinsons-novaliches,Robinsons Novaliches,metro-manila
candid,Candid,ortigas,greenhills,Greenhills,metro-manila
candava,Candava,robinsons,robinsons-lipa,Robinsons Place Lipa,south-luzon
cancio,CANCIO,sm,sm-megamall,SM Megamall,metro-manila
cancer and multispecialty center dr ellen gasendo,Cancer and Multispecialty Center Dr. Ellen Gasendo 0932-494-3147,robinsons,robinsons-cybergate-cebu,Robinsons Cybergate Cebu,visayas
cancer and multi specialty clinic,Cancer And Multi-Specialty Clinic,robinsons,robinsons-cybergate-cebu,Robinsons Cybergate Cebu,visayas
perple yam,PERPLE YAM,robinsons,robinsons-iligan,Robinsons Place Iligan,mindanao
perpetual help community cooperative,PERPETUAL HELP COMMUNITY COOPERATIVE,robinsons,robinsons-dumaguete,Robinsons Place Dumaguete,visayas
perk up coffee,Perk Up Coffee,robinsons,robinsons-jaro,Robinsons Place Jaro,visayas
peri peri charcoal chiken & sauce bar,Peri-peri Charcoal Chiken & Sauce Bar,fishermall,malabon,Fisher Mall Malabon,metro-manila
perfumista,Perfumista,filinvest,festival-mall,Festival Mall,metro-manila
perfumery bar,The Perfumery Bar,fishermall,quezonave,Fisher Mall Quezon Avenue,metro-manila
perfume house,Perfume House,megaworld,southwoods-mall,Southwoods Mall,south-luzon
petron car care center,PETRON CAR CARE CENTER,sm,sm-city-general-santos,SM City General Santos,mindanao
petron,PETRON,starmall,alabang,Starmall Alabang,metro-manila
petite graine preschool,Petite Graine Preschool,megaworld,eastwood-cyber-mall,Eastwood Cyber Mall,metro-manila
petes place,Pete's Place,sm,sm-by-the-bay,SM By the Bay,metro-manila
peter john arts,PETER JOHN ARTS,sm,sm-city-urdaneta-central,SM City Urdaneta Central,north-luzon
petco,PETCO,sm,sm-city-davao,SM City Davao,mindanao
pet spot supplies and grooming center,PET SPOT SUPPLIES AND GROOMING CENTER,sm,sm-city-sorsogon,SM City Sorsogon,south-luzon
pet perks,PET PERKS,sm,sm-seaside-city-cebu,SM Seaside City Cebu,visayas
pet lovers center,PET LOVERS CENTER,ayala,ayala-feliz,Ayala Malls Feliz,metro-manila
pet lover centre,Pet Lover Centre,robinsons,robinsons-tagaytay,Robinsons Tagaytay,south-luzon
pet family,Pet Family,filinvest,main-square,Main Square,south-luzon
pet corner,PET CORNER,sm,sm-city-east-ortigas,SM City East Ortigas,metro-manila
pet bowtique and salon,Pet Bowtique And Salon,robinsons,robinsons-north-tacloban,Robinsons North Tacloban,visayas
pet alley lounge,PET ALLEY LOUNGE,ayala,ayala-vertis,Ayala Malls Vertis North,metro-manila
persian palate,PERSIAN PALATE,ayala,ayala-center-cebu,Ayala Center Cebu,visayas
candys cafe & restaurant,CANDY'S CAFE & RESTAURANT,ayala,ayala-centrio,Centrio Mall,mindanao
camerahaus fujifilm,CAMERAHAUS / FUJIFILM,ayala,ayala-manila-bay,Ayala Malls Manila Bay,metro-manila
camera haus,Camera Haus,robinsons,robinsons-manila,Robinsons Place Manila,metro-manila
camella north office,CAMELLA NORTH OFFICE,starmall,san-jose-del-monte,Starmall San Jose del Monte,north-luzon
camella condo homes,CAMELLA CONDO HOMES,starmall,alabang,Starmall Alabang,metro-manila
camella,CAMELLA,starmall,alabang,Starmall Alabang,metro-manila
cambridge child development centre,CAMBRIDGE CHILD DEVELOPMENT CENTRE,ayala,ayala-serendra,Shops at Serendra,metro-manila
calvin klein underwear,CALVIN KLEIN UNDERWEAR,robinsons,robinsons-manila,Robinsons Place Manila,metro-manila
calvin klein jeans & underwear,Calvin Klein Jeans & Underwear,robinsons,robinsons-manila,Robinsons Place Manila,metro-manila
calvin klein by the watch store,CALVIN KLEIN BY THE WATCH STORE,sm,sm-city-north-edsa,SM City North Edsa,metro-manila
philgin travel and tours (2go),PHILGIN TRAVEL AND TOURS (2GO),starmall,alabang,Starmall Alabang,metro-manila
philcopy,PHILCOPY,sm,sm-city-davao,SM City Davao,mindanao
phiil health,PHIIL HEALTH,robinsons,robinsons-gen-san,Robinsons Place GenSan,mindanao
phia footwear,PHIA FOOTWEAR,robinsons,robinsons-novaliches,Robinsons Novaliches,metro-manila
phad thai,Phad Thai,robinsons,galleria-south,Robinsons Galleria South,south-luzon
pgp ticketing office outlet,PGP TICKETING OFFICE OUTLET,sm,sm-city-cagayan-de-oro,SM City CDO Uptown,mindanao
petropolis animal clinic,PETROPOLIS ANIMAL CLINIC,ayala,ayala-solenad,Ayala Malls Nuvali,south-luzon
philsys step 2 registration,PHILSYS STEP 2 REGISTRATION,robinsons,galleria-south,Robinsons Galleria South,south-luzon
philsys (national id),Philsys (national Id),filinvest,main-square,Main Square,south-luzon
philips easy key,PHILIPS EASY KEY,ayala,ayala-manila-bay,Ayala Malls Manila Bay,metro-manila
philipppine statistics authority,PHILIPPPINE STATISTICS AUTHORITY ( TEMPORARILY CLOSED ),robinsons,robinsons-novaliches,Robinsons Novaliches,metro-manila
philippine savings bank atm,Philippine Savings Bank ATM,waltermart,antipolo,WalterMart Antipolo,metro-manila
philippine racing club inc,PHILIPPINE RACING CLUB INC.,ayala,ayala-circuit,Ayala Malls Circuit,metro-manila
philippine national police (pnp),Philippine National Police (pnp),filinvest,main-square,Main Square,south-luzon
philippine business savings bank,Philippine Business Savings Bank,megaworld,forbes-town,Forbes Town,metro-manila
philippine airlines golden jc holiday travel,PHILIPPINE AIRLINES GOLDEN JC HOLIDAY TRAVEL,sm,sm-city-cebu,SM City Cebu,visayas
philippine airlines,PHILIPPINE AIRLINES,sm,sm-megamall,SM Megamall,metro-manila
philippe charriol,PHILIPPE CHARRIOL,sm,the-podium,The Podium,metro-manila
philip steinl time studio,PHILIP STEINL TIME STUDIO,sm,sm-city-lipa,SM City Lipa,south-luzon
philip stein tw steel wenger luminox,PHILIP STEIN TW STEEL WENGER LUMINOX,sm,sm-city-clark,SM City Clark,north-luzon
canadian immigration consultancy,CANADIAN IMMIGRATION CONSULTANCY,sm,sm-city-north-edsa,SM City North Edsa,metro-manila
can diagnosis center,CAN DIAGNOSIS CENTER,robinsons,galleria-south,Robinsons Galleria South,south-luzon
camp jump,CAMP JUMP,sm,sm-city-puerto-princesa,SM City Puerto Princesa,south-luzon
california nails,California Nails,filinvest,festival-mall,Festival Mall,metro-manila
california nail spa,California Nail Spa,ortigas,greenhills,Greenhills,metro-manila
caleon bakery,CALEON BAKERY,robinsons,robinsons-novaliches,Robinsons Novaliches,metro-manila
cakes eatcetera,CAKES EATCETERA,sm,sm-city-roxas,SM City Roxas,visayas
cakes by mark,CAKES BY MARK,sm,sm-city-mindpro,SM City Mindpro,mindanao
cakeistry,CAKEISTRY,ayala,ayala-centrio,Centrio Mall,mindanao
cake out cakeshop,CAKE-OUT CAKESHOP,ayala,ayala-abreeza,Abreeza,mindanao
cake miss,CAKE MISS,sm,sm-city-butuan,SM City Butuan,mindanao
phoenix,Phoenix,robinsons,robinsons-luisita,Robinsons Luisita,north-luzon
phobac vietnamese specialties,Phobac Vietnamese Specialties,megaworld,southwoods-mall,Southwoods Mall,south-luzon
phobac vietnamese specialist,PHOBAC VIETNAMESE SPECIALIST,ayala,ayala-glorietta,Glorietta,metro-manila
pho hoa my thai jacks loft,Pho Hoa / My Thai / Jack’s Loft,filinvest,festival-mall,Festival Mall,metro-manila
pho co,PHO.CO,sm,sm-city-clark,SM City Clark,north-luzon
phlips,Phlips,robinsons,robinsons-magnolia,Robinsons Magnolia,metro-manila
phlippine national bank (pnb),Phlippine National Bank (pnb),filinvest,festival-mall,Festival Mall,metro-manila
philux,PHILUX,sm,sm-megamall,SM Megamall,metro-manila
photo trend,Photo Trend,filinvest,festival-mall,Festival Mall,metro-manila
photo tech,Photo Tech,filinvest,festival-mall,Festival Mall,metro-manila
photo image,PHOTO IMAGE,robinsons,robinsons-butuan,Robinsons Place Butuan,mindanao
phoneville mobile,PHONEVILLE MOBILE,sm,sm-city-bacoor,SM City Bacoor,south-luzon
phonemax,Phonemax,araneta,farmers-plaza,Farmers Plaza,metro-manila
phonebay,PHONEBAY,sm,sm-city-pampanga,SM City Pampanga,north-luzon
phone shop,THE PHONE SHOP,ayala,ayala-glorietta,Glorietta,metro-manila
phone partz,PHONE PARTZ,sm,sm-city-fairview,SM City Fairview,metro-manila
phone max,PHONE MAX,sm,sm-city-cauayan,SM City Cauayan,north-luzon
phone gallery,The Phone Gallery,waltermart,plaridel,WalterMart Plaridel,north-luzon
phone care cellphone accessories,PHONE CARE CELLPHONE ACCESSORIES,sm,sm-center-muntinlupa,SM Center Muntinlupa,metro-manila
phone avenue,Phone Avenue,ortigas,greenhills,Greenhills,metro-manila
phoenix dragon,Phoenix Dragon,megaworld,lucky-chinatown-mall,Lucky Chinatown Mall,metro-manila
phoenix bazaar,Phoenix Bazaar,robinsons,robinsons-dasmarinas,Robinsons Place Dasmarinas,south-luzon
calmar land,CALMAR LAND,sm,sm-city-lucena,SM City Lucena,south-luzon
calle reyes,CALLE REYES,sm,sm-city-marikina,SM City Marikina,metro-manila
cafesiklista cafe,CAFESIKLISTA CAFÉ,sm,sm-city-lucena,SM City Lucena,south-luzon
cafe vivian,CAFE VIVIAN,sm,sm-city-batangas,SM City Batangas,south-luzon
cafe vanleroe,CAFE VANLEROE,waltermart,taytay,WalterMart Taytay,metro-manila
cafe nori,Cafe Nori,robinsons,robinsons-palawan,Robinsons Place Palawan,south-luzon
cafe noelle,CAFE NOELLE,sm,sm-city-clark,SM City Clark,north-luzon
cafe lounge,Cafe Lounge,megaworld,southwoods-mall,Southwoods Mall,south-luzon
cafe laguna i,Cafe Laguna I 0977-356-3129,robinsons,robinsons-ormoc,Robinsons Place Ormoc,visayas
picanti,PICANTI,ayala,ayala-greenbelt,Greenbelt,metro-manila
picabean,PICABEAN,ayala,ayala-malls-central-bloc,Ayala Malls Central Bloc,visayas
pica pica by slers,PICA PICA BY SLERS,sm,sm-cdo-downtown,SM CDO Downtown Premier,mindanao
pic n print,Pic N Print,ortigas,greenhills,Greenhills,metro-manila
pibu aesthetics,PIBU AESTHETICS,ayala,ayala-feliz,Ayala Malls Feliz,metro-manila
pias gadget store,PIA'S GADGET STORE,robinsons,robinsons-sta-rosa,Robinsons Sta. Rosa,south-luzon
physiare,Physiare,filinvest,festival-mall,Festival Mall,metro-manila
photovoltaic,Photovoltaic,robinsons,robinsons-palawan,Robinsons Place Palawan,south-luzon
photoline digital,Photoline Digital,robinsons,robinsons-manila,Robinsons Place Manila,metro-manila
pieza de mano art ang frames,PIEZA DE MANO ART ANG FRAMES,robinsons,robinsons-manila,Robinsons Place Manila,metro-manila
pieza de mano,Pieza De Mano,robinsons,robinsons-manila,Robinsons Place Manila,metro-manila
pidoks,PIDOKS,ayala,ayala-abreeza,Abreeza,mindanao
picture books,PICTURE BOOKS,sm,sm-megamall,SM Megamall,metro-manila
pickleball court,Pickleball Court,filinvest,main-square,Main Square,south-luzon
pick up stix,PICK-UP-STIX,sm,sm-city-cabanatuan,SM City Cabanatuan,north-luzon
pick up at sm supermalls,PICK UP AT SM SUPERMALLS,sm,sm-city-masinag,SM City Masinag,metro-manila
pick mix,PICK MIX,sm,sm-mall-of-asia,SM Mall of Asia,metro-manila
pick a trip travel and tours,PICK A TRIP TRAVEL AND TOURS,sm,sm-city-lucena,SM City Lucena,south-luzon
pick & save,PICK & SAVE,robinsons,robinsons-metro-east,Robinsons Metro East,metro-manila
cake co,CAKE CO,robinsons,robinsons-pagadian,Robinsons Pagadian,mindanao
cake and cakes,Cake And Cakes,filinvest,festival-mall,Festival Mall,metro-manila
cake & cakes bakeshop,CAKE & CAKES BAKESHOP,waltermart,bacoor,WalterMart Bacoor,south-luzon
caifu massage chair,Caifu Massage Chair,robinsons,robinsons-imus,Robinsons Place Imus,south-luzon
caffe la tea,CAFFE LA TEA,robinsons,robinsons-gapan,Robinsons Gapan,north-luzon
caffe freddo,CAFFE FREDDO,ayala,ayala-bonifacio-high-street,Bonifacio High Street,metro-manila
cafe de acacia,Cafe de Acacia,robinsons,robinsons-tacloban,Robinsons Place Tacloban,visayas
cafe bombom,CAFÉ BOMBOM,sm,sm-city-fairview,SM City Fairview,metro-manila
cafe bobs,CAFE BOB'S,ayala,ayala-capitol-central,Ayala Malls Capitol Central,visayas
cafe bnb,Cafe Bnb,filinvest,festival-mall,Festival Mall,metro-manila
cafe aroma,Cafe Aroma,megaworld,festive-walk-parade,Festive Walk Parade,visayas
cafe anita,Cafe Anita (Temporary Closed),robinsons,robinsons-ilocos,Robinsons Place Ilocos,north-luzon
cafe adriaticoabe,CAFE ADRIATICOABE,sm,sm-mall-of-asia,SM Mall of Asia,metro-manila
cafe 17,Cafe 17,megaworld,mckinley-west,McKinley West,metro-manila
pink dough,Pink Dough,megaworld,california-garden-square,California Garden Square,metro-manila
pink dot,PINK DOT,ayala,ayala-harbor-point,Harbor Point,north-luzon
pink belles fashion,Pink Belle's Fashion,robinsons,robinsons-tuguegarao,Robinsons Place Tuguegarao,north-luzon
pings eatabols,PING’S EATABOLS,ayala,ayala-capitol-central,Ayala Malls Capitol Central,visayas
pines telecom,Pines Telecom,robinsons,robinsons-santiago,Robinsons Place Santiago,north-luzon
pina seoul,PINA SEOUL,robinsons,robinsons-pangasinan,Robinsons Place Pangasinan,north-luzon
pimp kicks,Pimp Kicks,ortigas,greenhills,Greenhills,metro-manila
pili ani,Pili Ani,ortigas,greenhills,Greenhills,metro-manila
pizza hut kiosk,PIZZA HUT KIOSK,robinsons,robinsons-novaliches,Robinsons Novaliches,metro-manila
pizza hut food cart,Pizza Hut Food Cart,robinsons,robinsons-imus,Robinsons Place Imus,south-luzon
pizza haus,Pizza Haus,robinsons,robinsons-naga,Robinsons Place Naga,south-luzon
pizza boy,Pizza boy 9778098547,robinsons,robinsons-iligan,Robinsons Place Iligan,mindanao
pixie forest,Pixie Forest,filinvest,festival-mall,Festival Mall,metro-manila
pixelport,PIXELPORT,sm,sm-city-santa-rosa,SM City Santa Rosa,south-luzon
pixel point by photoline,PIXEL POINT BY PHOTOLINE,sm,sm-aura,SM Aura,metro-manila
pirazzo,PIRAZZO,robinsons,robinsons-santiago,Robinsons Place Santiago,north-luzon
pinoy pyesta,PINOY PYESTA,sm,sm-city-dasmarinas,SM City Dasmariñas,south-luzon
pinoy krispy sisig,Pinoy Krispy Sisig,robinsons,robinsons-antipolo,Robinsons Place Antipolo,metro-manila
pink2pink body & face skin,PINK2PINK BODY & FACE SKIN,ayala,ayala-metropoint,Metro Point Mall,metro-manila
cafe kulture,Cafe Kulture,ortigas,greenhills,Greenhills,metro-manila
cafe klara,CAFÉ KLARA,sm,sm-city-pampanga,SM City Pampanga,north-luzon
cafe hola,CAFE HOLA,robinsons,robinsons-antipolo,Robinsons Place Antipolo,metro-manila
cafe france,CAFE FRANCE,sm,sm-megamall,SM Megamall,metro-manila
cafe dulcinea,CAFÉ DULCINEA,sm,sm-city-north-edsa,SM City North Edsa,metro-manila
ca chinese restaurant,CA CHINESE RESTAURANT,sm,sm-city-laoag,SM City Laoag,north-luzon
c&m collection,C&M COLLECTION,robinsons,robinsons-novaliches,Robinsons Novaliches,metro-manila
c&g consulting inc,C&G Consulting Inc.,robinsons,robinsons-galleria-cebu,Robinsons Galleria Cebu,visayas
c suites,C Suites,megaworld,mactan-newtown,Mactan Newtown,visayas
c square telecom,C Square Telecom,ortigas,greenhills,Greenhills,metro-manila
c sarabia optical,C SARABIA OPTICAL,sm,sm-city-bacolod,SM City Bacolod,visayas
c salon,C-SALON,robinsons,robinsons-galleria-ortigas,Robinsons Galleria,metro-manila
plain & prints,PLAIN & PRINTS,robinsons,robinsons-pagadian,Robinsons Pagadian,mindanao
pks phones,PKS Phones,robinsons,robinsons-santiago,Robinsons Place Santiago,north-luzon
pks phone,PKS Phone,robinsons,robinsons-tuguegarao,Robinsons Place Tuguegarao,north-luzon
pjs sleepwear,PJs Sleepwear 9237431998,robinsons,robinsons-magnolia,Robinsons Magnolia,metro-manila
pj lhuillier inc (cebuana),PJ LHUILLIER INC. (CEBUANA),starmall,edsa-shaw,Starmall EDSA-Shaw,metro-manila
pizzakaya,Pizzakaya,robinsons,robinsons-tagum,Robinsons Place Tagum,mindanao
pizzahut,PIZZAHUT,robinsons,robinsons-galleria-ortigas,Robinsons Galleria,metro-manila
pizza volante,PIZZA VOLANTE,sm,sm-city-baguio,SM City Baguio,north-luzon
pizza to go,PIZZA TO GO,sm,sm-city-pampanga,SM City Pampanga,north-luzon
play studio,Play Studio,robinsons,robinsons-bacolod,Robinsons Place Bacolod,visayas
play n learn kids playroom childcare center,PLAY N LEARN KIDS PLAYROOM CHILDCARE CENTER,sm,sm-city-davao,SM City Davao,mindanao
play giant,PLAY GIANT,ayala,ayala-glorietta,Glorietta,metro-manila
play book store,THE PLAY BOOK STORE,ayala,ayala-one-bonifacio-high-street,One Bonifacio High Street,metro-manila
play 2 learn,PLAY 2 LEARN,ayala,ayala-center-cebu,Ayala Center Cebu,visayas
platinium karaoke,PLATINIUM KARAOKE,robinsons,robinsons-starmills,Robinsons Starmills,north-luzon
plantsnilloids,PLANTSNILLOIDS,ayala,ayala-market-market,Market! Market!,metro-manila
plantmate plants shop,PLANTMATE PLANTS SHOP,sm,sm-city-lucena,SM City Lucena,south-luzon
planet sports asia,Planet Sports Asia,ortigas,greenhills,Greenhills,metro-manila
planet sport,PLANET SPORT,robinsons,robinsons-tagum,Robinsons Place Tagum,mindanao
plains prints lifestyle,PLAINS PRINTS LIFESTYLE,sm,sm-city-la-union,SM City La Union,north-luzon
caeg dental clinic,Caeg Dental Clinic,waltermart,makati,WalterMart Makati,metro-manila
cable star,CABLE STAR,sm,sm-city-iloilo,SM City Iloilo,visayas
cabanal salarza optical,Cabañal-Salarza Optical,robinsons,robinsons-gen-san,Robinsons Place GenSan,mindanao
cabalen plus,CABALEN PLUS,sm,sm-megamall,SM Megamall,metro-manila
cabalen bingo,CABALEN BINGO,robinsons,robinsons-starmills,Robinsons Starmills,north-luzon
bytematic,BYTEMATIC,sm,sm-city-grand-central,SM City Grand Central,metro-manila
byte matic,Byte Matic,robinsons,robinsons-gentrias,Robinsons Place Gen. Trias,south-luzon
byrons backribs grill house,BYRONS BACKRIBS GRILL HOUSE,ayala,ayala-capitol-central,Ayala Malls Capitol Central,visayas
bw bakeshop,BW Bakeshop,waltermart,antipolo,WalterMart Antipolo,metro-manila
bvlgari,BVLGARI,ayala,ayala-greenbelt,Greenbelt,metro-manila
buzzz ice cream,The Buzzz Ice Cream,robinsons,robinsons-galleria-ortigas,Robinsons Galleria,metro-manila
buzz superdrinks,Buzz Superdrinks,megaworld,lucky-chinatown-mall,Lucky Chinatown Mall,metro-manila
playstation,PLAYSTATION,sm,sm-city-north-edsa,SM City North Edsa,metro-manila
playnation,PLAYNATION,ayala,ayala-center-cebu,Ayala Center Cebu,visayas
playland (ws5 ws8),PLAYLAND (WS5-WS8),fishermall,malabon,Fisher Mall Malabon,metro-manila
playland (l1 l2),PLAYLAND (L1-L2),fishermall,malabon,Fisher Mall Malabon,metro-manila
playland,Playland,fishermall,quezonave,Fisher Mall Quezon Avenue,metro-manila
playhub & co,Playhub & Co.,megaworld,forbes-town,Forbes Town,metro-manila
playground,Playground 9232881783,robinsons,robinsons-magnolia,Robinsons Magnolia,metro-manila
playcafe,Playcafe,megaworld,venice-grand-canal-mall,Venice Grand Canal Mall,metro-manila
play works,PLAY WORKS,sm,sm-aura,SM Aura,metro-manila
pocket gears,POCKET GEARS,sm,sm-city-tarlac,SM City Tarlac,north-luzon
pobros house of chicken n waffles,POBROS HOUSE OF CHICKEN N WAFFLES,sm,sm-city-bicutan,SM City Bicutan,metro-manila
pnp police clearance,PNP Police Clearance,robinsons,robinsons-tacloban,Robinsons Place Tacloban,visayas
pnp clearance,PNP Clearance,robinsons,robinsons-gentrias,Robinsons Place Gen. Trias,south-luzon
pnp,PNP,robinsons,robinsons-jaro,Robinsons Place Jaro,visayas
pngb gold buyer,PNGB Gold Buyer,robinsons,robinsons-dasmarinas,Robinsons Place Dasmarinas,south-luzon
pnb allianz,PNB ALLIANZ,robinsons,robinsons-ilocos,Robinsons Place Ilocos,north-luzon
pmz melon station,PMZ MELON STATION,sm,sm-city-bacolod,SM City Bacolod,visayas
pmc watchstore,PMC Watchstore,robinsons,robinsons-tuguegarao,Robinsons Place Tuguegarao,north-luzon
pluto photo,Pluto Photo,filinvest,festival-mall,Festival Mall,metro-manila
plusmakeover,Plusmakeover,ortigas,greenhills,Greenhills,metro-manila
plum roast,Plum Roast,robinsons,robinsons-tacloban,Robinsons Place Tacloban,visayas
pley tito,PLEY-TITO,sm,sm-city-daet,SM City Daet,south-luzon
pldt smart 1888,PLDT-SMART *1888 532 0018,robinsons,robinsons-dumaguete,Robinsons Place Dumaguete,visayas
c eats refreshments,C Eats Refreshments,robinsons,robinsons-fuente,Robinsons Fuente,visayas
c concepcion & orthodontic clinic,C. Concepcion & Orthodontic Clinic,filinvest,festival-mall,Festival Mall,metro-manila
buttery co,BUTTERY CO,sm,sm-megamall,SM Megamall,metro-manila
butterboy,BUTTERBOY,sm,sm-mall-of-asia,SM Mall of Asia,metro-manila
butter grill,BUTTER GRILL,sm,sm-city-caloocan,SM City Caloocan,metro-manila
butter ensaymadas,BUTTER ENSAYMADAS,sm,s-maison,S Maison,metro-manila
butot balat,Buto't Balat,megaworld,festive-walk-mall-iloilo,Festive Walk Mall,visayas
buting ting general merchandise,BUTING-TING GENERAL MERCHANDISE,ayala,ayala-market-market,Market! Market!,metro-manila
butcher boy,Butcher Boy,megaworld,alabang-west-parade,Alabang West Parade,metro-manila
business one stop shop,Business One Stop Shop,robinsons,robinsons-galleria-cebu,Robinsons Galleria Cebu,visayas
burrp tees,Burrp Tees,filinvest,festival-mall,Festival Mall,metro-manila
burrow,BURROW,sm,sm-city-consolacion,SM City Consolacion,visayas
polland,Polland,ortigas,estancia,Estancia,metro-manila
polk home theater hifi,POLK HOME THEATER HIFI,sm,sm-city-north-edsa,SM City North Edsa,metro-manila
point and dots,POINT AND DOTS,sm,sm-city-pampanga,SM City Pampanga,north-luzon
pocofino,Pocofino,ortigas,greenhills,Greenhills,metro-manila
poco deli,Poco Deli,ortigas,estancia,Estancia,metro-manila
pockets waffles cream,POCKETS WAFFLES CREAM,sm,sm-city-santa-rosa,SM City Santa Rosa,south-luzon
popique beauty,Popique Beauty,megaworld,festive-walk-mall-iloilo,Festive Walk Mall,visayas
popcycle at elektrik avenue,Popcycle at Elektrik Avenue,ortigas,greenhills,Greenhills,metro-manila
pop up kidzoona,Pop Up! Kidzoona,robinsons,robinsons-angeles,Robinsons Angeles,north-luzon
pop socket,POP SOCKET,robinsons,robinsons-magnolia,Robinsons Magnolia,metro-manila
pop junk love go lokal,POP JUNK LOVE GO LOKAL,ayala,ayala-up-town-center,U. P. Town Center,metro-manila
pop enthusiast,Pop Enthusiast,ortigas,greenhills,Greenhills,metro-manila
pop culture,Pop Culture,megaworld,eastwood-city-walk,Eastwood City Walk,metro-manila
poopers pop,POOPER'S POP,robinsons,robinsons-ilocos,Robinsons Place Ilocos,north-luzon
pong pongs pasalubong store,PONG PONG'S PASALUBONG STORE,robinsons,robinsons-novaliches,Robinsons Novaliches,metro-manila
pomelo,POMELO,robinsons,robinsons-manila,Robinsons Place Manila,metro-manila
polyglot international academy,Polyglot International Academy,megaworld,festive-walk-parade,Festive Walk Parade,visayas
polyeast,Polyeast,fishermall,quezonave,Fisher Mall Quezon Avenue,metro-manila
polo ralph lauren,POLO RALPH LAUREN,ayala,ayala-greenbelt,Greenbelt,metro-manila
buzz & brew,Buzz & Brew,megaworld,venice-grand-canal-mall,Venice Grand Canal Mall,metro-manila
buu buu frozen yogurt,BUU BUU FROZEN YOGURT,robinsons,robinsons-gapan,Robinsons Gapan,north-luzon
butuan lechon and seafoods grill,BUTUAN LECHON AND SEAFOODS GRILL,sm,sm-city-butuan,SM City Butuan,mindanao
burgoo american bar & restaurant,BURGOO AMERICAN BAR & RESTAURANT,ayala,ayala-the-district-imus,The District Imus,south-luzon
burgoo,BURGOO,sm,sm-southmall,SM Southmall,metro-manila
burgerbomb,Burgerbomb,waltermart,malolos,WalterMart Malolos,north-luzon
burger queen,Burger Queen,waltermart,baliwag,WalterMart Baliwag,north-luzon
burger nook,Burger Nook,robinsons,robinsons-imus,Robinsons Place Imus,south-luzon
burger machine,BURGER MACHINE,robinsons,robinsons-novaliches,Robinsons Novaliches,metro-manila
burger joint,THE BURGER JOINT,ayala,ayala-malls-central-bloc,Ayala Malls Central Bloc,visayas
burger assembly,BURGER ASSEMBLY,sm,sm-city-bicutan,SM City Bicutan,metro-manila
bureau og immigration,BUREAU OG IMMIGRATION,robinsons,robinsons-gen-san,Robinsons Place GenSan,mindanao
bureau of quarantine (boq),BUREAU OF QUARANTINE (BOQ),robinsons,robinsons-manila,Robinsons Place Manila,metro-manila
port mango,PORT MANGO,robinsons,robinsons-gapan,Robinsons Gapan,north-luzon
porsche design,Porsche Design,megaworld,newport-city,Newport City,metro-manila
porky best,PORKY BEST,ayala,ayala-abreeza,Abreeza,mindanao
pops all filipino buffet,POPS ALL FILIPINO BUFFET,sm,sm-cdo-downtown,SM CDO Downtown Premier,mindanao
popoys batchoy since 1978,POPOY'S BATCHOY SINCE 1978,robinsons,robinsons-iloilo,Robinsons Place Iloilo,visayas
poplife,POPLIFE,robinsons,opus,Opus Mall,metro-manila
bum black army,Bum Black Army,araneta,farmers-plaza,Farmers Plaza,metro-manila
bum,Bum,robinsons,robinsons-santiago,Robinsons Place Santiago,north-luzon
bully boy,Bully Boy,ortigas,greenhills,Greenhills,metro-manila
bulawan panaderya,BULAWAN PANADERYA,sm,sm-cherry-antipolo,SM Center Antipolo Downtown,metro-manila
bulacan sweets,BULACAN SWEETS,sm,sm-city-north-edsa,SM City North Edsa,metro-manila
potato fries station,POTATO FRIES STATION,robinsons,robinsons-tuguegarao,Robinsons Place Tuguegarao,north-luzon
potato corner i,POTATO CORNER I 0907-209-7215,robinsons,robinsons-ormoc,Robinsons Place Ormoc,visayas
potato corner (tw),Potato Corner (tw),filinvest,festival-mall,Festival Mall,metro-manila
potato corner (az),Potato Corner (az),filinvest,festival-mall,Festival Mall,metro-manila
potato corner (2),POTATO CORNER (2),robinsons,robinsons-novaliches,Robinsons Novaliches,metro-manila
post shop,POST SHOP,sm,sm-city-iloilo,SM City Iloilo,visayas
positive living,Positive Living,robinsons,robinsons-ilocos,Robinsons Place Ilocos,north-luzon
posh nails hand and foot spa,POSH NAILS HAND AND FOOT SPA,sm,sm-seaside-city-cebu,SM Seaside City Cebu,visayas
burrito food hub,BURRITO FOOD HUB,sm,sm-city-la-union,SM City La Union,north-luzon
burp co,THE BURP CO,sm,sm-city-davao,SM City Davao,mindanao
burnt edges by shrimp bucket,Burnt Edges By Shrimp Bucket,megaworld,three-central,Three Central Mall,metro-manila
power mac i,POWER MAC I 0917-847-8557,robinsons,robinsons-ormoc,Robinsons Place Ormoc,visayas
power mac center spotlight,POWER MAC CENTER SPOTLIGHT,ayala,ayala-circuit,Ayala Malls Circuit,metro-manila
power mac center (training center),POWER MAC CENTER (TRAINING CENTER),ayala,ayala-glorietta,Glorietta,metro-manila
power mac center & mobile care,Power Mac Center & Mobile Care,filinvest,festival-mall,Festival Mall,metro-manila
power house,Power House,megaworld,festive-walk-mall-iloilo,Festive Walk Mall,visayas
power gadgets,POWER GADGETS,sm,sm-megamall,SM Megamall,metro-manila
pound for pound fitness,POUND FOR POUND FITNESS,robinsons,robinsons-otis,Robinsons Otis,metro-manila
pottery barn,Pottery Barn,ortigas,estancia,Estancia,metro-manila
poto poto,Poto Poto,megaworld,lucky-chinatown-imperial-wing,Lucky Chinatown - Imperial Wing,metro-manila
potato hub,Potato Hub,robinsons,robinsons-naga,Robinsons Place Naga,south-luzon
bureau of internal revenue,BUREAU OF INTERNAL REVENUE,fishermall,quezonave,Fisher Mall Quezon Avenue,metro-manila
burda,Burda,robinsons,robinsons-starmills,Robinsons Starmills,north-luzon
burberry,BURBERRY,ayala,ayala-greenbelt,Greenbelt,metro-manila
bunsikjip,Bunsikjip,megaworld,lucky-chinatown-imperial-wing,Lucky Chinatown - Imperial Wing,metro-manila
bump n spin,BUMP N' SPIN,robinsons,robinsons-ilocos,Robinsons Place Ilocos,north-luzon
bump all you can,BUMP ALL YOU CAN,robinsons,robinsons-tuguegarao,Robinsons Place Tuguegarao,north-luzon
buko pilipino,Buko Pilipino,robinsons,robinsons-dumaguete,Robinsons Place Dumaguete,visayas
buko ni juan,Buko Ni Juan,robinsons,robinsons-antipolo,Robinsons Place Antipolo,metro-manila
buko mo,BUKO MO!,robinsons,robinsons-novaliches,Robinsons Novaliches,metro-manila
buko line,BUKO LINE,robinsons,robinsons-pavia,Robinsons Place Pavia,visayas
buko king,BUKO KING,sm,sm-city-iloilo,SM City Iloilo,visayas
powerhouse tools,POWERHOUSE TOOLS,sm,sm-mall-of-asia,SM Mall of Asia,metro-manila
powerhouse pilates,POWERHOUSE PILATES,ayala,ayala-solenad,Ayala Malls Nuvali,south-luzon
powerclick,POWERCLICK,sm,sm-city-trece-martires,SM City Trece Martires,south-luzon
powerbooks noteworthy,POWERBOOKS NOTEWORTHY,sm,the-podium,The Podium,metro-manila
power up,Power Up,filinvest,festival-mall,Festival Mall,metro-manila
power touch wellness massage,Power Touch Wellness Massage,fishermall,quezonave,Fisher Mall Quezon Avenue,metro-manila
power switch,Power Switch,filinvest,festival-mall,Festival Mall,metro-manila
power smile dental clinic,POWER SMILE DENTAL CLINIC,sm,sm-city-san-lazaro,SM City San Lazaro,metro-manila
power premium gadget,Power Premium Gadget,robinsons,robinsons-metro-east,Robinsons Metro East,metro-manila
power play,POWER PLAY,ayala,ayala-feliz,Ayala Malls Feliz,metro-manila
power mac service center,POWER MAC SERVICE CENTER,ayala,ayala-abreeza,Abreeza,mindanao
buko bravo,Buko Bravo,robinsons,robinsons-otis,Robinsons Otis,metro-manila
builtamart,BUILTAMART,sm,smdc-fame-mall,SMDC Fame Mall,metro-manila
bugsys,Bugsy's,megaworld,paseo-center,Paseo Center,metro-manila
bugsay seafood restaurant,BUGSAY SEAFOOD RESTAURANT,sm,sm-cdo-downtown,SM CDO Downtown Premier,mindanao
buffet,Buffet 101 0917 845 9989 (OPEN),robinsons,robinsons-magnolia,Robinsons Magnolia,metro-manila
predire,Predire,robinsons,robinsons-manila,Robinsons Place Manila,metro-manila
precision driving school,PRECISION DRIVING SCHOOL,robinsons,robinsons-metro-east,Robinsons Metro East,metro-manila
precious teeth,PRECIOUS TEETH,robinsons,robinsons-gentrias,Robinsons Place Gen. Trias,south-luzon
precious asher trading corp,Precious Asher Trading Corp,robinsons,robinsons-imus,Robinsons Place Imus,south-luzon
prawn house seafood restaurant,Prawn House Seafood Restaurant,robinsons,robinsons-iligan,Robinsons Place Iligan,mindanao
prada,PRADA,ayala,ayala-greenbelt,Greenbelt,metro-manila
powerstation,POWERSTATION,sm,sm-city-north-edsa,SM City North Edsa,metro-manila
bulacan products,BULACAN PRODUCTS,ayala,ayala-market-market,Market! Market!,metro-manila
bulacan lugaw kitchen,Bulacan Lugaw Kitchen,megaworld,san-lorenzo-place-mall,San Lorenzo Place Mall,metro-manila
bukofrio,BUKOFRIO,ayala,ayala-legazpi,Ayala Malls Legazpi,south-luzon
buko station,Buko Station,robinsons,robinsons-north-tacloban,Robinsons North Tacloban,visayas
prestea,Prestea,robinsons,robinsons-naga,Robinsons Place Naga,south-luzon
pressnet,Pressnet,waltermart,candelaria,WalterMart Candelaria,south-luzon
press play pictures phils inc,PRESS PLAY PICTURES PHILS INC,sm,sm-aura,SM Aura,metro-manila
press citycycle,PRESS CITYCYCLE,sm,smdc-strip-at-blue,SMDC Strip at Blue,metro-manila
prep center,PREP Center,ortigas,estancia,Estancia,metro-manila
premiumbikes,PREMIUMBIKES,robinsons,robinsons-pagadian,Robinsons Pagadian,mindanao
premium technology,PREMIUM TECHNOLOGY,sm,sm-city-san-fernando-downtown,SM City San Fernando Downtown,north-luzon
premium caritas,PREMIUM CARITAS,ayala,ayala-fairview-mall,Fairview Terraces,metro-manila
premier samgyupsal,Premier Samgyupsal,megaworld,festive-walk-parade,Festive Walk Parade,visayas
premier hair and nails salon,Premier Hair and Nails Salon,megaworld,newport-city,Newport City,metro-manila
prego trattoria,PREGO TRATTORIA,sm,sm-aura,SM Aura,metro-manila
prego outlet,PREGO OUTLET,starmall,san-jose-del-monte,Starmall San Jose del Monte,north-luzon
prego jeans,PREGO JEANS,ayala,ayala-pavilion,Pavilion Mall,south-luzon
predire wellness,Predire Wellness,megaworld,eastwood-cyber-mall,Eastwood Cyber Mall,metro-manila
buko juan & juan chow,BUKO JUAN & JUAN CHOW,robinsons,galleria-south,Robinsons Galleria South,south-luzon
buko express pies & sweets,BUKO EXPRESS PIES & SWEETS,robinsons,galleria-south,Robinsons Galleria South,south-luzon
primewell city,THE PRIMEWELL CITY,sm,sm-city-marilao,SM City Marilao,north-luzon
primetime,Primetime,robinsons,robinsons-naga,Robinsons Place Naga,south-luzon
primesteak house,PRIMESTEAK HOUSE,robinsons,robinsons-antipolo,Robinsons Place Antipolo,metro-manila
primeros sizzling steaks,PRIMEROS SIZZLING STEAKS,sm,sm-city-baguio,SM City Baguio,north-luzon
primera jewelry,PRIMERA JEWELRY,ayala,ayala-market-market,Market! Market!,metro-manila
prime silver,Prime Silver,robinsons,robinsons-tuguegarao,Robinsons Place Tuguegarao,north-luzon
prime key,PRIME KEY,sm,smdc-strip-at-sea,SMDC Strip at Sea,metro-manila
prime care,PRIME CARE,sm,sm-city-bicutan,SM City Bicutan,metro-manila
prima medica health clinic,PRIMA MEDICA HEALTH CLINIC,sm,sm-city-sucat,SM City Sucat,metro-manila
prima gold,PRIMA GOLD,robinsons,robinsons-manila,Robinsons Place Manila,metro-manila
prettyvibe,PRETTYVIBE,robinsons,robinsons-sta-rosa,Robinsons Sta. Rosa,south-luzon
prettylooks,Prettylooks,megaworld,uptown-parade,Uptown Parade,metro-manila
pretty nest,Pretty Nest,robinsons,robinsons-novaliches,Robinsons Novaliches,metro-manila
pretty little lashes & nail studio,PRETTY LITTLE LASHES & NAIL STUDIO,starmall,alabang,Starmall Alabang,metro-manila
pretea,PRETEA,robinsons,robinsons-butuan,Robinsons Place Butuan,mindanao
prestige trading,PRESTIGE TRADING,sm,sm-city-bf-paranaque,SM City BF Parañaque,metro-manila
buffalo ave,BUFFALO AVE,robinsons,robinsons-antipolo,Robinsons Place Antipolo,metro-manila
buff spa,BUFF SPA,sm,sm-city-manila,SM City Manila,metro-manila
buenas sausage and fries,BUENAS SAUSAGE AND FRIES,robinsons,robinsons-pangasinan,Robinsons Place Pangasinan,north-luzon
budz cafe,BUDZ CAFÉ,sm,sm-cdo-downtown,SM CDO Downtown Premier,mindanao
buddys pancit,BUDDY'S PANCIT,ayala,ayala-market-market,Market! Market!,metro-manila
buco loco,BUCO LOCO,robinsons,robinsons-gapan,Robinsons Gapan,north-luzon
bubbly pops,BUBBLY POPS,sm,sm-mall-of-asia,SM Mall of Asia,metro-manila
bubblez,Bubblez,filinvest,il-corso,IL Corso,visayas
bubble tea,BUBBLE TEA,sm,sm-cdo-downtown,SM CDO Downtown Premier,mindanao
bubble optical clinic,Bubble Optical Clinic,robinsons,robinsons-gen-san,Robinsons Place GenSan,mindanao
privon patiserrie,PRIVON PATISERRIE,sm,sm-city-san-lazaro,SM City San Lazaro,metro-manila
pritong manok,PRITONG MANOK,robinsons,robinsons-gen-san,Robinsons Place GenSan,mindanao
printemps,PRINTEMPS,sm,sm-megamall,SM Megamall,metro-manila
print layout,Print Layout,robinsons,robinsons-malolos,Robinsons Place Malolos,north-luzon
princess sugar rush,Princess Sugar Rush,waltermart,makati,WalterMart Makati,metro-manila
princegadgets marketing cellphone,Princegadgets Marketing Cellphone,araneta,farmers-plaza,Farmers Plaza,metro-manila
bruno barbers,Bruno Barbers,megaworld,southwoods-mall,Southwoods Mall,south-luzon
brunch bureau,BRUNCH BUREAU,sm,s-maison,S Maison,metro-manila
brows optical,BROWS OPTICAL,robinsons,robinsons-butuan,Robinsons Place Butuan,mindanao
brows,Brows,megaworld,lucky-chinatown-mall,Lucky Chinatown Mall,metro-manila
browhaus strip,BROWHAUS / STRIP,sm,s-maison,S Maison,metro-manila
progressive orthodontics,PROGRESSIVE ORTHODONTICS,sm,sm-megamall,SM Megamall,metro-manila
progear timepieces center,PROGEAR TIMEPIECES CENTER,sm,sm-city-sucat,SM City Sucat,metro-manila
profile dental,Profile Dental,robinsons,robinsons-metro-east,Robinsons Metro East,metro-manila
profetas,Profeta’s,waltermart,taytay,WalterMart Taytay,metro-manila
professional regulation commission (prc),PROFESSIONAL REGULATION COMMISSION (PRC),robinsons,robinsons-manila,Robinsons Place Manila,metro-manila
produktong tanauan,Produktong Tanauan,waltermart,tanauan,WalterMart Tanauan,south-luzon
procare cellphone accessories,PROCARE CELLPHONE ACCESSORIES,sm,sm-city-sta-mesa,SM City Sta. Mesa,metro-manila
pro parking,Pro Parking,robinsons,robinsons-otis,Robinsons Otis,metro-manila
pro gear,Pro Gear,waltermart,caloocan,WalterMart Caloocan,metro-manila
pro ech,PRO+ECH,sm,sm-city-clark,SM City Clark,north-luzon
buffalo wild wings,BUFFALO WILD WINGS,sm,s-maison,S Maison,metro-manila
bristol,BRISTOL,ayala,ayala-market-market,Market! Market!,metro-manila
brisbane street sinatures,Brisbane Street Sinatures,robinsons,robinsons-metro-east,Robinsons Metro East,metro-manila
brique modern kitchen,BRIQUE MODERN KITCHEN,sm,sm-seaside-city-cebu,SM Seaside City Cebu,visayas
puerto electronico,PUERTO ELECTRONICO,sm,sm-city-puerto-princesa,SM City Puerto Princesa,south-luzon
pub express,PUB EXPRESS,sm,sm-city-iloilo,SM City Iloilo,visayas
psbank atm,PSBank ATM,megaworld,lucky-chinatown-prosperity-wing,Lucky Chinatown - Prosperity Wing,metro-manila
psalm diagnostic center,Psalm Diagnostic Center,robinsons,robinsons-galleria-cebu,Robinsons Galleria Cebu,visayas
psa philsys natl id registration,PSA PHILSYS NAT'L ID REGISTRATION,robinsons,robinsons-naga,Robinsons Place Naga,south-luzon
prudential guarantee and assurance inc,PRUDENTIAL GUARANTEE AND ASSURANCE INC,sm,sm-seaside-city-cebu,SM Seaside City Cebu,visayas
proxpert,PROXPERT,sm,sm-city-puerto-princesa,SM City Puerto Princesa,south-luzon
protect connect,PROTECT CONNECT,sm,sm-city-masinag,SM City Masinag,metro-manila
protagonist cafe and cocktail lounge,Protagonist Cafe and Cocktail Lounge,megaworld,festive-walk-parade,Festive Walk Parade,visayas
promate technologies,PROMATE TECHNOLOGIES,sm,sm-city-north-edsa,SM City North Edsa,metro-manila
btla,BTLA,megaworld,eastwood-mall,Eastwood Mall,metro-manila
brytchzone,Brytchzone,robinsons,robinsons-iligan,Robinsons Place Iligan,mindanao
brunos,BRUNO'S,sm,sm-city-bacolod,SM City Bacolod,visayas
purple yam,PURPLE YAM 0915 907 3127,robinsons,robinsons-ormoc,Robinsons Place Ormoc,visayas
purple haze designs,PURPLE HAZE DESIGNS,sm,sm-city-iloilo,SM City Iloilo,visayas
purple groom petshop,The Purple Groom Petshop,ortigas,tiendesitas,Tiendesitas,metro-manila
purple groom pet salon,The Purple Groom Pet Salon,megaworld,california-garden-square,California Garden Square,metro-manila
purefoods tj hotdogs,Purefoods TJ Hotdogs,robinsons,robinsons-tacloban,Robinsons Place Tacloban,visayas
purefoods tender juicy,PUREFOODS TENDER JUICY,robinsons,robinsons-valencia,Robinsons Place Valencia,mindanao
pupsi ultrasound & lab,PUPSI ULTRASOUND & LAB,ayala,ayala-market-market,Market! Market!,metro-manila
punong bayan,Punong Bayan,robinsons,robinsons-dasmarinas,Robinsons Place Dasmarinas,south-luzon
punch out,Punch Out,ortigas,greenhills,Greenhills,metro-manila
puffys hk egg waffle,PUFFYS HK EGG WAFFLE,sm,sm-lanang,SM Lanang,mindanao
puff and plug vape shop,Puff and Plug Vape Shop,megaworld,greenhouse-village-square,The Greenhouse at Village Square,metro-manila
brotzeit,Brotzeit,megaworld,alabang-west-parade,Alabang West Parade,metro-manila
brooklyn ny style pizza,Brooklyn NY Style Pizza,megaworld,festive-walk-parade,Festive Walk Parade,visayas
brochiere computers,BROCHIERE COMPUTERS,ayala,ayala-market-market,Market! Market!,metro-manila
broadway gems i,Broadway Gems I 0905-824-6018,robinsons,robinsons-ormoc,Robinsons Place Ormoc,visayas
brix laptop repair service,BRIX LAPTOP REPAIR SERVICE,ayala,ayala-metropoint,Metro Point Mall,metro-manila
qmx money changing services,QMX MONEY CHANGING SERVICES,ayala,ayala-feliz,Ayala Malls Feliz,metro-manila
qmx money changer,QMX Money Changer,robinsons,robinsons-galleria-ortigas,Robinsons Galleria,metro-manila
qirin vape,QIRIN VAPE,robinsons,robinsons-otis,Robinsons Otis,metro-manila
qcd technology,QCD Technology,robinsons,robinsons-galleria-ortigas,Robinsons Galleria,metro-manila
qcbc,QCBC,robinsons,robinsons-novaliches,Robinsons Novaliches,metro-manila
qavalo,QAVALO 0917-506-6867,robinsons,robinsons-cybergate-cebu,Robinsons Cybergate Cebu,visayas
qatar visa center qvc,QATAR VISA CENTER QVC,sm,nu-mall-of-asia-building,NU MALL OF ASIA BUILDING,metro-manila
q linx,Q-LINX,sm,sm-city-tarlac,SM City Tarlac,north-luzon
q hub,Q-Hub,robinsons,robinsons-dasmarinas,Robinsons Place Dasmarinas,south-luzon
q dees philippines,Q-dees Philippines,megaworld,alabang-west-parade,Alabang West Parade,metro-manila
q dees international preschool enrichment center,Q-DEES INTERNATIONAL PRESCHOOL ENRICHMENT CENTER,sm,the-podium,The Podium,metro-manila
pyt,PYT,robinsons,robinsons-galleria-ortigas,Robinsons Galleria,metro-manila
py,PY,robinsons,robinsons-manila,Robinsons Place Manila,metro-manila
putien,PUTIEN,sm,the-podium,The Podium,metro-manila
purplebox technologies inc,PURPLEBOX TECHNOLOGIES INC.,ayala,ayala-harbor-point,Harbor Point,north-luzon
purple yam homemade cakes and pastries,PURPLE YAM HOMEMADE CAKES AND PASTRIES,sm,sm-city-davao,SM City Davao,mindanao
brilliant cut jewelry shop,Brilliant Cut Jewelry Shop,araneta,ali-mall,Ali Mall,metro-manila
brilliant cebu english academy,Brilliant Cebu English Academy,robinsons,robinsons-galleria-cebu,Robinsons Galleria Cebu,visayas
brightsmile dental clinic,BRIGHTSMILE DENTAL CLINIC,robinsons,robinsons-valencia,Robinsons Place Valencia,mindanao
brielles bread and pastry shop,BRIELLE'S BREAD AND PASTRY SHOP,sm,sm-city-baliwag,SM City Baliwag,north-luzon
bridge,BRIDGE,sm,sm-city-marilao,SM City Marilao,north-luzon
brickyard,THE BRICKYARD,ayala,ayala-vertis,Ayala Malls Vertis North,metro-manila
bricksland,BRICKSLAND,robinsons,robinsons-palawan,Robinsons Place Palawan,south-luzon
brick wood ph,Brick Wood PH,megaworld,alabang-west-parade,Alabang West Parade,metro-manila
brick corner bar & bistro,Brick Corner Bar & Bistro,megaworld,forbes-town,Forbes Town,metro-manila
bria homes inc,"BRIA HOMES, INC.",starmall,alabang,Starmall Alabang,metro-manila
brewing point neighborhood cafe,BREWING POINT NEIGHBORHOOD CAFE,sm,sm-city-fairview,SM City Fairview,metro-manila
brewing genie,BREWING GENIE,robinsons,robinsons-north-tacloban,Robinsons North Tacloban,visayas
quad b health services inc,QUAD B HEALTH SERVICES INC,sm,sm-city-daet,SM City Daet,south-luzon
qtickles,Qtickles,ortigas,greenhills,Greenhills,metro-manila
qsl,QSL,robinsons,robinsons-pangasinan,Robinsons Place Pangasinan,north-luzon
qsi panay perfumery shop,QSI Panay Perfumery Shop,robinsons,robinsons-roxas,Robinsons Place Roxas,visayas
quick peek studio,QUICK PEEK STUDIO,robinsons,robinsons-tuguegarao,Robinsons Place Tuguegarao,north-luzon
quezon city hall satellite office,QUEZON CITY HALL SATELLITE OFFICE,ayala,ayala-fairview-mall,Fairview Terraces,metro-manila
quezon city government city treasurers office,QUEZON CITY GOVERNMENT CITY TREASURERS OFFICE,sm,sm-city-north-edsa,SM City North Edsa,metro-manila
quezon city business centre,QUEZON CITY BUSINESS CENTRE (OPEN),robinsons,robinsons-galleria-ortigas,Robinsons Galleria,metro-manila
quezon city business center,QUEZON CITY BUSINESS CENTER 9189430200,robinsons,robinsons-magnolia,Robinsons Magnolia,metro-manila
queens toys & candy store,QUEEN'S TOYS & CANDY STORE,robinsons,robinsons-palawan,Robinsons Place Palawan,south-luzon
queen sweets,Queen Sweets,fishermall,malabon,Fisher Mall Malabon,metro-manila
queen mother,QUEEN MOTHER,fishermall,malabon,Fisher Mall Malabon,metro-manila
qube,QUBE,ayala,ayala-solenad,Ayala Malls Nuvali,south-luzon
quantum i,Quantum I 0917-625-9346,robinsons,robinsons-ormoc,Robinsons Place Ormoc,visayas
quantum carousel,Quantum Carousel 9178004531,robinsons,robinsons-santiago,Robinsons Place Santiago,north-luzon
quantum amusement,QUANTUM AMUSEMENT,robinsons,robinsons-pangasinan,Robinsons Place Pangasinan,north-luzon
quan native delicacies,QUAN NATIVE DELICACIES,ayala,ayala-capitol-central,Ayala Malls Capitol Central,visayas
qualfon,Qualfon,robinsons,robinsons-otis,Robinsons Otis,metro-manila
brillo jewellers,Brillo Jewellers,ortigas,greenhills,Greenhills,metro-manila
brilliante jewelers,Brilliante Jewelers,robinsons,robinsons-ormoc,Robinsons Place Ormoc,visayas
r florete,R FLORETE,sm,sm-city-iloilo,SM City Iloilo,visayas
r cayabyab dc musical instruments trading,R CAYABYAB DC MUSICAL INSTRUMENTS TRADING,sm,sm-center-ormoc,SM Center Ormoc,visayas
r appliance s,R APPLIANCE S,robinsons,robinsons-pagadian,Robinsons Pagadian,mindanao
r a taho,R.A TAHO,robinsons,galleria-south,Robinsons Galleria South,south-luzon
r a f (inside maisonette),R.A.F (INSIDE MAISONETTE),robinsons,opus,Opus Mall,metro-manila
r a f,R.A.F.,robinsons,robinsons-magnolia,Robinsons Magnolia,metro-manila
r a d tattoo studio,R.A.D. TATTOO STUDIO,sm,sm-mall-of-asia,SM Mall of Asia,metro-manila
qv salon,QV Salon,robinsons,robinsons-galleria-ortigas,Robinsons Galleria,metro-manila
quinque,QUINQUE,sm,sm-lanang,SM Lanang,mindanao
quinos cafe,QUINOS CAFE,sm,sm-city-bacolod,SM City Bacolod,visayas
quinon ticketing services,Quiñon Ticketing Services,robinsons,robinsons-palawan,Robinsons Place Palawan,south-luzon
quickstop,Quickstop,robinsons,robinsons-cybergate-cebu,Robinsons Cybergate Cebu,visayas
quickpeek,QUICKPEEK,robinsons,robinsons-santiago,Robinsons Place Santiago,north-luzon
quickly refreshment,Quickly Refreshment,robinsons,robinsons-antipolo,Robinsons Place Antipolo,metro-manila
quickline micro,QUICKLINE MICRO,sm,sm-megamall,SM Megamall,metro-manila
quicklean laundry,QUICKLEAN LAUNDRY,sm,smdc-breeze-mall,SMDC Breeze Mall,metro-manila
brew x press,BREW X PRESS,sm,sm-center-pulilan,SM Center Pulilan,north-luzon
brew life,BREW LIFE,robinsons,robinsons-gen-san,Robinsons Place GenSan,mindanao
brew break,BREW BREAK,sm,sm-city-butuan,SM City Butuan,mindanao
brevora,BREVORA,robinsons,robinsons-sta-rosa,Robinsons Sta. Rosa,south-luzon
brents wonder rides,BRENTS WONDER RIDES (TEMPORARY CLOSED),robinsons,robinsons-gapan,Robinsons Gapan,north-luzon
bred,Bred,robinsons,robinsons-valencia,Robinsons Place Valencia,mindanao
breakthrough,BREAKTHROUGH,sm,sm-city-iloilo,SM City Iloilo,visayas
breahs crepes,Breah's Crepes,robinsons,robinsons-valencia,Robinsons Place Valencia,mindanao
breadworths bakery cafe,Breadworths Bakery Cafe,robinsons,robinsons-dumaguete,Robinsons Place Dumaguete,visayas
breadworth bakery cafe,Breadworth Bakery Cafe,filinvest,dumaguete,Filinvest Malls Dumaguete,visayas
breadboxed,BREADBOXED,robinsons,robinsons-las-pinas,Robinsons Place Las Pinas,metro-manila
bread talk,BREAD TALK,robinsons,robinsons-galleria-ortigas,Robinsons Galleria,metro-manila
r n r beauty products,R N R BEAUTY PRODUCTS,robinsons,robinsons-palawan,Robinsons Place Palawan,south-luzon
r lapids chicharon & bbq,R. Lapid's Chicharon & BBQ,waltermart,makati,WalterMart Makati,metro-manila
r lapids,R. LAPIDS,robinsons,robinsons-galleria-ortigas,Robinsons Galleria,metro-manila
r l ponti dental,R L PONTI DENTAL,sm,sm-city-masinag,SM City Masinag,metro-manila
radius telecom,RADIUS TELECOM,ayala,ayala-trinoma,Trinoma,metro-manila
rad tattoo studio,RAD TATTOO STUDIO,sm,sm-city-davao,SM City Davao,mindanao
racquels bakeshop & catering services,Racquel's Bakeshop & Catering Services,robinsons,robinsons-iligan,Robinsons Place Iligan,mindanao
racks restaurant,Racks Restaurant,filinvest,festival-mall,Festival Mall,metro-manila
rachelles alteration services,RACHELLES ALTERATION SERVICES,sm,sm-city-cagayan-de-oro,SM City CDO Uptown,mindanao
rachelle anns flower,RACHELLE ANN'S FLOWER,ayala,ayala-market-market,Market! Market!,metro-manila
racell,RACELL,sm,sm-city-pampanga,SM City Pampanga,north-luzon
rab telecom,Rab Telecom,waltermart,subic,WalterMart Subic,north-luzon
ra taho,RA TAHO,sm,sm-city-bicutan,SM City Bicutan,metro-manila
ra digital by robinsons appliances,RA DIGITAL BY ROBINSONS APPLIANCES,robinsons,robinsons-antipolo,Robinsons Place Antipolo,metro-manila
ra beauty touch facial spa center,RA BEAUTY TOUCH FACIAL SPA CENTER,sm,sm-city-daet,SM City Daet,south-luzon
r&n trading,R&N Trading,robinsons,robinsons-imus,Robinsons Place Imus,south-luzon
r&c motors,R&C MOTORS,waltermart,arayat,WalterMart Arayat,north-luzon
r star white dental clinic,R Star White Dental Clinic,robinsons,robinsons-galleria-cebu,Robinsons Galleria Cebu,visayas
r sarabia optical,R SARABIA OPTICAL,sm,sm-cherry-antipolo,SM Center Antipolo Downtown,metro-manila
brewbox,Brewbox,robinsons,robinsons-dumaguete,Robinsons Place Dumaguete,visayas
rakuzen food house,RAKUZEN FOOD HOUSE,robinsons,robinsons-malolos,Robinsons Place Malolos,north-luzon
rakso air travel & tours,Rakso Air Travel & Tours,robinsons,robinsons-cybergate-davao,Robinsons Cybergate Davao,mindanao
rakshionista,RAKSHIONISTA,robinsons,robinsons-butuan,Robinsons Place Butuan,mindanao
rakis food service,RAKI'S FOOD SERVICE,waltermart,erodriguez,WalterMart E.Rodriguez,metro-manila
rakimah,Rakimah,ortigas,greenhills,Greenhills,metro-manila
raki yata ramen house,RAKI-YATA RAMEN HOUSE,ayala,ayala-centrio,Centrio Mall,mindanao
raki yata ramen,RAKI-YATA RAMEN,sm,sm-cdo-downtown,SM CDO Downtown Premier,mindanao
rajah palabok plus,RAJAH PALABOK PLUS,robinsons,robinsons-metro-east,Robinsons Metro East,metro-manila
rainbow asia logistics services inc,Rainbow Asia Logistics Services Inc.,ortigas,the-strip,The Strip,metro-manila
rage room and coffee,THE RAGE ROOM AND COFFEE,ayala,ayala-circuit,Ayala Malls Circuit,metro-manila
raffy cellphone & accessories,Raffy Cellphone & Accessories,megaworld,festive-walk-mall-iloilo,Festive Walk Mall,visayas
raffas treats on stix,Raffa's Treats on Stix,robinsons,robinsons-galleria-ortigas,Robinsons Galleria,metro-manila
rafaels tapas bar & restaurant,Rafael's Tapas Bar & Restaurant,megaworld,newport-city,Newport City,metro-manila
rado frederique constant,RADO FREDERIQUE CONSTANT,sm,the-podium,The Podium,metro-manila
rado atelier,THE RADO ATELIER,ayala,ayala-glorietta,Glorietta,metro-manila
rado,RADO,ayala,ayala-center-cebu,Ayala Center Cebu,visayas
randy ortiz dental clinic,RANDY ORTIZ DENTAL CLINIC,fishermall,malabon,Fisher Mall Malabon,metro-manila
ramous region,RAMOUS REGION,robinsons,robinsons-pagadian,Robinsons Pagadian,mindanao
ramirez printing services,Ramirez Printing Services,filinvest,main-square,Main Square,south-luzon
ramenco,RAMENCO,ayala,ayala-legazpi,Ayala Malls Legazpi,south-luzon
ramen yushoken,Ramen Yushoken,ortigas,estancia,Estancia,metro-manila
ramen ton ichi express,Ramen Ton-Ichi Express,robinsons,robinsons-magnolia,Robinsons Magnolia,metro-manila
ramen tetora,RAMEN TETORA,robinsons,robinsons-lipa,Robinsons Place Lipa,south-luzon
ramen naijiro,RAMEN NAIJIRO,robinsons,robinsons-ilocos,Robinsons Place Ilocos,north-luzon
ramen nagi to go,Ramen Nagi To-Go,robinsons,robinsons-antipolo,Robinsons Place Antipolo,metro-manila
ramen keisuke tori king,RAMEN KEISUKE TORI KING,sm,smdc-fame-mall,SMDC Fame Mall,metro-manila
ramen ibuki,Ramen Ibuki,megaworld,uptown-parade,Uptown Parade,metro-manila
ramen bari uma jr,RAMEN BARI-UMA JR,sm,sm-city-consolacion,SM City Consolacion,visayas
ramen bari uma,RAMEN BARI-UMA,sm,sm-city-fairview,SM City Fairview,metro-manila
ramboys,RAMBOYS,sm,sm-city-iloilo,SM City Iloilo,visayas
ramar ticketing,RAMAR TICKETING,robinsons,robinsons-dumaguete,Robinsons Place Dumaguete,visayas
ralph sports,Ralph Sports,ortigas,greenhills,Greenhills,metro-manila
bread funatics,BREAD FUNATICS,sm,sm-seaside-city-cebu,SM Seaside City Cebu,visayas
bratinhella,Bratinhella,fishermall,quezonave,Fisher Mall Quezon Avenue,metro-manila
brandsmart,Brandsmart,robinsons,robinsons-starmills,Robinsons Starmills,north-luzon
brandieshoppe,BRANDIESHOPPE,sm,sm-city-santa-rosa,SM City Santa Rosa,south-luzon
branded for less,Branded for Less,robinsons,robinsons-gentrias,Robinsons Place Gen. Trias,south-luzon
brand avenue apparels,Brand Avenue Apparels,robinsons,robinsons-north-tacloban,Robinsons North Tacloban,visayas
bradford,Bradford,filinvest,festival-mall,Festival Mall,metro-manila
bplo,BPLO,starmall,alabang,Starmall Alabang,metro-manila
bpirbx rice in a box,BPIRBX RICE IN A BOX,robinsons,robinsons-novaliches,Robinsons Novaliches,metro-manila
bpi express teller,BPI EXPRESS TELLER,sm,sm-city-caloocan,SM City Caloocan,metro-manila
bpi atm center,BPI ATM Center,megaworld,eastwood-cyber-mall,Eastwood Cyber Mall,metro-manila
bpi atm 1,BPI ATM 1,robinsons,robinsons-roxas,Robinsons Place Roxas,visayas
rapide,Rapide,megaworld,eastwood-mall,Eastwood Mall,metro-manila
raphas corner,RAPHAS CORNER,sm,sm-city-pampanga,SM City Pampanga,north-luzon
rangoon ruby,Rangoon Ruby,filinvest,festival-mall,Festival Mall,metro-manila
randys donut,RANDY’S DONUT,ayala,one-ayala-mall,One Ayala,metro-manila
rcg watch service,RCG Watch Service,waltermart,trece-martires,WalterMart Trece Martires,south-luzon
rcd sticker,RCD Sticker,robinsons,robinsons-imus,Robinsons Place Imus,south-luzon
rc skin lite face body center,RC SKIN LITE FACE BODY CENTER,sm,sm-city-san-lazaro,SM City San Lazaro,metro-manila
rc management and medical services,RC MANAGEMENT AND MEDICAL SERVICES,sm,sm-city-batangas,SM City Batangas,south-luzon
rbx (rice in a box),RBX (Rice in a Box),robinsons,robinsons-gentrias,Robinsons Place Gen. Trias,south-luzon
razons halo halo & palabok,RAZON'S HALO HALO & PALABOK,ayala,ayala-marquee,MarQuee Mall,north-luzon
razons halo halo,Razon's Halo Halo,robinsons,robinsons-starmills,Robinsons Starmills,north-luzon
razons by glen,RAZON'S BY GLEN,waltermart,makati,WalterMart Makati,metro-manila
rayos dental,RAYOS DENTAL,robinsons,robinsons-dasmarinas,Robinsons Place Dasmarinas,south-luzon
rave studio,RAVE STUDIO,ayala,ayala-the-30th,Ayala Malls The 30th,metro-manila
rari,RARI,sm,sm-city-north-edsa,SM City North Edsa,metro-manila
rarepair,RAREPAIR,sm,sm-city-pampanga,SM City Pampanga,north-luzon
rare collective,Rare Collective,megaworld,forbes-town,Forbes Town,metro-manila
raptor,Raptor,filinvest,festival-mall,Festival Mall,metro-manila
rapidfix,RAPIDFIX,sm,sm-city-rosales,SM City Rosales,north-luzon
bread of life,BREAD OF LIFE,ayala,ayala-manila-bay,Ayala Malls Manila Bay,metro-manila
boysen,BOYSEN,sm,sm-mall-of-asia,SM Mall of Asia,metro-manila
boy meets grill,Boy Meets Grill,megaworld,mactan-newtown,Mactan Newtown,visayas
box88 coffee house,BOX88 COFFEE HOUSE,robinsons,robinsons-pavia,Robinsons Place Pavia,visayas
bowling billiards,BOWLING BILLIARDS,sm,sm-megamall,SM Megamall,metro-manila
bowl master,Bowl Master,robinsons,robinsons-magnolia,Robinsons Magnolia,metro-manila
bourbon street,Bourbon Street,megaworld,festive-walk-mall-iloilo,Festive Walk Mall,visayas
boulangerie 22,Boulangerie 22,robinsons,robinsons-manila,Robinsons Place Manila,metro-manila
bottoms up,BOTTOMS UP,sm,sm-city-legazpi,SM City Legazpi,south-luzon
bottega veneta,BOTTEGA VENETA,ayala,ayala-greenbelt,Greenbelt,metro-manila
boteyju,BOTEYJU,robinsons,robinsons-santiago,Robinsons Place Santiago,north-luzon
ready set relax,READY-SET-RELAX,robinsons,robinsons-las-pinas,Robinsons Place Las Pinas,metro-manila
re find,Re-find,filinvest,festival-mall,Festival Mall,metro-manila
rds tru,RDS TRU,robinsons,robinsons-pagadian,Robinsons Pagadian,mindanao
rds trendy 2024,RDS TRENDY 2024,robinsons,robinsons-ilocos,Robinsons Place Ilocos,north-luzon
rds home outlet,RDS HOME OUTLET,robinsons,robinsons-ilocos,Robinsons Place Ilocos,north-luzon
rds business center,RDS Business Center,robinsons,robinsons-manila,Robinsons Place Manila,metro-manila
red dot,RED DOT,robinsons,robinsons-pangasinan,Robinsons Place Pangasinan,north-luzon
red crab alimango house,The Red Crab Alimango House,megaworld,newport-city,Newport City,metro-manila
red crab,The Red Crab,megaworld,uptown-mall,Uptown Mall,metro-manila
red corner burger cafe,RED CORNER BURGER CAFE,sm,sm-lanang,SM Lanang,mindanao
red clay,RED CLAY,sm,sm-megamall,SM Megamall,metro-manila
red basket,RED BASKET,ayala,ayala-fairview-mall,Fairview Terraces,metro-manila
recoverylimjoe lemony juice station,RecoveryLIMJOE LEMONY JUICE STATION,sm,sm-city-bicutan,SM City Bicutan,metro-manila
reclaim health care administrative services corporation,RECLAIM HEALTH CARE ADMINISTRATIVE SERVICES CORPORATION,sm,sm-city-olongapo-downtown,SM City Olongapo Downtown,north-luzon
recess (inside maisonette),RECESS (INSIDE MAISONETTE),robinsons,opus,Opus Mall,metro-manila
reame,REAME,robinsons,robinsons-butuan,Robinsons Place Butuan,mindanao
realmeabc mart,REALMEABC MART,robinsons,robinsons-antipolo,Robinsons Place Antipolo,metro-manila
realme service center,REALME SERVICE CENTER,sm,sm-center-pulilan,SM Center Pulilan,north-luzon
realme concept store,REALME CONCEPT STORE,sm,sm-center-pulilan,SM Center Pulilan,north-luzon
realme (cellboy),REALME (CELLBOY),starmall,edsa-shaw,Starmall EDSA-Shaw,metro-manila
real me service center,Real Me Service Center,robinsons,robinsons-jaro,Robinsons Place Jaro,visayas
real lux,REAL LUX,robinsons,robinsons-gapan,Robinsons Gapan,north-luzon
boszgadgets,BOSZGADGETS,sm,sm-southmall,SM Southmall,metro-manila
boss pets,Boss Pets,filinvest,festival-mall,Festival Mall,metro-manila
boss cat rocket cafe,Boss Cat Rocket Cafe,megaworld,newport-city,Newport City,metro-manila
boss,Boss,megaworld,newport-city,Newport City,metro-manila
bos shoes & bag repair shop,Bo's Shoes & Bag Repair Shop,megaworld,alabang-west-parade,Alabang West Parade,metro-manila
bos daily,Bo’s Daily,filinvest,il-corso,IL Corso,visayas
bos chow,BOS CHOW,sm,sm-city-tuguegarao,SM City Tuguegarao,north-luzon
borough medical clinic,BOROUGH MEDICAL CLINIC,ayala,ayala-harbor-point,Harbor Point,north-luzon
borough medical care institute,BOROUGH MEDICAL CARE INSTITUTE,sm,sm-mall-of-asia,SM Mall of Asia,metro-manila
red manila,Red Manila,megaworld,forbes-town,Forbes Town,metro-manila
red lotus,RED LOTUS,robinsons,opus,Opus Mall,metro-manila
red house taiwan shabu shabu,Red House Taiwan Shabu-shabu,filinvest,festival-mall,Festival Mall,metro-manila
red hen restaurant,Red Hen Restaurant,robinsons,robinsons-antique,Robinsons Place Antique,visayas
red hen,Red Hen,megaworld,festive-walk-parade,Festive Walk Parade,visayas
red hat donut,RED HAT DONUT,sm,sm-city-marilao,SM City Marilao,north-luzon
red green pepper mexican grill,RED GREEN PEPPER MEXICAN GRILL,sm,sm-city-baguio,SM City Baguio,north-luzon
regus,REGUS,sm,sm-cdo-downtown,SM CDO Downtown Premier,mindanao
regenesis,Regenesis,filinvest,festival-mall,Festival Mall,metro-manila
reformer revolution,Reformer Revolution,megaworld,mckinley-west,McKinley West,metro-manila
redteck inc,Redteck Inc,robinsons,robinsons-lipa,Robinsons Place Lipa,south-luzon
redtech,REDTECH,sm,sm-city-clark,SM City Clark,north-luzon
redshop,The Redshop,waltermart,makiling,WalterMart Makiling,south-luzon
redsas flower shop,REDSA'S FLOWER SHOP,ayala,ayala-market-market,Market! Market!,metro-manila
redragon,REDRAGON,sm,sm-city-north-edsa,SM City North Edsa,metro-manila
redhee gentext telecom,REDHEE GENTEXT TELECOM,sm,sm-city-clark,SM City Clark,north-luzon
red trendy,Red Trendy,robinsons,robinsons-imus,Robinsons Place Imus,south-luzon
red table,RED TABLE,sm,sm-city-san-lazaro,SM City San Lazaro,metro-manila
red shop,The Red Shop,araneta,farmers-plaza,Farmers Plaza,metro-manila
red robin kitchen,Red Robin Kitchen,megaworld,eastwood-mall,Eastwood Mall,metro-manila
red ribbon bakeshop inc,"RED RIBBON BAKESHOP, INC",starmall,san-jose-del-monte,Starmall San Jose del Monte,north-luzon
red ribbon bakeshop,RED RIBBON BAKESHOP,robinsons,robinsons-manila,Robinsons Place Manila,metro-manila
red monster shop,Red Monster Shop,araneta,gateway-mall,Gateway Mall,metro-manila
booze and barbers,BOOZE AND BARBERS,robinsons,robinsons-la-union,Robinsons Place La Union,north-luzon
booster juice,Booster Juice,robinsons,robinsons-santiago,Robinsons Place Santiago,north-luzon
booost,BOOOST,sm,sm-city-trece-martires,SM City Trece Martires,south-luzon
boom sisig,Boom Sisig,robinsons,robinsons-naga,Robinsons Place Naga,south-luzon
book n save travel and tours,BOOK N SAVE TRAVEL AND TOURS,sm,sm-city-santa-rosa,SM City Santa Rosa,south-luzon
book latte,Book Latte,megaworld,festive-walk-parade,Festive Walk Parade,visayas
book king stationery,BOOK KING STATIONERY,sm,sm-city-sucat,SM City Sucat,metro-manila
book king kings coffee & tea,Book King/King's Coffee & Tea,robinsons,robinsons-malabon,Robinsons Town Mall Malabon,metro-manila
religioso,RELIGIOSO,ayala,ayala-greenbelt,Greenbelt,metro-manila
reli tours & travel company,RELI TOURS & TRAVEL COMPANY,robinsons,robinsons-galleria-ortigas,Robinsons Galleria,metro-manila
relaxia massage center,RELAXIA MASSAGE CENTER,robinsons,robinsons-tuguegarao,Robinsons Place Tuguegarao,north-luzon
relaxant shades of blonde,RELAXANT SHADES OF BLONDE,sm,sm-cherry-shaw,SM Center Shaw,metro-manila
relax haven,RELAX HAVEN,robinsons,robinsons-metro-east,Robinsons Metro East,metro-manila
reinberry,REINBERRY,sm,sm-city-lucena,SM City Lucena,south-luzon
rein carl cafe,Rein Carl Cafe,waltermart,makiling,WalterMart Makiling,south-luzon
rehabwise pain and mobility clinic,REHABWISE PAIN AND MOBILITY CLINIC,sm,sm-city-north-edsa,SM City North Edsa,metro-manila
res,Res|Toe|Run,fishermall,quezonave,Fisher Mall Quezon Avenue,metro-manila
repertory philippines,Repertory Philippines,megaworld,eastwood-city-walk,Eastwood City Walk,metro-manila
repair me,Repair Me,robinsons,robinsons-la-union,Robinsons Place La Union,north-luzon
repair advise,Repair Advise,ortigas,greenhills,Greenhills,metro-manila
renovar wellness,Renovar Wellness,filinvest,festival-mall,Festival Mall,metro-manila
renergy dermspa,RENERGY DERMSPA,ayala,ayala-serendra,Shops at Serendra,metro-manila
reneelen,Reneelen,ortigas,greenhills,Greenhills,metro-manila
rene mouris,RENE MOURIS,sm,sm-lanang,SM Lanang,mindanao
renaissance art gallery,RENAISSANCE ART GALLERY,sm,sm-megamall,SM Megamall,metro-manila
remnants thrift shop,Remnants Thrift Shop,araneta,ali-mall,Ali Mall,metro-manila
relojes mundo,RELOJES MUNDO,ayala,ayala-the-30th,Ayala Malls The 30th,metro-manila
bored and hungry,BORED AND HUNGRY (0916 631 6835),robinsons,robinsons-magnolia,Robinsons Magnolia,metro-manila
bored & hungry,BORED & HUNGRY,robinsons,opus,Opus Mall,metro-manila
boq,BOQ,robinsons,robinsons-cagayan-de-oro,Robinsons Cagayan de Oro,mindanao
boozy,Boozy,megaworld,clubhouse-temple-drive,The Clubhouse at Temple Drive,metro-manila
booze barbers,BOOZE BARBERS,sm,sm-city-la-union,SM City La Union,north-luzon
reymel canteen,REYMEL CANTEEN,ayala,ayala-pavilion,Pavilion Mall,south-luzon
reyes haircutters,Reyes Haircutters,waltermart,antipolo,WalterMart Antipolo,metro-manila
reyes barbeque,REYES BARBEQUE,robinsons,robinsons-manila,Robinsons Place Manila,metro-manila
reycon watch repair center,REYCON WATCH REPAIR CENTER,waltermart,bicutan,WalterMart Bicutan,metro-manila
rexcue fone,REXCUE FONE,ayala,ayala-center-cebu,Ayala Center Cebu,visayas
reva footwear,Reva Footwear,robinsons,robinsons-malabon,Robinsons Town Mall Malabon,metro-manila
rev,REV,sm,s-maison,S Maison,metro-manila
retro,RETRO,robinsons,robinsons-starmills,Robinsons Starmills,north-luzon
retokelly salon & spa,RETOKELLY SALON & SPA,robinsons,robinsons-tuguegarao,Robinsons Place Tuguegarao,north-luzon
retokelly group of salon,RETOKELLY GROUP OF SALON,sm,sm-center-tuguegarao-downtown,SM Center Tuguegarao Downtown,north-luzon
retail lab,Retail Lab,ortigas,estancia,Estancia,metro-manila
restoerun,Restoerun,ortigas,greenhills,Greenhills,metro-manila
rest and go,Rest and Go,robinsons,robinsons-fuente,Robinsons Fuente,visayas
rest & go,Rest & Go (OPEN),robinsons,robinsons-tuguegarao,Robinsons Place Tuguegarao,north-luzon
reshape,RESHAPE,ayala,ayala-circuit,Ayala Malls Circuit,metro-manila
reserve,Reserve,megaworld,forbes-town,Forbes Town,metro-manila
boogies pet supplies,BOOGIES PET SUPPLIES,waltermart,naic,WalterMart Naic,south-luzon
boogies pet,Boogies Pet,waltermart,dasmarinas,WalterMart Dasmariñas,south-luzon
boodle fiesta,BOODLE FIESTA,sm,sm-center-san-pedro,SM Center San Pedro,south-luzon
boodle express,Boodle Express,filinvest,festival-mall,Festival Mall,metro-manila
boo koh,Boo Koh 0976 387 2786,robinsons,robinsons-magnolia,Robinsons Magnolia,metro-manila
boni beauty,Boni Beauty,megaworld,forbes-town,Forbes Town,metro-manila
bongs8,BONGS8,robinsons,robinsons-pavia,Robinsons Place Pavia,visayas
bongs pet shop station,Bong's Pet Shop Station,ortigas,tiendesitas,Tiendesitas,metro-manila
bongbong delicacies,BONGBONG DELICACIES,ayala,ayala-capitol-central,Ayala Malls Capitol Central,visayas
bong villanueva salon,Bong Villanueva Salon,robinsons,robinsons-palawan,Robinsons Place Palawan,south-luzon
bone and bowl,BONE AND BOWL,sm,sm-city-urdaneta-central,SM City Urdaneta Central,north-luzon
rgm i care,RGM I-CARE,waltermart,north-edsa,WalterMart North EDSA,metro-manila
rgentee,Rgentee,robinsons,robinsons-manila,Robinsons Place Manila,metro-manila
rgbtoyzone,RGBToyzone,ortigas,greenhills,Greenhills,metro-manila
rfone solutions gadgets & repair shop,RFONE SOLUTIONS GADGETS & REPAIR SHOP,ayala,ayala-capitol-central,Ayala Malls Capitol Central,visayas
rfg watch service center,RFG WATCH SERVICE CENTER,sm,sm-savemore-nagtahan,SM Savemore Nagtahan,metro-manila
bon voyage international travel & tours inc,"Bon Voyage International Travel & Tours, Inc.",robinsons,robinsons-imus,Robinsons Place Imus,south-luzon
bon voyage international travel & tours,Bon Voyage International Travel & Tours,filinvest,festival-mall,Festival Mall,metro-manila
bon voyage,Bon Voyage,waltermart,makati,WalterMart Makati,metro-manila
bon chon,Bon Chon,ortigas,greenhills,Greenhills,metro-manila
bon appetea,BON APPETEA,sm,sm-city-davao,SM City Davao,mindanao
bokki express,BOKKI EXPRESS,robinsons,robinsons-gapan,Robinsons Gapan,north-luzon
richyu fashion,Richyu Fashion,robinsons,robinsons-novaliches,Robinsons Novaliches,metro-manila
richmond medical,Richmond Medical,megaworld,newport-city,Newport City,metro-manila
richielda cabucos lao,Richielda Cabucos - Lao (032)238-1567/0925-706-8455,robinsons,robinsons-cybergate-cebu,Robinsons Cybergate Cebu,visayas
richchad coffee shop,Richchad Coffee Shop,robinsons,robinsons-tacloban,Robinsons Place Tacloban,visayas
rice at your doorstep,Rice at Your Doorstep,megaworld,california-garden-square,California Garden Square,metro-manila
rice & rolls,Rice & Rolls,megaworld,festive-walk-parade,Festive Walk Parade,visayas
ribs n bibs restaurant,RIBS N BIBS RESTAURANT,ayala,ayala-centrio,Centrio Mall,mindanao
ribs bibs,RIBS BIBS,sm,sm-cdo-downtown,SM CDO Downtown Premier,mindanao
rianne,Rianne,robinsons,robinsons-novaliches,Robinsons Novaliches,metro-manila
rgz beauty and wellness products shop,RGZ Beauty and Wellness Products Shop,robinsons,robinsons-dumaguete,Robinsons Place Dumaguete,visayas
rizal dairy farms,RIZAL DAIRY FARMS,ayala,ayala-market-market,Market! Market!,metro-manila
rizal commercial banking corp (rcbc),RIZAL COMMERCIAL BANKING CORP. (RCBC),starmall,edsa-shaw,Starmall EDSA-Shaw,metro-manila
rivians special ice cream,RIVIAN'S SPECIAL ICE CREAM,robinsons,robinsons-pagadian,Robinsons Pagadian,mindanao
rita optical,RITA OPTICAL,ayala,ayala-glorietta,Glorietta,metro-manila
rise,RISE,robinsons,robinsons-galleria-cebu,Robinsons Galleria Cebu,visayas
rink star,RINK STAR,sm,sm-city-cabanatuan,SM City Cabanatuan,north-luzon
ringside,Ringside,robinsons,robinsons-galleria-cebu,Robinsons Galleria Cebu,visayas
ringke,Ringke,robinsons,robinsons-manila,Robinsons Place Manila,metro-manila
rimowa,RIMOWA,ayala,ayala-greenbelt,Greenbelt,metro-manila
rightech watch,RIGHTECH WATCH,waltermart,sucat,WalterMart Sucat,metro-manila
riff center,RIFF CENTER,robinsons,robinsons-metro-east,Robinsons Metro East,metro-manila
ride revolution,RIDE REVOLUTION,ayala,ayala-greenbelt,Greenbelt,metro-manila
ricsjen beauty & wellness shop,Ricsjen Beauty & Wellness Shop,robinsons,robinsons-la-union,Robinsons Place La Union,north-luzon
bondee tea house,BONDEE TEA HOUSE,sm,sm-city-cabanatuan,SM City Cabanatuan,north-luzon
bonbon dorayaki bites,Bonbon Dorayaki Bites,waltermart,malolos,WalterMart Malolos,north-luzon
bonage skin care,Bonage Skin Care,robinsons,robinsons-lipa,Robinsons Place Lipa,south-luzon
boho dreams,Boho Dreams,filinvest,festival-mall,Festival Mall,metro-manila
body mechanic,Body Mechanic,ortigas,estancia,Estancia,metro-manila
body basics,Body Basics,robinsons,robinsons-angeles,Robinsons Angeles,north-luzon
boc,BOC,megaworld,newport-city,Newport City,metro-manila
bobcor blind massage,Bobcor Blind Massage,waltermart,sta-rosa,WalterMart Sta. Rosa,south-luzon
bob marlin restaurant,Bob Marlin Restaurant,robinsons,robinsons-naga,Robinsons Place Naga,south-luzon
bob cellphone and accessories shop,BOB CELLPHONE AND ACCESSORIES SHOP,robinsons,robinsons-novaliches,Robinsons Novaliches,metro-manila
board game madness,BOARD GAME MADNESS,robinsons,robinsons-metro-east,Robinsons Metro East,metro-manila
roasted beans & coffee shop,ROASTED BEANS & COFFEE SHOP,robinsons,robinsons-palawan,Robinsons Place Palawan,south-luzon
roasted & grilled,Roasted & Grilled,robinsons,robinsons-santiago,Robinsons Place Santiago,north-luzon
road house manila,ROAD HOUSE MANILA,sm,sm-by-the-bay,SM By the Bay,metro-manila
rmj flowers,RMJ Flowers,robinsons,robinsons-santiago,Robinsons Place Santiago,north-luzon
rmg gadget shops,Rmg Gadget Shops,filinvest,festival-mall,Festival Mall,metro-manila
rm cellshop,RM CELLSHOP,robinsons,robinsons-valencia,Robinsons Place Valencia,mindanao
rk telecom,RK Telecom,robinsons,robinsons-santiago,Robinsons Place Santiago,north-luzon
rjs barbershop,RJS BARBERSHOP,sm,smdc-grace-mall,SMDC Grace Mall,metro-manila
robinsons super market,ROBINSONS SUPER MARKET,robinsons,robinsons-butuan,Robinsons Place Butuan,mindanao
robinsons residences,Robinsons Residences,robinsons,robinsons-galleria-cebu,Robinsons Galleria Cebu,visayas
robinsons movieworld ( 8397 1888 loc 36029,ROBINSONS MOVIEWORLD ( 8397-1888 loc.36029,robinsons,robinsons-palawan,Robinsons Place Palawan,south-luzon
robinsons movie world,ROBINSONS MOVIE WORLD (OPEN) (02) 8887-0726,robinsons,robinsons-las-pinas,Robinsons Place Las Pinas,metro-manila
robinsons homes inc,Robinsons Homes Inc.,robinsons,robinsons-cagayan-de-oro,Robinsons Cagayan de Oro,mindanao
robinsons bank atm,Robinsons Bank (ATM),robinsons,robinsons-antique,Robinsons Place Antique,visayas
robinsons bank 8702 9500 local 499 bpi,Robinsons Bank 8702-9500 local 499 BPI,robinsons,robinsons-sta-rosa,Robinsons Sta. Rosa,south-luzon
robinsons bank (adriatico),Robinsons Bank (Adriatico),robinsons,robinsons-manila,Robinsons Place Manila,metro-manila
robinsons appliance center,Robinsons Appliance Center,robinsons,robinsons-santiago,Robinsons Place Santiago,north-luzon
roberts toys,Roberts Toys,ortigas,greenhills,Greenhills,metro-manila
robert chicken,ROBERT CHICKEN,robinsons,opus,Opus Mall,metro-manila
robelo watch repair,ROBELO WATCH REPAIR,waltermart,taytay,WalterMart Taytay,metro-manila
robata by chef alexander sebastian,ROBATA BY CHEF ALEXANDER SEBASTIAN,sm,sm-city-general-santos,SM City General Santos,mindanao
roasted duck express,Roasted Duck Express,ortigas,greenhills,Greenhills,metro-manila
bok cellphone accessories shop,BOK CELLPHONE ACCESSORIES SHOP,robinsons,robinsons-novaliches,Robinsons Novaliches,metro-manila
bohol bee farm,BOHOL BEE FARM (032)260-7304/0998-563-6149,robinsons,robinsons-cybergate-cebu,Robinsons Cybergate Cebu,visayas
bluetech,Bluetech,waltermart,guiguinto,WalterMart Guiguinto,north-luzon
blueprint express,Blueprint Express,robinsons,robinsons-dasmarinas,Robinsons Place Dasmarinas,south-luzon
bluejay coffee,BLUEJAY COFFEE,sm,sm-city-iloilo,SM City Iloilo,visayas
bluebox,Bluebox,robinsons,robinsons-santiago,Robinsons Place Santiago,north-luzon
blue wonder coffee,Blue Wonder Coffee,ortigas,estancia,Estancia,metro-manila
blue water day spa,Blue Water Day Spa,ortigas,estancia,Estancia,metro-manila
blue seas seafood restaurant,BLUE SEAS SEAFOOD RESTAURANT,robinsons,robinsons-las-pinas,Robinsons Place Las Pinas,metro-manila
rock n sole,Rock n Sole,ortigas,estancia,Estancia,metro-manila
rock mobile hub,Rock Mobile Hub,waltermart,tanauan,WalterMart Tanauan,south-luzon
rock island armory,Rock Island Armory,filinvest,festival-mall,Festival Mall,metro-manila
robys sports,ROBY'S SPORTS,robinsons,robinsons-pagadian,Robinsons Pagadian,mindanao
robs,Rob's,megaworld,newport-city,Newport City,metro-manila
robots & dolls salon,Robots & Dolls Salon,megaworld,venice-grand-canal-mall,Venice Grand Canal Mall,metro-manila
robots & dolls,Robots & Dolls,megaworld,lucky-chinatown-imperial-wing,Lucky Chinatown - Imperial Wing,metro-manila
robisnons deparment store,ROBISNONS DEPARMENT STORE,robinsons,robinsons-butuan,Robinsons Place Butuan,mindanao
robinsons supermaket,ROBINSONS SUPERMAKET,robinsons,robinsons-gapan,Robinsons Gapan,north-luzon
romeos steak & spice,Romeo's Steak & Spice,robinsons,robinsons-tuguegarao,Robinsons Place Tuguegarao,north-luzon
romeos spice & steaks,Romeo’s Spice & Steaks,robinsons,robinsons-antipolo,Robinsons Place Antipolo,metro-manila
romeos,Romeo's,ortigas,greenhills,Greenhills,metro-manila
roma wellness beauty centre,ROMA WELLNESS BEAUTY CENTRE,sm,smdc-strip-at-sea,SMDC Strip at Sea,metro-manila
roller fever,Roller Fever,filinvest,fora,Fora Mall,south-luzon
rolex washington watch group,ROLEX - WASHINGTON WATCH GROUP,ayala,ayala-greenbelt,Greenbelt,metro-manila
rogue gaming,ROGUE GAMING,sm,sm-city-north-edsa,SM City North Edsa,metro-manila
roger vivier,ROGER VIVIER,ayala,ayala-greenbelt,Greenbelt,metro-manila
rocky mountain chocolate factory,ROCKY MOUNTAIN CHOCOLATE FACTORY,sm,sm-megamall,SM Megamall,metro-manila
rockstar by centerstage,ROCKSTAR BY CENTERSTAGE,sm,sm-aura,SM Aura,metro-manila
rock on boulder gym,ROCK ON BOULDER GYM,ayala,ayala-malls-central-bloc,Ayala Malls Central Bloc,visayas
bny hip shop,BNY HIP SHOP,starmall,edsa-shaw,Starmall EDSA-Shaw,metro-manila
bnr mobile phone accessories,BNR MOBILE PHONE ACCESSORIES,sm,sm-hypermarket-sucat-lopez,SM Hypermarket Sucat Lopez,metro-manila
bmci diagnostic clinic,BMCI DIAGNOSTIC CLINIC,robinsons,robinsons-galleria-ortigas,Robinsons Galleria,metro-manila
blvck cafe,BLVCK CAFE,sm,sm-by-the-bay,SM By the Bay,metro-manila
blush spa,BLUSH SPA,robinsons,robinsons-pagadian,Robinsons Pagadian,mindanao
blue posts boiling crabs shrimps,BLUE POSTS BOILING CRABS SHRIMPS,sm,sm-city-davao,SM City Davao,mindanao
blue lagoon water station,BLUE LAGOON WATER STATION,sm,smdc-strip-at-mezza,SMDC Strip at Mezza,metro-manila
blue kitchen,BLUE KITCHEN,robinsons,opus,Opus Mall,metro-manila
blooms and bears flowers and gift shop,BLOOMS AND BEARS FLOWERS AND GIFT SHOP,sm,sm-city-bacolod,SM City Bacolod,visayas
bloomingdales,BLOOMINGDALES,sm,sm-megamall,SM Megamall,metro-manila
blooming days flowers & plants,BLOOMING DAYS FLOWERS & PLANTS,ayala,ayala-market-market,Market! Market!,metro-manila
blk boutique,BLK Boutique,robinsons,galleria-south,Robinsons Galleria South,south-luzon
rorys billiard,Rory's Billiard,megaworld,california-garden-square,California Garden Square,metro-manila
roots collective,Roots Collective,megaworld,uptown-mall,Uptown Mall,metro-manila
rookie kids,Rookie Kids,ortigas,greenhills,Greenhills,metro-manila
rookie,ROOKIE,robinsons,robinsons-manila,Robinsons Place Manila,metro-manila
rons flower garden,Ron's Flower Garden,robinsons,robinsons-bacolod,Robinsons Place Bacolod,visayas
roninsons supermarket,RONINSONS SUPERMARKET,robinsons,robinsons-pagadian,Robinsons Pagadian,mindanao
ron salon,RON SALON,sm,sm-center-pasig,SM Center Pasig,metro-manila
ron mar handicraft,RON MAR HANDICRAFT,sm,sm-city-baguio,SM City Baguio,north-luzon
romulo cafe,ROMULO CAFE,ayala,ayala-one-bonifacio-high-street,One Bonifacio High Street,metro-manila
blink,BLINK,sm,sm-mall-of-asia,SM Mall of Asia,metro-manila
blemish free natures skin care,BLEMISH FREE NATURES SKIN CARE,sm,sm-city-davao,SM City Davao,mindanao
blackstem tea & coffee,BlackStem Tea & Coffee,megaworld,eastwood-city-walk,Eastwood City Walk,metro-manila
blackbelle tattoo shop,BLACKBELLE TATTOO SHOP,robinsons,robinsons-novaliches,Robinsons Novaliches,metro-manila
blackbeards seafood island bikers cafe,BLACKBEARD'S SEAFOOD ISLAND BIKERS CAFE,sm,sm-by-the-bay,SM By the Bay,metro-manila
roy and popoys batchoy food house,ROY AND POPOYS BATCHOY FOOD HOUSE,sm,sm-city-roxas,SM City Roxas,visayas
rover system,Rover System,ortigas,greenhills,Greenhills,metro-manila
route 80,ROUTE 80,robinsons,robinsons-pagadian,Robinsons Pagadian,mindanao
round the clock cafe and bakery,ROUND-THE-CLOCK CAFE AND BAKERY,sm,sm-city-daet,SM City Daet,south-luzon
round circle,Round Circle,filinvest,festival-mall,Festival Mall,metro-manila
rotech,ROTECH,sm,sm-city-north-edsa,SM City North Edsa,metro-manila
rotation inc,Rotation Inc.,fishermall,quezonave,Fisher Mall Quezon Avenue,metro-manila
rossopomodoro,ROSSOPOMODORO,sm,sm-city-east-ortigas,SM City East Ortigas,metro-manila
rossini ristorante italiano,ROSSINI RISTORANTE ITALIANO,sm,s-maison,S Maison,metro-manila
rosemed supplies,Rosemed Supplies,filinvest,festival-mall,Festival Mall,metro-manila
rosemed medical supplies,ROSEMED MEDICAL SUPPLIES,sm,sm-city-davao,SM City Davao,mindanao
rsm watch repair,RSM Watch Repair,waltermart,bicutan,WalterMart Bicutan,metro-manila
rsm watch,RSM Watch,robinsons,robinsons-las-pinas,Robinsons Place Las Pinas,metro-manila
rsa music center,Rsa Music Center,araneta,farmers-plaza,Farmers Plaza,metro-manila
rs tech,Rs Tech,ortigas,greenhills,Greenhills,metro-manila
rs jewels,RS JEWELS,robinsons,robinsons-palawan,Robinsons Place Palawan,south-luzon
rrk massage chair services,RRK Massage Chair Services,robinsons,robinsons-roxas,Robinsons Place Roxas,visayas
rrj mrlee,RRJ/MRLEE,waltermart,general-trias,WalterMart General Trias,south-luzon
rpm pilinut candies,RPM PILINUT CANDIES,sm,sm-city-naga,SM City Naga,south-luzon
rpm dental health care plus,RPM DENTAL HEALTH CARE PLUS,sm,sm-cherry-antipolo,SM Center Antipolo Downtown,metro-manila
royce chocolate,ROYCE CHOCOLATE,sm,the-podium,The Podium,metro-manila
royaltea,ROYALTEA,sm,sm-cherry-antipolo,SM Center Antipolo Downtown,metro-manila
royale,Royale,robinsons,robinsons-novaliches,Robinsons Novaliches,metro-manila
royal panda,ROYAL PANDA,ayala,ayala-centrio,Centrio Mall,mindanao
blk 5 caf,BLK 5 CAF…,sm,sm-city-tuguegarao,SM City Tuguegarao,north-luzon
blk,BLK,robinsons,opus,Opus Mall,metro-manila
blissful glam nail spa,BLISSFUL GLAM NAIL SPA,ayala,ayala-abreeza,Abreeza,mindanao
black pearl cosmetics,BLACK PEARL COSMETICS,ayala,ayala-malls-central-bloc,Ayala Malls Central Bloc,visayas
black pearl by sea of spa,BLACK PEARL BY SEA OF SPA,sm,sm-city-bf-paranaque,SM City BF Parañaque,metro-manila
bl petshop salon,BL PETSHOP SALON,sm,sm-city-pampanga,SM City Pampanga,north-luzon
bl petshop,BL Petshop,robinsons,robinsons-malolos,Robinsons Place Malolos,north-luzon
bl altoberos food products,BL ALTOBEROS FOOD PRODUCTS ( TEMPORARILY CLOSED),robinsons,robinsons-pagadian,Robinsons Pagadian,mindanao
bj twin shawarma,BJ TWIN SHAWARMA,robinsons,robinsons-gapan,Robinsons Gapan,north-luzon
bj shawarma house,BJ SHAWARMA HOUSE,robinsons,robinsons-gapan,Robinsons Gapan,north-luzon
bizu,Bizu,ortigas,greenhills,Greenhills,metro-manila
biyaya kofi,Biyaya Kofi,ortigas,the-strip,The Strip,metro-manila
rulls cellphones accessories,RULLS CELLPHONES ACCESSORIES,sm,sm-city-olongapo-downtown,SM City Olongapo Downtown,north-luzon
ruiz derma,Ruiz Derma,robinsons,robinsons-galleria-cebu,Robinsons Galleria Cebu,visayas
rufilitas cakes and pastries,RUFILITA’S CAKES AND PASTRIES,sm,sm-city-la-union,SM City La Union,north-luzon
rue bourbon,Rue Bourbon,megaworld,forbes-town,Forbes Town,metro-manila
rudys master key duplicating shop,RUDY'S MASTER KEY DUPLICATING SHOP,sm,sm-city-davao,SM City Davao,mindanao
rta castanas,RTA CASTANAS,robinsons,robinsons-magnolia,Robinsons Magnolia,metro-manila
rsr jewelry & repair shop,RSR Jewelry & Repair Shop,ortigas,greenhills,Greenhills,metro-manila
s&r,S&R,robinsons,robinsons-gentrias,Robinsons Place Gen. Trias,south-luzon
s toy c,S-toy C,filinvest,festival-mall,Festival Mall,metro-manila
s b a shoes shop,S B A SHOES SHOP,robinsons,robinsons-novaliches,Robinsons Novaliches,metro-manila
s & j cellphone and accessories,S & J CELLPHONE AND ACCESSORIES,robinsons,robinsons-iligan,Robinsons Place Iligan,mindanao
rzkh pet supplies & grooming,RZKH Pet Supplies & Grooming,waltermart,erodriguez,WalterMart E.Rodriguez,metro-manila
ryu ramen and curry,RYU RAMEN AND CURRY,sm,smdc-jazz-mall,SMDC Jazz Mall,metro-manila
ryllies kimchi sushi express,RYLLIES KIMCHI SUSHI EXPRESS,sm,sm-city-tuguegarao,SM City Tuguegarao,north-luzon
rydax,RYDAX,ayala,ayala-market-market,Market! Market!,metro-manila
rustic seafood,Rustic Seafood,ortigas,greenhills,Greenhills,metro-manila
rustic box steakhouse,RUSTIC BOX STEAKHOUSE,sm,smdc-grace-mall,SMDC Grace Mall,metro-manila
rustans,Rustan's,araneta,gateway-mall,Gateway Mall,metro-manila
ruro martin pet accessories and supplies corp,Ruro Martin Pet Accessories and Supplies Corp.,robinsons,robinsons-malabon,Robinsons Town Mall Malabon,metro-manila
ruro martin pet accessories & supplies,RURO MARTIN PET ACCESSORIES & SUPPLIES,robinsons,robinsons-cainta,Robinsons Cainta,metro-manila
rulls satellite,Rulls Satellite,filinvest,festival-mall,Festival Mall,metro-manila
black pearl johnn lemon,BLACK PEARL/JOHNN LEMON,ayala,ayala-cloverleaf,Ayala Malls Cloverleaf,metro-manila
black pearl i,BLACK PEARL I 0938-035-4081,robinsons,robinsons-ormoc,Robinsons Place Ormoc,visayas
sagye,SAGYE,sm,sm-jmall,SM J Mall,visayas
sage garden,The Sage Garden,filinvest,festival-mall,Festival Mall,metro-manila
sagat crust,Sagat Crust,robinsons,robinsons-la-union,Robinsons Place La Union,north-luzon
saffron sips,SAFFRON SIPS,robinsons,robinsons-las-pinas,Robinsons Place Las Pinas,metro-manila
safa fashion accessories,SAFA FASHION ACCESSORIES,robinsons,robinsons-novaliches,Robinsons Novaliches,metro-manila
sachi ramen,SACHI RAMEN,ayala,ayala-center-cebu,Ayala Center Cebu,visayas
sac people,SAC PEOPLE,sm,sm-megamall,SM Megamall,metro-manila
saboten,SABOTEN,ayala,ayala-serendra,Shops at Serendra,metro-manila
sabinas cravings,SABINA'S CRAVING'S,robinsons,robinsons-lipa,Robinsons Place Lipa,south-luzon
sabie bakes,SABIE BAKES,sm,sm-city-puerto-princesa,SM City Puerto Princesa,south-luzon
sabella,SABELLA,sm,sm-city-rosales,SM City Rosales,north-luzon
sabater paredes optical,Sabater-Paredes Optical,araneta,farmers-plaza,Farmers Plaza,metro-manila
sabater optical,Sabater Optical,robinsons,robinsons-magnolia,Robinsons Magnolia,metro-manila
saad gems,Saad Gems,ortigas,greenhills,Greenhills,metro-manila
sa poste cafe,Sa Poste Cafe,megaworld,festive-walk-parade,Festive Walk Parade,visayas
s8 concept district,S8 CONCEPT DISTRICT,ayala,ayala-serin,Ayala Malls Serin,south-luzon
biu,Biu!,filinvest,festival-mall,Festival Mall,metro-manila
bite king snackbar,BITE KING SNACKBAR,sm,sm-city-bataan,SM City Bataan,north-luzon
bistro remedios,BISTRO REMEDIOS,sm,sm-city-north-edsa,SM City North Edsa,metro-manila
bistro ravioli,BISTRO RAVIOLI,sm,sm-mall-of-asia,SM Mall of Asia,metro-manila
biryanist,Biryanist,megaworld,newport-city,Newport City,metro-manila
biryani house restaurant,BIRYANI HOUSE RESTAURANT,sm,sm-city-general-santos,SM City General Santos,mindanao
biryani boys,BIRYANI BOYS,sm,sm-city-manila,SM City Manila,metro-manila
birkenstock (pop up),Birkenstock (pop Up),filinvest,festival-mall,Festival Mall,metro-manila
bird boss the new bird of the block,BIRD BOSS THE NEW BIRD OF THE BLOCK,sm,the-podium,The Podium,metro-manila
sajang chicken,Sajang Chicken,megaworld,san-lorenzo-place-mall,San Lorenzo Place Mall,metro-manila
saizen,SAIZEN,ayala,ayala-the-district-imus,The District Imus,south-luzon
saint jude optical clinic,SAINT JUDE OPTICAL CLINIC,sm,sm-city-cagayan-de-oro,SM City CDO Uptown,mindanao
saint jo flowers,SAINT JO FLOWERS,ayala,ayala-market-market,Market! Market!,metro-manila
saint camillus premium healthcare inc,"SAINT CAMILLUS PREMIUM HEALTHCARE, INC",robinsons,robinsons-bacolod,Robinsons Place Bacolod,visayas
saigosan,Saigosan,megaworld,uptown-mall,Uptown Mall,metro-manila
saibachi,Saibachi,filinvest,festival-mall,Festival Mall,metro-manila
salon de berns,SALON DE BERNS,ayala,ayala-centrio,Centrio Mall,mindanao
salon de belleza,Salon De Belleza,megaworld,california-garden-square,California Garden Square,metro-manila
salon 360,Salon 360,robinsons,robinsons-malabon,Robinsons Town Mall Malabon,metro-manila
salma tago,Salma Tago,ortigas,greenhills,Greenhills,metro-manila
sallys homemade kakanin,SALLYS HOMEMADE KAKANIN,sm,sm-mall-of-asia,SM Mall of Asia,metro-manila
salih cosmetics shop,SALIH COSMETICS SHOP,robinsons,robinsons-iligan,Robinsons Place Iligan,mindanao
sales rain bpo,SALES RAIN BPO,robinsons,robinsons-palawan,Robinsons Place Palawan,south-luzon
salem,SALEM,sm,sm-southmall,SM Southmall,metro-manila
salaryman,Salaryman,megaworld,forbes-town,Forbes Town,metro-manila
salamangka,Salamangka,megaworld,eastwood-city-walk,Eastwood City Walk,metro-manila
salah cellphone & accessories,SALAH CELLPHONE & ACCESSORIES,robinsons,robinsons-cagayan-de-oro,Robinsons Cagayan de Oro,mindanao
salads and wraps by healthy kitchen,SALADS AND WRAPS BY HEALTHY KITCHEN,sm,sm-city-iloilo,SM City Iloilo,visayas
sala thai kitchen,Sala Thai Kitchen,ortigas,greenhills,Greenhills,metro-manila
sala bistro,SALA BISTRO,ayala,ayala-greenbelt,Greenbelt,metro-manila
sakura restaurant,SAKURA RESTAURANT,sm,sm-city-clark,SM City Clark,north-luzon
biyahe juan,Biyahe Juan,megaworld,festive-walk-mall-iloilo,Festive Walk Mall,visayas
samgyniku,SAMGYNIKU,robinsons,robinsons-gapan,Robinsons Gapan,north-luzon
samgyeop masarap,Samgyeop Masarap,ortigas,greenhills,Greenhills,metro-manila
sameer,SAMEER,robinsons,robinsons-lipa,Robinsons Place Lipa,south-luzon
sambokojin,SAMBOKOJIN,sm,sm-southmall,SM Southmall,metro-manila
samathas steamboat,Samatha's Steamboat,robinsons,robinsons-jaro,Robinsons Place Jaro,visayas
sam stew,SAM STEW,ayala,ayala-vertis,Ayala Malls Vertis North,metro-manila
salvatore cuomo cafe,SALVATORE CUOMO CAFE,sm,the-podium,The Podium,metro-manila
salt & stone wellness spa,SALT & STONE WELLNESS SPA,sm,sm-mall-of-asia,SM Mall of Asia,metro-manila
salt & stone,SALT & STONE,robinsons,robinsons-antipolo,Robinsons Place Antipolo,metro-manila
salt & ice,Salt & Ice,megaworld,uptown-parade,Uptown Parade,metro-manila
sals restaurant,Sals Restaurant,robinsons,robinsons-tacloban,Robinsons Place Tacloban,visayas
salonga music,Salonga Music,araneta,ali-mall,Ali Mall,metro-manila
salon360,SALON360,robinsons,robinsons-gapan,Robinsons Gapan,north-luzon
salon de poseur,SALON DE POSEUR,sm,sm-center-angono,SM Center Angono,metro-manila
salon de konad,SALON DE KONAD,waltermart,bacoor,WalterMart Bacoor,south-luzon
salon de elegancia,Salon De Elegancia,robinsons,robinsons-north-tacloban,Robinsons North Tacloban,visayas
bir notarial & photocopying,BIR Notarial & Photocopying,fishermall,quezonave,Fisher Mall Quezon Avenue,metro-manila
bir,BIR,fishermall,malabon,Fisher Mall Malabon,metro-manila
biovitalis institute by centro holistico,BIOVITALIS INSTITUTE BY CENTRO HOLISTICO,sm,s-maison,S Maison,metro-manila
biofresh,Biofresh,megaworld,southwoods-mall,Southwoods Mall,south-luzon
binuhat arts crafts,BINUHAT ARTS CRAFTS,sm,sm-city-butuan,SM City Butuan,mindanao
bingomania,BINGOMANIA,starmall,alabang,Starmall Alabang,metro-manila
bingo xtreme,Bingo Xtreme,filinvest,festival-mall,Festival Mall,metro-manila
bingo sa nova,BINGO SA NOVA,sm,sm-city-novaliches,SM City Novaliches,metro-manila
bingo plaza,BINGO PLAZA,sm,sm-city-sta-mesa,SM City Sta. Mesa,metro-manila
bingo paradise,BINGO PARADISE,robinsons,robinsons-novaliches,Robinsons Novaliches,metro-manila
samgyupchill,SAMGYUPCHILL,robinsons,robinsons-butuan,Robinsons Place Butuan,mindanao
samgyup sa bahay,Samgyup Sa Bahay,waltermart,antipolo,WalterMart Antipolo,metro-manila
samgyup rice bowl,Samgyup Rice Bowl,robinsons,robinsons-los-banos,Robinsons Town Mall Los Banos,south-luzon
samgyup korean restaurant,SAMGYUP KOREAN RESTAURANT,sm,sm-city-dasmarinas,SM City Dasmariñas,south-luzon
samgyup 31,THE SAMGYUP 31,ayala,ayala-center-cebu,Ayala Center Cebu,visayas
samgyuniku unlimited japanese korean bbq,Samgyuniku Unlimited Japanese Korean Bbq,filinvest,festival-mall,Festival Mall,metro-manila
san roque retrouvaille center,SAN ROQUE RETROUVAILLE CENTER,sm,sm-city-cagayan-de-oro,SM City CDO Uptown,mindanao
san guo la mien,San Guo La Mien,megaworld,lucky-chinatown-mall,Lucky Chinatown Mall,metro-manila
san diegos fab,SAN DIEGO'S FAB,ayala,ayala-harbor-point,Harbor Point,north-luzon
san augusto driving school,SAN AUGUSTO DRIVING SCHOOL,sm,sm-city-tanza,SM City Tanza,south-luzon
samyan thai street food,SAMYAN THAI STREET FOOD,robinsons,robinsons-magnolia,Robinsons Magnolia,metro-manila
samui,SAMUI,sm,sm-city-masinag,SM City Masinag,metro-manila
samsung optical,Samsung Optical,araneta,farmers-plaza,Farmers Plaza,metro-manila
samsung mobile,SAMSUNG MOBILE,sm,sm-city-fairview,SM City Fairview,metro-manila
samsung i,Samsung I 0998-538-3657,robinsons,robinsons-ormoc,Robinsons Place Ormoc,visayas
samsung experience store,Samsung Experience Store,robinsons,robinsons-valencia,Robinsons Place Valencia,mindanao
samsung concept store,Samsung Concept Store,robinsons,robinsons-tagum,Robinsons Place Tagum,mindanao
samsung (satellite),Samsung (satellite),filinvest,festival-mall,Festival Mall,metro-manila
sams everthing on sticks,SAM'S EVERTHING ON STICKS,robinsons,robinsons-pagadian,Robinsons Pagadian,mindanao
sams,Sam's,robinsons,robinsons-pangasinan,Robinsons Place Pangasinan,north-luzon
samgyupsal,THE SAMGYUPSAL,robinsons,robinsons-tagaytay,Robinsons Tagaytay,south-luzon
bir rd038,BIR RD038,fishermall,quezonave,Fisher Mall Quezon Avenue,metro-manila
bingo empress,BINGO EMPRESS,sm,sm-city-lucena,SM City Lucena,south-luzon
bingo dinero,BINGO DINERO,sm,sm-city-cebu,SM City Cebu,visayas
bingo city,BINGO CITY,sm,sm-city-fairview,SM City Fairview,metro-manila
bingo boutique,Bingo Boutique,megaworld,lucky-chinatown-prosperity-wing,Lucky Chinatown - Prosperity Wing,metro-manila
bingo,BINGO,sm,sm-lanang,SM Lanang,mindanao
bingchun tea,BINGCHUN TEA,robinsons,robinsons-cainta,Robinsons Cainta,metro-manila
binan fast food,BIÑAN FAST FOOD,sm,sm-city-daet,SM City Daet,south-luzon
billyard sports bar,Billyard Sports Bar,megaworld,greenhouse-village-square,The Greenhouse at Village Square,metro-manila
sandok ni teng,Sandok Ni Teng,filinvest,main-square,Main Square,south-luzon
sandobox,SANDOBOX,robinsons,robinsons-pagadian,Robinsons Pagadian,mindanao
sandbox clinic,SANDBOX CLINIC (0917-118-9289),robinsons,robinsons-metro-east,Robinsons Metro East,metro-manila
sanbry mens grooming house,Sanbry Men's Grooming House,megaworld,san-lorenzo-place-mall,San Lorenzo Place Mall,metro-manila
sanbry,Sanbry,ortigas,estancia,Estancia,metro-manila
sana lamig,Sana Lamig,filinvest,festival-mall,Festival Mall,metro-manila
san yang home,San-yang Home,filinvest,festival-mall,Festival Mall,metro-manila
san salvador dental clinic,San Salvador Dental Clinic,fishermall,quezonave,Fisher Mall Quezon Avenue,metro-manila
bike my way,BIKE MY WAY,sm,sm-by-the-bay,SM By the Bay,metro-manila
bigoli,BIGOLI,ayala,ayala-trinoma,Trinoma,metro-manila
bigboys,Bigboys,ortigas,greenhills,Greenhills,metro-manila
big r lessors,BIG R LESSORS,ayala,ayala-market-market,Market! Market!,metro-manila
santibanez flower shop,SANTIBAÑEZ FLOWER SHOP,ayala,ayala-market-market,Market! Market!,metro-manila
santa barbara,Santa Barbara,megaworld,eastwood-city-walk,Eastwood City Walk,metro-manila
sans rival cake and pastries,SANS RIVAL CAKE AND PASTRIES,robinsons,robinsons-dumaguete,Robinsons Place Dumaguete,visayas
sans rival bistro,Sans Rival Bistro,filinvest,dumaguete,Filinvest Malls Dumaguete,visayas
sankyodai sushi bar,SANKYODAI SUSHI BAR,ayala,ayala-feliz,Ayala Malls Feliz,metro-manila
sanitize us,Sanitize Us,filinvest,main-square,Main Square,south-luzon
sangyupsal house,Sangyupsal House 9121180732/09654654670,robinsons,robinsons-butuan,Robinsons Place Butuan,mindanao
sandztel mobile,SANDZTEL MOBILE,sm,sm-city-calamba,SM City Calamba,south-luzon
bingo palace,Bingo Palace,robinsons,robinsons-pangasinan,Robinsons Place Pangasinan,north-luzon
bingo manila,BINGO MANILA,starmall,edsa-shaw,Starmall EDSA-Shaw,metro-manila
bingo gallery,BINGO GALLERY,sm,sm-city-cagayan-de-oro,SM City CDO Uptown,mindanao
bingo extreme,Bingo Extreme,megaworld,festive-walk-parade,Festive Walk Parade,visayas
sarahs bakeshop,SARAH'S BAKESHOP,sm,sm-city-manila,SM City Manila,metro-manila
sarah lea travel and tours,SARAH LEA TRAVEL AND TOURS,robinsons,robinsons-tagum,Robinsons Place Tagum,mindanao
sarah fashion,SARAH FASHION,robinsons,robinsons-novaliches,Robinsons Novaliches,metro-manila
sarah & sophie trading,SARAH & SOPHIE TRADING,ayala,ayala-market-market,Market! Market!,metro-manila
sarabia optical world,SARABIA OPTICAL WORLD,ayala,ayala-market-market,Market! Market!,metro-manila
sapatero plus,SAPATERO PLUS,ayala,ayala-the-30th,Ayala Malls The 30th,metro-manila
sanyang home,SANYANG HOME,robinsons,robinsons-iloilo,Robinsons Place Iloilo,visayas
sanyang furniture,Sanyang Furniture,robinsons,robinsons-dasmarinas,Robinsons Place Dasmarinas,south-luzon
santorini dental digital express,SANTORINI DENTAL DIGITAL EXPRESS,sm,sm-city-fairview,SM City Fairview,metro-manila
santis deli,SANTI'S DELI,ayala,ayala-bonifacio-high-street,Bonifacio High Street,metro-manila
santinos supreme slice,SANTINO'S SUPREME SLICE,starmall,edsa-shaw,Starmall EDSA-Shaw,metro-manila
santinos supreme italian pizza,SANTINO'S SUPREME ITALIAN PIZZA,ayala,ayala-cloverleaf,Ayala Malls Cloverleaf,metro-manila
billyard sports & music bar,Billyard Sports & Music Bar,megaworld,greenhouse-village-square,The Greenhouse at Village Square,metro-manila
bills lounge,Bill's Lounge,megaworld,eastwood-city-walk,Eastwood City Walk,metro-manila
bikoi bikes,BIKOI BIKES,sm,sm-city-mindpro,SM City Mindpro,mindanao
bikes & coffee manila,Bikes & Coffee Manila,megaworld,uptown-parade,Uptown Parade,metro-manila
big joy,Big Joy,filinvest,festival-mall,Festival Mall,metro-manila
big jewelry creation,BIG JEWELRY CREATION,sm,sm-seaside-city-cebu,SM Seaside City Cebu,visayas
big boys toyshoppe,Big Boy's Toyshoppe,fishermall,quezonave,Fisher Mall Quezon Avenue,metro-manila
big boys toy store,BIG BOYS TOY STORE,ayala,ayala-glorietta,Glorietta,metro-manila
big boys,Big Boys,filinvest,festival-mall,Festival Mall,metro-manila
big boss barbers,Big Boss Barbers,megaworld,venice-grand-canal-mall,Venice Grand Canal Mall,metro-manila
big bee,The Big Bee,megaworld,newport-city,Newport City,metro-manila
big & small & chicco,Big & Small & Chicco,megaworld,eastwood-mall,Eastwood Mall,metro-manila
savore kitchen,SAVORE KITCHEN,robinsons,robinsons-north-tacloban,Robinsons North Tacloban,visayas
savemore supermarket,Savemore Supermarket,filinvest,festival-mall,Festival Mall,metro-manila
saudi gold 18k,SAUDI GOLD 18K,robinsons,robinsons-lipa,Robinsons Place Lipa,south-luzon
saucony,SAUCONY,ayala,ayala-manila-bay,Ayala Malls Manila Bay,metro-manila
satchmisatchmi cafe,SATCHMISATCHMI CAFE,sm,sm-megamall,SM Megamall,metro-manila
sassa,Sassa,filinvest,festival-mall,Festival Mall,metro-manila
sasa cafe,SASA CAFE,robinsons,robinsons-manila,Robinsons Place Manila,metro-manila
sariwon,SARIWON,ayala,ayala-bonifacio-high-street,Bonifacio High Street,metro-manila
scfv internet services,Scfv Internet Services,filinvest,festival-mall,Festival Mall,metro-manila
scentswatch,Scentswatch,filinvest,festival-mall,Festival Mall,metro-manila
scents and sensibilities,SCENTS AND SENSIBILITIES,sm,the-podium,The Podium,metro-manila
scents and blends,Scents And Blends,filinvest,festival-mall,Festival Mall,metro-manila
scentaur essentials,SCENTAUR ESSENTIALS,robinsons,robinsons-cainta,Robinsons Cainta,metro-manila
scent studio by bc fragrance,SCENT STUDIO BY BC FRAGRANCE,sm,sm-city-north-edsa,SM City North Edsa,metro-manila
sbarro satellite,Sbarro Satellite,filinvest,festival-mall,Festival Mall,metro-manila
sbarro earl of sandwich,SBARRO / EARL OF SANDWICH,ayala,ayala-manila-bay,Ayala Malls Manila Bay,metro-manila
sawada ichigo cafe,SAWADA ICHIGO CAFE,robinsons,opus,Opus Mall,metro-manila
savoura,Savoura,robinsons,robinsons-galleria-cebu,Robinsons Galleria Cebu,visayas
savouge aesthetic and wellness center,SAVOUGE AESTHETIC AND WELLNESS CENTER,sm,sm-city-olongapo-central,SM City Olongapo Central,north-luzon
big picture,The Big Picture,waltermart,san-fernando,WalterMart San Fernando,north-luzon
big paws,Big Paws,ortigas,tiendesitas,Tiendesitas,metro-manila
big mummys,Big Mummy's,robinsons,robinsons-tagaytay,Robinsons Tagaytay,south-luzon
big mommas artisan pies co,BIG MOMMAS ARTISAN PIES CO,sm,sm-city-santa-rosa,SM City Santa Rosa,south-luzon
big joy kids,BIG JOY KIDS,ayala,ayala-market-market,Market! Market!,metro-manila
bibingka manila,BIBINGKA MANILA,sm,sm-center-pasig,SM Center Pasig,metro-manila
bianang delicacies,BIANANG DELICACIES,waltermart,arayat,WalterMart Arayat,north-luzon
bhf jewelry & cash loan,BHF Jewelry & Cash Loan,robinsons,robinsons-luisita,Robinsons Luisita,north-luzon
bhdc barrera hernandez dental diagnostics,BHDC BARRERA-HERNANDEZ DENTAL DIAGNOSTICS,sm,sm-center-sangandaan,SM Center Sangandaan,north-luzon
beyond polish,BEYOND POLISH,sm,sm-city-santa-rosa,SM City Santa Rosa,south-luzon
between days,BETWEEN DAYS,robinsons,robinsons-magnolia,Robinsons Magnolia,metro-manila
bettinas fashion boutique,BETTINA'S FASHION BOUTIQUE (OPEN),robinsons,robinsons-otis,Robinsons Otis,metro-manila
scratch smashburgers,Scratch Smashburgers,megaworld,eastwood-city-walk,Eastwood City Walk,metro-manila
scouts honor,Scout's Honor,megaworld,uptown-mall,Uptown Mall,metro-manila
scooping bar,THE SCOOPING BAR,sm,sm-city-butuan,SM City Butuan,mindanao
scoop pilates studio,SCOOP PILATES STUDIO,robinsons,opus,Opus Mall,metro-manila
scoop it up,Scoop It Up,waltermart,subic,WalterMart Subic,north-luzon
scoobys,SCOOBY'S,robinsons,robinsons-dumaguete,Robinsons Place Dumaguete,visayas
school bus internet,School Bus Internet,robinsons,robinsons-dasmarinas,Robinsons Place Dasmarinas,south-luzon
scholl,Scholl,ortigas,greenhills,Greenhills,metro-manila
schola de vita progressive school,SCHOLA DE VITA PROGRESSIVE SCHOOL,robinsons,robinsons-las-pinas,Robinsons Place Las Pinas,metro-manila
best nephro specialist corporation,Best Nephro Specialist Corporation,robinsons,robinsons-las-pinas,Robinsons Place Las Pinas,metro-manila
best lolama,Best Lolama,robinsons,robinsons-dasmarinas,Robinsons Place Dasmarinas,south-luzon
best cool bicycle,BEST COOL BICYCLE,robinsons,robinsons-gapan,Robinsons Gapan,north-luzon
beso beso,Beso-Beso,robinsons,robinsons-santiago,Robinsons Place Santiago,north-luzon
bertos liempo,Berto's Liempo,robinsons,robinsons-fuente,Robinsons Fuente,visayas
bertmarks,BERTMARKS,ayala,ayala-market-market,Market! Market!,metro-manila
seahorse houseboats & yachts,Seahorse Houseboats & Yachts,megaworld,mactan-newtown,Mactan Newtown,visayas
seafood island,Seafood Island,megaworld,eastwood-city-walk,Eastwood City Walk,metro-manila
seafood fiesta,Seafood Fiesta (OPEN),robinsons,robinsons-manila,Robinsons Place Manila,metro-manila
seafood and steaks,Seafood and Steaks,robinsons,galleria-south,Robinsons Galleria South,south-luzon
sea shack,SEA SHACK,sm,sm-city-grand-central,SM City Grand Central,metro-manila
sea of spa,SEA OF SPA,sm,sm-city-cebu,SM City Cebu,visayas
scs,SCS,ayala,ayala-solenad,Ayala Malls Nuvali,south-luzon
scribe,Scribe,megaworld,eastwood-mall,Eastwood Mall,metro-manila
bibingkintan,Bibingkintan,robinsons,robinsons-naga,Robinsons Place Naga,south-luzon
bibingka mnl,Bibingka MNL,robinsons,robinsons-magnolia,Robinsons Magnolia,metro-manila
segnatempo,Segnatempo,megaworld,newport-city,Newport City,metro-manila
seekshine,Seekshine,filinvest,festival-mall,Festival Mall,metro-manila
seek and shine,Seek and Shine,megaworld,eastwood-mall,Eastwood Mall,metro-manila
secret recipe,SECRET RECIPE,sm,sm-city-santa-rosa,SM City Santa Rosa,south-luzon
secosana,SECOSANA,ayala,ayala-market-market,Market! Market!,metro-manila
second corner clothing store,SECOND CORNER CLOTHING STORE,ayala,ayala-market-market,Market! Market!,metro-manila
sebastians ice cream station,SEBASTIANS ICE CREAM STATION,sm,the-podium,The Podium,metro-manila
sebamed,Sebamed,sm,sm-mall-of-asia,SM Mall of Asia,metro-manila
seawadeeka,SEAWADEEKA,sm,sm-city-la-union,SM City La Union,north-luzon
seashack,Seashack,robinsons,robinsons-la-union,Robinsons Place La Union,north-luzon
sealy,SEALY,ayala,ayala-greenbelt,Greenbelt,metro-manila
better burger,BETTER BURGER,sm,sm-jmall,SM J Mall,visayas
bestfriend pawever,Bestfriend Pawever,robinsons,robinsons-imus,Robinsons Place Imus,south-luzon
best toys,Best Toys,ortigas,greenhills,Greenhills,metro-manila
best print,Best Print,fishermall,quezonave,Fisher Mall Quezon Avenue,metro-manila
best peak ice cream,BEST PEAK ICE CREAM,robinsons,robinsons-las-pinas,Robinsons Place Las Pinas,metro-manila
berches,Berches,ortigas,greenhills,Greenhills,metro-manila
beppos barbershop,Beppo's Barbershop,fishermall,quezonave,Fisher Mall Quezon Avenue,metro-manila
bensons graphic arts,BENSONS GRAPHIC ARTS,sm,sm-city-taytay,SM City Taytay,metro-manila
bens kitchen,BEN'S KITCHEN,ayala,ayala-harbor-point,Harbor Point,north-luzon
bens halo halo ice cream,Ben’s Halo-halo Ice Cream,filinvest,festival-mall,Festival Mall,metro-manila
benlife,BENLIFE,sm,sm-lanang,SM Lanang,mindanao
benibana beauty hub,Benibana Beauty Hub,megaworld,three-central,Three Central Mall,metro-manila
senor barbershop,Señor Barbershop,megaworld,newport-city,Newport City,metro-manila
sendem,SENDEM,ayala,ayala-centrio,Centrio Mall,mindanao
selera sets,SELERA SETS,sm,sm-city-davao,SM City Davao,mindanao
selah dental clinic,Selah Dental Clinic,megaworld,southwoods-mall,Southwoods Mall,south-luzon
seiko vision specialist,SEIKO VISION SPECIALIST,sm,sm-city-la-union,SM City La Union,north-luzon
segunda mana outlet store,Segunda Mana Outlet Store,araneta,ali-mall,Ali Mall,metro-manila
segovias cakes and recipes,SEGOVIAS CAKES AND RECIPES,sm,sm-mall-of-asia,SM Mall of Asia,metro-manila
segovia strength,SEGOVIA STRENGTH,ayala,ayala-solenad,Ayala Malls Nuvali,south-luzon
segoi yugo japanese fusion teppan sushi bar,SEGOI YUGO JAPANESE FUSION TEPPAN SUSHI BAR,sm,sm-city-laoag,SM City Laoag,north-luzon
serafina,SERAFINA,sm,sm-city-tuguegarao,SM City Tuguegarao,north-luzon
seoul station,Seoul Station,megaworld,venice-grand-canal-mall,Venice Grand Canal Mall,metro-manila
seoul mate home kitchen,Seoul Mate Home Kitchen,megaworld,festive-walk-parade,Festive Walk Parade,visayas
seoul korean grill cuisine,SEOUL KOREAN GRILL + CUISINE,ayala,ayala-center-cebu,Ayala Center Cebu,visayas
seoul food house,Seoul Food House,robinsons,robinsons-luisita,Robinsons Luisita,north-luzon
sentro cafe,SENTRO CAFE,sm,sm-city-laoag,SM City Laoag,north-luzon
senses,SENSES,robinsons,opus,Opus Mall,metro-manila
sensei exhibit,SENSEI EXHIBIT,robinsons,robinsons-ilocos,Robinsons Place Ilocos,north-luzon
sensei,Sensei,filinvest,festival-mall,Festival Mall,metro-manila
senorita de bacolod,SEÑORITA DE BACOLOD,sm,sm-city-bacolod,SM City Bacolod,visayas
senor sabores tacos nachos wings,SEÑOR SABORES TACOS NACHOS WINGS,sm,sm-center-tuguegarao-downtown,SM Center Tuguegarao Downtown,north-luzon
senor pollo,Senor Pollo,ortigas,greenhills,Greenhills,metro-manila
berovan medical supplies,Berovan Medical Supplies,robinsons,robinsons-dasmarinas,Robinsons Place Dasmarinas,south-luzon
bernardos watch repair,Bernardo's Watch Repair,robinsons,robinsons-novaliches,Robinsons Novaliches,metro-manila
bernabest siomai house,BERNABEST SIOMAI HOUSE,sm,sm-city-north-edsa,SM City North Edsa,metro-manila
berlein,BERLEIN,sm,sm-mall-of-asia,SM Mall of Asia,metro-manila
bench fix salon (pedro gil),Bench Fix Salon (Pedro Gil),robinsons,robinsons-manila,Robinsons Place Manila,metro-manila
bench beauty,BENCH BEAUTY,sm,sm-megamall,SM Megamall,metro-manila
bench & bench body,Bench & Bench Body,megaworld,uptown-mall,Uptown Mall,metro-manila
benanth,BENANTH,sm,sm-city-mindpro,SM City Mindpro,mindanao
belly bob,BELLY BOB,robinsons,robinsons-metro-east,Robinsons Metro East,metro-manila
bellus international,Bellus International,ortigas,estancia,Estancia,metro-manila
bellezza skin care and spa,BELLEZZA SKIN CARE AND SPA,robinsons,robinsons-novaliches,Robinsons Novaliches,metro-manila
seven gems jewelry,SEVEN GEMS JEWELRY,sm,sm-city-north-edsa,SM City North Edsa,metro-manila
setsuna japanese restaurant,SETSUNA JAPANESE RESTAURANT,waltermart,bacoor,WalterMart Bacoor,south-luzon
sesou,SESOU,sm,sm-megamall,SM Megamall,metro-manila
servicio,SERVICIO,sm,sm-city-butuan,SM City Butuan,mindanao
serta,SERTA,ayala,ayala-greenbelt,Greenbelt,metro-manila
serious player only,Serious Player Only,ortigas,greenhills,Greenhills,metro-manila
serinas fashion jewelry,SERINA'S FASHION JEWELRY,robinsons,robinsons-malolos,Robinsons Place Malolos,north-luzon
serinas,SERINA'S,robinsons,robinsons-manila,Robinsons Place Manila,metro-manila
serenes hair extension and spa,SERENES HAIR EXTENSION AND SPA,sm,sm-center-tuguegarao-downtown,SM Center Tuguegarao Downtown,north-luzon
shaburi kintan,SHABURI KINTAN,ayala,ayala-glorietta,Glorietta,metro-manila
sha xian snack,Sha-Xian Snack,megaworld,venice-grand-canal-mall,Venice Grand Canal Mall,metro-manila
sgroppino italia coffee shop,SGROPPINO ITALIA COFFEE SHOP,sm,sm-center-ormoc,SM Center Ormoc,visayas
sg urban empanada,SG Urban Empanada,robinsons,robinsons-tuguegarao,Robinsons Place Tuguegarao,north-luzon
sg dermatology and surgical aesthetic clinic,Sg Dermatology And Surgical Aesthetic Clinic,filinvest,festival-mall,Festival Mall,metro-manila
sg clinic,SG Clinic,robinsons,robinsons-manila,Robinsons Place Manila,metro-manila
sfx porcelain trading,SFX Porcelain Trading,araneta,ali-mall,Ali Mall,metro-manila
sfdc ngipin station,Sfdc Ngipin Station,filinvest,festival-mall,Festival Mall,metro-manila
sewing room and alterations specialist,The Sewing Room And Alterations Specialist,megaworld,clubhouse-temple-drive,The Clubhouse at Temple Drive,metro-manila
sewing bar,SEWING BAR,ayala,ayala-harbor-point,Harbor Point,north-luzon
sew terrific,Sew Terrific,ortigas,estancia,Estancia,metro-manila
sew it right,Sew It Right,waltermart,makati,WalterMart Makati,metro-manila
sew fit upcycling alterations,SEW FIT UPCYCLING ALTERATIONS,sm,sm-seaside-city-cebu,SM Seaside City Cebu,visayas
sew and fit alterations,Sew and Fit Alterations,megaworld,california-garden-square,California Garden Square,metro-manila
seventh j,Seventh J,ortigas,greenhills,Greenhills,metro-manila
seven seven,Seven Seven,robinsons,robinsons-iligan,Robinsons Place Iligan,mindanao
shawarma,SHAWARMA,ayala,ayala-center-cebu,Ayala Center Cebu,visayas
sharmainescakes and patries,Sharmaines'Cakes and Patries,robinsons,robinsons-iligan,Robinsons Place Iligan,mindanao
shark ninja,Shark Ninja,filinvest,festival-mall,Festival Mall,metro-manila
sharetea,Sharetea,robinsons,robinsons-iloilo,Robinsons Place Iloilo,visayas
shapes and sizes,SHAPES AND SIZES,ayala,ayala-market-market,Market! Market!,metro-manila
shaolin siomai,SHAOLIN SIOMAI,waltermart,north-edsa,WalterMart North EDSA,metro-manila
shanylle p h,Shanylle P.h,ortigas,greenhills,Greenhills,metro-manila
shanghai saloon,SHANGHAI SALOON,sm,the-podium,The Podium,metro-manila
shanghai express,Shanghai Express,megaworld,uptown-parade,Uptown Parade,metro-manila
shandie,Shandie,robinsons,robinsons-novaliches,Robinsons Novaliches,metro-manila
shams,Shams,robinsons,robinsons-iligan,Robinsons Place Iligan,mindanao
shama,SHAMA 0946-604-7577 (NEW),robinsons,robinsons-antique,Robinsons Place Antique,visayas
shakeys pizza i,Shakey's Pizza I 09257-597-1161,robinsons,robinsons-ormoc,Robinsons Place Ormoc,visayas
shaka cafes,SHAKA CAFES,sm,moa-square,MOA Square,metro-manila
shaka cafe,Shaka Cafe,megaworld,forbes-town,Forbes Town,metro-manila
shadows & patterns,Shadows & Patterns,ortigas,estancia,Estancia,metro-manila
bellecrown salon,BELLECROWN SALON,sm,sm-cherry-congressional,SM Center Congressional,metro-manila
belle ville pancake cafe,BELLE-VILLE PANCAKE CAFÉ,sm,sm-city-fairview,SM City Fairview,metro-manila
bella mecanica salon,BELLA MECANICA SALON,sm,sm-city-butuan,SM City Butuan,mindanao
bella glowing skin,Bella Glowing Skin,robinsons,robinsons-gentrias,Robinsons Place Gen. Trias,south-luzon
bella blossom flower shop,BELLA-BLOSSOM FLOWER SHOP,sm,sm-center-tuguegarao-downtown,SM Center Tuguegarao Downtown,north-luzon
belaggio bingo,Belaggio Bingo,fishermall,quezonave,Fisher Mall Quezon Avenue,metro-manila
being juice,Being Juice,robinsons,robinsons-magnolia,Robinsons Magnolia,metro-manila
behue,Behue,araneta,farmers-plaza,Farmers Plaza,metro-manila
beginnings the ring store,BEGINNINGS THE RING STORE,sm,sm-mall-of-asia,SM Mall of Asia,metro-manila
shearmahz,SHEARMAHZ,sm,sm-city-urdaneta-central,SM City Urdaneta Central,north-luzon
shaxia snack house,Shaxia Snack House,megaworld,lucky-chinatown-prosperity-wing,Lucky Chinatown - Prosperity Wing,metro-manila
shawie nails spa,SHAWIE NAILS SPA,ayala,ayala-serin,Ayala Malls Serin,south-luzon
shawarma snack center,SHAWARMA SNACK CENTER,waltermart,makati,WalterMart Makati,metro-manila
shawarma shack i,SHAWARMA SHACK I 0907-209-7215,robinsons,robinsons-ormoc,Robinsons Place Ormoc,visayas
shawarma lover,SHAWARMA LOVER,robinsons,robinsons-pavia,Robinsons Place Pavia,visayas
shawarma craze,SHAWARMA CRAZE,robinsons,robinsons-gapan,Robinsons Gapan,north-luzon
shipshape,Shipshape,megaworld,venice-grand-canal-mall,Venice Grand Canal Mall,metro-manila
shiotis,Shiotis,ortigas,greenhills,Greenhills,metro-manila
shinju massage clinic,SHINJU MASSAGE CLINIC,sm,sm-city-bacoor,SM City Bacoor,south-luzon
shing fang,SHING FANG,sm,sm-city-consolacion,SM City Consolacion,visayas
shine korean salon,Shine Korean Salon,megaworld,festive-walk-mall-iloilo,Festive Walk Mall,visayas
shimmian,SHIMMIAN,sm,sm-city-pampanga,SM City Pampanga,north-luzon
shielas fashion,SHIELA'S FASHION,robinsons,robinsons-lipa,Robinsons Place Lipa,south-luzon
shibuya ramen food house,SHIBUYA RAMEN FOOD HOUSE,sm,sm-city-la-union,SM City La Union,north-luzon
shi takoyaki,SHI' TAKOYAKI,sm,sm-city-bataan,SM City Bataan,north-luzon
shi shi noodle house,SHI SHI NOODLE HOUSE,sm,sm-mall-of-asia,SM Mall of Asia,metro-manila
shi ki sai,Shi Ki Sai,megaworld,mactan-newtown,Mactan Newtown,visayas
shell ev charging station,Shell EV Charging Station,robinsons,robinsons-galleria-ortigas,Robinsons Galleria,metro-manila
sheenas sleek,Sheena's Sleek,araneta,farmers-plaza,Farmers Plaza,metro-manila
sheeha money changer,Sheeha Money Changer,megaworld,forbes-town,Forbes Town,metro-manila
shee bakes,SHEE BAKES,robinsons,robinsons-butuan,Robinsons Place Butuan,mindanao
bellemoire,Bellemoire,filinvest,festival-mall,Festival Mall,metro-manila
bee & co,Bee & Co.,filinvest,festival-mall,Festival Mall,metro-manila
becs salon & spa,BEC'S SALON & SPA,sm,sm-city-bacolod,SM City Bacolod,visayas
bebos bombay burritos,BEBOS BOMBAY BURRITOS,sm,sm-city-la-union,SM City La Union,north-luzon
beauwarts,Beauwarts,ortigas,greenhills,Greenhills,metro-manila
beauty society,THE BEAUTY SOCIETY,sm,sm-city-la-union,SM City La Union,north-luzon
beauty palace salon and nail spa,BEAUTY PALACE SALON AND NAIL SPA,ayala,ayala-the-district-imus,The District Imus,south-luzon
shoesalon,Shoesalon,filinvest,festival-mall,Festival Mall,metro-manila
shoefix master shoes and bags repair & key duplication,SHOEFIX MASTER SHOES AND BAGS REPAIR & KEY DUPLICATION,robinsons,robinsons-cainta,Robinsons Cainta,metro-manila
shoebox,SHOEBOX,robinsons,robinsons-starmills,Robinsons Starmills,north-luzon
shoe game manila,Shoe Game Manila,megaworld,newport-city,Newport City,metro-manila
shoe game,SHOE GAME,sm,s-maison,S Maison,metro-manila
shoe crew ph,SHOE CREW PH,sm,sm-cherry-shaw,SM Center Shaw,metro-manila
shizuru,SHIZURU,sm,sm-city-sto-tomas,SM City Sto. Tomas,south-luzon
shitako takoyaki and pita wrap express,SHITAKO TAKOYAKI AND PITA WRAP EXPRESS,ayala,ayala-harbor-point,Harbor Point,north-luzon
shirts & tee,Shirts & Tee,robinsons,robinsons-starmills,Robinsons Starmills,north-luzon
shirt circuit,SHIRT CIRCUIT,ayala,ayala-market-market,Market! Market!,metro-manila
shylaer sizzling steak,SHYLAER SIZZLING STEAK,sm,sm-center-ormoc,SM Center Ormoc,visayas
shuyi grass jelly,Shuyi Grass Jelly,megaworld,venice-grand-canal-mall,Venice Grand Canal Mall,metro-manila
shuyi,Shuyi,megaworld,eastwood-cyber-mall,Eastwood Cyber Mall,metro-manila
shukey key duplicator,Shukey Key Duplicator,robinsons,robinsons-tacloban,Robinsons Place Tacloban,visayas
shui head spa,SHUI HEAD SPA,sm,sm-city-santa-rosa,SM City Santa Rosa,south-luzon
shou la mien hand pulled noodles,SHOU LA MIEN HAND-PULLED NOODLES,ayala,ayala-manila-bay,Ayala Malls Manila Bay,metro-manila
shopwise supermarket,Shopwise Supermarket,filinvest,festival-mall,Festival Mall,metro-manila
shopwise international grocery,Shopwise International Grocery,araneta,gateway-mall-2,Gateway Mall 2,metro-manila
shopwise,SHOPWISE,ayala,ayala-circuit,Ayala Malls Circuit,metro-manila
shopitude,Shopitude (Temporarily Closed),robinsons,robinsons-metro-east,Robinsons Metro East,metro-manila
shomai heart,Shomai Heart,robinsons,robinsons-dasmarinas,Robinsons Place Dasmarinas,south-luzon
shokuji,Shokuji,ortigas,greenhills,Greenhills,metro-manila
shokudo,SHOKUDO,sm,sm-city-caloocan,SM City Caloocan,metro-manila
beef pares house,BEEF PARES HOUSE,robinsons,robinsons-galleria-ortigas,Robinsons Galleria,metro-manila
bee healthy,Bee Healthy,robinsons,robinsons-gentrias,Robinsons Place Gen. Trias,south-luzon
bee blessings,BEE BLESSINGS,ayala,ayala-fairview-mall,Fairview Terraces,metro-manila
beauty getaway,BEAUTY GETAWAY,ayala,ayala-malls-central-bloc,Ayala Malls Central Bloc,visayas
beauty eves cosmetics,Beauty Eve's Cosmetics,waltermart,trece-martires,WalterMart Trece Martires,south-luzon
beauty bar dashing diva,BEAUTY BAR / DASHING DIVA,ayala,ayala-glorietta,Glorietta,metro-manila
beauty and wellness,Beauty and Wellness,robinsons,robinsons-north-tacloban,Robinsons North Tacloban,visayas
beautify by beautederm,Beautify by Beautederm,robinsons,robinsons-metro-east,Robinsons Metro East,metro-manila
beats & ticks,BEATS & TICKS 0916-337-0969,robinsons,robinsons-pangasinan,Robinsons Place Pangasinan,north-luzon
beatrix lotto outlet,BEATRIX LOTTO OUTLET,robinsons,robinsons-antipolo,Robinsons Place Antipolo,metro-manila
sifra,SIFRA,ayala,ayala-greenbelt,Greenbelt,metro-manila
sier,SIER,robinsons,robinsons-manila,Robinsons Place Manila,metro-manila
siennalos,SIENNALOS,sm,sm-city-daet,SM City Daet,south-luzon
sidechick,SIDECHICK,sm,moa-square,MOA Square,metro-manila
side quest,Side Quest,ortigas,estancia,Estancia,metro-manila
sicilian roast,SICILIAN ROAST,sm,sm-city-north-edsa,SM City North Edsa,metro-manila
sibyullee,Sibyullee,ortigas,greenhills,Greenhills,metro-manila
siargao de palmas,SIARGAO DE PALMAS,sm,sm-city-butuan,SM City Butuan,mindanao
siam thai,Siam Thai,ortigas,estancia,Estancia,metro-manila
silverbest,Silverbest,waltermart,gapan,WalterMart Gapan,north-luzon
silver gems,SILVER GEMS,robinsons,robinsons-iloilo,Robinsons Place Iloilo,visayas
silver gadgets tech and services,SILVER GADGETS TECH AND SERVICES,robinsons,robinsons-iligan,Robinsons Place Iligan,mindanao
silver gadget tech and services,SILVER GADGET TECH AND SERVICES,sm,sm-city-cagayan-de-oro,SM City CDO Uptown,mindanao
silver gadget tech & services,Silver Gadget Tech & Services,robinsons,robinsons-iligan,Robinsons Place Iligan,mindanao
silver collections,Silver Collections,robinsons,robinsons-pangasinan,Robinsons Place Pangasinan,north-luzon
silver best,Silver Best,araneta,farmers-plaza,Farmers Plaza,metro-manila
silog express,Silog Express,filinvest,festival-mall,Festival Mall,metro-manila
silman money changer,Silman Money Changer,waltermart,general-trias,WalterMart General Trias,south-luzon
silantro fil mex cantina,SILANTRO FIL-MEX CANTINA,ayala,ayala-up-town-center,U. P. Town Center,metro-manila
silantro,Silantro,megaworld,eastwood-city-walk,Eastwood City Walk,metro-manila
sikwate house,SIKWATE HOUSE,robinsons,robinsons-pagadian,Robinsons Pagadian,mindanao
signet,SIGNET,robinsons,opus,Opus Mall,metro-manila
sift laureana,Sift Laureana,megaworld,venice-grand-canal-mall,Venice Grand Canal Mall,metro-manila
beauty goals,BEAUTY GOALS,robinsons,robinsons-gapan,Robinsons Gapan,north-luzon
beauty getaway wellness spa,BEAUTY GETAWAY WELLNESS SPA,sm,sm-city-roxas,SM City Roxas,visayas
beanleaf coffee tea,BEANLEAF COFFEE TEA,sm,sm-city-puerto-princesa,SM City Puerto Princesa,south-luzon
beanleaf coffee & tea,Beanleaf Coffee & Tea,robinsons,robinsons-la-union,Robinsons Place La Union,north-luzon
beajeanne pasalubong shoppe,Beajeanne Pasalubong Shoppe,waltermart,capas,WalterMart Capas,north-luzon
bead shop,THE BEAD SHOP,ayala,ayala-glorietta,Glorietta,metro-manila
bead bugz,BEAD BUGZ,ayala,ayala-capitol-central,Ayala Malls Capitol Central,visayas
be u simply fab,BE-U @Simply Fab,robinsons,robinsons-fuente,Robinsons Fuente,visayas
be u fashion collection,BE U FASHION COLLECTION,ayala,ayala-market-market,Market! Market!,metro-manila
be polished,BE POLISHED,fishermall,malabon,Fisher Mall Malabon,metro-manila
simplicity crafts frames county,SIMPLICITY CRAFTS FRAMES COUNTY,sm,sm-city-santa-rosa,SM City Santa Rosa,south-luzon
simplicitea place,SIMPLICITEA PLACE,sm,sm-city-cabanatuan,SM City Cabanatuan,north-luzon
simple jump,SIMPLE JUMP,sm,sm-city-sorsogon,SM City Sorsogon,south-luzon
simple & whole,SIMPLE & WHOLE,sm,sm-city-iloilo,SM City Iloilo,visayas
simon designs,SIMON DESIGNS,sm,sm-city-cagayan-de-oro,SM City CDO Uptown,mindanao
silverworks satellite,Silverworks Satellite,filinvest,festival-mall,Festival Mall,metro-manila
silvertec,SILVERTEC,sm,sm-city-north-edsa,SM City North Edsa,metro-manila
silverholic,SILVERHOLIC,sm,sm-city-general-santos,SM City General Santos,mindanao
sip n stack,Sip N Stack,filinvest,fora,Fora Mall,south-luzon
sip and gogh,Sip And Gogh,megaworld,eastwood-cyber-mall,Eastwood Cyber Mall,metro-manila
siomai sa tisa,SIOMAI SA TISA,robinsons,robinsons-iligan,Robinsons Place Iligan,mindanao
siomai house unlimited,Siomai House Unlimited,filinvest,fora,Fora Mall,south-luzon
siomai house exterior,SIOMAI HOUSE EXTERIOR,starmall,edsa-shaw,Starmall EDSA-Shaw,metro-manila
siomai express,Siomai Express,robinsons,robinsons-tagum,Robinsons Place Tagum,mindanao
siomai district,SIOMAI DISTRICT,sm,sm-city-daet,SM City Daet,south-luzon
sio yummy,SIO-YUMMY,ayala,ayala-capitol-central,Ayala Malls Capitol Central,visayas
sio republic,SIO REPUBLIC,sm,sm-city-bataan,SM City Bataan,north-luzon
sio cha,Sio-Cha,megaworld,lucky-chinatown-imperial-wing,Lucky Chinatown - Imperial Wing,metro-manila
sincerity,Sincerity,megaworld,lucky-chinatown-mall,Lucky Chinatown Mall,metro-manila
simula ph,SIMULA PH,ayala,ayala-glorietta,Glorietta,metro-manila
beas bibingka,BEA'S BIBINGKA,sm,sm-center-las-pinas,SM Center Las Piñas,metro-manila
bearhuggs,BEARHUGGS,sm,sm-city-north-edsa,SM City North Edsa,metro-manila
beard papas,BEARD PAPA'S,robinsons,robinsons-antipolo,Robinsons Place Antipolo,metro-manila
beany coffee,BEANY COFFEE,sm,sm-city-urdaneta-central,SM City Urdaneta Central,north-luzon
sizzle mania,SIZZLE MANIA,robinsons,robinsons-tuguegarao,Robinsons Place Tuguegarao,north-luzon
sizzle corner,SIZZLE CORNER,robinsons,robinsons-metro-east,Robinsons Metro East,metro-manila
six doors buffet,Six Doors Buffet,megaworld,uptown-mall,Uptown Mall,metro-manila
sitting massage clinic,Sitting Massage Clinic,robinsons,robinsons-iligan,Robinsons Place Iligan,mindanao
sitsirya,Sitsirya,ortigas,greenhills,Greenhills,metro-manila
site for eyes optical clinic,SITE FOR EYES OPTICAL CLINIC,sm,sm-lanang,SM Lanang,mindanao
sit rest massage station,SIT REST MASSAGE STATION,sm,sm-city-sucat,SM City Sucat,metro-manila
sit & rest massage station,SIT & REST MASSAGE STATION,robinsons,robinsons-manila,Robinsons Place Manila,metro-manila
sisig station,SISIG STATION,robinsons,robinsons-sta-rosa,Robinsons Sta. Rosa,south-luzon
sisig project,The Sisig Project,waltermart,guiguinto,WalterMart Guiguinto,north-luzon
sisig hooray gourmet express,SISIG HOORAY GOURMET EXPRESS,sm,sm-city-san-mateo,SM City San Mateo,metro-manila
sisig express,Sisig Express,filinvest,main-square,Main Square,south-luzon
sir tseff,Sir Tseff',megaworld,mactan-newtown,Mactan Newtown,visayas
sir sisig,SIR SISIG,robinsons,robinsons-novaliches,Robinsons Novaliches,metro-manila
sir george salon aurom,SIR GEORGE SALON AUROM,sm,sm-city-cagayan-de-oro,SM City CDO Uptown,mindanao
sir george salon,Sir George Salon,megaworld,venice-grand-canal-mall,Venice Grand Canal Mall,metro-manila
bdo unibank inc,BDO Unibank Inc.,waltermart,makiling,WalterMart Makiling,south-luzon
bdo one network,BDO One Network,waltermart,makiling,WalterMart Makiling,south-luzon
bdo network bank,BDO NETWORK BANK,robinsons,robinsons-iloilo,Robinsons Place Iloilo,visayas
bdo consumer lending,BDO Consumer Lending,waltermart,makiling,WalterMart Makiling,south-luzon
bdo cash hub,BDO Cash Hub,waltermart,antipolo,WalterMart Antipolo,metro-manila
bcn by las flores,BCN BY LAS FLORES,sm,s-maison,S Maison,metro-manila
bcg digital generation,BCG DIGITAL GENERATION,sm,sm-city-bacolod,SM City Bacolod,visayas
bc26 kiosk,Bc26 Kiosk,araneta,farmers-plaza,Farmers Plaza,metro-manila
bbrows & nails spa,B’brows & Nails Spa,filinvest,main-square,Main Square,south-luzon
bbq king,BBQ KING TEMPORARILY CLOSED,robinsons,robinsons-butuan,Robinsons Place Butuan,mindanao
sizzling cuisine,Sizzling Cuisine,robinsons,robinsons-santiago,Robinsons Place Santiago,north-luzon
sizzling city,SIZZLING CITY,sm,sm-seaside-city-cebu,SM Seaside City Cebu,visayas
sizzlig,Sizzlig,robinsons,robinsons-malabon,Robinsons Town Mall Malabon,metro-manila
sizzlers steaks and chops,SIZZLERS STEAKS AND CHOPS 0928-559-0043,robinsons,robinsons-sta-rosa,Robinsons Sta. Rosa,south-luzon
sizzlers steak and chops,Sizzlers Steak and Chops,robinsons,robinsons-sta-rosa,Robinsons Sta. Rosa,south-luzon
sizzlers steak & chops,Sizzlers Steak & Chops,megaworld,southwoods-mall,Southwoods Mall,south-luzon
bawais vietnamese kitchen,BAWAIS VIETNAMESE KITCHEN,sm,sm-city-north-edsa,SM City North Edsa,metro-manila
bawais,Bawai's,ortigas,greenhills,Greenhills,metro-manila
bausa massage,Bausa Massage,robinsons,robinsons-imus,Robinsons Place Imus,south-luzon
battery man,BATTERY MAN,sm,sm-city-santa-rosa,SM City Santa Rosa,south-luzon
batinga animal medical center,BATINGA ANIMAL MEDICAL CENTER,sm,sm-city-cagayan-de-oro,SM City CDO Uptown,mindanao
skin care solutions,SKIN CARE SOLUTIONS,sm,sm-mall-of-asia,SM Mall of Asia,metro-manila
skin bar,Skin Bar,ortigas,greenhills,Greenhills,metro-manila
skin adept,Skin Adept,ortigas,estancia,Estancia,metro-manila
skin 911 facial and slimming centre,SKIN 911 FACIAL AND SLIMMING CENTRE,ayala,ayala-center-cebu,Ayala Center Cebu,visayas
skin & body,Skin & Body,filinvest,festival-mall,Festival Mall,metro-manila
skin,SKIN +,ayala,ayala-solenad,Ayala Malls Nuvali,south-luzon
skewd,SKEW'D,robinsons,robinsons-metro-east,Robinsons Metro East,metro-manila
sjm watch services,SJM WATCH SERVICES,sm,sm-city-molino,SM City Molino,south-luzon
sj lifestyle,Sj Lifestyle,filinvest,festival-mall,Festival Mall,metro-manila
sizzling smoque,SIZZLING SMOQUE,sm,sm-city-santa-rosa,SM City Santa Rosa,south-luzon
sizzling seafoods,Sizzling Seafoods,robinsons,robinsons-galleria-ortigas,Robinsons Galleria,metro-manila
skincare rx,Skincare Rx,ortigas,greenhills,Greenhills,metro-manila
skin u love,SKIN U LOVE,sm,sm-city-urdaneta-central,SM City Urdaneta Central,north-luzon
skin trends,Skin Trends,megaworld,eastwood-cyber-mall,Eastwood Cyber Mall,metro-manila
skin touch,Skin Touch,filinvest,festival-mall,Festival Mall,metro-manila
skin studio,Skin Studio,robinsons,robinsons-tacloban,Robinsons Place Tacloban,visayas
skin story beauty lounge,SKIN STORY BEAUTY LOUNGE,sm,sm-city-north-edsa,SM City North Edsa,metro-manila
skin republic,Skin Republic,megaworld,three-central,Three Central Mall,metro-manila
skin rejuve,SKIN REJUVE,sm,sm-city-puerto-princesa,SM City Puerto Princesa,south-luzon
skin plus,SKIN PLUS,sm,sm-center-angono,SM Center Angono,metro-manila
skin hub aesthetic laser center,SKIN HUB AESTHETIC LASER CENTER,sm,sm-city-tuguegarao,SM City Tuguegarao,north-luzon
skin files beauty lounge,SKIN FILES BEAUTY LOUNGE,sm,sm-city-fairview,SM City Fairview,metro-manila
skin centraal dermatology clinic,SKIN CENTRAAL DERMATOLOGY CLINIC,ayala,ayala-circuit,Ayala Malls Circuit,metro-manila
skin cell,Skin Cell,megaworld,venice-grand-canal-mall,Venice Grand Canal Mall,metro-manila
bbbe accessories,BBBE ACCESSORIES,robinsons,robinsons-novaliches,Robinsons Novaliches,metro-manila
bazinga,BAZINGA,robinsons,robinsons-dumaguete,Robinsons Place Dumaguete,visayas
bazaar del mundo,Bazaar Del Mundo,robinsons,robinsons-gen-san,Robinsons Place GenSan,mindanao
sky lounge travel and tours,THE SKY LOUNGE TRAVEL AND TOURS,ayala,ayala-solenad,Ayala Malls Nuvali,south-luzon
sky hall,SKY HALL,sm,sm-seaside-city-cebu,SM Seaside City Cebu,visayas
sks massage,SKS MASSAGE,sm,sm-center-pulilan,SM Center Pulilan,north-luzon
skoops ice cream,SKOOPS ICE CREAM,robinsons,robinsons-tagum,Robinsons Place Tagum,mindanao
skoops ice ceam,SKOOPS ICE CEAM,robinsons,robinsons-tagum,Robinsons Place Tagum,mindanao
skoop,Skoop,ortigas,estancia,Estancia,metro-manila
skl printing services,SKL PRINTING SERVICES,robinsons,robinsons-sta-rosa,Robinsons Sta. Rosa,south-luzon
skintrends the acne authority,SkinTrends The Acne Authority,waltermart,makiling,WalterMart Makiling,south-luzon
skintrends,SKINTRENDS,sm,sm-city-fairview,SM City Fairview,metro-manila
skinthetics,SKINTHETICS,robinsons,robinsons-cagayan-de-oro,Robinsons Cagayan de Oro,mindanao
skintech face & beauty center,Skintech Face & Beauty Center,filinvest,il-corso,IL Corso,visayas
skintech,SKINTECH,ayala,ayala-center-cebu,Ayala Center Cebu,visayas
skinrev aesthetic clinic,SKINREV AESTHETIC CLINIC,sm,sm-city-cagayan-de-oro,SM City CDO Uptown,mindanao
skinology spa wellness center,SKINOLOGY SPA WELLNESS CENTER,sm,sm-city-bicutan,SM City Bicutan,metro-manila
skines,Skines,fishermall,quezonave,Fisher Mall Quezon Avenue,metro-manila
skincell advanced aesthetic clinics,SKINCELL ADVANCED AESTHETIC CLINICS,ayala,ayala-feliz,Ayala Malls Feliz,metro-manila
baterya ph,Baterya Ph,filinvest,festival-mall,Festival Mall,metro-manila
batar shoes trading,BATAR SHOES TRADING,robinsons,robinsons-novaliches,Robinsons Novaliches,metro-manila
basteakoy fruit overload slushie,BASTEAKOY FRUIT OVERLOAD SLUSHIE,sm,sm-city-naga,SM City Naga,south-luzon
bassack yellow chicken food house,BASSACK YELLOW CHICKEN FOOD HOUSE,sm,sm-city-telabastagan,SM City Telabastagan,north-luzon
basics and organics,Basics And Organics,filinvest,festival-mall,Festival Mall,metro-manila
basics and organic,Basics And Organic,megaworld,eastwood-mall,Eastwood Mall,metro-manila
basekamp,BASEKAMP,robinsons,robinsons-palawan,Robinsons Place Palawan,south-luzon
basa books,BASA BOOKS,ayala,ayala-centrio,Centrio Mall,mindanao
barphones,BARPHONES,sm,sm-city-san-mateo,SM City San Mateo,metro-manila
slers,SLERS,ayala,ayala-centrio,Centrio Mall,mindanao
slap stack burger,Slap Stack Burger,ortigas,greenhills,Greenhills,metro-manila
skytower dental clinic,SKYTOWER DENTAL CLINIC,sm,sm-city-olongapo-downtown,SM City Olongapo Downtown,north-luzon
skymc travel and tours,SKYMC TRAVEL AND TOURS,robinsons,robinsons-starmills,Robinsons Starmills,north-luzon
skymall,Skymall,robinsons,robinsons-dasmarinas,Robinsons Place Dasmarinas,south-luzon
skylight cellphone accessories,SKYLIGHT CELLPHONE ACCESSORIES,robinsons,robinsons-metro-east,Robinsons Metro East,metro-manila
skyland,Skyland,robinsons,robinsons-butuan,Robinsons Place Butuan,mindanao
barking fellas,BARKING FELLAS,sm,sm-city-fairview,SM City Fairview,metro-manila
barkin blends,Barkin' Blends,ortigas,the-strip,The Strip,metro-manila
barkhaus,Barkhaus,megaworld,eastwood-mall,Eastwood Mall,metro-manila
bark haus,Bark Haus,ortigas,estancia,Estancia,metro-manila
bark & beyond,Bark & Beyond,ortigas,tiendesitas,Tiendesitas,metro-manila
baristart coffee,Baristart Coffee,ortigas,greenhills,Greenhills,metro-manila
barista coffee beans,BARISTA COFFEE BEANS,sm,sm-megamall,SM Megamall,metro-manila
barikata ramen bar,BARIKATA RAMEN BAR,sm,sm-seaside-city-cebu,SM Seaside City Cebu,visayas
barefruit,BAREFRUIT,sm,sm-city-la-union,SM City La Union,north-luzon
sm department store,SM Department Store,ortigas,estancia,Estancia,metro-manila
sm cinema regular cinema 1 4,SM CINEMA Regular Cinema 1-4,sm,sm-seaside-city-cebu,SM Seaside City Cebu,visayas
sm by the bay,SM BY THE BAY,sm,smby-amusement-park,SMBY Amusement Park,
sm business service center,SM BUSINESS SERVICE CENTER,sm,sm-city-cebu,SM City Cebu,visayas
sloppy lemonade,Sloppy Lemonade,robinsons,robinsons-naga,Robinsons Place Naga,south-luzon
slimmers world elite,SLIMMERS WORLD ELITE,sm,sm-city-north-edsa,SM City North Edsa,metro-manila
bath & body works,BATH & BODY WORKS,sm,sm-mall-of-asia,SM Mall of Asia,metro-manila
bank of the pilippine islands,Bank of the Pilippine Islands,robinsons,robinsons-fuente,Robinsons Fuente,visayas
bank of the philippines,Bank of the Philippines,robinsons,robinsons-imus,Robinsons Place Imus,south-luzon
bank of the philippine island,Bank of the Philippine Island,robinsons,robinsons-jaro,Robinsons Place Jaro,visayas
banila co,Banila Co,filinvest,festival-mall,Festival Mall,metro-manila
banh pho,Banh Pho,robinsons,robinsons-palawan,Robinsons Place Palawan,south-luzon
banh mi kitchen ca phe,BANH MI KITCHEN CA PHE,sm,sm-city-manila,SM City Manila,metro-manila
smart driving corporation,SMART DRIVING CORPORATION,starmall,edsa-shaw,Starmall EDSA-Shaw,metro-manila
smart business center,Smart - Business Center,robinsons,robinsons-roxas,Robinsons Place Roxas,visayas
smallville montessori,Smallville Montessori,ortigas,the-strip,The Strip,metro-manila
sma world of gems,SMA World of Gems (TEMPORARILY CLOSED),robinsons,robinsons-galleria-ortigas,Robinsons Galleria,metro-manila
sm malls online fulfillment center,SM MALLS ONLINE FULFILLMENT CENTER,sm,sm-megamall,SM Megamall,metro-manila
sm hypermarket carts,SM HYPERMARKET CARTS,sm,smdc-sun-mall,SMDC Sun Mall,metro-manila
sm game park,SM GAME PARK,sm,sm-southmall,SM Southmall,metro-manila
baron barbershop,THE BARON BARBERSHOP,sm,sm-city-iloilo,SM City Iloilo,visayas
barn kitchen,The Barn Kitchen,ortigas,estancia,Estancia,metro-manila
barkyard pet salon,BARKYARD PET SALON '09707766167 (NEW),robinsons,robinsons-bacolod,Robinsons Place Bacolod,visayas
smile and beyond,SMILE AND BEYOND,robinsons,robinsons-antipolo,Robinsons Place Antipolo,metro-manila
smell me,Smell Me,robinsons,robinsons-galleria-ortigas,Robinsons Galleria,metro-manila
smell chic,SMELL CHIC,sm,sm-megamall,SM Megamall,metro-manila
smdc green 2 residences,SMDC GREEN 2 RESIDENCES,sm,sm-city-dasmarinas,SM City Dasmariñas,south-luzon
smdc field residences,SMDC FIELD RESIDENCES,sm,sm-city-sucat,SM City Sucat,metro-manila
smdc,SMDC,sm,sm-city-clark,SM City Clark,north-luzon
smartflight,SMARTFLIGHT,ayala,ayala-legazpi,Ayala Malls Legazpi,south-luzon
smart wireless center,SMART WIRELESS CENTER,robinsons,robinsons-manila,Robinsons Place Manila,metro-manila
smart wheel,SMART WHEEL,sm,sm-city-pampanga,SM City Pampanga,north-luzon
smart fishtel,SMART FISHTEL,fishermall,malabon,Fisher Mall Malabon,metro-manila
bare skin waxing studio,BARE SKIN WAXING STUDIO,sm,sm-mall-of-asia,SM Mall of Asia,metro-manila
bare fitness,Bare Fitness,megaworld,forbes-town,Forbes Town,metro-manila
barbero blues,BARBERO BLUES,sm,sm-city-fairview,SM City Fairview,metro-manila
barber shop,THE BARBER SHOP (0991-252-9469),robinsons,robinsons-metro-east,Robinsons Metro East,metro-manila
bar shu,BAR SHU,robinsons,opus,Opus Mall,metro-manila
bar oku,BAR OKU,robinsons,opus,Opus Mall,metro-manila
snacktime dc,SNACKTIME - DC,sm,sm-aura,SM Aura,metro-manila
snackshack burger,SNACKSHACK BURGER,waltermart,erodriguez,WalterMart E.Rodriguez,metro-manila
snacks,SNACKS,sm,sm-city-legazpi,SM City Legazpi,south-luzon
snackbar,SNACKBAR,sm,sm-seaside-city-cebu,SM Seaside City Cebu,visayas
smx convention center bacolod,SMX CONVENTION CENTER BACOLOD,sm,sm-city-bacolod,SM City Bacolod,visayas
sms technology,SMS Technology,robinsons,robinsons-galleria-ortigas,Robinsons Galleria,metro-manila
smokin toppings,SMOKIN TOPPINGS,sm,sm-city-davao,SM City Davao,mindanao
smj gold,Smj Gold,filinvest,festival-mall,Festival Mall,metro-manila
smile on dental clinic,Smile On Dental Clinic,ortigas,greenhills,Greenhills,metro-manila
smile lounge,Smile Lounge,robinsons,robinsons-galleria-cebu,Robinsons Galleria Cebu,visayas
smile in style dental clinic,SMILE IN STYLE DENTAL CLINIC,sm,sm-hypermarket-lapulapu,SM Hypermarket Lapu-Lapu,visayas
smile dental hub,SMILE DENTAL HUB,ayala,ayala-centrio,Centrio Mall,mindanao
smile city dental essentials,SMILE CITY DENTAL ESSENTIALS,sm,sm-city-rosales,SM City Rosales,north-luzon
smile city,SMILE CITY,robinsons,robinsons-la-union,Robinsons Place La Union,north-luzon
smile channel dental clinic,SMILE CHANNEL DENTAL CLINIC,ayala,ayala-market-market,Market! Market!,metro-manila
smile bar,THE SMILE BAR,ayala,ayala-vertis,Ayala Malls Vertis North,metro-manila
banh hi kitchen,BANH HI KITCHEN,robinsons,robinsons-iligan,Robinsons Place Iligan,mindanao
bangus restaurant,BANGUS RESTAURANT,sm,sm-mall-of-asia,SM Mall of Asia,metro-manila
bangs prime salon and t&j salon professionals,BANG’S PRIME SALON AND T&J SALON PROFESSIONALS,ayala,ayala-solenad,Ayala Malls Nuvali,south-luzon
bangkok kitchen,BANGKOK KITCHEN,sm,sm-jmall,SM J Mall,visayas
banco de oro (bdo),BANCO DE ORO (BDO),sm,sm-city-tuguegarao,SM City Tuguegarao,north-luzon
banana peel flip flops,Banana Peel Flip Flops,robinsons,robinsons-malabon,Robinsons Town Mall Malabon,metro-manila
bambu desserts drinks,BAMBU DESSERTS DRINKS,sm,sm-mall-of-asia,SM Mall of Asia,metro-manila
bambu,Bambu,robinsons,robinsons-ilocos,Robinsons Place Ilocos,north-luzon
bamboo bags,Bamboo Bags,robinsons,robinsons-malolos,Robinsons Place Malolos,north-luzon
balls more,BALLS MORE,sm,sm-city-cauayan,SM City Cauayan,north-luzon
ballet philippines,BALLET PHILIPPINES,sm,sm-aura,SM Aura,metro-manila
snow clean laundry service,Snow Clean Laundry Service,megaworld,newport-city,Newport City,metro-manila
sneakerbox manila,SneakerBox Manila,megaworld,eastwood-mall,Eastwood Mall,metro-manila
sneaker box,Sneaker Box,ortigas,greenhills,Greenhills,metro-manila
snakyard,SNAKYARD 9190893201,robinsons,robinsons-cybergate-cebu,Robinsons Cybergate Cebu,visayas
snacktime imax,SNACKTIME - IMAX,sm,sm-aura,SM Aura,metro-manila
sogo home & office center i,SOGO Home & Office Center I 0926-668-0727,robinsons,robinsons-imus,Robinsons Place Imus,south-luzon
sogo home,Sogo Home,araneta,ali-mall,Ali Mall,metro-manila
sogeum by soban,SOGEUM BY SOBAN,robinsons,opus,Opus Mall,metro-manila
sogamiga,Sogamiga,filinvest,festival-mall,Festival Mall,metro-manila
softwash laundromat,SOFTWASH LAUNDROMAT,sm,sm-city-cebu,SM City Cebu,visayas
softawalk,Softawalk,robinsons,robinsons-ilocos,Robinsons Place Ilocos,north-luzon
sodam,SODAM,robinsons,robinsons-dumaguete,Robinsons Place Dumaguete,visayas
society eight,Society Eight (Temporarily Closed),robinsons,robinsons-metro-east,Robinsons Metro East,metro-manila
socialite collecitons,Socialite Collecitons,megaworld,san-lorenzo-place-mall,San Lorenzo Place Mall,metro-manila
social technomatic save n earn,SOCIAL TECHNOMATIC / SAVE N' EARN,robinsons,robinsons-dumaguete,Robinsons Place Dumaguete,visayas
social housing finance corp,Social Housing Finance Corp,filinvest,main-square,Main Square,south-luzon
social donuts,The Social Donuts,robinsons,robinsons-tagum,Robinsons Place Tagum,mindanao
social,THE SOCIAL,ayala,ayala-center-cebu,Ayala Center Cebu,visayas
sobra cafe,SOBRA CAFE,robinsons,opus,Opus Mall,metro-manila
so good gift shop,SO GOOD GIFT SHOP,robinsons,robinsons-dumaguete,Robinsons Place Dumaguete,visayas
so be near,So Be Near,robinsons,robinsons-tacloban,Robinsons Place Tacloban,visayas
ballet center,BALLET CENTER,ayala,ayala-center-cebu,Ayala Center Cebu,visayas
baliwag lechon,BALIWAG LECHON,robinsons,robinsons-galleria-ortigas,Robinsons Galleria,metro-manila
baliwag,BALIWAG,fishermall,malabon,Fisher Mall Malabon,metro-manila
balispaholics,Balispaholics,robinsons,robinsons-antipolo,Robinsons Place Antipolo,metro-manila
balikbayan handicrafts,BALIKBAYAN HANDICRAFTS,ayala,ayala-manila-bay,Ayala Malls Manila Bay,metro-manila
bali thai massage & wellness spa,BALI-THAI MASSAGE & WELLNESS SPA,ayala,ayala-the-district-imus,The District Imus,south-luzon
balenciaga,BALENCIAGA,ayala,ayala-greenbelt,Greenbelt,metro-manila
balai ilonggo,Balai Ilonggo,megaworld,festive-walk-mall-iloilo,Festive Walk Mall,visayas
balai,BALAI,sm,sm-city-laoag,SM City Laoag,north-luzon
sole depot,SOLE DEPOT,ayala,ayala-metropoint,Metro Point Mall,metro-manila
sole avenue,SOLE AVENUE,ayala,ayala-manila-bay,Ayala Malls Manila Bay,metro-manila
sohailyn cellphone accessories store,SOHAILYN CELLPHONE ACCESSORIES STORE,ayala,ayala-fairview-mall,Fairview Terraces,metro-manila
sogo office & home furniture,Sogo Office & Home Furniture,robinsons,robinsons-dasmarinas,Robinsons Place Dasmarinas,south-luzon
sogo home and office center,Sogo Home and Office Center,robinsons,galleria-south,Robinsons Galleria South,south-luzon
sogo home & office furniture,SOGO HOME & OFFICE FURNITURE,ayala,ayala-circuit,Ayala Malls Circuit,metro-manila
sogo home & office centre,Sogo Home & Office Centre,robinsons,robinsons-imus,Robinsons Place Imus,south-luzon
sonakshi,SONAKSHI,robinsons,robinsons-manila,Robinsons Place Manila,metro-manila
some thai,SOME THAI,robinsons,opus,Opus Mall,metro-manila
solon flower shop,SOLON FLOWER SHOP,robinsons,robinsons-palawan,Robinsons Place Palawan,south-luzon
solohod,SOLOHOD,sm,sm-city-fairview,SM City Fairview,metro-manila
solitas bakehouse,Solita's Bakehouse,megaworld,alabang-west-parade,Alabang West Parade,metro-manila
solinea showroom,SOLINEA SHOWROOM,ayala,ayala-center-cebu,Ayala Center Cebu,visayas
soliman paroli eye care,SOLIMAN PAROLI EYE CARE,sm,sm-city-clark,SM City Clark,north-luzon
solidarity sticker,Solidarity Sticker,filinvest,main-square,Main Square,south-luzon
solid motors,SOLID MOTORS,sm,sm-city-roxas,SM City Roxas,visayas
solemn vows,SOLEMN VOWS,ayala,ayala-market-market,Market! Market!,metro-manila
sole surgeon,SOLE SURGEON,robinsons,robinsons-otis,Robinsons Otis,metro-manila
sole mate,Sole Mate,filinvest,festival-mall,Festival Mall,metro-manila
sole game by the barbery,SOLE GAME BY THE BARBERY,sm,sm-city-north-edsa,SM City North Edsa,metro-manila
sole game,Sole Game,filinvest,festival-mall,Festival Mall,metro-manila
sole destination travel services inc,Sole Destination Travel Services Inc,robinsons,robinsons-antipolo,Robinsons Place Antipolo,metro-manila
ballet manila,Ballet Manila,fishermall,quezonave,Fisher Mall Quezon Avenue,metro-manila
southbank cafe lounge,Southbank Café Lounge,ortigas,estancia,Estancia,metro-manila
south star drugs,SOUTH STAR DRUGS,robinsons,robinsons-cybergate-cebu,Robinsons Cybergate Cebu,visayas
south salon,SOUTH SALON,ayala,ayala-solenad,Ayala Malls Nuvali,south-luzon
south bay dental,South Bay Dental,filinvest,il-corso,IL Corso,visayas
souper hot,SOUPER HOT,sm,sm-city-north-edsa,SM City North Edsa,metro-manila
soundroom,SOUNDROOM,sm,sm-city-cebu,SM City Cebu,visayas
soul potato,Soul Potato,robinsons,robinsons-magnolia,Robinsons Magnolia,metro-manila
sorelle skin care and spa,SORELLE SKIN CARE AND SPA,sm,sm-city-santa-rosa,SM City Santa Rosa,south-luzon
sophistique spa,SOPHISTIQUE SPA,robinsons,robinsons-gapan,Robinsons Gapan,north-luzon
sophistikated,SOPHISTIKATED 9657396745,robinsons,robinsons-cybergate-cebu,Robinsons Cybergate Cebu,visayas
sophias hair and nail salon,SOPHIA'S HAIR AND NAIL SALON,sm,sm-center-dagupan,SM Center Dagupan,north-luzon
sophias cellphone accessories store,SOPHIA’S CELLPHONE ACCESSORIES STORE,robinsons,robinsons-roxas,Robinsons Place Roxas,visayas
sophia jewellery,SOPHIA JEWELLERY,sm,sm-city-mindpro,SM City Mindpro,mindanao
sook thai,SOOK THAI,sm,sm-city-la-union,SM City La Union,north-luzon
sonyda inchiban,SONYDA INCHIBAN,robinsons,robinsons-starmills,Robinsons Starmills,north-luzon
sony centre by avid,Sony Centre By Avid,araneta,gateway-mall,Gateway Mall,metro-manila
bakers plaza,Baker's Plaza,robinsons,robinsons-naga,Robinsons Place Naga,south-luzon
bakers ph,Bakers Ph,robinsons,robinsons-ilocos,Robinsons Place Ilocos,north-luzon
bakers percent bakeshop,BAKERS PERCENT BAKESHOP,sm,sm-center-tuguegarao-downtown,SM Center Tuguegarao Downtown,north-luzon
bakers percent,Bakers Percent,robinsons,robinsons-tuguegarao,Robinsons Place Tuguegarao,north-luzon
bakers champ,BAKERS CHAMP,sm,sm-city-pampanga,SM City Pampanga,north-luzon
baker j,Baker J,filinvest,festival-mall,Festival Mall,metro-manila
baker bob,Baker Bob,robinsons,robinsons-fuente,Robinsons Fuente,visayas
baked by baby,BAKED BY BABY,sm,sm-city-naga,SM City Naga,south-luzon
bake n churn,Bake N' Churn,waltermart,tanauan,WalterMart Tanauan,south-luzon
bake and churn,BAKE AND CHURN,sm,sm-city-pampanga,SM City Pampanga,north-luzon
southwoods mall,Southwoods Mall,megaworld,southwoods-mall,Southwoods Mall,south-luzon
southwoods cinemas snackbar,Southwoods Cinemas - Snackbar,megaworld,southwoods-mall,Southwoods Mall,south-luzon
southwoods cinemas,Southwoods Cinemas,megaworld,southwoods-mall,Southwoods Mall,south-luzon
southstar drugstore,SOUTHSTAR DRUGSTORE,robinsons,robinsons-cainta,Robinsons Cainta,metro-manila
southern grind bistro,Southern Grind Bistro,robinsons,robinsons-tuguegarao,Robinsons Place Tuguegarao,north-luzon
southeast dermatology,Southeast Dermatology,megaworld,festive-walk-parade,Festive Walk Parade,visayas
special toy center,Special Toy Center,filinvest,festival-mall,Festival Mall,metro-manila
spatio,SPATIO,robinsons,opus,Opus Mall,metro-manila
sparkk,SPARKK,sm,sm-city-iloilo,SM City Iloilo,visayas
spark tech mobile,SPARK TECH MOBILE,sm,sm-center-pulilan,SM Center Pulilan,north-luzon
space x time cube,SPACE X TIME CUBE,sm,s-maison,S Maison,metro-manila
space touch,Space Touch,megaworld,venice-grand-canal-mall,Venice Grand Canal Mall,metro-manila
space time cube,SPACE TIME CUBE,sm,s-maison,S Maison,metro-manila
space arcade,SPACE ARCADE,sm,s-maison,S Maison,metro-manila
space and style furnishing and interiors,SPACE AND STYLE FURNISHING AND INTERIORS,sm,sm-city-north-edsa,SM City North Edsa,metro-manila
soy bueno,Soy Bueno,ortigas,greenhills,Greenhills,metro-manila
soy bean,SOY BEAN,sm,sm-city-north-edsa,SM City North Edsa,metro-manila
soy & bean,Soy & Bean,waltermart,makati,WalterMart Makati,metro-manila
sowing life,SOWING LIFE,sm,sm-city-fairview,SM City Fairview,metro-manila
souv by cyma,SOUV By Cyma,sm,the-podium,The Podium,metro-manila
baks pc,Baks Pc,araneta,farmers-plaza,Farmers Plaza,metro-manila
baking crew,The Baking Crew,megaworld,paseo-center,Paseo Center,metro-manila
bags to riches,BAGS TO RICHES,ayala,ayala-market-market,Market! Market!,metro-manila
bagnet and beyond,Bagnet and Beyond,robinsons,robinsons-tacloban,Robinsons Place Tacloban,visayas
bagful of glitter,Bagful of Glitter 0917 882 0906 (NEW),robinsons,robinsons-magnolia,Robinsons Magnolia,metro-manila
bag tag,BAG TAG,ayala,ayala-market-market,Market! Market!,metro-manila
bag rx,Bag RX,robinsons,robinsons-magnolia,Robinsons Magnolia,metro-manila
bag of beans,Bag Of Beans,robinsons,robinsons-tagaytay,Robinsons Tagaytay,south-luzon
bag genie vintage & collectibles,THE BAG GENIE VINTAGE  & COLLECTIBLES,ayala,ayala-feliz,Ayala Malls Feliz,metro-manila
bad boys wingz,BAD BOYS WINGZ,ayala,ayala-center-cebu,Ayala Center Cebu,visayas
spex appeal,Spex Appeal,robinsons,robinsons-lipa,Robinsons Place Lipa,south-luzon
sperry keds,SPERRY / KEDS,ayala,ayala-center-cebu,Ayala Center Cebu,visayas
spenders trading & cellphone repair services,Spenders Trading & Cellphone Repair Services,robinsons,robinsons-imus,Robinsons Place Imus,south-luzon
speed circuit,Speed Circuit,robinsons,robinsons-lipa,Robinsons Place Lipa,south-luzon
spectrum,SPECTRUM,sm,sm-city-north-edsa,SM City North Edsa,metro-manila
spectacles by sarabia,SPECTACLES BY SARABIA,ayala,ayala-capitol-central,Ayala Malls Capitol Central,visayas
specialty cakes by hearts bells,SPECIALTY CAKES BY HEARTS BELLS,sm,sm-megamall,SM Megamall,metro-manila
specialized,SPECIALIZED,sm,sm-by-the-bay,SM By the Bay,metro-manila
sports basics,Sports Basics,robinsons,robinsons-pavia,Robinsons Place Pavia,visayas
sport shop ph,Sport Shop Ph,megaworld,festive-walk-mall-iloilo,Festive Walk Mall,visayas
sport b,Sport B,megaworld,newport-city,Newport City,metro-manila
spoofs,SPOOFS,ayala,ayala-manila-bay,Ayala Malls Manila Bay,metro-manila
sploop,SPLOOP,robinsons,robinsons-gen-san,Robinsons Place GenSan,mindanao
splash,Splash,ortigas,greenhills,Greenhills,metro-manila
spinkie,SPINKIE,sm,sm-megamall,SM Megamall,metro-manila
spigen ph,Spigen Ph,robinsons,robinsons-tacloban,Robinsons Place Tacloban,visayas
spice fusion,SPICE FUSION,ayala,ayala-center-cebu,Ayala Center Cebu,visayas
spex appeal repair services,SPEX APPEAL REPAIR SERVICES,sm,sm-city-sta-mesa,SM City Sta. Mesa,metro-manila
baiprints hub graphics & advertising,Baiprints Hub Graphics & Advertising,robinsons,robinsons-north-tacloban,Robinsons North Tacloban,visayas
bahnmi kitchen bmkn,Bahnmi Kitchen - Bmkn,ortigas,greenhills,Greenhills,metro-manila
baguio pet habitat,BAGUIO PET HABITAT,sm,sm-city-baguio,SM City Baguio,north-luzon
baguio country club,BAGUIO COUNTRY CLUB,sm,sm-city-baguio,SM City Baguio,north-luzon
baguio bingo,BAGUIO BINGO,sm,sm-city-baguio,SM City Baguio,north-luzon
baguio,BAGUIO,ayala,ayala-market-market,Market! Market!,metro-manila
bad bird & tsukemen ramen,Bad Bird & Tsukemen Ramen,megaworld,alabang-west-parade,Alabang West Parade,metro-manila
bad bird,BAD BIRD,sm,sm-megamall,SM Megamall,metro-manila
baculi valconcha optical,BACULI-VALCONCHA OPTICAL,starmall,alabang,Starmall Alabang,metro-manila
bacsilog,Bacsilog,robinsons,robinsons-palawan,Robinsons Place Palawan,south-luzon
bacoor city treasurers office,Bacoor City Treasurer’s Office,filinvest,main-square,Main Square,south-luzon
bacolod chk n bbq house,BACOLOD CHK-N-BBQ HOUSE,sm,sm-mall-of-asia,SM Mall of Asia,metro-manila
backyard barbecue smoke and grill,BACKYARD BARBECUE SMOKE AND GRILL,sm,sm-cdo-downtown,SM CDO Downtown Premier,mindanao
bacani,Bacani,waltermart,muntinlupa,WalterMart W.MALL Muntinlupa,metro-manila
babymama,Babymama,megaworld,alabang-west-parade,Alabang West Parade,metro-manila
babybond ultrasound,BABYBOND ULTRASOUND,sm,sm-city-north-edsa,SM City North Edsa,metro-manila
baby ultrasound co,Baby Ultrasound Co.,robinsons,robinsons-manila,Robinsons Place Manila,metro-manila
baby play,BABY PLAY,sm,sm-city-fairview,SM City Fairview,metro-manila
sprinto i,Sprinto I 0945-264-7629,robinsons,robinsons-ormoc,Robinsons Place Ormoc,visayas
spring rolls,SPRING ROLLS,robinsons,galleria-south,Robinsons Galleria South,south-luzon
sports shop ph,SPORTS SHOP PH,sm,sm-city-roxas,SM City Roxas,visayas
sports direct,Sports Direct,filinvest,festival-mall,Festival Mall,metro-manila
sr new york style pizza,SR NEW YORK STYLE PIZZA,sm,sm-city-cebu,SM City Cebu,visayas
squires bingham international,SQUIRES BINGHAM INTERNATIONAL,robinsons,galleria-south,Robinsons Galleria South,south-luzon
squiggy food shop,SQUIGGY FOOD SHOP,sm,sm-by-the-bay,SM By the Bay,metro-manila
squeeze n twist,Squeeze N Twist 9953335509,robinsons,robinsons-magnolia,Robinsons Magnolia,metro-manila
squeeze me,SQUEEZE ME,robinsons,robinsons-palawan,Robinsons Place Palawan,south-luzon
squeeze it lemon,SQUEEZE IT LEMON,robinsons,robinsons-bacolod,Robinsons Place Bacolod,visayas
squeeze it,SQUEEZE IT,sm,sm-seaside-city-cebu,SM Seaside City Cebu,visayas
square meal food services,Square Meal Food Services,robinsons,robinsons-north-tacloban,Robinsons North Tacloban,visayas
square meal,Square Meal,robinsons,robinsons-tacloban,Robinsons Place Tacloban,visayas
squad skates roller rink,SQUAD SKATES ROLLER RINK,sm,sm-jmall,SM J Mall,visayas
squad skates,SQUAD SKATES,sm,sm-jmall,SM J Mall,visayas
sqj pasalubong,SQJ PASALUBONG,robinsons,robinsons-novaliches,Robinsons Novaliches,metro-manila
sqeeze n twist,Sqeeze N Twist,robinsons,robinsons-magnolia,Robinsons Magnolia,metro-manila
spud city,Spud City,megaworld,eastwood-city-walk,Eastwood City Walk,metro-manila
spud boy,Spud Boy,robinsons,robinsons-jaro,Robinsons Place Jaro,visayas
bad bowl,Bad Bowl (TEMPORARILY CLOSED),robinsons,robinsons-magnolia,Robinsons Magnolia,metro-manila
st louis house of fine ice cream & desserts,ST. LOUIS HOUSE OF FINE ICE CREAM & DESSERTS,ayala,ayala-bonifacio-high-street,Bonifacio High Street,metro-manila
st joseph religious items shop,St. Joseph Religious items Shop,robinsons,robinsons-dumaguete,Robinsons Place Dumaguete,visayas
st joseph,St. Joseph,robinsons,robinsons-galleria-ortigas,Robinsons Galleria,metro-manila
st john,St. John,filinvest,festival-mall,Festival Mall,metro-manila
st clare of asissi,ST. CLARE OF ASISSI,robinsons,robinsons-otis,Robinsons Otis,metro-manila
st ali coffee,ST. ALI COFFEE,robinsons,opus,Opus Mall,metro-manila
st ali,ST. ALI,robinsons,opus,Opus Mall,metro-manila
sst laptop & pc shop,Sst Laptop & Pc Shop,filinvest,festival-mall,Festival Mall,metro-manila
sst laptop & gadget repair shop,SST LAPTOP & GADGET REPAIR SHOP 9438205423,robinsons,robinsons-dumaguete,Robinsons Place Dumaguete,visayas
sst laptop & computer repair services i,SST LAPTOP & COMPUTER REPAIR SERVICES I 0923-424-9601,robinsons,robinsons-palawan,Robinsons Place Palawan,south-luzon
sst gadgets repair,SST GADGETS REPAIR,robinsons,robinsons-manila,Robinsons Place Manila,metro-manila
ssr household,SSR Household,robinsons,robinsons-galleria-ortigas,Robinsons Galleria,metro-manila
ssamjang korean restaurant,SSAMJANG KOREAN RESTAURANT,sm,sm-city-baliwag,SM City Baliwag,north-luzon
ssamjang express,SSAMJANG EXPRESS,sm,sm-city-baliwag,SM City Baliwag,north-luzon
srl panoceph dental diagnostic clinic,Srl Panoceph Dental Diagnostic Clinic 0917-8557566,robinsons,robinsons-sta-rosa,Robinsons Sta. Rosa,south-luzon
sr watch repair shop,SR Watch Repair Shop,robinsons,robinsons-lipa,Robinsons Place Lipa,south-luzon
babots fruitas farm,BABOTS FRUITAS FARM,sm,sm-city-clark,SM City Clark,north-luzon
babes lechon,BABES LECHON,robinsons,robinsons-gapan,Robinsons Gapan,north-luzon
babes children world,Babes Children World,ortigas,greenhills,Greenhills,metro-manila
baan spa,Baan Spa,megaworld,mactan-newtown,Mactan Newtown,visayas
baan kids spa,Baan Kids Spa,megaworld,mactan-newtown,Mactan Newtown,visayas
baa baa thai milktea,Baa Baa Thai Milktea,megaworld,venice-grand-canal-mall,Venice Grand Canal Mall,metro-manila
b&s blind massage,B&S Blind Massage,robinsons,robinsons-fuente,Robinsons Fuente,visayas
b fashion & apparel,B FASHION & APPAREL,robinsons,robinsons-otis,Robinsons Otis,metro-manila
stamp attack,STAMP ATTACK,sm,sm-megamall,SM Megamall,metro-manila
stallion fashion house,Stallion Fashion House,robinsons,robinsons-sta-rosa,Robinsons Sta. Rosa,south-luzon
stacks,STACKS,sm,sm-city-butuan,SM City Butuan,mindanao
sta teresa resto,STA. TERESA RESTO 9177931584,robinsons,robinsons-dumaguete,Robinsons Place Dumaguete,visayas
sta lucia land inc,Sta. Lucia Land Inc.,robinsons,robinsons-tagum,Robinsons Place Tagum,mindanao
sta lucia holdings,STA. LUCIA HOLDINGS,robinsons,robinsons-palawan,Robinsons Place Palawan,south-luzon
sta barbara,Sta. Barbara,robinsons,robinsons-malabon,Robinsons Town Mall Malabon,metro-manila
st marc cafe,ST MARC CAFE,sm,sm-megamall,SM Megamall,metro-manila
starmall cinemas,STARMALL CINEMAS,starmall,alabang,Starmall Alabang,metro-manila
stardust fine jewelry,Stardust Fine Jewelry,ortigas,greenhills,Greenhills,metro-manila
starcon fitness gym,Starcon Fitness Gym,megaworld,california-garden-square,California Garden Square,metro-manila
starbucks 032 8896 2755,STARBUCKS 032.8896.2755,robinsons,robinsons-cybergate-cebu,Robinsons Cybergate Cebu,visayas
starbucks (midtown),STARBUCKS (MIDTOWN),robinsons,robinsons-manila,Robinsons Place Manila,metro-manila
star sports,Star Sports,filinvest,festival-mall,Festival Mall,metro-manila
star mobile,STAR MOBILE,sm,sm-city-dasmarinas,SM City Dasmariñas,south-luzon
star frappe,Star Frappe,robinsons,robinsons-valencia,Robinsons Place Valencia,mindanao
star finder optical shop,Star Finder Optical Shop 0949-430-5969,robinsons,robinsons-sta-rosa,Robinsons Sta. Rosa,south-luzon
star finder optical,STAR-FINDER OPTICAL,sm,sm-southmall,SM Southmall,metro-manila
stampede,Stampede,araneta,farmers-plaza,Farmers Plaza,metro-manila
stamp studio,STAMP STUDIO,sm,sm-city-fairview,SM City Fairview,metro-manila
stamp shop fashion boutique,STAMP SHOP FASHION BOUTIQUE,ayala,ayala-market-market,Market! Market!,metro-manila
baby moochie,Baby Moochie,robinsons,robinsons-cybergate-cebu,Robinsons Cybergate Cebu,visayas
baby mochie,Baby Mochie,robinsons,robinsons-iligan,Robinsons Place Iligan,mindanao
baby charm,Baby Charm 0917-530-3888,robinsons,robinsons-angeles,Robinsons Angeles,north-luzon
steveston pizza,STEVESTON PIZZA,sm,sm-center-pasig,SM Center Pasig,metro-manila
stephen o bullo,Stephen O. Bullo 0919-228-1010,robinsons,robinsons-cybergate-cebu,Robinsons Cybergate Cebu,visayas
step up boutique,STEP-UP BOUTIQUE,ayala,ayala-legazpi,Ayala Malls Legazpi,south-luzon
step by step,Step by Step,ortigas,estancia,Estancia,metro-manila
stemz healthcare philippines private inc,STEMZ HEALTHCARE PHILIPPINES PRIVATE INC,sm,nu-mall-of-asia-building,NU MALL OF ASIA BUILDING,metro-manila
stellamari spa,STELLAMARI SPA,robinsons,robinsons-palawan,Robinsons Place Palawan,south-luzon
steelcad,STEELCAD,robinsons,robinsons-metro-east,Robinsons Metro East,metro-manila
steamworks,STEAMWORKS,robinsons,robinsons-pagadian,Robinsons Pagadian,mindanao
steak gravy,STEAK GRAVY,sm,sm-city-la-union,SM City La Union,north-luzon
steak & sushi,STEAK & SUSHI,ayala,ayala-marquee,MarQuee Mall,north-luzon
steak & gravy,STEAK & GRAVY,sm,sm-center-pasig,SM Center Pasig,metro-manila
status hair salon,Status Hair Salon,robinsons,robinsons-galleria-ortigas,Robinsons Galleria,metro-manila
statesman barbershop,Statesman Barbershop,robinsons,robinsons-dasmarinas,Robinsons Place Dasmarinas,south-luzon
statement theory,STATEMENT THEORY,sm,s-maison,S Maison,metro-manila
starrbites,STARRBITES,robinsons,robinsons-antipolo,Robinsons Place Antipolo,metro-manila
starphone,STARPHONE,sm,sm-city-iloilo,SM City Iloilo,visayas
azons boneless lechon,Azon's Boneless Lechon,robinsons,robinsons-tagum,Robinsons Place Tagum,mindanao
aziza,Aziza,megaworld,venice-grand-canal-mall,Venice Grand Canal Mall,metro-manila
azilep trading,Azilep Trading,robinsons,robinsons-novaliches,Robinsons Novaliches,metro-manila
azhleya cellphone & accessories shop,AZHLEYA CELLPHONE & ACCESSORIES SHOP,robinsons,robinsons-novaliches,Robinsons Novaliches,metro-manila
azela,AZELA,robinsons,robinsons-manila,Robinsons Place Manila,metro-manila
azcor,AZCOR,sm,sm-megamall,SM Megamall,metro-manila
azabu,AZABU,robinsons,robinsons-galleria-cebu,Robinsons Galleria Cebu,visayas
az powered,AZ POWERED,sm,sm-city-pampanga,SM City Pampanga,north-luzon
ayumi elite,Ayumi Elite,megaworld,uptown-parade,Uptown Parade,metro-manila
aysee,Aysee,ortigas,tiendesitas,Tiendesitas,metro-manila
stop and style,Stop and Style,robinsons,robinsons-starmills,Robinsons Starmills,north-luzon
stockwell cafe lounge,STOCKWELL CAFE LOUNGE,sm,sm-city-fairview,SM City Fairview,metro-manila
stitch and sole,Stitch and Sole,megaworld,eastwood-cyber-mall,Eastwood Cyber Mall,metro-manila
stickylicious,Stickylicious,robinsons,robinsons-galleria-cebu,Robinsons Galleria Cebu,visayas
sticks & strings,Sticks & Strings,robinsons,robinsons-naga,Robinsons Place Naga,south-luzon
stick on me,STICK ON ME,sm,sm-city-cebu,SM City Cebu,visayas
stud & sassy,Stud & Sassy,megaworld,eastwood-city-walk,Eastwood City Walk,metro-manila
stroop & zo,Stroop & Zo,robinsons,robinsons-galleria-ortigas,Robinsons Galleria,metro-manila
strip,STRIP,ayala,ayala-serendra,Shops at Serendra,metro-manila
stretch center salon,STRETCH CENTER SALON,sm,sm-city-iloilo,SM City Iloilo,visayas
streetyard,STREETYARD,sm,sm-city-consolacion,SM City Consolacion,visayas
street pro,STREET PRO,robinsons,robinsons-naga,Robinsons Place Naga,south-luzon
streat balls,STREAT BALLS,robinsons,robinsons-las-pinas,Robinsons Place Las Pinas,metro-manila
strap shop delscollection,Strap Shop / Delscollection,araneta,ali-mall,Ali Mall,metro-manila
strands salon,Strands Salon,megaworld,newport-city,Newport City,metro-manila
straightfroward,Straightfroward,robinsons,robinsons-tacloban,Robinsons Place Tacloban,visayas
straight naturelle,STRAIGHT NATURELLE,sm,sm-city-san-pablo,SM City San Pablo,south-luzon
straight forward,STRAIGHT FORWARD,robinsons,robinsons-antipolo,Robinsons Place Antipolo,metro-manila
storm tech,Storm Tech,robinsons,robinsons-gentrias,Robinsons Place Gen. Trias,south-luzon
store 2823,STORE 2823,sm,sm-center-angono,SM Center Angono,metro-manila
azucar,AZUCAR,ayala,ayala-greenbelt,Greenbelt,metro-manila
aztrid,AZTRID,robinsons,robinsons-manila,Robinsons Place Manila,metro-manila
ayas cellphone accessories store,AYAS CELLPHONE ACCESSORIES STORE,sm,sm-city-consolacion,SM City Consolacion,visayas
ayame japanese restaurant,Ayame Japanese Restaurant,filinvest,il-corso,IL Corso,visayas
ayala land premier,AYALA LAND PREMIER,ayala,ayala-greenbelt,Greenbelt,metro-manila
axels rbm souvinier & gift shop,AXEL'S RBM SOUVINIER & GIFT SHOP,ayala,ayala-harbor-point,Harbor Point,north-luzon
axels rbm,AXELS RBM,robinsons,robinsons-starmills,Robinsons Starmills,north-luzon
axel laundry water,AXEL LAUNDRY WATER,sm,smdc-strip-at-princeton,SMDC Strip at Princeton,metro-manila
awra beauty and infusion spa,AWRA Beauty and Infusion Spa,robinsons,robinsons-ilocos,Robinsons Place Ilocos,north-luzon
awesam smile dental clinic,Awesam Smile Dental Clinic,megaworld,venice-grand-canal-mall,Venice Grand Canal Mall,metro-manila
avocadorian,AVOCADORIAN,robinsons,robinsons-pagadian,Robinsons Pagadian,mindanao
avocado slurp,AVOCADO SLURP,robinsons,robinsons-gen-san,Robinsons Place GenSan,mindanao
study of enderun,Study of Enderun,ortigas,estancia,Estancia,metro-manila
study enderun tutorial and language center,THE STUDY ENDERUN TUTORIAL AND LANGUAGE CENTER,sm,the-podium,The Podium,metro-manila
study,The Study,megaworld,venice-grand-canal-mall,Venice Grand Canal Mall,metro-manila
studio m salon and spa,STUDIO M SALON AND SPA,ayala,ayala-marquee,MarQuee Mall,north-luzon
studio fix,STUDIO FIX,ayala,ayala-greenbelt,Greenbelt,metro-manila
studio 28,Studio 28,megaworld,uptown-parade,Uptown Parade,metro-manila
sugbo fairs event management,Sugbo Fairs Event Management,robinsons,robinsons-galleria-cebu,Robinsons Galleria Cebu,visayas
sugbahan food corner,SUGBAHAN FOOD CORNER,ayala,ayala-malls-central-bloc,Ayala Malls Central Bloc,visayas
sugarhouse,SUGARHOUSE,ayala,ayala-fairview-mall,Fairview Terraces,metro-manila
sugarcane beyond,SUGARCANE BEYOND,sm,sm-city-baguio,SM City Baguio,north-luzon
sugarbee,SUGARBEE,sm,sm-megamall,SM Megamall,metro-manila
sugar munch,SUGAR MUNCH,ayala,ayala-abreeza,Abreeza,mindanao
sugar daddy,SUGAR DADDY,sm,sm-city-pampanga,SM City Pampanga,north-luzon
suds go hydro core water filling station,SUDS GO HYDRO CORE WATER FILLING STATION,sm,smdc-sun-mall,SMDC Sun Mall,metro-manila
sucheri,Sucheri,ortigas,greenhills,Greenhills,metro-manila
suarez sons metal artsjewelry,SUAREZ SONS METAL ARTSJEWELRY,sm,sm-city-mindpro,SM City Mindpro,mindanao
suarez bros,SUAREZ BROS,sm,sm-city-cebu,SM City Cebu,visayas
styles n smiles salon,Styles N Smiles Salon,robinsons,robinsons-iloilo,Robinsons Place Iloilo,visayas
styles asia home,Styles Asia Home,ortigas,estancia,Estancia,metro-manila
style n comfort,Style N' Comfort,araneta,farmers-plaza,Farmers Plaza,metro-manila
style hunter boutique,STYLE HUNTER BOUTIQUE,ayala,ayala-market-market,Market! Market!,metro-manila
study room,Study Room,filinvest,festival-mall,Festival Mall,metro-manila
avocado and mango delights,AVOCADO AND MANGO DELIGHTS,sm,sm-city-general-santos,SM City General Santos,mindanao
avocadaria,AVOCADARIA,robinsons,robinsons-la-union,Robinsons Place La Union,north-luzon
avimms massage therapy & reflexology service,AVIMMS MASSAGE THERAPY & REFLEXOLOGY SERVICE,ayala,ayala-pavilion,Pavilion Mall,south-luzon
avimms,AVIMMS,robinsons,robinsons-dasmarinas,Robinsons Place Dasmarinas,south-luzon
avia international club,Avia International Club,megaworld,newport-city,Newport City,metro-manila
aventus medical care inc,AVENTUS MEDICAL CARE INC,sm,sm-city-clark,SM City Clark,north-luzon
aventus clinic,Aventus Clinic,robinsons,robinsons-cybergate-cebu,Robinsons Cybergate Cebu,visayas
aveneto pasta and pizza,AVENETO PASTA AND PIZZA,sm,sm-mall-of-asia,SM Mall of Asia,metro-manila
avene,AVENE,ayala,ayala-greenbelt,Greenbelt,metro-manila
aveda,AVEDA,ayala,ayala-greenbelt,Greenbelt,metro-manila
avecom printing services,AVECOM PRINTING SERVICES,robinsons,galleria-south,Robinsons Galleria South,south-luzon
av stamping services,AV STAMPING SERVICES,sm,sm-city-roxas,SM City Roxas,visayas
suki gyouza,SUKI-GYOUZA,ayala,ayala-cloverleaf,Ayala Malls Cloverleaf,metro-manila
suki,Suki,ortigas,greenhills,Greenhills,metro-manila
suisse cakery,SUISSE CAKERY,robinsons,robinsons-iloilo,Robinsons Place Iloilo,visayas
suhailas cellphone accessories,SUHAILA'S CELLPHONE ACCESSORIES,robinsons,robinsons-iloilo,Robinsons Place Iloilo,visayas
autogu,AUTOGU,sm,sm-cdo-downtown,SM CDO Downtown Premier,mindanao
auto center,AUTO CENTER,sm,sm-city-tanza,SM City Tanza,south-luzon
auto care carwash services,Auto-Care Carwash Services,robinsons,robinsons-tagum,Robinsons Place Tagum,mindanao
authorized lotto agent,Authorized Lotto Agent,robinsons,robinsons-la-union,Robinsons Place La Union,north-luzon
austin land,AUSTIN LAND,sm,sm-city-bacoor,SM City Bacoor,south-luzon
auro chocolate cafe,AURO CHOCOLATE CAFE,sm,moa-square,MOA Square,metro-manila
aureva,Aureva,megaworld,alabang-west-parade,Alabang West Parade,metro-manila
sun shop,The Sun Shop,fishermall,quezonave,Fisher Mall Quezon Avenue,metro-manila
sun money changer,Sun Money Changer,robinsons,robinsons-manila,Robinsons Place Manila,metro-manila
sun life of canada,SUN LIFE OF CANADA,ayala,ayala-solenad,Ayala Malls Nuvali,south-luzon
sumo niku unlimited japanese barbecue,SUMO NIKU UNLIMITED JAPANESE BARBECUE,sm,sm-city-baliwag,SM City Baliwag,north-luzon
summit world,SUMMIT WORLD,sm,sm-city-mindpro,SM City Mindpro,mindanao
summit hotel,Summit Hotel,robinsons,robinsons-magnolia,Robinsons Magnolia,metro-manila
summer house,Summer House,megaworld,festive-walk-mall-iloilo,Festive Walk Mall,visayas
suman latik & native delicacies,SUMAN LATIK & NATIVE DELICACIES,ayala,ayala-market-market,Market! Market!,metro-manila
suki ya,SUKI-YA,ayala,ayala-manila-bay,Ayala Malls Manila Bay,metro-manila
aurelios empanada,AURELIO'S EMPANADA,robinsons,robinsons-santiago,Robinsons Place Santiago,north-luzon
aura salon,AURA SALON,ayala,ayala-up-town-center,U. P. Town Center,metro-manila
aunt sallys laundry service,AUNT SALLY'S LAUNDRY SERVICE,ayala,ayala-the-30th,Ayala Malls The 30th,metro-manila
aunt ludi bakeshoppe,AUNT LUDI BAKESHOPPE,sm,sm-city-general-santos,SM City General Santos,mindanao
augen beauty lounge,AUGEN BEAUTY LOUNGE,sm,sm-city-sucat,SM City Sucat,metro-manila
au beau blanc cleaners,AU BEAU BLANC CLEANERS,sm,sm-aura,SM Aura,metro-manila
au beau blanc,Au Beau Blanc,megaworld,clubhouse-temple-drive,The Clubhouse at Temple Drive,metro-manila
sunnies studio i,SUNNIES STUDIO I 0917-840-14872,robinsons,robinsons-ormoc,Robinsons Place Ormoc,visayas
sunnies specs sunnies studios,SUNNIES SPECS SUNNIES STUDIOS,sm,sm-city-baguio,SM City Baguio,north-luzon
sunnies coffee,SUNNIES COFFEE (9178293590),robinsons,robinsons-magnolia,Robinsons Magnolia,metro-manila
sunkissed cafe,SUNKISSED CAFE,robinsons,robinsons-metro-east,Robinsons Metro East,metro-manila
suniway group of companies inc,SUNIWAY GROUP OF COMPANIES INC,sm,sm-aura,SM Aura,metro-manila
sunika manila,Sunika Manila,filinvest,festival-mall,Festival Mall,metro-manila
autor and dela cruz dental clinic (former carolyne bucao),Autor and Dela Cruz Dental Clinic (former Carolyne Bucao) 9183806769,robinsons,robinsons-cybergate-cebu,Robinsons Cybergate Cebu,visayas
automobile association philippines,AUTOMOBILE ASSOCIATION PHILIPPINES,robinsons,robinsons-manila,Robinsons Place Manila,metro-manila
automobile association of the philippines inc,"Automobile Association Of The Philippines, Inc.",robinsons,robinsons-starmills,Robinsons Starmills,north-luzon
atm pnb,ATM - PNB,robinsons,robinsons-malabon,Robinsons Town Mall Malabon,metro-manila
atm bdo,ATM - BDO,robinsons,robinsons-malabon,Robinsons Town Mall Malabon,metro-manila
athletics hub,ATHLETICS HUB,robinsons,robinsons-gapan,Robinsons Gapan,north-luzon
athletica gymnastics,Athletica Gymnastics,ortigas,the-strip,The Strip,metro-manila
athena travel tours,Athena Travel Tours,robinsons,robinsons-pangasinan,Robinsons Place Pangasinan,north-luzon
athalias cakes & pastries,Athalia's Cakes & Pastries,robinsons,robinsons-cybergate-davao,Robinsons Cybergate Davao,mindanao
ate nenes shakes,ATE NENE'S SHAKES,sm,sm-city-tanza,SM City Tanza,south-luzon
ate by tatah,Ate By Tatah,robinsons,robinsons-galleria-cebu,Robinsons Galleria Cebu,visayas
atc massage chair service,ATC MASSAGE CHAIR SERVICE (NEW),robinsons,robinsons-naga,Robinsons Place Naga,south-luzon
superlicious bakeshop,SUPERLICIOUS BAKESHOP,sm,sm-city-legazpi,SM City Legazpi,south-luzon
super uncle claypot,Super Uncle Claypot,ortigas,greenhills,Greenhills,metro-manila
super pollo,SUPER POLLO,sm,sm-southmall,SM Southmall,metro-manila
super metro,Super Metro,filinvest,fora,Fora Mall,south-luzon
sunstar jewelry,Sunstar Jewelry,ortigas,greenhills,Greenhills,metro-manila
sunset dry goods,Sunset Dry Goods,megaworld,forbes-town,Forbes Town,metro-manila
sunrise bloom plants & flowers,SUNRISE BLOOM PLANTS & FLOWERS,ayala,ayala-market-market,Market! Market!,metro-manila
astons specialities,ASTONS SPECIALITIES,sm,sm-megamall,SM Megamall,metro-manila
aspire health solutions,Aspire Health Solutions,megaworld,festive-walk-parade,Festive Walk Parade,visayas
aslania shoes corner,Aslania Shoes Corner,robinsons,robinsons-novaliches,Robinsons Novaliches,metro-manila
susan milan,SUSAN MILAN,ayala,ayala-market-market,Market! Market!,metro-manila
surplus,Surplus,waltermart,tanauan,WalterMart Tanauan,south-luzon
surge fitness lifestyle,Surge Fitness + Lifestyle,filinvest,festival-mall,Festival Mall,metro-manila
surge fitness gym,SURGE FITNESS GYM,sm,smdc-mplace-mall,SMDC Mplace Mall,metro-manila
surefix gadget repair center,Surefix Gadget Repair Center,waltermart,antipolo,WalterMart Antipolo,metro-manila
surefix,Surefix,robinsons,robinsons-antipolo,Robinsons Place Antipolo,metro-manila
sure vision optical,SURE VISION OPTICAL,waltermart,taytay,WalterMart Taytay,metro-manila
sure vision,Sure Vision,robinsons,robinsons-imus,Robinsons Place Imus,south-luzon
supreme tactical shop,SUPREME TACTICAL SHOP,sm,sm-lanang,SM Lanang,mindanao
supreme hotdogs,SUPREME HOTDOGS,sm,sm-city-north-edsa,SM City North Edsa,metro-manila
superwasher,SUPERWASHER,sm,smdc-grace-mall,SMDC Grace Mall,metro-manila
ato gaido,Ato Gaido,megaworld,eastwood-city-walk,Eastwood City Walk,metro-manila
atm psbank,ATM - PSBANK,robinsons,robinsons-malabon,Robinsons Town Mall Malabon,metro-manila
sweet blossoms,SWEET BLOSSOMS,sm,sm-city-baguio,SM City Baguio,north-luzon
svy domingo,Svy Domingo,ortigas,greenhills,Greenhills,metro-manila
susies cuisine,SUSIES CUISINE,sm,sm-city-clark,SM City Clark,north-luzon
sushi station,SUSHI STATION,sm,sm-jmall,SM J Mall,visayas
sushi sor,SUSHI SOR,sm,sm-city-sorsogon,SM City Sorsogon,south-luzon
sushi in the box,Sushi In The Box,waltermart,tanauan,WalterMart Tanauan,south-luzon
sushi bar by jiro,SUSHI BAR BY JIRO,sm,sm-city-clark,SM City Clark,north-luzon
sushi bake,SUSHI BAKE,robinsons,robinsons-santiago,Robinsons Place Santiago,north-luzon
atc massage,ATC MASSAGE,robinsons,robinsons-metro-east,Robinsons Metro East,metro-manila
ata martial arts studio,ATA Martial Arts Studio,megaworld,alabang-west-parade,Alabang West Parade,metro-manila
asy and ysas party needs,ASY AND YSA'S PARTY NEEDS,ayala,ayala-market-market,Market! Market!,metro-manila
asus experience zone,THE ASUS EXPERIENCE ZONE,sm,sm-megamall,SM Megamall,metro-manila
asures by carla,ASURES BY CARLA,robinsons,robinsons-butuan,Robinsons Place Butuan,mindanao
asuncion optical,ASUNCION OPTICAL,ayala,ayala-the-district-dasmarinas,The District Dasmarinas,south-luzon
asu trading,ASU Trading,robinsons,robinsons-manila,Robinsons Place Manila,metro-manila
astroballoons,ASTROBALLOONS,sm,sm-city-davao,SM City Davao,mindanao
swim,Swim,ortigas,greenhills,Greenhills,metro-manila
sweet treats by chill cafe,Sweet Treats by Chill Café,robinsons,robinsons-galleria-cebu,Robinsons Galleria Cebu,visayas
sweet things cakes and cups,SWEET THINGS CAKES AND CUPS,ayala,ayala-centrio,Centrio Mall,mindanao
sweet things,SWEET THINGS,sm,sm-city-cagayan-de-oro,SM City CDO Uptown,mindanao
sweet taste buds,SWEET TASTE BUDS,robinsons,robinsons-tagum,Robinsons Place Tagum,mindanao
sweet stems flowershop,SWEET STEMS FLOWERSHOP,sm,sm-city-tarlac,SM City Tarlac,north-luzon
sweet scape salon spa aesthetic center,SWEET SCAPE SALON SPA AESTHETIC CENTER,sm,sm-center-lemery,SM Center Lemery,south-luzon
sweet lemon,Sweet Lemon,robinsons,robinsons-gentrias,Robinsons Place Gen. Trias,south-luzon
sweet ideas,SWEET IDEAS,sm,sm-mall-of-asia,SM Mall of Asia,metro-manila
sweet escakes,SWEET ESCAKES,sm,sm-city-baliwag,SM City Baliwag,north-luzon
sweet ecstasy,SWEET ECSTASY,sm,nu-mall-of-asia-building,NU MALL OF ASIA BUILDING,metro-manila
sweet ecstacy,Sweet Ecstacy,ortigas,greenhills,Greenhills,metro-manila
sweet dentist,THE SWEET DENTIST,robinsons,robinsons-galleria-ortigas,Robinsons Galleria,metro-manila
sweet corner,SWEET CORNER,sm,sm-city-davao,SM City Davao,mindanao
sweet cloth,THE SWEET CLOTH,sm,sm-city-manila,SM City Manila,metro-manila
sweet buds,SWEET BUDS,sm,sm-city-consolacion,SM City Consolacion,visayas
aslane cellphone & accessories,ASLANE CELLPHONE & ACCESSORIES 0950-864-1523,robinsons,robinsons-cagayan-de-oro,Robinsons Cagayan de Oro,mindanao
asian spice,Asian Spice (Temporarily Closed),robinsons,robinsons-santiago,Robinsons Place Santiago,north-luzon
asian skin clinic,Asian Skin Clinic,megaworld,venice-grand-canal-mall,Venice Grand Canal Mall,metro-manila
asian pieces arts & antiques shop,"ASIAN PIECES, ARTS & ANTIQUE'S SHOP",ayala,ayala-capitol-central,Ayala Malls Capitol Central,visayas
asian noodle master,Asian Noodle Master,robinsons,robinsons-malolos,Robinsons Place Malolos,north-luzon
asian massage,ASIAN MASSAGE,sm,sm-city-puerto-princesa,SM City Puerto Princesa,south-luzon
asian hawker,ASIAN HAWKER,starmall,alabang,Starmall Alabang,metro-manila
asian food house,Asian Food House,megaworld,lucky-chinatown-imperial-wing,Lucky Chinatown - Imperial Wing,metro-manila
asian derma clinic,ASIAN DERMA CLINIC,starmall,san-jose-del-monte,Starmall San Jose del Monte,north-luzon
asian base dental group,Asian Base Dental Group,robinsons,robinsons-manila,Robinsons Place Manila,metro-manila
swisstech,Swisstech,robinsons,robinsons-magnolia,Robinsons Magnolia,metro-manila
swiss gear philip stein,SWISS GEAR PHILIP STEIN,sm,sm-lanang,SM Lanang,mindanao
swiss gear,SWISS GEAR,sm,sm-city-cebu,SM City Cebu,visayas
swiss baker,SWISS BAKER,sm,sm-city-baguio,SM City Baguio,north-luzon
swirls jr,Swirls Jr.,robinsons,robinsons-pavia,Robinsons Place Pavia,visayas
swirl studio yogurt your style,SWIRL STUDIO YOGURT YOUR STYLE,sm,sm-city-fairview,SM City Fairview,metro-manila
table tennis,Table Tennis,robinsons,robinsons-gapan,Robinsons Gapan,north-luzon
tabbs barbershop,Tabbs Barbershop,filinvest,festival-mall,Festival Mall,metro-manila
tabas barbershop and haberdashery,TABAS BARBERSHOP AND HABERDASHERY,sm,sm-aura,SM Aura,metro-manila
tabas barbershop,Tabas Barbershop,ortigas,estancia,Estancia,metro-manila
ta ke ho me sushi stand,TA KE HO ME SUSHI STAND,sm,sm-city-north-edsa,SM City North Edsa,metro-manila
t m lewin,T.M. LEWIN,ayala,ayala-one-bonifacio-high-street,One Bonifacio High Street,metro-manila
t bone king premium,T-Bone King Premium,megaworld,twin-lakes,Twin Lakes,south-luzon
t & j prime salon,T & J Prime Salon,robinsons,robinsons-lipa,Robinsons Place Lipa,south-luzon
syncrho,SYNCRHO,robinsons,robinsons-antipolo,Robinsons Place Antipolo,metro-manila
syncom,Syncom,ortigas,the-strip,The Strip,metro-manila
sync,SYNC,sm,sm-city-naga,SM City Naga,south-luzon
symphony by prestige,SYMPHONY BY PRESTIGE,sm,sm-mall-of-asia,SM Mall of Asia,metro-manila
symphony,SYMPHONY,sm,sm-seaside-city-cebu,SM Seaside City Cebu,visayas
symmetry lab,Symmetry Lab,robinsons,robinsons-manila,Robinsons Place Manila,metro-manila
sylpauljoyce,Sylpauljoyce,araneta,ali-mall,Ali Mall,metro-manila
swt ave,SWT AVE,sm,sm-city-pampanga,SM City Pampanga,north-luzon
asiaco,Asiaco,robinsons,robinsons-magnolia,Robinsons Magnolia,metro-manila
ashtel phil,Ashtel Phil,ortigas,greenhills,Greenhills,metro-manila
ashrey diagnostic center,Ashrey Diagnostic Center,megaworld,venice-grand-canal-mall,Venice Grand Canal Mall,metro-manila
ashley nicolette,Ashley Nicolette,robinsons,robinsons-novaliches,Robinsons Novaliches,metro-manila
ashley mixx bazaar,Ashley Mixx Bazaar,filinvest,main-square,Main Square,south-luzon
ashley mixx,Ashley Mixx,filinvest,fora,Fora Mall,south-luzon
ashley furniture,Ashley Furniture,robinsons,robinsons-magnolia,Robinsons Magnolia,metro-manila
ashiq zone gadget trading,Ashiq Zone Gadget Trading,robinsons,robinsons-north-tacloban,Robinsons North Tacloban,visayas
asher jewels,ASHER JEWELS,sm,sm-city-caloocan,SM City Caloocan,metro-manila
ash letrato inc,"Ash Letrato, Inc.",robinsons,robinsons-galleria-ortigas,Robinsons Galleria,metro-manila
aserehe money changer,Aserehe Money Changer,waltermart,dasmarinas,WalterMart Dasmariñas,south-luzon
aseptique,ASEPTIQUE,sm,sm-city-lipa,SM City Lipa,south-luzon
tadzmaki sushi restaurant,TADZMAKI SUSHI RESTAURANT,sm,sm-city-puerto-princesa,SM City Puerto Princesa,south-luzon
tadakuma,TADAKUMA,sm,sm-city-cagayan-de-oro,SM City CDO Uptown,mindanao
tactics,Tactics,robinsons,robinsons-tacloban,Robinsons Place Tacloban,visayas
tactical corner,Tactical Corner,araneta,ali-mall,Ali Mall,metro-manila
art68 coffee corner,Art68 Coffee Corner,robinsons,robinsons-novaliches,Robinsons Novaliches,metro-manila
art point gallery,Art Point Gallery,ortigas,greenhills,Greenhills,metro-manila
art of scent,Art of Scent,megaworld,newport-city,Newport City,metro-manila
art of love tattoo,Art Of Love Tattoo,megaworld,eastwood-city-walk,Eastwood City Walk,metro-manila
art monster,ART MONSTER,sm,sm-megamall,SM Megamall,metro-manila
takkra,TAKKRA,robinsons,robinsons-ilocos,Robinsons Place Ilocos,north-luzon
takeme coffee,TAKEME COFFEE,sm,sm-city-san-pablo,SM City San Pablo,south-luzon
taj,TAJ,sm,sm-city-lipa,SM City Lipa,south-luzon
taiyen,Taiyen,ortigas,greenhills,Greenhills,metro-manila
tai koo hk roast,TAI KOO HK ROAST,sm,the-podium,The Podium,metro-manila
taho soy avenue,TAHO SOY AVENUE,sm,sm-city-pampanga,SM City Pampanga,north-luzon
taho ni mang andres,TAHO NI MANG ANDRES,sm,sm-city-davao,SM City Davao,mindanao
taho manila,TAHO MANILA,sm,sm-mall-of-asia,SM Mall of Asia,metro-manila
taguig crocheters,Taguig Crocheters,megaworld,venice-grand-canal-mall,Venice Grand Canal Mall,metro-manila
tagoros abuhan,Tagoro's Abuhan,robinsons,robinsons-valencia,Robinsons Place Valencia,mindanao
asiamex,ASIAMEX,ayala,ayala-market-market,Market! Market!,metro-manila
tambilawan kamayan restaurant,TAMBILAWAN KAMAYAN RESTAURANT,robinsons,robinsons-gen-san,Robinsons Place GenSan,mindanao
tamago,Tamago,megaworld,festive-walk-mall-iloilo,Festive Walk Mall,visayas
takuyaki go,TAKUYAKI GO,robinsons,robinsons-tagum,Robinsons Place Tagum,mindanao
takuyaki,TAKUYAKI,robinsons,robinsons-dumaguete,Robinsons Place Dumaguete,visayas
takoyaki taste,TAKOYAKI TASTE,robinsons,robinsons-tuguegarao,Robinsons Place Tuguegarao,north-luzon
takoyaki ban chan,Takoyaki Ban Chan,fishermall,quezonave,Fisher Mall Quezon Avenue,metro-manila
takoyadon prime,TAKOYADON PRIME,sm,sm-city-legazpi,SM City Legazpi,south-luzon
tako kaizen,TAKO KAIZEN,robinsons,robinsons-metro-east,Robinsons Metro East,metro-manila
as cellphone & accessories,AS CELLPHONE & ACCESSORIES,robinsons,robinsons-novaliches,Robinsons Novaliches,metro-manila
aryas coffee and tea,ARYAS COFFEE AND TEA,sm,sm-city-mindpro,SM City Mindpro,mindanao
arya persian restaurant,ARYA PERSIAN RESTAURANT,robinsons,robinsons-manila,Robinsons Place Manila,metro-manila
arya persian,Arya Persian,robinsons,robinsons-magnolia,Robinsons Magnolia,metro-manila
arx,ARX,robinsons,robinsons-galleria-ortigas,Robinsons Galleria,metro-manila
arturos,ARTURO'S,sm,sm-cdo-downtown,SM CDO Downtown Premier,mindanao
artistitch,ARTISTITCH,sm,sm-city-cebu,SM City Cebu,visayas
artasia,ARTASIA,sm,sm-megamall,SM Megamall,metro-manila
art lounge,ART LOUNGE,sm,the-podium,The Podium,metro-manila
art haven gallery,ART HAVEN GALLERY,ayala,ayala-up-town-center,U. P. Town Center,metro-manila
art circle,The Art Circle,robinsons,robinsons-galleria-ortigas,Robinsons Galleria,metro-manila
art anton gallery,ART ANTON GALLERY,sm,s-maison,S Maison,metro-manila
arroz caldo republic,Arroz Caldo Republic,robinsons,robinsons-naga,Robinsons Place Naga,south-luzon
arrowland by gandiva archery,ARROWLAND BY GANDIVA ARCHERY,sm,sm-megamall,SM Megamall,metro-manila
arrow fix,ARROW FIX,robinsons,robinsons-palawan,Robinsons Place Palawan,south-luzon
arraboo ph,ARRABOO PH,sm,sm-city-urdaneta-central,SM City Urdaneta Central,north-luzon
arq living,ARQ Living,robinsons,robinsons-magnolia,Robinsons Magnolia,metro-manila
aromacology sensi,AROMACOLOGY SENSI,sm,sm-city-davao,SM City Davao,mindanao
tao yuan,Tao Yuan,megaworld,newport-city,Newport City,metro-manila
tandoor by rich,TANDOOR BY RICH,sm,sm-mall-of-asia,SM Mall of Asia,metro-manila
tan yan shi fu,TAN YAN SHI FU,sm,smdc-strip-at-shore,SMDC Strip at Shore,metro-manila
tan dermatology center for asia,TAN DERMATOLOGY CENTER FOR ASIA,sm,sm-city-fairview,SM City Fairview,metro-manila
tamoya udon,Tamoya Udon,ortigas,greenhills,Greenhills,metro-manila
tambunting pawnshop,Tambunting Pawnshop,waltermart,plaridel,WalterMart Plaridel,north-luzon
tca digital square,TCA DIGITAL SQUARE,sm,sm-city-lipa,SM City Lipa,south-luzon
tc travel and tours,TC Travel and Tours,megaworld,southwoods-mall,Southwoods Mall,south-luzon
taylors play cafe,Taylor’s Play Café,ortigas,the-strip,The Strip,metro-manila
taylor living,TAYLOR LIVING,robinsons,opus,Opus Mall,metro-manila
tavolata,TAVOLATA,ayala,ayala-center-cebu,Ayala Center Cebu,visayas
taters kiosk,Tater's Kiosk,robinsons,robinsons-tacloban,Robinsons Place Tacloban,visayas
tatays inato,Tatay's Inato,robinsons,robinsons-butuan,Robinsons Place Butuan,mindanao
tasty habit,Tasty Habit,ortigas,estancia,Estancia,metro-manila
taste & tell,Taste & Tell,ortigas,greenhills,Greenhills,metro-manila
tasa barbershop,Tasa Barbershop,ortigas,greenhills,Greenhills,metro-manila
tartufo ristorante,TARTUFO RISTORANTE,ayala,ayala-greenbelt,Greenbelt,metro-manila
tarsier fried food,Tarsier Fried Food,ortigas,greenhills,Greenhills,metro-manila
tarlac electric inc,TARLAC ELECTRIC INC,sm,sm-city-tarlac,SM City Tarlac,north-luzon
taqueria chupacabra,TAQUERIA CHUPACABRA,sm,sm-city-clark,SM City Clark,north-luzon
tappil flowers,TAPPIL FLOWERS,sm,sm-city-mindpro,SM City Mindpro,mindanao
tapang realty,Tapang Realty,robinsons,robinsons-angeles,Robinsons Angeles,north-luzon
arkus balay,ARKUS BALAY,sm,sm-city-la-union,SM City La Union,north-luzon
aristocrat,Aristocrat,robinsons,robinsons-manila,Robinsons Place Manila,metro-manila
aries services,ARIES SERVICES 0916-730-3522,robinsons,robinsons-sta-rosa,Robinsons Sta. Rosa,south-luzon
ari beauty and spa,Ari Beauty and Spa,megaworld,venice-grand-canal-mall,Venice Grand Canal Mall,metro-manila
arellano dental clinic,Arellano Dental Clinic,robinsons,robinsons-tuguegarao,Robinsons Place Tuguegarao,north-luzon
areej,AREEJ,ayala,ayala-market-market,Market! Market!,metro-manila
architectural audio,ARCHITECTURAL AUDIO,ayala,ayala-greenbelt,Greenbelt,metro-manila
arce haus,Arce Haus,robinsons,robinsons-magnolia,Robinsons Magnolia,metro-manila
tebanz batchoy and tapsilogan,Tebanz Batchoy And Tapsilogan,megaworld,festive-walk-parade,Festive Walk Parade,visayas
tease blow hair and face beauty lounge,TEASE BLOW HAIR AND FACE BEAUTY LOUNGE,sm,sm-city-tuguegarao,SM City Tuguegarao,north-luzon
teas and toast,Teas and Toast,megaworld,forbes-town,Forbes Town,metro-manila
team barista cafe,TEAM BARISTA CAFÉ,sm,sm-city-fairview,SM City Fairview,metro-manila
tea house kitchen by chona,TEA HOUSE KITCHEN BY CHONA,sm,sm-city-baguio,SM City Baguio,north-luzon
tea 101,TEA 101,sm,sm-mall-of-asia,SM Mall of Asia,metro-manila
te quiero davao,TE QUIERO DAVAO,sm,sm-city-davao,SM City Davao,mindanao
tco,TCO,sm,sm-city-la-union,SM City La Union,north-luzon
ar beauty,AR BEAUTY,sm,sm-city-rosario,SM City Rosario,south-luzon
aquila medical clinic,AQUILA MEDICAL CLINIC,robinsons,robinsons-butuan,Robinsons Place Butuan,mindanao
aquakflash,AQUAKFLASH,robinsons,robinsons-pagadian,Robinsons Pagadian,mindanao
aquagem,Aquagem,robinsons,robinsons-iligan,Robinsons Place Iligan,mindanao
aquaflask i,AQUAFLASK I 0965-961-0803,robinsons,robinsons-ormoc,Robinsons Place Ormoc,visayas
aquabest laundrybest,AQUABEST - LAUNDRYBEST,sm,smdc-strip-at-grass,SMDC Strip at Grass,metro-manila
techie mobile zone,Techie Mobile Zone,robinsons,robinsons-iligan,Robinsons Place Iligan,mindanao
tech21,TECH21,sm,sm-city-cabanatuan,SM City Cabanatuan,north-luzon
tech stnergy,TECH STNERGY,robinsons,robinsons-butuan,Robinsons Place Butuan,mindanao
tech republic,TECH REPUBLIC,sm,sm-city-fairview,SM City Fairview,metro-manila
tech mobile,Tech Mobile,robinsons,robinsons-tacloban,Robinsons Place Tacloban,visayas
tech maven,TECH MAVEN,sm,sm-city-fairview,SM City Fairview,metro-manila
tech know,TECH KNOW,robinsons,robinsons-palawan,Robinsons Place Palawan,south-luzon
tech hub,Tech Hub,filinvest,festival-mall,Festival Mall,metro-manila
armourtech phone accents,ARMOURTECH PHONE ACCENTS,ayala,ayala-capitol-central,Ayala Malls Capitol Central,visayas
armorica by breton,ARMORICA BY BRETON,ayala,ayala-greenbelt,Greenbelt,metro-manila
apostrophe cafe,APOSTROPHE CAFE,ayala,ayala-centrio,Centrio Mall,mindanao
apostol skin med plus,APOSTOL SKIN MED PLUS,sm,sm-city-tarlac,SM City Tarlac,north-luzon
apollo barber lounge,Apollo Barber Lounge,megaworld,eastwood-city-walk,Eastwood City Walk,metro-manila
apiados watch repair,APIADOS WATCH REPAIR,sm,sm-city-tuguegarao,SM City Tuguegarao,north-luzon
techplus service center,TECHPLUS SERVICE CENTER,sm,sm-city-fairview,SM City Fairview,metro-manila
technosuit,TECHNOSUIT,robinsons,galleria-south,Robinsons Galleria South,south-luzon
technopop,Technopop,megaworld,lucky-chinatown-mall,Lucky Chinatown Mall,metro-manila
technofinds,Technofinds,ortigas,estancia,Estancia,metro-manila
technocare accessories,TECHNOCARE ACCESSORIES,sm,sm-city-puerto-princesa,SM City Puerto Princesa,south-luzon
techno moto,Techno Moto,robinsons,robinsons-gentrias,Robinsons Place Gen. Trias,south-luzon
techno geek,TECHNO GEEK,sm,sm-megamall,SM Megamall,metro-manila
techmate,Techmate,ortigas,greenhills,Greenhills,metro-manila
arcadia ph,Arcadia PH,megaworld,venice-grand-canal-mall,Venice Grand Canal Mall,metro-manila
arcade for fun,ARCADE FOR FUN,sm,smdc-breeze-mall,SMDC Breeze Mall,metro-manila
araya ramen and sushi bar,ARAYA RAMEN AND SUSHI BAR,sm,sm-city-sucat,SM City Sucat,metro-manila
ar gadgets,AR Gadgets,ortigas,greenhills,Greenhills,metro-manila
telco hub,TELCO HUB,ayala,ayala-market-market,Market! Market!,metro-manila
teito fries,Teito Fries,robinsons,robinsons-malabon,Robinsons Town Mall Malabon,metro-manila
teethcetera montemayor dental clinic,TEETHCETERA - MONTEMAYOR DENTAL CLINIC,robinsons,robinsons-otis,Robinsons Otis,metro-manila
teeth clinic,TEETH CLINIC,sm,sm-city-fairview,SM City Fairview,metro-manila
teeth avenue by cailles dental clinic,TEETH AVENUE by CAILLES DENTAL CLINIC,sm,sm-city-fairview,SM City Fairview,metro-manila
teeth avenue,TEETH AVENUE,ayala,ayala-serendra,Shops at Serendra,metro-manila
techwarez computer center,TECHWAREZ COMPUTER CENTER,sm,sm-city-north-edsa,SM City North Edsa,metro-manila
techtronix,Techtronix,robinsons,robinsons-tuguegarao,Robinsons Place Tuguegarao,north-luzon
techs hub cellphone accessories store,TECH'S HUB CELLPHONE ACCESSORIES STORE,robinsons,robinsons-iloilo,Robinsons Place Iloilo,visayas
techrui,TECHRUI,sm,sm-city-trece-martires,SM City Trece Martires,south-luzon
techpro unlimited,TECHPRO UNLIMITED,ayala,ayala-solenad,Ayala Malls Nuvali,south-luzon
aqua minerale,Aqua Minerale,megaworld,lucky-chinatown-mall,Lucky Chinatown Mall,metro-manila
aqua,AQUA,robinsons,robinsons-galleria-ortigas,Robinsons Galleria,metro-manila
apple skin solutions,APPLE SKIN SOLUTIONS,sm,sm-city-fairview,SM City Fairview,metro-manila
apple service center,APPLE SERVICE CENTER,sm,sm-city-cebu,SM City Cebu,visayas
app store,APP STORE,ayala,ayala-centrio,Centrio Mall,mindanao
apartment 8 clothing,APARTMENT 8 CLOTHING,sm,sm-city-davao,SM City Davao,mindanao
aozora japanese restaurant,Aozora Japanese Restaurant,megaworld,twin-lakes,Twin Lakes,south-luzon
aozora japanese bistro,AOZORA JAPANESE BISTRO,ayala,ayala-serin,Ayala Malls Serin,south-luzon
aorus,AORUS,sm,sm-city-mindpro,SM City Mindpro,mindanao
anyhow,AnyHow,robinsons,robinsons-magnolia,Robinsons Magnolia,metro-manila
tempus,TEMPUS,sm,sm-lanang,SM Lanang,mindanao
tempura spot,TEMPURA SPOT,robinsons,robinsons-novaliches,Robinsons Novaliches,metro-manila
tempura go,TEMPURA GO,sm,sm-city-north-edsa,SM City North Edsa,metro-manila
templora dermatologica,TEMPLORA DERMATOLOGICA,fishermall,malabon,Fisher Mall Malabon,metro-manila
temple garden spa,TEMPLE GARDEN SPA,sm,the-podium,The Podium,metro-manila
telus international philippines,TELUS INTERNATIONAL PHILIPPINES,ayala,ayala-market-market,Market! Market!,metro-manila
telus,Telus,megaworld,mckinley-west,McKinley West,metro-manila
teletek point,TELETEK POINT,sm,sm-marketmall-dasmarinas,SM Marketmall Dasmarinas,south-luzon
telesin,TELESIN,sm,sm-city-north-edsa,SM City North Edsa,metro-manila
telego,TELEGO,sm,sm-lanang,SM Lanang,mindanao
telecom world,Telecom World,robinsons,robinsons-manila,Robinsons Place Manila,metro-manila
teresita r razons,TERESITA R. RAZON'S,robinsons,robinsons-antipolo,Robinsons Place Antipolo,metro-manila
terannova,Terannova,robinsons,robinsons-manila,Robinsons Place Manila,metro-manila
teppen,Teppen,megaworld,uptown-parade,Uptown Parade,metro-manila
teppan teppan,Teppan Teppan,filinvest,festival-mall,Festival Mall,metro-manila
teofys special palamig,TEOFYS SPECIAL PALAMIG,sm,sm-center-tuguegarao-downtown,SM Center Tuguegarao Downtown,north-luzon
teofys palamig,Teofy's Palamig,robinsons,robinsons-tuguegarao,Robinsons Place Tuguegarao,north-luzon
teofys,Teofy's,robinsons,robinsons-santiago,Robinsons Place Santiago,north-luzon
tender juicy hotdog i,TENDER JUICY HOTDOG I 0999-888-9702,robinsons,robinsons-ormoc,Robinsons Place Ormoc,visayas
tender beef shop,TENDER BEEF SHOP,robinsons,opus,Opus Mall,metro-manila
ten yen king,Ten Yen King,megaworld,lucky-chinatown-mall,Lucky Chinatown Mall,metro-manila
aphrodite naturals,APHRODITE NATURALS,robinsons,galleria-south,Robinsons Galleria South,south-luzon
apex dental,APEX Dental,robinsons,robinsons-fuente,Robinsons Fuente,visayas
apero,Apero,megaworld,clubhouse-temple-drive,The Clubhouse at Temple Drive,metro-manila
aperitif,Aperitif,filinvest,festival-mall,Festival Mall,metro-manila
apd travel tours services,APD TRAVEL TOURS SERVICES,sm,sm-city-molino,SM City Molino,south-luzon
apd travel & tours,APD TRAVEL & TOURS,sm,sm-city-rosario,SM City Rosario,south-luzon
antepara247,Antepara247,araneta,ali-mall,Ali Mall,metro-manila
antepara,Antepara,megaworld,lucky-chinatown-mall,Lucky Chinatown Mall,metro-manila
anta superstore,ANTA Superstore,robinsons,robinsons-tacloban,Robinsons Place Tacloban,visayas
anta kids,Anta Kids,megaworld,venice-grand-canal-mall,Venice Grand Canal Mall,metro-manila
tetsu teppan yaki,TETSU TEPPAN-YAKI,sm,sm-southmall,SM Southmall,metro-manila
test kitchen,TEST KITCHEN,ayala,ayala-bonifacio-high-street,Bonifacio High Street,metro-manila
tessera,TESSERA,robinsons,opus,Opus Mall,metro-manila
tesoros,TESORO'S,ayala,ayala-manila-bay,Ayala Malls Manila Bay,metro-manila
tesla supercharger,TESLA SUPERCHARGER,robinsons,opus,Opus Mall,metro-manila
tesla,Tesla,megaworld,uptown-parade,Uptown Parade,metro-manila
terry selection,TERRY SELECTION,sm,the-podium,The Podium,metro-manila
terrie botique,Terrie Botique,ortigas,greenhills,Greenhills,metro-manila
terrafit,Terrafit,robinsons,robinsons-tacloban,Robinsons Place Tacloban,visayas
terracotta berde plant and garden supplies,Terracotta Berde Plant and Garden Supplies,megaworld,greenhouse-village-square,The Greenhouse at Village Square,metro-manila
teresita razons halo halo and palabok,TERESITA RAZONS HALO HALO AND PALABOK,sm,sm-city-pampanga,SM City Pampanga,north-luzon
teresita razon,Teresita Razon,fishermall,malabon,Fisher Mall Malabon,metro-manila
thates gadget emporium,THATE'S GADGET EMPORIUM,robinsons,robinsons-novaliches,Robinsons Novaliches,metro-manila
thai guy,THE THAI GUY,sm,sm-lanang,SM Lanang,mindanao
thai boran phils inc,THAI BORAN PHILS. INC.,ayala,ayala-abreeza,Abreeza,mindanao
thai bbq original restaurant,THAI BBQ ORIGINAL RESTAURANT,ayala,ayala-vertis,Ayala Malls Vertis North,metro-manila
tff tarsier fried food,TFF TARSIER FRIED FOOD,sm,sm-city-manila,SM City Manila,metro-manila
text terminal,TEXT TERMINAL,sm,sm-city-iloilo,SM City Iloilo,visayas
teviant,TEVIANT,robinsons,robinsons-manila,Robinsons Place Manila,metro-manila
teva,Teva,araneta,gateway-mall-2,Gateway Mall 2,metro-manila
antonias fund and rides,Antonia's Fund and Rides,robinsons,robinsons-tagum,Robinsons Place Tagum,mindanao
antonias fun and rides,Antonia's Fun and Rides,robinsons,robinsons-iligan,Robinsons Place Iligan,mindanao
antonas breads and pastries shop,ANTONAS BREADS AND PASTRIES SHOP,sm,sm-city-lucena,SM City Lucena,south-luzon
antiques fair,Antiques Fair,filinvest,festival-mall,Festival Mall,metro-manila
antillan living,ANTILLAN LIVING,ayala,ayala-solenad,Ayala Malls Nuvali,south-luzon
antihero,AntiHero,ortigas,greenhills,Greenhills,metro-manila
anthonys salon for men,ANTHONYS SALON FOR MEN,sm,smdc-strip-at-shore,SMDC Strip at Shore,metro-manila
anthem,ANTHEM,robinsons,opus,Opus Mall,metro-manila
thomson road kitchen,THOMSON ROAD KITCHEN,robinsons,robinsons-magnolia,Robinsons Magnolia,metro-manila
thisplay,THISPLAY,sm,moa-square,MOA Square,metro-manila
thirsty juices and shakes,THIRSTY JUICES AND SHAKES,robinsons,robinsons-iligan,Robinsons Place Iligan,mindanao
thirsty i,Thirsty I 0917-310-9416,robinsons,robinsons-ormoc,Robinsons Place Ormoc,visayas
thirdys boutique,THIRDY'S BOUTIQUE,ayala,ayala-capitol-central,Ayala Malls Capitol Central,visayas
thinne almedas home collezione,THINNE ALMEDAS HOME COLLEZIONE,sm,moa-square,MOA Square,metro-manila
thinkpad,THINKPAD,sm,sm-city-north-edsa,SM City North Edsa,metro-manila
thinking out love flower shop,THINKING OUT LOVE FLOWER SHOP,sm,sm-city-molino,SM City Molino,south-luzon
think pink salon,THINK PINK SALON,ayala,ayala-pavilion,Pavilion Mall,south-luzon
therapy time,Therapy Time,megaworld,venice-grand-canal-mall,Venice Grand Canal Mall,metro-manila
therapeutic masseur blind massage,THERAPEUTIC MASSEUR BLIND MASSAGE,robinsons,robinsons-cagayan-de-oro,Robinsons Cagayan de Oro,mindanao
theranaturals,THERANATURALS,ayala,ayala-metropoint,Metro Point Mall,metro-manila
theos flower shop,THEOS FLOWER SHOP,sm,sm-city-clark,SM City Clark,north-luzon
theo & miguel,THEO & MIGUEL,robinsons,robinsons-antipolo,Robinsons Place Antipolo,metro-manila
thcil blind massage,THCIL Blind Massage,robinsons,robinsons-galleria-cebu,Robinsons Galleria Cebu,visayas
thats d pointe,That's D Pointe,fishermall,quezonave,Fisher Mall Quezon Avenue,metro-manila
anniepie,Anniepie,robinsons,robinsons-tagum,Robinsons Place Tagum,mindanao
annie brilliant jewelry,Annie Brilliant Jewelry,filinvest,festival-mall,Festival Mall,metro-manila
annes posh,Anne's Posh,robinsons,robinsons-north-tacloban,Robinsons North Tacloban,visayas
anne juleth,Anne Juleth,ortigas,greenhills,Greenhills,metro-manila
annabelle,ANNABELLE,robinsons,robinsons-starmills,Robinsons Starmills,north-luzon
annabel lee cafe,Annabel Lee Café,ortigas,estancia,Estancia,metro-manila
anko,Anko,araneta,gateway-mall,Gateway Mall,metro-manila
ticket,TICKET 1 9171094611,robinsons,robinsons-butuan,Robinsons Place Butuan,mindanao
tic toc doc,TIC TOC DOC,sm,sm-city-baguio,SM City Baguio,north-luzon
tianlala,TIANLALA,sm,sm-city-pampanga,SM City Pampanga,north-luzon
tian mansion hotpot,TIAN MANSION HOTPOT,sm,sm-mall-of-asia,SM Mall of Asia,metro-manila
tia titas restaurant,Tia Tita's Restaurant,robinsons,robinsons-tacloban,Robinsons Place Tacloban,visayas
thrillist grill & restaurant,THRILLIST GRILL & RESTAURANT,robinsons,robinsons-lipa,Robinsons Place Lipa,south-luzon
threema,Threema,ortigas,greenhills,Greenhills,metro-manila
three hearts jewelry shoppe,THREE HEARTS JEWELRY SHOPPE,sm,sm-city-cebu,SM City Cebu,visayas
three dots,Three Dots,ortigas,greenhills,Greenhills,metro-manila
timcheck watch repair,TIMCHECK WATCH REPAIR,robinsons,robinsons-angeles,Robinsons Angeles,north-luzon
timber toys,Timber Toys,araneta,ali-mall,Ali Mall,metro-manila
tili dhali,TILI DHALI TEMPORARILY CLOSED,robinsons,robinsons-magnolia,Robinsons Magnolia,metro-manila
tile express shop,TILE EXPRESS SHOP,sm,sm-southmall,SM Southmall,metro-manila
tienda street food,Tienda Street Food,robinsons,robinsons-bacolod,Robinsons Place Bacolod,visayas
tien ma s,TIEN MA`S,waltermart,north-edsa,WalterMart North EDSA,metro-manila
tidex carwash,TIDEX CARWASH,robinsons,robinsons-las-pinas,Robinsons Place Las Pinas,metro-manila
tickettime travel & tours,Tickettime Travel & Tours,robinsons,robinsons-jaro,Robinsons Place Jaro,visayas
ticketport travel and tours,TICKETPORT TRAVEL AND TOURS,sm,sm-city-taytay,SM City Taytay,metro-manila
ticket royale,Ticket Royale,robinsons,robinsons-fuente,Robinsons Fuente,visayas
ticket 1,TICKET 1,robinsons,robinsons-pagadian,Robinsons Pagadian,mindanao
anothersole,Anothersole,ortigas,greenhills,Greenhills,metro-manila
annyeong corn dog,Annyeong Corn Dog 9303454316,robinsons,robinsons-santiago,Robinsons Place Santiago,north-luzon
anns home,ANNS HOME,sm,sm-city-batangas,SM City Batangas,south-luzon
annindofu tokyo,Annindofu Tokyo,megaworld,lucky-chinatown-imperial-wing,Lucky Chinatown - Imperial Wing,metro-manila
annies,ANNIE'S,ayala,ayala-center-cebu,Ayala Center Cebu,visayas
animal care specialist company,Animal Care Specialist Company,ortigas,tiendesitas,Tiendesitas,metro-manila
aniiq cellphone accessories,Aniiq Cellphone Accessories,robinsons,robinsons-jaro,Robinsons Place Jaro,visayas
aniiq,Aniiq,robinsons,robinsons-iloilo,Robinsons Place Iloilo,visayas
aniesthetix dental implantology center,ANIESTHETIX DENTAL IMPLANTOLOGY CENTER,sm,smdc-strip-at-mezza,SMDC Strip at Mezza,metro-manila
angus pares,ANGUS PARES,sm,sm-city-grand-central,SM City Grand Central,metro-manila
angry fries,Angry Fries,robinsons,robinsons-novaliches,Robinsons Novaliches,metro-manila
anglo eye care center,ANGLO EYE CARE CENTER,ayala,ayala-capitol-central,Ayala Malls Capitol Central,visayas
anglo eye care,Anglo Eye Care,robinsons,robinsons-bacolod,Robinsons Place Bacolod,visayas
angkong noodle house,Angkong Noodle House,ortigas,greenhills,Greenhills,metro-manila
angkols pungko pungko,Angkols Pungko-pungko,filinvest,festival-mall,Festival Mall,metro-manila
time zone,TIME ZONE (TEMPORARILY CLOSED),robinsons,robinsons-metro-east,Robinsons Metro East,metro-manila
time trend center,TIME TREND CENTER,sm,sm-megamall,SM Megamall,metro-manila
time gallery,Time Gallery,ortigas,greenhills,Greenhills,metro-manila
time express watch repair and key duplication services,Time Express Watch Repair and Key Duplication Services,megaworld,southwoods-mall,Southwoods Mall,south-luzon
time check watch service,Time Check Watch Service,robinsons,robinsons-manila,Robinsons Place Manila,metro-manila
time & gems,Time & Gems,ortigas,greenhills,Greenhills,metro-manila
tips n toes nail salon,TIPS N TOES NAIL SALON,sm,sm-megamall,SM Megamall,metro-manila
tips n toes,TIPS 'N TOES,ayala,ayala-up-town-center,U. P. Town Center,metro-manila
tipness gym,TIPNESS GYM,ayala,ayala-the-district-dasmarinas,The District Dasmarinas,south-luzon
tiny twinkle,Tiny Twinkle,ortigas,greenhills,Greenhills,metro-manila
tiny town,TINY TOWN,sm,sm-mall-of-asia,SM Mall of Asia,metro-manila
tiny teapot,Tiny Teapot,robinsons,robinsons-lipa,Robinsons Place Lipa,south-luzon
tinker club,Tinker Club,robinsons,robinsons-tacloban,Robinsons Place Tacloban,visayas
tina berin fresh flowers,TINA BERIN FRESH FLOWERS,ayala,ayala-market-market,Market! Market!,metro-manila
timhowan,TimHowan,ortigas,greenhills,Greenhills,metro-manila
timezone carousel,TIMEZONE CAROUSEL,ayala,ayala-trinoma,Trinoma,metro-manila
timeshoppe,TIMESHOPPE,sm,sm-city-fairview,SM City Fairview,metro-manila
timecheck,Timecheck,robinsons,robinsons-santiago,Robinsons Place Santiago,north-luzon
anime lobby,ANIME LOBBY,sm,sm-city-puerto-princesa,SM City Puerto Princesa,south-luzon
anime landia,Anime Landia,robinsons,robinsons-tacloban,Robinsons Place Tacloban,visayas
animal house,ANIMAL HOUSE,ayala,ayala-market-market,Market! Market!,metro-manila
animal distrik,ANIMAL DISTRIK,robinsons,robinsons-pagadian,Robinsons Pagadian,mindanao
toby sports i,TOBY SPORTS I 0945-973-1131,robinsons,robinsons-ormoc,Robinsons Place Ormoc,visayas
to kho ngan,To-Kho-Ngan 9395573510,robinsons,robinsons-santiago,Robinsons Place Santiago,north-luzon
tnd bazaar,TND Bazaar,megaworld,festive-walk-mall-iloilo,Festive Walk Mall,visayas
tnalak home,T'NALAK HOME,ayala,ayala-abreeza,Abreeza,mindanao
tmj print avenue,TMJ PRINT AVENUE,sm,sm-city-fairview,SM City Fairview,metro-manila
tm lewin,TM Lewin,robinsons,robinsons-magnolia,Robinsons Magnolia,metro-manila
tlm yema buko pie,TLM YEMA BUKO PIE,sm,sm-center-pulilan,SM Center Pulilan,north-luzon
tlida,TLIDA,sm,sm-city-cebu,SM City Cebu,visayas
tittos bbq,Tittos BBQ,ortigas,greenhills,Greenhills,metro-manila
titter tatter playhouse,TITTER TATTER PLAYHOUSE,robinsons,robinsons-dumaguete,Robinsons Place Dumaguete,visayas
titas bags and accessories,Tita's Bags And Accessories,araneta,farmers-plaza,Farmers Plaza,metro-manila
titan barbershop,TITAN BARBERSHOP,sm,s-maison,S Maison,metro-manila
tita yummys burger,Tita Yummy's Burger,robinsons,robinsons-dasmarinas,Robinsons Place Dasmarinas,south-luzon
tita yayoys,TITA YAYOY'S,waltermart,naic,WalterMart Naic,south-luzon
tita dinas restaurant,Tita Dina's Restaurant,robinsons,robinsons-tacloban,Robinsons Place Tacloban,visayas
tita beths pancit malabon haus,TITA BETH'S PANCIT MALABON HAUS,ayala,ayala-capitol-central,Ayala Malls Capitol Central,visayas
angkan,ANGKAN,sm,the-podium,The Podium,metro-manila
angies jewelry,Angie's Jewelry,robinsons,robinsons-santiago,Robinsons Place Santiago,north-luzon
angels skin care salon,Angels' Skin Care Salon,megaworld,eastwood-cyber-mall,Eastwood Cyber Mall,metro-manila
angels feet,ANGEL'S FEET,ayala,ayala-market-market,Market! Market!,metro-manila
angeles electric company,ANGELES ELECTRIC COMPANY,robinsons,robinsons-angeles,Robinsons Angeles,north-luzon
angel k kakanin atbp,Angel K Kakanin Atbp,robinsons,robinsons-gen-san,Robinsons Place GenSan,mindanao
angel k kakanin & merienda,Angel-K Kakanin & Merienda,robinsons,robinsons-cybergate-davao,Robinsons Cybergate Davao,mindanao
ang nanay,ANG NANAY ( TEMPORARILY CLOSED),robinsons,robinsons-palawan,Robinsons Place Palawan,south-luzon
ang karenderia sa cagayan,ANG KARENDERIA SA CAGAYAN,robinsons,robinsons-cagayan-de-oro,Robinsons Cagayan de Oro,mindanao
aneal nail spa & beauty lounge,Aneal Nail Spa & Beauty Lounge,robinsons,robinsons-jaro,Robinsons Place Jaro,visayas
andys crunchicken,ANDYS CRUNCHICKEN,sm,sm-city-cebu,SM City Cebu,visayas
androgyne manila,ANDROGYNE MANILA,ayala,ayala-market-market,Market! Market!,metro-manila
andrews woodcraft furniture,Andrews Woodcraft Furniture,filinvest,festival-mall,Festival Mall,metro-manila
tobys sport,Toby's Sport,robinsons,robinsons-iligan,Robinsons Place Iligan,mindanao
tobys estate,TOBY'S ESTATE,sm,sm-aura,SM Aura,metro-manila
tobys arena,TOBY'S ARENA,ayala,ayala-abreeza,Abreeza,mindanao
toledo medical clinic,Toledo Medical Clinic,megaworld,venice-grand-canal-mall,Venice Grand Canal Mall,metro-manila
tokyo store,@TOKYO STORE,robinsons,opus,Opus Mall,metro-manila
tokyo milkcheese factory,Tokyo Milkcheese Factory,ortigas,estancia,Estancia,metro-manila
tokyo milk cheese factory & cow cow ice,TOKYO MILK CHEESE FACTORY & COW COW ICE,ayala,ayala-glorietta,Glorietta,metro-manila
tokyo milk cheese cafe,TOKYO MILK CHEESE CAFE,ayala,ayala-manila-bay,Ayala Malls Manila Bay,metro-manila
tokyo joe japanese fastfood,TOKYO JOE JAPANESE FASTFOOD,sm,sm-seaside-city-cebu,SM Seaside City Cebu,visayas
tokyo glam eyelash & nail salon,TOKYO GLAM EYELASH & NAIL SALON,ayala,ayala-manila-bay,Ayala Malls Manila Bay,metro-manila
tokyo g shock,@ TOKYO / G-SHOCK,robinsons,robinsons-antipolo,Robinsons Place Antipolo,metro-manila
tokyo bubble tea,TOKYO BUBBLE TEA,ayala,ayala-centrio,Centrio Mall,mindanao
tokki tokki,Tokki Tokki,megaworld,festive-walk-parade,Festive Walk Parade,visayas
toho antigua,Toho Antigua,filinvest,festival-mall,Festival Mall,metro-manila
tods,TOD'S,ayala,ayala-greenbelt,Greenbelt,metro-manila
todays photoph,Today's Photoph,megaworld,venice-grand-canal-mall,Venice Grand Canal Mall,metro-manila
todays photographic studio,TODAY'S PHOTOGRAPHIC STUDIO,robinsons,robinsons-metro-east,Robinsons Metro East,metro-manila
toco berry,Toco Berry,ortigas,greenhills,Greenhills,metro-manila
angkan coffee,Angkan Coffee,ortigas,estancia,Estancia,metro-manila
tong yang shabu shabu express,TONG YANG SHABU SHABU EXPRESS,sm,sm-center-pasig,SM Center Pasig,metro-manila
tong yang grill shabu shabu,TONG YANG GRILL SHABU-SHABU,sm,sm-city-caloocan,SM City Caloocan,metro-manila
tong se,Tong Se,robinsons,robinsons-otis,Robinsons Otis,metro-manila
ton ton thai massage,TON TON THAI MASSAGE,sm,smdc-strip-at-shell,SMDC Strip at Shell,metro-manila
toms world satelite,TOM'S WORLD SATELITE,robinsons,robinsons-ilocos,Robinsons Place Ilocos,north-luzon
toms world mall train,TOM'S WORLD MALL TRAIN,robinsons,robinsons-ilocos,Robinsons Place Ilocos,north-luzon
toms playground,TOM'S PLAYGROUND,robinsons,robinsons-iligan,Robinsons Place Iligan,mindanao
tommy jeans,Tommy Jeans,robinsons,robinsons-manila,Robinsons Place Manila,metro-manila
tommy hilfiger by the watch store,TOMMY HILFIGER BY THE WATCH STORE,sm,sm-city-north-edsa,SM City North Edsa,metro-manila
tomato time,Tomato Time,fishermall,quezonave,Fisher Mall Quezon Avenue,metro-manila
tom sawyers old fashioned krispy chicken,TOM SAWYER'S OLD FASHIONED KRISPY CHICKEN,sm,sm-center-pasig,SM Center Pasig,metro-manila
tom sawyers,Tom Sawyer's,ortigas,estancia,Estancia,metro-manila
tom n toms coffee,Tom N Toms Coffee,megaworld,venice-grand-canal-mall,Venice Grand Canal Mall,metro-manila
tom n toms,TOM N' TOMS,robinsons,robinsons-antipolo,Robinsons Place Antipolo,metro-manila
tollhouse,TOLLHOUSE,ayala,ayala-marquee,MarQuee Mall,north-luzon
tolentino law office,Tolentino Law Office,megaworld,venice-grand-canal-mall,Venice Grand Canal Mall,metro-manila
andreas health & beauty products,Andrea's Health & Beauty Products,robinsons,robinsons-imus,Robinsons Place Imus,south-luzon
andre gemstone,Andre Gemstone ( TEMPORARILY CLOSED),robinsons,robinsons-naga,Robinsons Place Naga,south-luzon
andante,ANDANTE,ayala,one-ayala-mall,One Ayala,metro-manila
ancels gadget & accessories shop,Ancel's Gadget & Accessories Shop,araneta,ali-mall,Ali Mall,metro-manila
anastasia lee cakes,ANASTASIA LEE CAKES,sm,sm-cdo-downtown,SM CDO Downtown Premier,mindanao
analog,Analog,ortigas,greenhills,Greenhills,metro-manila
ana maria bakeshop,ANA MARIA BAKESHOP,robinsons,robinsons-dumaguete,Robinsons Place Dumaguete,visayas
amy fruits galore,AMY FRUITS GALORE,ayala,ayala-market-market,Market! Market!,metro-manila
amuma hair bar,AMUMA HAIR BAR,sm,sm-cdo-downtown,SM CDO Downtown Premier,mindanao
amps volts,AMPS VOLTS,sm,sm-city-fairview,SM City Fairview,metro-manila
amoretto fine jewelry,Amoretto Fine Jewelry,megaworld,california-garden-square,California Garden Square,metro-manila
amora bar & lounge,Amora Bar & Lounge,megaworld,festive-walk-parade,Festive Walk Parade,visayas
amor propio salon,Amor Propio Salon,robinsons,robinsons-luisita,Robinsons Luisita,north-luzon
ammarah cellphone and accessories shop,AMMARAH CELLPHONE AND ACCESSORIES SHOP,robinsons,robinsons-novaliches,Robinsons Novaliches,metro-manila
toni & sergio,Toni & Sergio,megaworld,venice-grand-canal-mall,Venice Grand Canal Mall,metro-manila
tongara ramen,Tongara Ramen,ortigas,estancia,Estancia,metro-manila
top brands,Top Brands,fishermall,quezonave,Fisher Mall Quezon Avenue,metro-manila
top & bottom,TOP & BOTTOM,ayala,ayala-market-market,Market! Market!,metro-manila
toothville,TOOTHVILLE,robinsons,robinsons-lipa,Robinsons Place Lipa,south-luzon
toothfix,Toothfix,robinsons,robinsons-malabon,Robinsons Town Mall Malabon,metro-manila
tooth spa dental clinic,Tooth Spa Dental Clinic,robinsons,robinsons-north-tacloban,Robinsons North Tacloban,visayas
tooth fairies dental clinic,Tooth Fairies Dental Clinic (032)511-4518,robinsons,robinsons-cybergate-cebu,Robinsons Cybergate Cebu,visayas
tooth doctor,THE TOOTH DOCTOR,robinsons,robinsons-galleria-ortigas,Robinsons Galleria,metro-manila
tools trading,Tool's Trading,robinsons,robinsons-cagayan-de-oro,Robinsons Cagayan de Oro,mindanao
tool box,Tool Box,robinsons,robinsons-gentrias,Robinsons Place Gen. Trias,south-luzon
toocki,TOOCKI,sm,sm-city-north-edsa,SM City North Edsa,metro-manila
toob oh treats,TOOB OH TREATS,robinsons,robinsons-naga,Robinsons Place Naga,south-luzon
tony & jackey beauty salon,Tony & Jackey Beauty Salon,filinvest,festival-mall,Festival Mall,metro-manila
tonton tei takoyaki,Tonton Tei Takoyaki,robinsons,robinsons-dasmarinas,Robinsons Place Dasmarinas,south-luzon
tonkatsu aoki,Tonkatsu Aoki,megaworld,lucky-chinatown-imperial-wing,Lucky Chinatown - Imperial Wing,metro-manila
toni guy,TONI GUY,sm,sm-aura,SM Aura,metro-manila
toni and guy,TONI AND GUY,ayala,ayala-trinoma,Trinoma,metro-manila
tortosa organic farm,TORTOSA ORGANIC FARM,ayala,ayala-capitol-central,Ayala Malls Capitol Central,visayas
toris buco corner,TORIS BUCO CORNER,sm,sm-city-butuan,SM City Butuan,mindanao
torimomo,Torimomo,robinsons,robinsons-manila,Robinsons Place Manila,metro-manila
tops sizzling,TOPS SIZZLING,sm,sm-city-trece-martires,SM City Trece Martires,south-luzon
toppoki man,TOPPOKI MAN,ayala,ayala-malls-central-bloc,Ayala Malls Central Bloc,visayas
topokkiman,TOPOKKIMAN,sm,sm-city-consolacion,SM City Consolacion,visayas
topokis,TOPOKIS,sm,sm-city-rosario,SM City Rosario,south-luzon
topnet enterprise,TOPNET ENTERPRISE,sm,sm-megamall,SM Megamall,metro-manila
tophealth medical clinics part of keralty clinics,TOPHEALTH MEDICAL CLINICS PART OF KERALTY CLINICS,sm,sm-city-san-lazaro,SM City San Lazaro,metro-manila
top trust,Top Trust,robinsons,robinsons-santiago,Robinsons Place Santiago,north-luzon
top ten nails,Top Ten Nails,robinsons,robinsons-pangasinan,Robinsons Place Pangasinan,north-luzon
top nails,Top Nails,megaworld,southwoods-mall,Southwoods Mall,south-luzon
top n dog,TOP N DOG,sm,sm-city-cebu,SM City Cebu,visayas
top gadgets and gear hub,TOP GADGETS AND GEAR HUB,ayala,ayala-center-cebu,Ayala Center Cebu,visayas
top breed,TOP BREED,ayala,ayala-capitol-central,Ayala Malls Capitol Central,visayas
top brands jag tribal lee us polo assn,TOP BRANDS JAG TRIBAL LEE US POLO ASSN,sm,sm-center-lemery,SM Center Lemery,south-luzon
amigos onlayn printing,Amigo’s Onlayn Printing,filinvest,main-square,Main Square,south-luzon
amian coffee ph,AMIAN COFFEE PH,sm,sm-city-laoag,SM City Laoag,north-luzon
ami jewels,Ami Jewels,ortigas,greenhills,Greenhills,metro-manila
american wings,American Wings,robinsons,robinsons-valencia,Robinsons Place Valencia,mindanao
american tourister open shop level 2 8536 7938 gcash,AMERICAN TOURISTER OPEN Shop Level 2 (Pedro Gil Wing) 8536-7938 GCash,robinsons,robinsons-manila,Robinsons Place Manila,metro-manila
american ribs & wings,AMERICAN RIBS & WINGS,robinsons,robinsons-las-pinas,Robinsons Place Las Pinas,metro-manila
american rib & wings,AMERICAN RIB & WINGS,robinsons,robinsons-santiago,Robinsons Place Santiago,north-luzon
american premium outlet,AMERICAN PREMIUM OUTLET,ayala,ayala-harbor-point,Harbor Point,north-luzon
american hearing center,AMERICAN HEARING CENTER,sm,the-podium,The Podium,metro-manila
american eye center,AMERICAN EYE CENTER,sm,the-podium,The Podium,metro-manila
totu,TOTU,sm,sm-city-cebu,SM City Cebu,visayas
totongs delicacies,TOTONG’S DELICACIES,ayala,ayala-capitol-central,Ayala Malls Capitol Central,visayas
totobits streat food stall,TOTOBITS STREAT FOOD STALL,sm,sm-city-clark,SM City Clark,north-luzon
tosh,TOSH,robinsons,robinsons-antipolo,Robinsons Place Antipolo,metro-manila
toryanos chicken haus,TORYANOS CHICKEN HAUS,sm,sm-lanang,SM Lanang,mindanao
tory burch,TORY BURCH,ayala,ayala-greenbelt,Greenbelt,metro-manila
traffic,Traffic,ortigas,greenhills,Greenhills,metro-manila
tracy elaine silver,TRACY ELAINE Silver,waltermart,antipolo,WalterMart Antipolo,metro-manila
toytown,TOYTOWN,ayala,ayala-glorietta,Glorietta,metro-manila
toys r us toy box,TOYS R US TOY BOX,robinsons,robinsons-starmills,Robinsons Starmills,north-luzon
toyota mabolo cebu inc,"Toyota Mabolo Cebu, Inc.",robinsons,robinsons-galleria-cebu,Robinsons Galleria Cebu,visayas
toy town,Toy Town,filinvest,festival-mall,Festival Mall,metro-manila
toy nuts,Toy Nuts,ortigas,greenhills,Greenhills,metro-manila
town orchids design & concepts,TOWN ORCHIDS DESIGN & CONCEPTS,ayala,ayala-market-market,Market! Market!,metro-manila
towel republic,Towel Republic,robinsons,robinsons-tacloban,Robinsons Place Tacloban,visayas
tough unscratched,TOUGH UNSCRATCHED,sm,sm-city-north-edsa,SM City North Edsa,metro-manila
touch with faith,Touch with Faith,robinsons,robinsons-malolos,Robinsons Place Malolos,north-luzon
touch of thai,TOUCH OF THAI,robinsons,robinsons-iligan,Robinsons Place Iligan,mindanao
touch of art photo printing,TOUCH OF ART PHOTO PRINTING,sm,sm-city-iloilo,SM City Iloilo,visayas
touch & type,Touch & Type,robinsons,robinsons-malolos,Robinsons Place Malolos,north-luzon
amkor travel and tours,Amkor Travel And Tours,robinsons,robinsons-ormoc,Robinsons Place Ormoc,visayas
amikar,Amikar,robinsons,robinsons-iloilo,Robinsons Place Iloilo,visayas
treasure box,TREASURE BOX,sm,sm-city-fairview,SM City Fairview,metro-manila
travelista tours and services,TRAVELISTA TOURS AND SERVICES,sm,sm-city-novaliches,SM City Novaliches,metro-manila
travelgeeks co,TRAVELGEEKS CO,sm,smdc-breeze-mall,SMDC Breeze Mall,metro-manila
travelesque tours,TRAVELESQUE TOURS,sm,sm-city-cauayan,SM City Cauayan,north-luzon
travelease,TRAVELEASE,sm,sm-city-marilao,SM City Marilao,north-luzon
travel time,Travel Time,filinvest,festival-mall,Festival Mall,metro-manila
travel scoot,Travel Scoot,ortigas,greenhills,Greenhills,metro-manila
travel port travel and tours,TRAVEL PORT TRAVEL AND TOURS,ayala,ayala-feliz,Ayala Malls Feliz,metro-manila
travel lounge,TRAVEL LOUNGE,robinsons,robinsons-bacolod,Robinsons Place Bacolod,visayas
travel club & delsey,The Travel Club & Delsey,megaworld,eastwood-mall,Eastwood Mall,metro-manila
travel care,Travel Care,robinsons,robinsons-galleria-cebu,Robinsons Galleria Cebu,visayas
trattoria altrove,TRATTORIA ALTROVE,sm,sm-city-laoag,SM City Laoag,north-luzon
transview,TRANSVIEW,sm,the-podium,The Podium,metro-manila
tranis resto bar,TRANIS RESTO BAR,sm,sm-cherry-antipolo,SM Center Antipolo Downtown,metro-manila
trajet travel agency,TRAJET TRAVEL AGENCY,robinsons,robinsons-antipolo,Robinsons Place Antipolo,metro-manila
trail sign outdoor shop,TRAIL SIGN OUTDOOR SHOP,sm,sm-center-ormoc,SM Center Ormoc,visayas
amerah jewelry & pearls,Amerah Jewelry & Pearls,araneta,gateway-mall-2,Gateway Mall 2,metro-manila
amen,AMEN,robinsons,opus,Opus Mall,metro-manila
amelitos,AMELITO'S,robinsons,robinsons-malolos,Robinsons Place Malolos,north-luzon
amelie jewelry studios,AMELIE JEWELRY STUDIOS,sm,sm-city-san-jose-del-monte,SM City San Jose Del Monte,north-luzon
ambrosiya,AMBROSIYA,robinsons,robinsons-pagadian,Robinsons Pagadian,mindanao
amber graceal dance studio,AMBER GRACEAL DANCE STUDIO,ayala,ayala-legazpi,Ayala Malls Legazpi,south-luzon
ambassador home & electronics centre,AMBASSADOR HOME & ELECTRONICS CENTRE,ayala,ayala-glorietta,Glorietta,metro-manila
amazing touch,AMAZING TOUCH,ayala,ayala-trinoma,Trinoma,metro-manila
amazing star,Amazing Star,ortigas,greenhills,Greenhills,metro-manila
amazing hands with blind therapist,AMAZING HANDS WITH BLIND THERAPIST,ayala,ayala-marquee,MarQuee Mall,north-luzon
amazing discoveries travel and tours,THE AMAZING DISCOVERIES TRAVEL AND TOURS,sm,sm-city-roxas,SM City Roxas,visayas
tres filipino twist,TRES FILIPINO TWIST,robinsons,opus,Opus Mall,metro-manila
tres,TRES,sm,sm-city-north-edsa,SM City North Edsa,metro-manila
trendz,Trendz,robinsons,robinsons-lipa,Robinsons Place Lipa,south-luzon
trendy merch novelty shop,TRENDY MERCH NOVELTY SHOP,sm,sm-city-puerto-princesa,SM City Puerto Princesa,south-luzon
tree shade spa,TREE SHADE SPA,ayala,ayala-malls-central-bloc,Ayala Malls Central Bloc,visayas
tru check medical and diagnostic center,TRU-Check Medical and Diagnostic Center,robinsons,robinsons-galleria-ortigas,Robinsons Galleria,metro-manila
tropics salad delights,TROPICS SALAD DELIGHTS,sm,sm-city-clark,SM City Clark,north-luzon
tropical hut,Tropical Hut,ortigas,greenhills,Greenhills,metro-manila
trish and trin,Trish and Trin,robinsons,robinsons-imus,Robinsons Place Imus,south-luzon
triple fajitas,Triple Fajitas,robinsons,robinsons-roxas,Robinsons Place Roxas,visayas
trip hub travel services,TRIP HUB TRAVEL SERVICES,sm,smdc-mplace-mall,SMDC Mplace Mall,metro-manila
tricia fashion jewelry and accessories shop,Tricia Fashion Jewelry and Accessories Shop,robinsons,robinsons-roxas,Robinsons Place Roxas,visayas
tricels ensaymada,TRICEL'S ENSAYMADA,ayala,ayala-abreeza,Abreeza,mindanao
tribu,Tribu,fishermall,malabon,Fisher Mall Malabon,metro-manila
triboa bay living,TRIBOA BAY LIVING,sm,sm-megamall,SM Megamall,metro-manila
tribal cuts,TRIBAL CUTS,robinsons,robinsons-manila,Robinsons Place Manila,metro-manila
triangle,Triangle,robinsons,robinsons-manila,Robinsons Place Manila,metro-manila
tri c pawnshop,TRI-C PAWNSHOP,robinsons,robinsons-cagayan-de-oro,Robinsons Cagayan de Oro,mindanao
tri c jewelry,Tri-C Jewelry,robinsons,robinsons-cagayan-de-oro,Robinsons Cagayan de Oro,mindanao
tresor rare,TRESOR RARE,robinsons,robinsons-iligan,Robinsons Place Iligan,mindanao
treskuleros records trading,Treskuleros Records Trading,araneta,ali-mall,Ali Mall,metro-manila
amarra,AMARRA,sm,sm-center-las-pinas,SM Center Las Piñas,metro-manila
amari luxe,AMARI LUXE,sm,sm-city-tanza,SM City Tanza,south-luzon
amara fleur,AMARA FLEUR,sm,sm-city-pampanga,SM City Pampanga,north-luzon
amang grill,Amang Grill,waltermart,erodriguez,WalterMart E.Rodriguez,metro-manila
amal cellphone accessories shop,Amal Cellphone Accessories Shop,robinsons,robinsons-roxas,Robinsons Place Roxas,visayas
amaia steps two capitol central showroom,AMAIA STEPS TWO CAPITOL CENTRAL SHOWROOM,ayala,ayala-capitol-central,Ayala Malls Capitol Central,visayas
amah mee ya,Amah Mee Ya,megaworld,mactan-newtown,Mactan Newtown,visayas
am pm by alchemista,AM + PM BY ALCHEMISTA,sm,s-maison,S Maison,metro-manila
alya pasta,Alya Pasta,robinsons,robinsons-magnolia,Robinsons Magnolia,metro-manila
alto peak chocolate,ALTO PEAK CHOCOLATE,sm,sm-center-ormoc,SM Center Ormoc,visayas
tsim sha tsu,Tsim Sha Tsu,robinsons,robinsons-magnolia,Robinsons Magnolia,metro-manila
tsboost beauty salon,TSBOOST BEAUTY SALON,robinsons,robinsons-starmills,Robinsons Starmills,north-luzon
trust trade,TRUST TRADE,robinsons,robinsons-galleria-ortigas,Robinsons Galleria,metro-manila
true north empanada,TRUE NORTH EMPANADA,sm,sm-city-north-edsa,SM City North Edsa,metro-manila
true lemon,True Lemon,megaworld,lucky-chinatown-prosperity-wing,Lucky Chinatown - Prosperity Wing,metro-manila
true boss,TRUE BOSS,sm,sm-mall-of-asia,SM Mall of Asia,metro-manila
tuguegarao co events space,TUGUEGARAO CO-EVENTS SPACE,robinsons,robinsons-tuguegarao,Robinsons Place Tuguegarao,north-luzon
tudor lucerne,TUDOR-LUCERNE,ayala,ayala-glorietta,Glorietta,metro-manila
tuburan cafe,TUBURAN CAFE,sm,sm-city-consolacion,SM City Consolacion,visayas
tubong banua jewelry services,Tubong Banua Jewelry Services,waltermart,subic,WalterMart Subic,north-luzon
tubo cane juice,Tubo Cane Juice,filinvest,festival-mall,Festival Mall,metro-manila
tuan tuan chinese brasserie,TUAN TUAN CHINESE BRASSERIE,ayala,ayala-up-town-center,U. P. Town Center,metro-manila
ttom travel services,TTOM TRAVEL SERVICES,robinsons,robinsons-dumaguete,Robinsons Place Dumaguete,visayas
tteokis party needs,TTEOKI'S PARTY NEEDS,robinsons,robinsons-palawan,Robinsons Place Palawan,south-luzon
tsuru,TSURU,ayala,ayala-abreeza,Abreeza,mindanao
tsukemen,TSUKEMEN,robinsons,opus,Opus Mall,metro-manila
tsuke men,TSUKE-MEN,sm,sm-mall-of-asia,SM Mall of Asia,metro-manila
tsukada nojo,TSUKADA NOJO,sm,s-maison,S Maison,metro-manila
tsim sha tsui dimsum tea bar,TSIM SHA TSUI DIMSUM TEA BAR,sm,sm-city-cebu,SM City Cebu,visayas
tsim sha tsui dimsum & tea,TSIM SHA TSUI DIMSUM & TEA,ayala,ayala-center-cebu,Ayala Center Cebu,visayas
amatella sizzling house,Amatella Sizzling House,robinsons,robinsons-jaro,Robinsons Place Jaro,visayas
amars cellphone accessories shop,Amar's Cellphone Accessories Shop,robinsons,robinsons-roxas,Robinsons Place Roxas,visayas
alteresi,ALTERESI,ayala,ayala-market-market,Market! Market!,metro-manila
alteration plus,Alteration Plus,robinsons,robinsons-manila,Robinsons Place Manila,metro-manila
alter cesh,Alter Cesh,ortigas,greenhills,Greenhills,metro-manila
alter and more,ALTER AND MORE,sm,sm-city-lucena,SM City Lucena,south-luzon
alshaymah cellphone & accessories,ALSHAYMAH CELLPHONE & ACCESSORIES,robinsons,robinsons-novaliches,Robinsons Novaliches,metro-manila
alres,ALRES,sm,sm-city-santa-rosa,SM City Santa Rosa,south-luzon
alpina lounge & wellness,Alpina Lounge & Wellness,megaworld,uptown-parade,Uptown Parade,metro-manila
alpha lifestyle,ALPHA LIFESTYLE,sm,sm-city-north-edsa,SM City North Edsa,metro-manila
alpha bazaar,Alpha Bazaar,robinsons,robinsons-dasmarinas,Robinsons Place Dasmarinas,south-luzon
turkish grille plus,TURKISH GRILLE PLUS,sm,sm-city-mindpro,SM City Mindpro,mindanao
tunes corner,TUNE'S CORNER (Soon to Open),robinsons,robinsons-pagadian,Robinsons Pagadian,mindanao
tuna republik,TUNA REPUBLIK,sm,sm-cdo-downtown,SM CDO Downtown Premier,mindanao
tuna express by holy halo,Tuna Express by Holy Halo,robinsons,robinsons-iligan,Robinsons Place Iligan,mindanao
tuna by chonas,TUNA BY CHONAS,sm,sm-city-general-santos,SM City General Santos,mindanao
tulua cafe,TULUA CAFÉ,sm,smdc-air-mall,SMDC Air Mall,metro-manila
tulip garden showroom,Tulip Garden Showroom,megaworld,southwoods-mall,Southwoods Mall,south-luzon
twin pines,Twin Pines,filinvest,festival-mall,Festival Mall,metro-manila
twin dragon (in front of handyman),Twin Dragon (in Front Of Handyman),filinvest,festival-mall,Festival Mall,metro-manila
twin dragon (beside medicard),Twin Dragon (beside Medicard),filinvest,festival-mall,Festival Mall,metro-manila
twin chocos,TWIN CHOCO'S,robinsons,robinsons-valencia,Robinsons Place Valencia,mindanao
twenty four bakeshop,Twenty Four Bakeshop,ortigas,estancia,Estancia,metro-manila
twelvebikes shop,Twelvebikes Shop,filinvest,festival-mall,Festival Mall,metro-manila
twelve plus,TWELVE PLUS,robinsons,robinsons-naga,Robinsons Place Naga,south-luzon
twelve 28th cafe,The Twelve 28th Café,ortigas,the-strip,The Strip,metro-manila
tw steel,TW STEEL,ayala,ayala-manila-bay,Ayala Malls Manila Bay,metro-manila
tutti,TUTTI,sm,sm-center-ormoc,SM Center Ormoc,visayas
tutanes dental,Tutanes Dental,robinsons,robinsons-galleria-ortigas,Robinsons Galleria,metro-manila
turn on,Turn On,robinsons,robinsons-dasmarinas,Robinsons Place Dasmarinas,south-luzon
turks sharwarma,TURKS SHARWARMA,robinsons,robinsons-iligan,Robinsons Place Iligan,mindanao
turks i,Turks I 0948-600-5548,robinsons,robinsons-ormoc,Robinsons Place Ormoc,visayas
alterrific,Alterrific,robinsons,robinsons-magnolia,Robinsons Magnolia,metro-manila
alternative,THE ALTERNATIVE 9561281277,robinsons,robinsons-magnolia,Robinsons Magnolia,metro-manila
ucc mentore,UCC MENTORE,sm,s-maison,S Maison,metro-manila
ucc cafe terrace,UCC Cafe Terrace,megaworld,forbes-town,Forbes Town,metro-manila
ucc cafe,Ucc Cafe,filinvest,dumaguete,Filinvest Malls Dumaguete,visayas
ubra,UBRA,sm,sm-city-iloilo,SM City Iloilo,visayas
u watch,U-WATCH,sm,sm-city-iloilo,SM City Iloilo,visayas
u super service center,U SUPER SERVICE CENTER,robinsons,robinsons-otis,Robinsons Otis,metro-manila
u green,U-GREEN,robinsons,robinsons-ilocos,Robinsons Place Ilocos,north-luzon
tyconnspa,Tyconnspa,robinsons,robinsons-galleria-cebu,Robinsons Galleria Cebu,visayas
twu (things we use),TWU (Things We Use),megaworld,lucky-chinatown-mall,Lucky Chinatown Mall,metro-manila
twu,TWU,ortigas,greenhills,Greenhills,metro-manila
twintext,Twintext,robinsons,robinsons-dasmarinas,Robinsons Place Dasmarinas,south-luzon
twins playhouse,Twin's Playhouse,robinsons,robinsons-iligan,Robinsons Place Iligan,mindanao
twinkle wellness spa,TWINKLE WELLNESS SPA,robinsons,robinsons-gapan,Robinsons Gapan,north-luzon
twinkle toes nail spa,TWINKLE TOES NAIL SPA,robinsons,robinsons-gapan,Robinsons Gapan,north-luzon
twindragon (cinema),Twindragon (cinema),filinvest,festival-mall,Festival Mall,metro-manila
twindragon (carousel),Twindragon (carousel),filinvest,festival-mall,Festival Mall,metro-manila
alpas dental care center,ALPAS DENTAL CARE CENTER,sm,sm-city-trece-martires,SM City Trece Martires,south-luzon
almeda optical,ALMEDA OPTICAL,ayala,ayala-glorietta,Glorietta,metro-manila
alltoys,ALLTOYS,starmall,talisay,Starmall Talisay Cebu,visayas
allsectech manila inc,"ALLSECTECH MANILA, INC",ayala,ayala-market-market,Market! Market!,metro-manila
allianz pnb satellite exhibit 2024,ALLIANZ PNB SATELLITE EXHIBIT 2024,robinsons,robinsons-ilocos,Robinsons Place Ilocos,north-luzon
allianz pnb life,ALLIANZ PNB LIFE,robinsons,robinsons-tuguegarao,Robinsons Place Tuguegarao,north-luzon
allianz pnb,ALLIANZ PNB,sm,sm-cdo-downtown,SM CDO Downtown Premier,mindanao
allhome appliances,ALLHOME APPLIANCES,starmall,edsa-shaw,Starmall EDSA-Shaw,metro-manila
allday supermarket,ALLDAY SUPERMARKET,starmall,alabang,Starmall Alabang,metro-manila
ullis street of asia,ULLI'S STREET OF ASIA,ayala,ayala-center-cebu,Ayala Center Cebu,visayas
ukiyo beauty bar,UKIYO BEAUTY BAR,sm,s-maison,S Maison,metro-manila
ugreen philippines,UGreen Philippines,robinsons,robinsons-malabon,Robinsons Town Mall Malabon,metro-manila
ugbo,Ugbo,megaworld,venice-grand-canal-mall,Venice Grand Canal Mall,metro-manila
udc,UDC,sm,sm-city-tuguegarao,SM City Tuguegarao,north-luzon
ucpb atm,UCPB (ATM) TEMPORARILY CLOSED,robinsons,robinsons-bacolod,Robinsons Place Bacolod,visayas
ucc park cafe,UCC Park Cafe,robinsons,robinsons-magnolia,Robinsons Magnolia,metro-manila
uncle fish balls,Uncle Fish Balls,megaworld,lucky-chinatown-mall,Lucky Chinatown Mall,metro-manila
uncle brew,UNCLE BREW,sm,sm-city-consolacion,SM City Consolacion,visayas
uncle bobs,Uncle Bob's,megaworld,forbes-town,Forbes Town,metro-manila
unbox,Unbox,ortigas,greenhills,Greenhills,metro-manila
unarosa,Unarosa,ortigas,greenhills,Greenhills,metro-manila
unang panahon,UNANG PANAHON,sm,sm-megamall,SM Megamall,metro-manila
una konsulta riversides one stop health shop,UNA KONSULTA RIVERSIDES ONE-STOP HEALTH SHOP,sm,sm-city-bacolod,SM City Bacolod,visayas
una casita,Una Casita,megaworld,greenhouse-village-square,The Greenhouse at Village Square,metro-manila
umidigi,UMIDIGI,sm,sm-city-baguio,SM City Baguio,north-luzon
umi sushi,UMI SUSHI,sm,smdc-air-mall,SMDC Air Mall,metro-manila
umi matsu,UMI MATSU,sm,s-maison,S Maison,metro-manila
umeya,UMEYA,sm,sm-center-imus,SM Center Imus,south-luzon
umami,UMAMI,robinsons,galleria-south,Robinsons Galleria South,south-luzon
uma uma,UMA UMA,sm,s-maison,S Maison,metro-manila
ultra lagree,Ultra Lagree,ortigas,estancia,Estancia,metro-manila
ultima salon,Ultima Salon,ortigas,greenhills,Greenhills,metro-manila
all flip flops pop up shop,ALL FLIP FLOPS POP-UP SHOP,sm,sm-city-taytay,SM City Taytay,metro-manila
all day supermarket,ALL DAY SUPERMARKET,starmall,edsa-shaw,Starmall EDSA-Shaw,metro-manila
all day convenience store ugf,ALL DAY CONVENIENCE STORE UGF,starmall,san-jose-del-monte,Starmall San Jose del Monte,north-luzon
all day convenience store gfl,ALL DAY CONVENIENCE STORE GFL,starmall,san-jose-del-monte,Starmall San Jose del Monte,north-luzon
all day convenience store,ALL DAY CONVENIENCE STORE,starmall,edsa-shaw,Starmall EDSA-Shaw,metro-manila
all core pilates,ALL CORE PILATES,sm,the-podium,The Podium,metro-manila
all bank,ALL BANK,starmall,alabang,Starmall Alabang,metro-manila
unica i,Unica I 0951-032-9330,robinsons,robinsons-ormoc,Robinsons Place Ormoc,visayas
unica by unica hija,UNICA BY UNICA HIJA,ayala,ayala-circuit,Ayala Malls Circuit,metro-manila
uniballsity,UNIBALLSITY,sm,sm-city-marikina,SM City Marikina,metro-manila
uni silver time,Uni Silver Time,filinvest,festival-mall,Festival Mall,metro-manila
uni silver,Uni Silver,filinvest,festival-mall,Festival Mall,metro-manila
uni barber shop spa and salon,UNI BARBER SHOP SPA AND SALON,sm,sm-city-mindpro,SM City Mindpro,mindanao
uni barber,UNI BARBER,robinsons,robinsons-pagadian,Robinsons Pagadian,mindanao
uncle moes,Uncle Moe's,megaworld,venice-grand-canal-mall,Venice Grand Canal Mall,metro-manila
uncle juans iskrambol,UNCLE JUANS ISKRAMBOL,sm,sm-city-sorsogon,SM City Sorsogon,south-luzon
unit 605 coffee,UNIT 605 COFFEE,sm,sm-city-sucat,SM City Sucat,metro-manila
uniqlo coffee,UNIQLO COFFEE,ayala,ayala-glorietta,Glorietta,metro-manila
uniq dental clinic,UNIQ Dental Clinic,robinsons,robinsons-tuguegarao,Robinsons Place Tuguegarao,north-luzon
union bank,Union Bank,ortigas,greenhills,Greenhills,metro-manila
uninice flower shop,Uninice Flower Shop,filinvest,festival-mall,Festival Mall,metro-manila
unimart supermarket,Unimart Supermarket,ortigas,greenhills,Greenhills,metro-manila
unimart,Unimart,ortigas,estancia,Estancia,metro-manila
uniking,UNIKING,sm,sm-city-cauayan,SM City Cauayan,north-luzon
unigold jewelry,UNIGOLD JEWELRY,sm,sm-city-lucena,SM City Lucena,south-luzon
uniclassy,Uniclassy,robinsons,robinsons-lipa,Robinsons Place Lipa,south-luzon
allday convenience store,ALLDAY CONVENIENCE STORE,starmall,alabang,Starmall Alabang,metro-manila
allbank,ALLBANK,starmall,san-jose-del-monte,Starmall San Jose del Monte,north-luzon
all4u unlimited grill and shabu shabu,ALL4U UNLIMITED GRILL AND SHABU SHABU,sm,sm-city-fairview,SM City Fairview,metro-manila
all you knead,ALL YOU KNEAD,sm,sm-city-legazpi,SM City Legazpi,south-luzon
all sports,ALL SPORTS,starmall,san-jose-del-monte,Starmall San Jose del Monte,north-luzon
all home,ALL HOME,starmall,san-jose-del-monte,Starmall San Jose del Monte,north-luzon
alfredulla,ALFREDULLA,sm,sm-mall-of-asia,SM Mall of Asia,metro-manila
alfredo watch repair,Alfredo Watch Repair,robinsons,robinsons-fuente,Robinsons Fuente,visayas
alfa pro merch,Alfa Pro Merch,robinsons,robinsons-galleria-cebu,Robinsons Galleria Cebu,visayas
alexander fragrance,ALEXANDER FRAGRANCE,ayala,ayala-trinoma,Trinoma,metro-manila
alessi,ALESSI,ayala,ayala-greenbelt,Greenbelt,metro-manila
uno adventure & holidays,Uno  Adventure & Holidays,megaworld,festive-walk-mall-iloilo,Festive Walk Mall,visayas
unnie manju,UNNIE MANJU,robinsons,robinsons-iligan,Robinsons Place Iligan,mindanao
unlimted laundry services,UNLIMTED LAUNDRY SERVICES,sm,smdc-fame-mall,SMDC Fame Mall,metro-manila
unlimited manila,UNLIMITED MANILA (9262228122),robinsons,robinsons-magnolia,Robinsons Magnolia,metro-manila
universal eyecheck,Universal Eyecheck,robinsons,robinsons-roxas,Robinsons Place Roxas,visayas
universal eye check optical,Universal Eye Check Optical,robinsons,robinsons-jaro,Robinsons Place Jaro,visayas
universal eye check,Universal Eye Check,robinsons,robinsons-antique,Robinsons Place Antique,visayas
united table tennis club,United Table Tennis Club,filinvest,main-square,Main Square,south-luzon
united nude,United Nude,megaworld,newport-city,Newport City,metro-manila
united global specialty center,UNITED GLOBAL SPECIALTY CENTER,robinsons,robinsons-antipolo,Robinsons Place Antipolo,metro-manila
united colors of benetton,UNITED COLORS OF BENETTON,sm,sm-mall-of-asia,SM Mall of Asia,metro-manila
alcantara and associates law office,ALCANTARA AND ASSOCIATES LAW OFFICE,sm,sm-cdo-downtown,SM CDO Downtown Premier,mindanao
alberto terra & agua,Alberto/Terra & Agua,robinsons,robinsons-iloilo,Robinsons Place Iloilo,visayas
alberto geox,Alberto/Geox,robinsons,robinsons-dumaguete,Robinsons Place Dumaguete,visayas
urban seoul,Urban Seoul,megaworld,alabang-west-parade,Alabang West Parade,metro-manila
urban pawz,URBAN PAWZ,sm,smdc-fame-mall,SMDC Fame Mall,metro-manila
uptown cinemas snackbar,Uptown Cinemas - Snackbar,megaworld,uptown-mall,Uptown Mall,metro-manila
uptown cinemas,Uptown Cinemas,megaworld,uptown-mall,Uptown Mall,metro-manila
uppercuts barbershop,UPPERCUTS BARBERSHOP,sm,sm-city-consolacion,SM City Consolacion,visayas
upcycle manila,Upcycle Manila,ortigas,estancia,Estancia,metro-manila
uno lifestyle cafe,UNO LIFESTYLE CAFÉ,sm,sm-city-roxas,SM City Roxas,visayas
all about women ob gyne sub specialty clinic,ALL ABOUT WOMEN OB-GYNE SUB-SPECIALTY CLINIC,sm,sm-city-cebu,SM City Cebu,visayas
all aboard xp by gaming library,All aBoard XP by Gaming Library,megaworld,uptown-mall,Uptown Mall,metro-manila
alkimia by mumbakki,ALKIMIA BY MUMBAKKI (0946-138-4463),robinsons,robinsons-metro-east,Robinsons Metro East,metro-manila
alizidney,ALIZIDNEY,robinsons,robinsons-iligan,Robinsons Place Iligan,mindanao
alistair,Alistair,robinsons,robinsons-novaliches,Robinsons Novaliches,metro-manila
alice orig pancit malabon,Alice Orig Pancit Malabon 9985474866,robinsons,robinsons-santiago,Robinsons Place Santiago,north-luzon
ussc western union before,USSC -Western Union Before,robinsons,robinsons-tacloban,Robinsons Place Tacloban,visayas
ussc service store,USSC SERVICE STORE,robinsons,robinsons-las-pinas,Robinsons Place Las Pinas,metro-manila
uso fashion,USO FASHION,robinsons,robinsons-novaliches,Robinsons Novaliches,metro-manila
ursabia dance studio,URSABIA DANCE STUDIO,ayala,ayala-marikina,Ayala Malls Marikina,metro-manila
urod barber shop,UROD BARBER SHOP,robinsons,robinsons-starmills,Robinsons Starmills,north-luzon
urbidontics,URBIDONTICS,ayala,ayala-abreeza,Abreeza,mindanao
urban tech,Urban Tech,robinsons,robinsons-imus,Robinsons Place Imus,south-luzon
alemar graphics ads,ALEMAR GRAPHICS ADS,sm,sm-city-iloilo,SM City Iloilo,visayas
alegria,ALEGRIA,ayala,ayala-bonifacio-high-street,Bonifacio High Street,metro-manila
aleah cellphone & accessories store,ALEAH CELLPHONE & ACCESSORIES STORE,robinsons,robinsons-novaliches,Robinsons Novaliches,metro-manila
aldo accessories,Aldo Accessories,robinsons,robinsons-manila,Robinsons Place Manila,metro-manila
aldave dental implant and esthetic dentistry and medical,ALDAVE DENTAL IMPLANT AND ESTHETIC DENTISTRY AND MEDICAL,sm,sm-city-north-edsa,SM City North Edsa,metro-manila
alcoves,THE ALCOVES,ayala,ayala-center-cebu,Ayala Center Cebu,visayas
alcoan driving school,ALCOAN DRIVING SCHOOL,robinsons,robinsons-palawan,Robinsons Place Palawan,south-luzon
alchemy fiber,ALCHEMY FIBER,robinsons,robinsons-magnolia,Robinsons Magnolia,metro-manila
alchemy,Alchemy,robinsons,robinsons-magnolia,Robinsons Magnolia,metro-manila
vamos,VAMOS,megaworld,paseo-center,Paseo Center,metro-manila
value vision,VALUE VISION,ayala,ayala-harbor-point,Harbor Point,north-luzon
valsinni bridal salon,VALSINNI BRIDAL SALON,sm,sm-seaside-city-cebu,SM Seaside City Cebu,visayas
valsinni,Valsinni 9174976004,robinsons,robinsons-butuan,Robinsons Place Butuan,mindanao
valledens,Valleden's,robinsons,robinsons-pangasinan,Robinsons Place Pangasinan,north-luzon
valera dental center,VALERA DENTAL CENTER,sm,smdc-strip-at-mezza,SMDC Strip at Mezza,metro-manila
vadas,VADAS (TEMPORARILY CLOSED ),robinsons,robinsons-metro-east,Robinsons Metro East,metro-manila
vacheron constantin,VACHERON CONSTANTIN,ayala,ayala-greenbelt,Greenbelt,metro-manila
vaccination site,Vaccination Site,megaworld,greenhouse-village-square,The Greenhouse at Village Square,metro-manila
vacations to go,Vacations To Go,robinsons,robinsons-malolos,Robinsons Place Malolos,north-luzon
va bene pasta deli,VA BENE PASTA DELI,ayala,ayala-bonifacio-high-street,Bonifacio High Street,metro-manila
v store,V STORE,sm,sm-city-north-edsa,SM City North Edsa,metro-manila
v spa,V Spa,filinvest,dumaguete,Filinvest Malls Dumaguete,visayas
v maison,V Maison,filinvest,festival-mall,Festival Mall,metro-manila
v abarintos vision center,V ABARINTOS VISION CENTER,sm,sm-center-lemery,SM Center Lemery,south-luzon
uzumaki,Uzumaki,filinvest,festival-mall,Festival Mall,metro-manila
ve eusebio skin center,VE EUSEBIO SKIN CENTER,sm,sm-city-calamba,SM City Calamba,south-luzon
vclub vending machine,VClub Vending Machine,megaworld,paseo-center,Paseo Center,metro-manila
vcf kids church,Vcf Kids Church,filinvest,fora,Fora Mall,south-luzon
vcf (kids area),Vcf (kids Area),filinvest,festival-mall,Festival Mall,metro-manila
vcf,Vcf,filinvest,festival-mall,Festival Mall,metro-manila
vaxcen bakuna center,VAXCEN BAKUNA CENTER,sm,sm-megamall,SM Megamall,metro-manila
vavavoom,VAVAVOOM,ayala,ayala-market-market,Market! Market!,metro-manila
vault card shop,VAULT CARD SHOP,ayala,ayala-circuit,Ayala Malls Circuit,metro-manila
varda flame grill,VARDA FLAME GRILL,starmall,san-jose-del-monte,Starmall San Jose del Monte,north-luzon
varacco,VARACCO,sm,sm-city-north-edsa,SM City North Edsa,metro-manila
vapor station,VAPOR STATION,ayala,ayala-pavilion,Pavilion Mall,south-luzon
vape warehouse,Vape Warehouse,megaworld,eastwood-city-walk,Eastwood City Walk,metro-manila
vape depot philippines,VAPE DEPOT PHILIPPINES,robinsons,robinsons-novaliches,Robinsons Novaliches,metro-manila
vans outlet,VANS OUTLET,robinsons,robinsons-starmills,Robinsons Starmills,north-luzon
vanity circle salon,Vanity Circle Salon 8293-0914 /,robinsons,robinsons-magnolia,Robinsons Magnolia,metro-manila
vanilla skin,Vanilla Skin 8293-0914 / 09171799064 TEMPORARILY CLOSED,robinsons,robinsons-magnolia,Robinsons Magnolia,metro-manila
albarando & laboga dental clinic,Albarando & Laboga Dental Clinic (032)479-9319,robinsons,robinsons-cybergate-cebu,Robinsons Cybergate Cebu,visayas
alas nail spa,Alas Nail Spa,megaworld,california-garden-square,California Garden Square,metro-manila
al halal,Al Halal,filinvest,festival-mall,Festival Mall,metro-manila
al hafiz,Al-Hafiz,robinsons,robinsons-iligan,Robinsons Place Iligan,mindanao
al dente pasta & aperitivo bar,Al Dente Pasta & Aperitivo Bar,megaworld,forbes-town,Forbes Town,metro-manila
akita,AKITA,ayala,ayala-up-town-center,U. P. Town Center,metro-manila
akimitsu tendon,AKIMITSU TENDON,robinsons,robinsons-manila,Robinsons Place Manila,metro-manila
akh antonios bar n grill,AKH ANTONIOS BAR N GRILL,sm,sm-city-davao,SM City Davao,mindanao
akashiyaki,AKASHIYAKI,sm,sm-cherry-shaw,SM Center Shaw,metro-manila
akamon ramen bar,Akamon Ramen Bar,megaworld,festive-walk-mall-iloilo,Festive Walk Mall,visayas
akamon,AKAMON,sm,sm-city-iloilo,SM City Iloilo,visayas
akaigawa,Akaigawa,filinvest,festival-mall,Festival Mall,metro-manila
ajt gadget manila,AJT / Gadget Manila,ortigas,greenhills,Greenhills,metro-manila
vendo,VENDO,fishermall,malabon,Fisher Mall Malabon,metro-manila
velandres notary public,VELANDRES NOTARY PUBLIC 0918-3533511,robinsons,robinsons-sta-rosa,Robinsons Sta. Rosa,south-luzon
veger,VEGER,sm,sm-city-cebu,SM City Cebu,visayas
air 21,AIR 21,sm,sm-city-north-edsa,SM City North Edsa,metro-manila
aim dental avenue,AIM Dental Avenue,robinsons,robinsons-cybergate-davao,Robinsons Cybergate Davao,mindanao
verve,VERVE,sm,sm-city-iloilo,SM City Iloilo,visayas
vertext handyphones,VERTEXT HANDYPHONES,sm,sm-city-laoag,SM City Laoag,north-luzon
vertext,Vertext,robinsons,robinsons-ilocos,Robinsons Place Ilocos,north-luzon
versus barcade,Versus Barcade,megaworld,uptown-parade,Uptown Parade,metro-manila
versaphone,Versaphone,robinsons,robinsons-ilocos,Robinsons Place Ilocos,north-luzon
verity restaurant,VERITY RESTAURANT,sm,sm-city-butuan,SM City Butuan,mindanao
verite,VERITE,ayala,ayala-serendra,Shops at Serendra,metro-manila
verdiamonds,Verdiamonds,ortigas,greenhills,Greenhills,metro-manila
verde by villarosa,VERDE BY VILLAROSA,sm,sm-city-clark,SM City Clark,north-luzon
venoyfe,Venoyfe,filinvest,festival-mall,Festival Mall,metro-manila
venice creation,VENICE CREATION,ayala,ayala-market-market,Market! Market!,metro-manila
venice cineplex snackbar,Venice Cineplex - Snackbar,megaworld,venice-grand-canal-mall,Venice Grand Canal Mall,metro-manila
venice cineplex,Venice Cineplex,megaworld,venice-grand-canal-mall,Venice Grand Canal Mall,metro-manila
vengo,Vengo,filinvest,festival-mall,Festival Mall,metro-manila
victorias secret,VICTORIAS SECRET,sm,sm-megamall,SM Megamall,metro-manila
victoria semi permanent makeup & beauty spa,VICTORIA SEMI PERMANENT MAKEUP & BEAUTY SPA,ayala,ayala-solenad,Ayala Malls Nuvali,south-luzon
victoria farms,VICTORIA FARMS,ayala,ayala-solenad,Ayala Malls Nuvali,south-luzon
vicaria,Vicaria,ortigas,greenhills,Greenhills,metro-manila
viande,Viande,ortigas,the-strip,The Strip,metro-manila
vets in practice,Vets In Practice,megaworld,mckinley-west,McKinley West,metro-manila
vespa,VESPA,sm,sm-mall-of-asia,SM Mall of Asia,metro-manila
very important pets,Very Important Pets,megaworld,alabang-west-parade,Alabang West Parade,metro-manila
ajiichiban,Ajiichiban,ortigas,greenhills,Greenhills,metro-manila
aj tin,AJ-Tin,robinsons,robinsons-novaliches,Robinsons Novaliches,metro-manila
aivee institute,Aivee Institute,megaworld,forbes-town,Forbes Town,metro-manila
aivee cafe,AIVEE CAFÉ,ayala,ayala-vertis,Ayala Malls Vertis North,metro-manila
airwave,Airwave,waltermart,gapan,WalterMart Gapan,north-luzon
airwalk outland,Airwalk Outland,robinsons,robinsons-bacolod,Robinsons Place Bacolod,visayas
air wheels,Air Wheels,robinsons,robinsons-galleria-ortigas,Robinsons Galleria,metro-manila
air asia,Air Asia,filinvest,festival-mall,Festival Mall,metro-manila
vincent hobby shop,Vincent Hobby Shop,filinvest,festival-mall,Festival Mall,metro-manila
villarosa creations,VILLAROSA CREATIONS,sm,sm-city-clark,SM City Clark,north-luzon
villarica,Villarica,ortigas,greenhills,Greenhills,metro-manila
villalon padron dental clinic and dental laboratory,VILLALON-PADRON DENTAL CLINIC AND DENTAL LABORATORY,sm,sm-city-novaliches,SM City Novaliches,metro-manila
village art gallery,VILLAGE ART GALLERY,ayala,ayala-greenbelt,Greenbelt,metro-manila
vilcrafty handicraft,Vilcrafty Handicraft,araneta,farmers-plaza,Farmers Plaza,metro-manila
viktor jeans,VIKTOR JEANS,ayala,ayala-greenbelt,Greenbelt,metro-manila
vikings venue,VIKINGS VENUE,sm,sm-by-the-bay,SM By the Bay,metro-manila
vikings luxury buffet,VIKINGS LUXURY BUFFET (02) 8845-4647,robinsons,robinsons-antipolo,Robinsons Place Antipolo,metro-manila
viewers telecom,VIEWERS TELECOM,sm,sm-city-lucena,SM City Lucena,south-luzon
viewers mobile,Viewers Mobile,waltermart,makiling,WalterMart Makiling,south-luzon
viennes treasure fine jewelry,VIENNES TREASURE FINE JEWELRY,sm,sm-city-batangas,SM City Batangas,south-luzon
victory of althea travels & tours,VICTORY OF ALTHEA TRAVELS & TOURS,robinsons,robinsons-lipa,Robinsons Place Lipa,south-luzon
victory churches of asia,VICTORY CHURCHES OF ASIA,starmall,san-jose-del-monte,Starmall San Jose del Monte,north-luzon
victory church,Victory Church,ortigas,estancia,Estancia,metro-manila
victory,VICTORY,robinsons,robinsons-gentrias,Robinsons Place Gen. Trias,south-luzon
virtual station,Virtual Station,ortigas,greenhills,Greenhills,metro-manila
virtu salon,Virtu Salon,robinsons,robinsons-bacolod,Robinsons Place Bacolod,visayas
viro casa,VIRO CASA,ayala,ayala-greenbelt,Greenbelt,metro-manila
virgies homemade food products,VIRGIE'S HOMEMADE FOOD PRODUCTS,ayala,ayala-capitol-central,Ayala Malls Capitol Central,visayas
viptek,VIPTEK,sm,sm-city-davao,SM City Davao,mindanao
viphone,VIPHONE,ayala,ayala-center-cebu,Ayala Center Cebu,visayas
vip cinema,VIP Cinema,fishermall,quezonave,Fisher Mall Quezon Avenue,metro-manila
vintage vision optical,Vintage Vision Optical,robinsons,robinsons-dasmarinas,Robinsons Place Dasmarinas,south-luzon
vintage vision international,Vintage Vision International,robinsons,robinsons-starmills,Robinsons Starmills,north-luzon
vintage vision,Vintage Vision,robinsons,robinsons-dumaguete,Robinsons Place Dumaguete,visayas
vintage restore,VINTAGE RESTORE,sm,the-podium,The Podium,metro-manila
vintage photo booth,Vintage Photo Booth,robinsons,robinsons-dumaguete,Robinsons Place Dumaguete,visayas
vinfast,VINFAST,robinsons,robinsons-tuguegarao,Robinsons Place Tuguegarao,north-luzon
vinci medical aesthetics,Vinci Medical Aesthetics,filinvest,dumaguete,Filinvest Malls Dumaguete,visayas
vinchechill pasalubong shop,Vinchechill Pasalubong Shop,waltermart,balanga,WalterMart Balanga,north-luzon
vincents hobby shop,Vincent's Hobby Shop,araneta,farmers-plaza,Farmers Plaza,metro-manila
aia philippines,AIA PHILIPPINES,robinsons,robinsons-manila,Robinsons Place Manila,metro-manila
aia,AIA,robinsons,robinsons-galleria-ortigas,Robinsons Galleria,metro-manila
ai ren tang chinese drugstore,Ai Ren Tang Chinese Drugstore,megaworld,lucky-chinatown-imperial-wing,Lucky Chinatown - Imperial Wing,metro-manila
ai nails & body talk,AI NAILS & BODY TALK,sm,sm-center-pulilan,SM Center Pulilan,north-luzon
ai helmet depot,AI Helmet Depot,robinsons,robinsons-naga,Robinsons Place Naga,south-luzon
ahrome cafe,Ahrome Cafe,megaworld,california-garden-square,California Garden Square,metro-manila
ahead,Ahead,ortigas,greenhills,Greenhills,metro-manila
ah mah,Ah Mah,robinsons,robinsons-magnolia,Robinsons Magnolia,metro-manila
ah fong asian cuisine,AH FONG ASIAN CUISINE,sm,sm-city-cagayan-de-oro,SM City CDO Uptown,mindanao
vision worx,VISION WORX,sm,sm-city-puerto-princesa,SM City Puerto Princesa,south-luzon
vision express counter,Vision Express Counter,filinvest,festival-mall,Festival Mall,metro-manila
viseversa,VISEVERSA,ayala,ayala-trinoma,Trinoma,metro-manila
visa shawarma,VISA SHAWARMA,robinsons,robinsons-galleria-ortigas,Robinsons Galleria,metro-manila
visa center towards a brighter future,THE VISA CENTER TOWARDS A BRIGHTER FUTURE,sm,sm-city-cabanatuan,SM City Cabanatuan,north-luzon
virtuous cafe,VIRTUOUS CAFE,sm,sm-city-trece-martires,SM City Trece Martires,south-luzon
virtual world,VIRTUAL WORLD,sm,sm-seaside-city-cebu,SM Seaside City Cebu,visayas
afters,AFTERS,sm,sm-city-butuan,SM City Butuan,mindanao
after you,After You,filinvest,festival-mall,Festival Mall,metro-manila
after market,After Market,ortigas,greenhills,Greenhills,metro-manila
aficionado i,Aficionado I 0951-040-1593,robinsons,robinsons-ormoc,Robinsons Place Ormoc,visayas
aficianado,AFICIANADO,robinsons,robinsons-pagadian,Robinsons Pagadian,mindanao
afg la casa empanadas,AFG LA CASA EMPANADAS,ayala,ayala-market-market,Market! Market!,metro-manila
affinity dental clinic,AFFINITY DENTAL CLINIC,ayala,ayala-one-bonifacio-high-street,One Bonifacio High Street,metro-manila
vloved,VLOVED,robinsons,robinsons-galleria-ortigas,Robinsons Galleria,metro-manila
vivre medical group,THE VIVRE MEDICAL GROUP,sm,smdc-strip-at-shore,SMDC Strip at Shore,metro-manila
vivo i,Vivo I 0908-535-5625,robinsons,robinsons-ormoc,Robinsons Place Ormoc,visayas
viviers blooms,VIVIERS BLOOMS,sm,sm-city-lucena,SM City Lucena,south-luzon
vivaia,Vivaia,filinvest,festival-mall,Festival Mall,metro-manila
vital skin hub,THE VITAL SKIN HUB,sm,sm-city-pampanga,SM City Pampanga,north-luzon
visionpro clinic,VisionPro Clinic,megaworld,greenhouse-village-square,The Greenhouse at Village Square,metro-manila
aiken explore travel and tours,AIKEN EXPLORE TRAVEL AND TOURS,robinsons,robinsons-gapan,Robinsons Gapan,north-luzon
aicing embellish,Aicing Embellish,robinsons,robinsons-iligan,Robinsons Place Iligan,mindanao
waffle haus,WAFFLE HAUS,robinsons,robinsons-cainta,Robinsons Cainta,metro-manila
waffle,Waffle,waltermart,paniqui,WalterMart Paniqui,north-luzon
wacky photo studio,Wacky Photo Studio,robinsons,robinsons-los-banos,Robinsons Town Mall Los Banos,south-luzon
vxi global holdings,VXI GLOBAL HOLDINGS,robinsons,robinsons-cybergate-davao,Robinsons Cybergate Davao,mindanao
vvt,VVT,robinsons,robinsons-santiago,Robinsons Place Santiago,north-luzon
vuddy vuddy,VUDDY VUDDY,sm,sm-city-cabanatuan,SM City Cabanatuan,north-luzon
vsing philippines,VSing Philippines,megaworld,uptown-parade,Uptown Parade,metro-manila
vryrus gsm ent,Vryrus GSM Ent.,robinsons,robinsons-antipolo,Robinsons Place Antipolo,metro-manila
vq smart,VQ - SMART,sm,sm-city-lucena,SM City Lucena,south-luzon
vonel salon and spa,VONEL SALON AND SPA,ayala,ayala-serin,Ayala Malls Serin,south-luzon
voice solutions,VOICE SOLUTIONS,starmall,san-jose-del-monte,Starmall San Jose del Monte,north-luzon
voice,Voice,robinsons,robinsons-antipolo,Robinsons Place Antipolo,metro-manila
vmaxx cellphone & accessories shop,VMAXX Cellphone & Accessories Shop,waltermart,sta-rosa-bel-air,WalterMart Sta. Rosa Bel-Air,south-luzon
agua home,Agua Home,robinsons,robinsons-metro-east,Robinsons Metro East,metro-manila
agies,Agies,ortigas,greenhills,Greenhills,metro-manila
agave mexican cantina,Agave Mexican Cantina,megaworld,eastwood-city-walk,Eastwood City Walk,metro-manila
afficionado perfumes,Afficionado Perfumes,robinsons,robinsons-fuente,Robinsons Fuente,visayas
afficionado germany,Afficionado Germany,araneta,ali-mall,Ali Mall,metro-manila
aesthetiq wellness & spa,Aesthetiq Wellness & Spa,robinsons,robinsons-malolos,Robinsons Place Malolos,north-luzon
aesthetica dental and implant dental cente,Aesthetica Dental and Implant Dental Cente 0906-412-99574,robinsons,robinsons-cybergate-cebu,Robinsons Cybergate Cebu,visayas
aesop,AESOP,ayala,ayala-greenbelt,Greenbelt,metro-manila
aerostar,AEROSTAR,robinsons,robinsons-galleria-ortigas,Robinsons Galleria,metro-manila
aer,AER,robinsons,robinsons-magnolia,Robinsons Magnolia,metro-manila
aelisse wellness spa,AELISSE WELLNESS SPA,sm,sm-city-iloilo,SM City Iloilo,visayas
walker,Walker,araneta,farmers-plaza,Farmers Plaza,metro-manila
waling flowers,WALING FLOWERS,ayala,ayala-abreeza,Abreeza,mindanao
wai ying dimsum,Wai Ying Dimsum,megaworld,lucky-chinatown-imperial-wing,Lucky Chinatown - Imperial Wing,metro-manila
wagyu,Wagyu,megaworld,forbes-town,Forbes Town,metro-manila
wagas crafts,WAGAS CRAFTS,ayala,ayala-center-cebu,Ayala Center Cebu,visayas
wafflehaus,Wafflehaus,robinsons,robinsons-manila,Robinsons Place Manila,metro-manila
waffle time i,WAFFLE TIME I 0975-431-0182,robinsons,robinsons-ormoc,Robinsons Place Ormoc,visayas
waffle mate,WAFFLE MATE,sm,sm-city-pampanga,SM City Pampanga,north-luzon
advance chiropractic clinic,ADVANCE CHIROPRACTIC CLINIC,sm,sm-city-bacolod,SM City Bacolod,visayas
ads watch and jewelry accessories,ADS Watch And Jewelry Accessories,robinsons,robinsons-antique,Robinsons Place Antique,visayas
ads smoothies and pastries,ADS SMOOTHIES AND PASTRIES,robinsons,robinsons-roxas,Robinsons Place Roxas,visayas
adora,ADORA,ayala,ayala-greenbelt,Greenbelt,metro-manila
adobo connection,Adobo Connection,robinsons,robinsons-ilocos,Robinsons Place Ilocos,north-luzon
adionet,ADIONET,robinsons,robinsons-butuan,Robinsons Place Butuan,mindanao
adidas nbhd,ADIDAS NBHD,ayala,ayala-up-town-center,U. P. Town Center,metro-manila
wat pho,WAT PHO,robinsons,robinsons-malolos,Robinsons Place Malolos,north-luzon
washore laundry shop,WASHORE LAUNDRY SHOP,sm,smdc-strip-at-shore,SMDC Strip at Shore,metro-manila
washin where,WASHIN WHERE,sm,sm-city-baguio,SM City Baguio,north-luzon
wash up,WASH UP,ayala,ayala-center-cebu,Ayala Center Cebu,visayas
wash & wear,WASH & WEAR,robinsons,galleria-south,Robinsons Galleria South,south-luzon
wam skin clinic and medical spa,Wam Skin Clinic And Medical Spa,filinvest,festival-mall,Festival Mall,metro-manila
waltermart cinema,WalterMart Cinema,waltermart,gapan,WalterMart Gapan,north-luzon
walkstar shop rtr (res toe run),Walkstar Shop RTR (Res-Toe-Run),robinsons,robinsons-jaro,Robinsons Place Jaro,visayas
affinity dental,Affinity Dental,ortigas,estancia,Estancia,metro-manila
we smile dental imaging,We Smile Dental Imaging,robinsons,robinsons-imus,Robinsons Place Imus,south-luzon
wb courtside,WB Courtside,araneta,gateway-mall,Gateway Mall,metro-manila
waxcovado salon & spa,WAXCOVADO SALON & SPA,ayala,ayala-capitol-central,Ayala Malls Capitol Central,visayas
waxcovado,WAXCOVADO,sm,sm-city-bacolod,SM City Bacolod,visayas
watsons i,Watsons I 0917-816-4821,robinsons,robinsons-ormoc,Robinsons Place Ormoc,visayas
watsons drug,WATSONS DRUG,sm,sm-city-fairview,SM City Fairview,metro-manila
watsons beauty,WATSONS BEAUTY,sm,sm-city-fairview,SM City Fairview,metro-manila
watchlink,WATCHLINK,sm,sm-mall-of-asia,SM Mall of Asia,metro-manila
watchline sales & services i,WATCHLINE SALES & SERVICES I 0915-365-4325,robinsons,robinsons-palawan,Robinsons Place Palawan,south-luzon
watchline,Watchline,robinsons,robinsons-palawan,Robinsons Place Palawan,south-luzon
watch empire,Watch Empire,ortigas,estancia,Estancia,metro-manila
watch ceantral,WATCH CEANTRAL,robinsons,robinsons-tagum,Robinsons Place Tagum,mindanao
watami japanese restaurant,WATAMI JAPANESE RESTAURANT,sm,sm-city-clark,SM City Clark,north-luzon
watami grill sushi bar,WATAMI GRILL SUSHI BAR,sm,s-maison,S Maison,metro-manila
adventure,THE ADVENTURE,sm,sm-city-north-edsa,SM City North Edsa,metro-manila
advanced bone,ADVANCED BONE,robinsons,robinsons-cybergate-cebu,Robinsons Cybergate Cebu,visayas
wemart convenience store and cafe,Wemart Convenience Store and Cafe,megaworld,festive-walk-parade,Festive Walk Parade,visayas
wells,WELLS,ayala,ayala-manila-bay,Ayala Malls Manila Bay,metro-manila
wellohas,WELLOHAS,sm,sm-city-fairview,SM City Fairview,metro-manila
wellnessfix,WELLNESSFIX,sm,sm-city-clark,SM City Clark,north-luzon
wellness sanctuary,Wellness Sanctuary,megaworld,lucky-chinatown-mall,Lucky Chinatown Mall,metro-manila
wellness concepts,WELLNESS CONCEPTS,ayala,ayala-trinoma,Trinoma,metro-manila
wellness and soft nail salon,WELLNESS AND SOFT NAIL SALON,sm,smdc-strip-at-grass,SMDC Strip at Grass,metro-manila
wei wei cold store,WEI WEI COLD STORE,ayala,ayala-market-market,Market! Market!,metro-manila
wei renal care,Wei Renal Care,robinsons,robinsons-galleria-cebu,Robinsons Galleria Cebu,visayas
wego giftshop,WEGO GIFTSHOP,sm,sm-city-bacolod,SM City Bacolod,visayas
weeze,WEEZE,sm,sm-city-cabanatuan,SM City Cabanatuan,north-luzon
wedding library,THE WEDDING LIBRARY,sm,sm-megamall,SM Megamall,metro-manila
weaves & bows,Weaves & Bows,robinsons,robinsons-tacloban,Robinsons Place Tacloban,visayas
wearmilkshake,WEARMILKSHAKE,sm,sm-city-north-edsa,SM City North Edsa,metro-manila
wealth tea,WEALTH TEA,sm,sm-city-north-edsa,SM City North Edsa,metro-manila
we the people coffee,WE THE PEOPLE COFFEE,robinsons,opus,Opus Mall,metro-manila
addas confectionery,ADDAS CONFECTIONERY,sm,sm-center-sangandaan,SM Center Sangandaan,north-luzon
adc herrero general merchandise,Adc Herrero General Merchandise,araneta,ali-mall,Ali Mall,metro-manila
adams quest,ADAM'S QUEST,sm,sm-city-north-edsa,SM City North Edsa,metro-manila
adamas,Adamas,ortigas,greenhills,Greenhills,metro-manila
ada cellphone and accessories,ADA Cellphone and Accessories,robinsons,robinsons-galleria-cebu,Robinsons Galleria Cebu,visayas
ad lynx,AD LYNX,sm,sm-city-santa-rosa,SM City Santa Rosa,south-luzon
aczesoriz,Aczesoriz,robinsons,robinsons-ilocos,Robinsons Place Ilocos,north-luzon
acts manila,Acts Manila,megaworld,greenhouse-village-square,The Greenhouse at Village Square,metro-manila
acts church,Acts Church,filinvest,festival-mall,Festival Mall,metro-manila
active vision,Active Vision,robinsons,robinsons-malolos,Robinsons Place Malolos,north-luzon
active hearing,Active Hearing,robinsons,robinsons-lipa,Robinsons Place Lipa,south-luzon
active fun,ACTIVE FUN,sm,sm-megamall,SM Megamall,metro-manila
active eyewear,ACTIVE EYEWEAR,sm,sm-city-taytay,SM City Taytay,metro-manila
west print,WEST PRINT,robinsons,robinsons-butuan,Robinsons Place Butuan,mindanao
west elm,West Elm,ortigas,estancia,Estancia,metro-manila
wenourish,WENOURISH,sm,sm-city-north-edsa,SM City North Edsa,metro-manila
wildflour cafe,Wildflour Cafe,megaworld,uptown-parade,Uptown Parade,metro-manila
wildflour,WILDFLOUR,robinsons,opus,Opus Mall,metro-manila
wild wings unlimited wings rice and fries kyte,"WILD WINGS UNLIMITED WINGS, RICE AND FRIES KYTE",sm,sm-city-butuan,SM City Butuan,mindanao
wild west roadhouse grill,WILD WEST ROADHOUSE GRILL,ayala,ayala-bonifacio-high-street,Bonifacio High Street,metro-manila
widex,Widex,ortigas,greenhills,Greenhills,metro-manila
whse1 marketing,WHSE1 MARKETING,ayala,ayala-market-market,Market! Market!,metro-manila
wholesome table,THE WHOLESOME TABLE,ayala,ayala-bonifacio-high-street,Bonifacio High Street,metro-manila
whitestone animal clinic,Whitestone Animal Clinic,megaworld,southwoods-mall,Southwoods Mall,south-luzon
whiten premiere,WhiteN Premiere,ortigas,greenhills,Greenhills,metro-manila
whiten gluta lounge,WHITEN GLUTA LOUNGE,sm,sm-city-tuguegarao,SM City Tuguegarao,north-luzon
whimsical wonderland,Whimsical Wonderland,megaworld,eastwood-mall,Eastwood Mall,metro-manila
wexpress dhl,WExpress/DHL,robinsons,robinsons-jaro,Robinsons Place Jaro,visayas
wet park,Wet Park,megaworld,venice-grand-canal-mall,Venice Grand Canal Mall,metro-manila
western,WESTERN,sm,sm-megamall,SM Megamall,metro-manila
west smile dental,West Smile Dental,megaworld,alabang-west-parade,Alabang West Parade,metro-manila
addsome,Addsome,ortigas,greenhills,Greenhills,metro-manila
activate sports center,ACTIVATE SPORTS CENTER,sm,smdc-light-mall,SMDC Light Mall,metro-manila
across,ACROSS,sm,sm-city-marilao,SM City Marilao,north-luzon
acquasuisse perfume bar,ACQUASUISSE PERFUME BAR,ayala,ayala-abreeza,Abreeza,mindanao
acquasuisse,Acquasuisse,robinsons,robinsons-manila,Robinsons Place Manila,metro-manila
acom consumer finance incorporated,ACOM Consumer Finance Incorporated,waltermart,gapan,WalterMart Gapan,north-luzon
acom consumer finance corporaton,ACOM CONSUMER FINANCE CORPORATON,starmall,alabang,Starmall Alabang,metro-manila
acom consumer finance,ACOM Consumer Finance,waltermart,bicutan,WalterMart Bicutan,metro-manila
acom,ACOM,starmall,edsa-shaw,Starmall EDSA-Shaw,metro-manila
acne clinic,The Acne Clinic,robinsons,robinsons-cybergate-cebu,Robinsons Cybergate Cebu,visayas
acms medical and diagnostic services,ACMS MEDICAL AND DIAGNOSTIC SERVICES,sm,sm-city-trece-martires,SM City Trece Martires,south-luzon
acmobility,ACMOBILITY,robinsons,robinsons-roxas,Robinsons Place Roxas,visayas
acg medical clinic,ACG Medical Clinic,robinsons,robinsons-galleria-cebu,Robinsons Galleria Cebu,visayas
win makati church,WIN MAKATI CHURCH,ayala,ayala-circuit,Ayala Malls Circuit,metro-manila
wimpys,WIMPY’S,ayala,ayala-harbor-point,Harbor Point,north-luzon
wiltelcom prestige,WILTELCOM PRESTIGE,sm,sm-lanang,SM Lanang,mindanao
wilson,Wilson,filinvest,festival-mall,Festival Mall,metro-manila
witelcom,WITELCOM,robinsons,robinsons-tagum,Robinsons Place Tagum,mindanao
wireless avenue,WIRELESS AVENUE,sm,sm-city-iloilo,SM City Iloilo,visayas
wireless,Wireless,ortigas,greenhills,Greenhills,metro-manila
wiredbox,Wiredbox,ortigas,greenhills,Greenhills,metro-manila
wipe out carwash,WIPE OUT CARWASH,robinsons,robinsons-palawan,Robinsons Place Palawan,south-luzon
wink laser stuido,Wink Laser Stuido,robinsons,opus,Opus Mall,metro-manila
wingyard,WINGYARD,sm,sm-center-dagupan,SM Center Dagupan,north-luzon
wings wraps by aviesha,WINGS WRAPS BY AVIESHA,sm,sm-city-tuguegarao,SM City Tuguegarao,north-luzon
wings gate travel & tours,Wings Gate Travel & Tours,megaworld,uptown-mall,Uptown Mall,metro-manila
wingers unlimited flavored wings,WINGERS UNLIMITED FLAVORED WINGS,sm,sm-center-ormoc,SM Center Ormoc,visayas
winged potato,WINGED POTATO,sm,sm-city-lucena,SM City Lucena,south-luzon
wing it,WING IT,ayala,ayala-centrio,Centrio Mall,mindanao
wing bites,Wing Bites,waltermart,erodriguez,WalterMart E.Rodriguez,metro-manila
wing 2x korean chicken,WING 2X KOREAN CHICKEN,sm,sm-city-north-edsa,SM City North Edsa,metro-manila
wine story,Wine Story,megaworld,uptown-mall,Uptown Mall,metro-manila
win88win,WIN88WIN,sm,smdc-strip-at-shell,SMDC Strip at Shell,metro-manila
acefast,ACEFAST,sm,sm-mall-of-asia,SM Mall of Asia,metro-manila
acebedo panol optical,ACEBEDO PANOL OPTICAL,robinsons,robinsons-tuguegarao,Robinsons Place Tuguegarao,north-luzon
ace fashion,ACE FASHION 9209267708,robinsons,robinsons-butuan,Robinsons Place Butuan,mindanao
ace express,ACE EXPRESS,sm,smdc-jazz-mall,SMDC Jazz Mall,metro-manila
ace cream,Ace Cream,filinvest,main-square,Main Square,south-luzon
ace builders center,ACE BUILDERS CENTER,sm,sm-city-fairview,SM City Fairview,metro-manila
acdc learning center,ACDC LEARNING CENTER,ayala,ayala-the-district-imus,The District Imus,south-luzon
accenture,ACCENTURE,ayala,ayala-the-district-imus,The District Imus,south-luzon
wolflink wood smoked sausage and meats,WOLFLINK WOOD SMOKED SAUSAGE AND MEATS,ayala,ayala-malls-central-bloc,Ayala Malls Central Bloc,visayas
wolflink,WOLFLINK,sm,sm-megamall,SM Megamall,metro-manila
wok it food and beverage house,WOK IT FOOD AND BEVERAGE HOUSE,sm,sm-city-olongapo-central,SM City Olongapo Central,north-luzon
wok alley,WOK ALLEY,sm,sm-mall-of-asia,SM Mall of Asia,metro-manila
wm gadget hub,WM GADGET HUB,sm,sm-city-consolacion,SM City Consolacion,visayas
wlp lucky charms,Wlp Lucky Charms,filinvest,festival-mall,Festival Mall,metro-manila
wjf enterprise,Wjf Enterprise,filinvest,festival-mall,Festival Mall,metro-manila
wizards savory and sweet crepes,WIZARD'S SAVORY AND SWEET CREPES,robinsons,robinsons-novaliches,Robinsons Novaliches,metro-manila
ac 632,AC + 632,ayala,ayala-greenbelt,Greenbelt,metro-manila
abubot,ABUBOT,sm,sm-city-north-edsa,SM City North Edsa,metro-manila
abrillo furniture,ABRILLO FURNITURE,sm,sm-city-cagayan-de-oro,SM City CDO Uptown,mindanao
abracadabra,Abracadabra,ortigas,greenhills,Greenhills,metro-manila
abi cellphone accessories shop,ABI Cellphone Accessories Shop,robinsons,robinsons-gen-san,Robinsons Place GenSan,mindanao
abesamis dental clinic,Abesamis Dental Clinic,filinvest,festival-mall,Festival Mall,metro-manila
abenson appliance,ABENSON APPLIANCE,waltermart,erodriguez,WalterMart E.Rodriguez,metro-manila
wonderhome naturals,WONDERHOME NATURALS,robinsons,opus,Opus Mall,metro-manila
wondercity,WONDERCITY,robinsons,robinsons-ilocos,Robinsons Place Ilocos,north-luzon
wonder wharf train,WONDER WHARF TRAIN,robinsons,robinsons-metro-east,Robinsons Metro East,metro-manila
wonder wharf dino rides,WONDER WHARF DINO RIDES,robinsons,robinsons-metro-east,Robinsons Metro East,metro-manila
wonder rides,WONDER RIDES,waltermart,baliwag,WalterMart Baliwag,north-luzon
wonder play,WONDER PLAY,robinsons,robinsons-novaliches,Robinsons Novaliches,metro-manila
wonder city,WONDER CITY,robinsons,robinsons-ilocos,Robinsons Place Ilocos,north-luzon
womb world of my baby,WOMB WORLD OF MY BABY,sm,the-podium,The Podium,metro-manila
aceshield cellphone accessories,ACESHIELD CELLPHONE ACCESSORIES,sm,sm-city-north-edsa,SM City North Edsa,metro-manila
worlds finest liquor,The World's Finest Liquor,megaworld,newport-city,Newport City,metro-manila
world watch gallery,World Watch Gallery,robinsons,robinsons-otis,Robinsons Otis,metro-manila
world master international travel,WORLD MASTER INTERNATIONAL TRAVEL,robinsons,robinsons-novaliches,Robinsons Novaliches,metro-manila
world coffee,World Coffee,filinvest,festival-mall,Festival Mall,metro-manila
world chicken house,WORLD CHICKEN HOUSE,sm,sm-city-bacolod,SM City Bacolod,visayas
world balance satellite,WORLD BALANCE SATELLITE,robinsons,robinsons-ilocos,Robinsons Place Ilocos,north-luzon
world balance & easy soft,WORLD BALANCE & EASY SOFT,ayala,ayala-pavilion,Pavilion Mall,south-luzon
workstation appliances,WORKSTATION APPLIANCES,ayala,ayala-manila-bay,Ayala Malls Manila Bay,metro-manila
workplace cafe,WORKPLACE CAFE,ayala,ayala-malls-central-bloc,Ayala Malls Central Bloc,visayas
woodnymph korean restaurant,WOODNYMPH KOREAN RESTAURANT,sm,sm-city-baguio,SM City Baguio,north-luzon
wonton,Wonton,ortigas,greenhills,Greenhills,metro-manila
wong place,Wong Place,ortigas,estancia,Estancia,metro-manila
wondershake,Wondershake,robinsons,robinsons-dasmarinas,Robinsons Place Dasmarinas,south-luzon
accent hub,Accent Hub,filinvest,festival-mall,Festival Mall,metro-manila
acami massage spa,ACAMI MASSAGE SPA,sm,smdc-strip-at-shore,SMDC Strip at Shore,metro-manila
acami massage,Acami Massage,ortigas,greenhills,Greenhills,metro-manila
wxwise,WXWISE,robinsons,robinsons-las-pinas,Robinsons Place Las Pinas,metro-manila
wus kitchen,Wu's Kitchen,ortigas,estancia,Estancia,metro-manila
wrld bbq,WRLD BBQ,ortigas,greenhills,Greenhills,metro-manila
wristpod philip stein,WRISTPOD/PHILIP STEIN,ayala,ayala-feliz,Ayala Malls Feliz,metro-manila
wristpod,Wristpod,robinsons,robinsons-galleria-cebu,Robinsons Galleria Cebu,visayas
wrc toys,WRC Toys,ortigas,greenhills,Greenhills,metro-manila
wrapnatics,WRAPNATICS,robinsons,robinsons-starmills,Robinsons Starmills,north-luzon
wrap shop,WRAP SHOP,sm,sm-megamall,SM Megamall,metro-manila
wrap it,WRAP IT!,ayala,ayala-abreeza,Abreeza,mindanao
wrangler,Wrangler,robinsons,robinsons-santiago,Robinsons Place Santiago,north-luzon
wow travel more,WOW TRAVEL MORE,sm,sm-jmall,SM J Mall,visayas
wow travel,WOW Travel,robinsons,robinsons-fuente,Robinsons Fuente,visayas
wow panda malatang,Wow Panda Malatang,megaworld,lucky-chinatown-prosperity-wing,Lucky Chinatown - Prosperity Wing,metro-manila
wow cow hot pot,WOW COW HOT POT,sm,sm-by-the-bay,SM By the Bay,metro-manila
wow chow,WOW CHOW,ayala,ayala-manila-bay,Ayala Malls Manila Bay,metro-manila
would u like,Would U Like,fishermall,malabon,Fisher Mall Malabon,metro-manila
abc mart,Abc Mart,filinvest,festival-mall,Festival Mall,metro-manila
abc decor centre,ABC DECOR CENTRE,sm,sm-city-north-edsa,SM City North Edsa,metro-manila
abbas orchard montessori,Abba's Orchard Montessori,megaworld,venice-grand-canal-mall,Venice Grand Canal Mall,metro-manila
abbas orchard,The Abba's Orchard,ortigas,greenhills,Greenhills,metro-manila
abaton,Abaton,ortigas,greenhills,Greenhills,metro-manila
abalone,ABALONE,sm,sm-city-mindpro,SM City Mindpro,mindanao
a888 watch repair,A888 Watch Repair,robinsons,robinsons-los-banos,Robinsons Town Mall Los Banos,south-luzon
a2z driving school,A2Z Driving School,robinsons,robinsons-dasmarinas,Robinsons Place Dasmarinas,south-luzon
xcel driving school,Xcel Driving School,fishermall,quezonave,Fisher Mall Quezon Avenue,metro-manila
xaviers home of dialysis center,Xavier’s Home Of Dialysis Center,filinvest,main-square,Main Square,south-luzon
xamxen helmet depository,XAMXEN HELMET DEPOSITORY,sm,sm-city-naga,SM City Naga,south-luzon
x8r scooter rental,X8r Scooter Rental,filinvest,festival-mall,Festival Mall,metro-manila
x site,X-site,filinvest,festival-mall,Festival Mall,metro-manila
x sight,X-Sight,robinsons,robinsons-iligan,Robinsons Place Iligan,mindanao
x print,X-PRINT,ayala,ayala-trinoma,Trinoma,metro-manila
x play,X Play,robinsons,robinsons-iloilo,Robinsons Place Iloilo,visayas
xt pro computer,Xt Pro Computer,ortigas,greenhills,Greenhills,metro-manila
xpresso to go,Xpresso To Go,filinvest,festival-mall,Festival Mall,metro-manila
xpert key duplication,XPERT KEY DUPLICATION,sm,sm-southmall,SM Southmall,metro-manila
xooom auto spa,Xooom Auto Spa,robinsons,robinsons-galleria-cebu,Robinsons Galleria Cebu,visayas
xo46 heritage bistro,XO46 Heritage Bistro,ortigas,estancia,Estancia,metro-manila
xo 46 heritage bistro,XO 46 HERITAGE BISTRO,sm,s-maison,S Maison,metro-manila
xitrix,XITRIX,sm,sm-city-north-edsa,SM City North Edsa,metro-manila
xinyx design consultancy and services inc,XINYX DESIGN CONSULTANCY AND SERVICES INC,sm,sm-cdo-downtown,SM CDO Downtown Premier,mindanao
xinyi chicken,XINYI CHICKEN,sm,sm-city-legazpi,SM City Legazpi,south-luzon
xin chao vietnamese restaurant,XIN CHAO VIETNAMESE RESTAURANT,sm,sm-city-bacolod,SM City Bacolod,visayas
xie xie,XIE XIE,sm,sm-city-la-union,SM City La Union,north-luzon
xiao jiu noodle house,XIAO JIU NOODLE HOUSE,sm,smdc-strip-at-sea,SMDC Strip at Sea,metro-manila
xchange zamin foreign exchange,Xchange/Zamin Foreign Exchange,robinsons,robinsons-dumaguete,Robinsons Place Dumaguete,visayas
abel iloko,ABEL ILOKO,ayala,ayala-market-market,Market! Market!,metro-manila
abee barbeque corner,ABEE BARBEQUE CORNER,ayala,ayala-market-market,Market! Market!,metro-manila
abdg,ABDG,sm,sm-city-fairview,SM City Fairview,metro-manila
a z gadgets,A-Z GADGETS,robinsons,robinsons-las-pinas,Robinsons Place Las Pinas,metro-manila
a t m fruit corner,A.T.M. FRUIT CORNER,ayala,ayala-market-market,Market! Market!,metro-manila
a salonga music center school,A SALONGA MUSIC CENTER SCHOOL,sm,sm-city-cebu,SM City Cebu,visayas
a remax,A-REMAX,robinsons,robinsons-palawan,Robinsons Place Palawan,south-luzon
a new way to smile dental clinic,A NEW WAY TO SMILE DENTAL CLINIC,sm,sm-city-masinag,SM City Masinag,metro-manila
a moleta sign & crafts,A. MOLETA SIGN & CRAFTS,robinsons,robinsons-iloilo,Robinsons Place Iloilo,visayas
a la mode,A LA MODE,sm,sm-seaside-city-cebu,SM Seaside City Cebu,visayas
a l valencia dental clinic,A L VALENCIA DENTAL CLINIC,sm,sm-city-lucena,SM City Lucena,south-luzon
a create,A-CREATE,sm,sm-city-baliwag,SM City Baliwag,north-luzon
a bernardo jewelry,A.bernardo Jewelry,ortigas,greenhills,Greenhills,metro-manila
a b d g,A.B.D.G.+,megaworld,uptown-mall,Uptown Mall,metro-manila
yaki yaki,Yaki Yaki,megaworld,lucky-chinatown-mall,Lucky Chinatown Mall,metro-manila
yaels puto bumbong,YAEL'S PUTO BUMBONG,waltermart,balayan,WalterMart Balayan,south-luzon
yabu house of katsu,YABU: HOUSE OF KATSU,robinsons,robinsons-manila,Robinsons Place Manila,metro-manila
xtreme mobile,XTREME MOBILE,ayala,ayala-marquee,MarQuee Mall,north-luzon
xtreme appliances,XTREME APPLIANCES,robinsons,robinsons-gentrias,Robinsons Place Gen. Trias,south-luzon
yatai spa,Yatai Spa,megaworld,newport-city,Newport City,metro-manila
yasuo,Yasuo,robinsons,robinsons-manila,Robinsons Place Manila,metro-manila
yassys kitchen,YASSY'S KITCHEN,starmall,san-jose-del-monte,Starmall San Jose del Monte,north-luzon
yardstick coffee,YARDSTICK COFFEE,sm,moa-square,MOA Square,metro-manila
yardstick,YARDSTICK,robinsons,opus,Opus Mall,metro-manila
yao money changer,Yao Money Changer,robinsons,robinsons-tacloban,Robinsons Place Tacloban,visayas
yankee candle,YANKEE CANDLE,sm,s-maison,S Maison,metro-manila
yamang bukid health products,Yamang Bukid Health Products,waltermart,concepcion,WalterMart Concepcion,north-luzon
yam cosmetics,YAM COSMETICS,robinsons,robinsons-manila,Robinsons Place Manila,metro-manila
yalo,Yalo,ortigas,estancia,Estancia,metro-manila
yakutako,YAKUTAKO,robinsons,robinsons-los-banos,Robinsons Town Mall Los Banos,south-luzon
yakun kaya toast,YAKUN KAYA TOAST,ayala,one-ayala-mall,One Ayala,metro-manila
yaku restaurant,YAKU RESTAURANT,sm,the-podium,The Podium,metro-manila
a&t surprise gift shop,A&T SURPRISE GIFT SHOP,ayala,ayala-marquee,MarQuee Mall,north-luzon
a&ron massage chair,A&RON MASSAGE CHAIR,robinsons,robinsons-cainta,Robinsons Cainta,metro-manila
a&g,A&G,robinsons,robinsons-tacloban,Robinsons Place Tacloban,visayas
yogi hotdog,YOGI HOTDOG,sm,sm-city-lipa,SM City Lipa,south-luzon
ymca canteen,Ymca Canteen,filinvest,festival-mall,Festival Mall,metro-manila
yi technology,YI TECHNOLOGY,sm,sm-mall-of-asia,SM Mall of Asia,metro-manila
yhazer fudokato,YHAZER FUDOKATO,robinsons,robinsons-gen-san,Robinsons Place GenSan,mindanao
yeubo,YEUBO,robinsons,robinsons-pangasinan,Robinsons Place Pangasinan,north-luzon
yes please,Yes Please,megaworld,uptown-parade,Uptown Parade,metro-manila
yes land realty,Yes Land Realty 0917 133 6146,robinsons,robinsons-sta-rosa,Robinsons Sta. Rosa,south-luzon
yes gulu,YES GULU,sm,sm-city-sta-mesa,SM City Sta. Mesa,metro-manila
yeobos korean style corndog,YEOBOS KOREAN STYLE CORNDOG,sm,sm-city-pampanga,SM City Pampanga,north-luzon
yeobo korean style corndog,YEOBO KOREAN STYLE CORNDOG,robinsons,robinsons-novaliches,Robinsons Novaliches,metro-manila
yeobo corndog,YEOBO CORNDOG,robinsons,robinsons-la-union,Robinsons Place La Union,north-luzon
yellowrap shawarma house,Yellowrap Shawarma House,robinsons,robinsons-roxas,Robinsons Place Roxas,visayas
yellowcab,Yellowcab,robinsons,robinsons-tacloban,Robinsons Place Tacloban,visayas
yellow sweets cafe,YELLOW SWEETS CAFE,sm,sm-city-santa-rosa,SM City Santa Rosa,south-luzon
yellie & co,YELLIE & CO,sm,sm-city-baguio,SM City Baguio,north-luzon
yedang,Yedang,ortigas,estancia,Estancia,metro-manila
a & s miscellaneous fabric center,A & S MISCELLANEOUS FABRIC CENTER,ayala,ayala-glorietta,Glorietta,metro-manila
a & ron massage chair,A & RON MASSAGE CHAIR,robinsons,robinsons-cainta,Robinsons Cainta,metro-manila
a & r beauty,A & R Beauty,robinsons,robinsons-gentrias,Robinsons Place Gen. Trias,south-luzon
a & j cellphone accessories,A & J CELLPHONE ACCESSORIES,robinsons,robinsons-iligan,Robinsons Place Iligan,mindanao
a & b textile,A & B Textile,araneta,ali-mall,Ali Mall,metro-manila
a & a gadgets,A & A Gadgets,robinsons,robinsons-starmills,Robinsons Starmills,north-luzon
a,Anew,ortigas,greenhills,Greenhills,metro-manila
99 ranch store,99 Ranch Store,waltermart,macapagal,WalterMart W.MALL Macapagal,metro-manila
99 ranch,99 Ranch,megaworld,venice-grand-canal-mall,Venice Grand Canal Mall,metro-manila
9 silog,9 SILOG,sm,sm-city-trece-martires,SM City Trece Martires,south-luzon
8th ways spa,8th Ways Spa,megaworld,festive-walk-mall-iloilo,Festive Walk Mall,visayas
8th street spa,8TH STREET SPA,sm,sm-city-iloilo,SM City Iloilo,visayas
8th lane,8TH LANE,ayala,ayala-market-market,Market! Market!,metro-manila
yoi yoi tei,YOI YOI TEI,sm,sm-city-clark,SM City Clark,north-luzon
yohans apparel,YOHANS APPAREL,robinsons,robinsons-cainta,Robinsons Cainta,metro-manila
yoh froz,YOH FROZ,sm,sm-city-davao,SM City Davao,mindanao
ysa skin and body experts,Ysa Skin And Body Experts,filinvest,festival-mall,Festival Mall,metro-manila
ysa skin & body experts,Ysa Skin & Body Experts,robinsons,robinsons-metro-east,Robinsons Metro East,metro-manila
ysa dermatology & dentistry,Ysa Dermatology & Dentistry,robinsons,robinsons-galleria-ortigas,Robinsons Galleria,metro-manila
yrys,YRYS,sm,sm-city-fairview,SM City Fairview,metro-manila
yoyis pastries and desserts,Yoyi's Pastries and Desserts,robinsons,robinsons-north-tacloban,Robinsons North Tacloban,visayas
yoyis cakes & pastries,Yoyi's Cakes & Pastries,robinsons,robinsons-ormoc,Robinsons Place Ormoc,visayas
yoyi,YOYI,sm,sm-city-bacolod,SM City Bacolod,visayas
yowell all you can,YOWELL ALL YOU CAN,sm,sm-city-masinag,SM City Masinag,metro-manila
your eyewear specialist,Your Eyewear Specialist,fishermall,quezonave,Fisher Mall Quezon Avenue,metro-manila
your dental place,Your Dental Place,megaworld,newport-city,Newport City,metro-manila
younglim,YOUNGLIM,sm,sm-cdo-downtown,SM CDO Downtown Premier,mindanao
young artist studio,Young Artist Studio,ortigas,estancia,Estancia,metro-manila
yoshimeatsu,Yoshimeatsu,megaworld,san-lorenzo-place-mall,San Lorenzo Place Mall,metro-manila
yoshi meat su,Yoshi Meat-su,ortigas,greenhills,Greenhills,metro-manila
yoobao,YOOBAO,sm,sm-city-pampanga,SM City Pampanga,north-luzon
yong studio,YONG STUDIO,sm,sm-seaside-city-cebu,SM Seaside City Cebu,visayas
8a performance,8a Performance,araneta,ali-mall,Ali Mall,metro-manila
808,THE 808,sm,the-podium,The Podium,metro-manila
80 degrees ktv,80 DEGREES KTV,sm,sm-city-cagayan-de-oro,SM City CDO Uptown,mindanao
8 zettabytes,8 Zettabytes,ortigas,greenhills,Greenhills,metro-manila
8 seconds,8 SECONDS,robinsons,robinsons-manila,Robinsons Place Manila,metro-manila
8 cuts burgers,8 CUTS BURGERS,ayala,ayala-serendra,Shops at Serendra,metro-manila
8 cuts burger,8 Cuts Burger,megaworld,uptown-mall,Uptown Mall,metro-manila
789 fresh mart,789 Fresh Mart,megaworld,venice-grand-canal-mall,Venice Grand Canal Mall,metro-manila
712 insideout travel tours,712 INSIDEOUT TRAVEL TOURS,sm,sm-cdo-downtown,SM CDO Downtown Premier,mindanao
70s kimchi,70’s Kimchi,filinvest,festival-mall,Festival Mall,metro-manila
7 luxe,7 Luxe,filinvest,festival-mall,Festival Mall,metro-manila
ystilo,Ystilo,ortigas,greenhills,Greenhills,metro-manila
yssabelle aesthetics and wellness,YSSABELLE AESTHETICS AND WELLNESS,ayala,ayala-manila-bay,Ayala Malls Manila Bay,metro-manila
ysobel art gallery,YSOBEL ART GALLERY,ayala,ayala-serendra,Shops at Serendra,metro-manila
ysa skin care center dermatology dentistry,Ysa Skin Care Center Dermatology - Dentistry,megaworld,forbes-town,Forbes Town,metro-manila
ysa skin care,Ysa Skin Care,robinsons,robinsons-malolos,Robinsons Place Malolos,north-luzon
zaigold,Zaigold,ortigas,greenhills,Greenhills,metro-manila
zagu foods gf,ZAGU FOODS GF,starmall,edsa-shaw,Starmall EDSA-Shaw,metro-manila
zagu exterior,ZAGU EXTERIOR,starmall,edsa-shaw,Starmall EDSA-Shaw,metro-manila
zachys sweetreats pastillas collection,ZACHYS SWEETREATS PASTILLAS COLLECTION,sm,sm-city-north-edsa,SM City North Edsa,metro-manila
zachasia,Zachasia,filinvest,fora,Fora Mall,south-luzon
zabroso pizza & pasta,ZABROSO PIZZA & PASTA,sm,sm-city-roxas,SM City Roxas,visayas
za wrap food express,ZA-WRAP FOOD EXPRESS,sm,sm-city-calamba,SM City Calamba,south-luzon
z and z print labs,Z AND Z PRINT LABS,sm,sm-city-novaliches,SM City Novaliches,metro-manila
yves rocher france,Yves Rocher France,filinvest,festival-mall,Festival Mall,metro-manila
yvan,YVAN,robinsons,robinsons-dumaguete,Robinsons Place Dumaguete,visayas
yuvolt,YUVOLT,sm,sm-city-rosales,SM City Rosales,north-luzon
yummy treats,YUMMY TREATS,robinsons,robinsons-lipa,Robinsons Place Lipa,south-luzon
yummy panghimagas,YUMMY PANGHIMAGAS,sm,sm-city-pampanga,SM City Pampanga,north-luzon
yummy niku,YUMMY NIKU,sm,sm-city-cabanatuan,SM City Cabanatuan,north-luzon
yucca wellness spa,YUCCA WELLNESS SPA,sm,sm-mall-of-asia,SM Mall of Asia,metro-manila
8cuts burger,8Cuts Burger,ortigas,greenhills,Greenhills,metro-manila
511 tactical series,511 TACTICAL SERIES,sm,sm-mall-of-asia,SM Mall of Asia,metro-manila
50 50 burger steaks,50/50 BURGER STEAKS,robinsons,opus,Opus Mall,metro-manila
3geeks,3geeks,ortigas,greenhills,Greenhills,metro-manila
3g planet,3g Planet,filinvest,festival-mall,Festival Mall,metro-manila
3d dental clinic,3D DENTAL CLINIC,ayala,ayala-feliz,Ayala Malls Feliz,metro-manila
360 pharmacy,360 Pharmacy,filinvest,il-corso,IL Corso,visayas
360 barbers & beauty salon,360 BARBERS & BEAUTY SALON,robinsons,robinsons-gapan,Robinsons Gapan,north-luzon
3 barkeeteers,3 Barkeeteers,ortigas,tiendesitas,Tiendesitas,metro-manila
zao,ZAO,ortigas,greenhills,Greenhills,metro-manila
zandys goodies,ZANDY'S GOODIES 9685728514,robinsons,robinsons-butuan,Robinsons Place Butuan,mindanao
zamin exchange,Zamin Exchange,robinsons,robinsons-cybergate-davao,Robinsons Cybergate Davao,mindanao
zamin,Zamin,robinsons,robinsons-iloilo,Robinsons Place Iloilo,visayas
zakka life,ZAKKA LIFE,ayala,ayala-fairview-mall,Fairview Terraces,metro-manila
zakka,Zakka,filinvest,festival-mall,Festival Mall,metro-manila
zaki potato fries avenue,ZAKI POTATO FRIES AVENUE,sm,sm-city-lipa,SM City Lipa,south-luzon
zaine cosmetics,ZAINE COSMETICS,starmall,san-jose-del-monte,Starmall San Jose del Monte,north-luzon
zen zone massage chairs,ZEN-ZONE MASSAGE CHAIRS,ayala,ayala-abreeza,Abreeza,mindanao
zen sushi,ZEN SUSHI,sm,sm-lanang,SM Lanang,mindanao
zen cell,Zen Cell,filinvest,festival-mall,Festival Mall,metro-manila
zele wellness center,ZELE WELLNESS CENTER,sm,sm-city-grand-central,SM City Grand Central,metro-manila
zeiss vision center,Zeiss Vision Center,ortigas,greenhills,Greenhills,metro-manila
zedrick cellshop and laptop accessories,Zedrick Cellshop and Laptop Accessories,robinsons,robinsons-tuguegarao,Robinsons Place Tuguegarao,north-luzon
zedrick,Zedrick,robinsons,robinsons-tuguegarao,Robinsons Place Tuguegarao,north-luzon
zayre medical supplies,Zayre Medical Supplies,robinsons,robinsons-naga,Robinsons Place Naga,south-luzon
zaxy,ZAXY,sm,sm-city-santa-rosa,SM City Santa Rosa,south-luzon
zawrap shawarma,Zawrap Shawarma,waltermart,makiling,WalterMart Makiling,south-luzon
zatazza cafe,Zatazza Cafe,robinsons,robinsons-jaro,Robinsons Place Jaro,visayas
zarks,Zark's,megaworld,southwoods-mall,Southwoods Mall,south-luzon
zaras travel & tour cebu pacific,Zara's Travel & Tour - Cebu pacific,robinsons,robinsons-tagum,Robinsons Place Tagum,mindanao
zarah juan,ZARAH JUAN,ayala,ayala-greenbelt,Greenbelt,metro-manila
7 for all mankind,7 FOR ALL MANKIND,ayala,ayala-greenbelt,Greenbelt,metro-manila
7 brothers cellphone gallery,7 BROTHERS CELLPHONE GALLERY,robinsons,robinsons-novaliches,Robinsons Novaliches,metro-manila
0402 coffee,0402 Coffee,robinsons,robinsons-north-tacloban,Robinsons North Tacloban,visayas
zoofari,ZOOFARI,sm,sm-city-davao,SM City Davao,mindanao
zojirushi,ZOJIRUSHI,ayala,ayala-greenbelt,Greenbelt,metro-manila
zn pearl shake,ZN Pearl Shake,robinsons,robinsons-starmills,Robinsons Starmills,north-luzon
zl tax and accounting services,ZL Tax and Accounting Services,robinsons,robinsons-sta-rosa,Robinsons Sta. Rosa,south-luzon
zippo,ZIPPO,sm,sm-mall-of-asia,SM Mall of Asia,metro-manila
zip & bottons,ZIP & Bottons,robinsons,robinsons-starmills,Robinsons Starmills,north-luzon
zion 1,Zion-1,megaworld,forbes-town,Forbes Town,metro-manila
zids sticker shop,ZIDS STICKER SHOP,sm,sm-city-north-edsa,SM City North Edsa,metro-manila
zhulin restaurant,ZHULIN RESTAURANT,robinsons,robinsons-ilocos,Robinsons Place Ilocos,north-luzon
zhenzhu massage,Zhenzhu Massage,robinsons,robinsons-imus,Robinsons Place Imus,south-luzon
zhenti massage,ZHENTI MASSAGE,sm,sm-city-dasmarinas,SM City Dasmariñas,south-luzon
2xu,2XU,robinsons,opus,Opus Mall,metro-manila
2nd time around,2ND TIME AROUND,sm,sm-city-cebu,SM City Cebu,visayas
2nd street oysters,2nd Street Oysters,megaworld,alabang-west-parade,Alabang West Parade,metro-manila
2nd street oyster,2ND STREET OYSTER,sm,sm-megamall,SM Megamall,metro-manila
zu,Zu,ortigas,greenhills,Greenhills,metro-manila
ztwo,Ztwo,robinsons,robinsons-valencia,Robinsons Place Valencia,mindanao
zte mobile,ZTE MOBILE,sm,sm-city-dasmarinas,SM City Dasmariñas,south-luzon
zozo frozen yogurt,ZOZO FROZEN YOGURT,sm,sm-city-general-santos,SM City General Santos,mindanao
zorro boomz petshop,Zorro Boomz Petshop,ortigas,tiendesitas,Tiendesitas,metro-manila
zoomoov,Zoomoov,megaworld,lucky-chinatown-imperial-wing,Lucky Chinatown - Imperial Wing,metro-manila
19th street coffee shop,19TH STREET COFFEE SHOP,ayala,ayala-capitol-central,Ayala Malls Capitol Central,visayas
1870 cookie cartel,1870 Cookie Cartel,megaworld,venice-grand-canal-mall,Venice Grand Canal Mall,metro-manila
18 days coffee,18 DAYS COFFEE,ayala,ayala-solenad,Ayala Malls Nuvali,south-luzon
1624 noodle bar,1624 Noodle Bar,ortigas,greenhills,Greenhills,metro-manila
121 grill and restaurant,121 Grill and Restaurant,megaworld,eastwood-city-walk,Eastwood City Walk,metro-manila
12 monkeys music hall & pub,12 Monkeys Music Hall & Pub,ortigas,estancia,Estancia,metro-manila
10yenking,10YenKing,robinsons,robinsons-magnolia,Robinsons Magnolia,metro-manila
102 izakaya,102 IZAKAYA,ayala,ayala-glorietta,Glorietta,metro-manila
10 by tsukemen,10 by Tsukemen,robinsons,robinsons-magnolia,Robinsons Magnolia,metro-manila
1,1,robinsons,robinsons-manila,Robinsons Place Manila,metro-manila
