brand_key,n_malls_araneta,n_malls_ayala,n_malls_filinvest,n_malls_fishermall,n_malls_megaworld,n_malls_ortigas,n_malls_robinsons,n_malls_sm,n_malls_starmall,n_malls_waltermart,n_malls_total,n_chains,in_all_chains,in_multiple_chains,display_name
watsons,4,22,4,1,11,2,38,96,2,37,217,10,True,True,WATSONS
potato corner,0,26,4,2,13,2,48,83,3,36,217,9,False,True,POTATO CORNER
jollibee,0,18,1,2,2,2,40,86,4,25,180,9,False,True,JOLLIBEE
samsung,0,21,2,2,7,2,29,84,0,26,173,8,False,True,SAMSUNG
bench,3,22,1,2,7,1,42,78,3,13,172,10,True,True,BENCH
penshoppe,2,19,2,2,4,1,40,85,3,5,163,10,True,True,PENSHOPPE
bdo,0,12,0,2,2,3,13,107,1,23,163,8,False,True,BANCO DE ORO
executive optical,3,17,2,1,3,2,28,78,2,18,154,10,True,True,EXECUTIVE OPTICAL
vivo,1,11,1,2,1,1,25,81,0,21,144,9,False,True,VIVO
kfc,0,15,0,2,7,0,23,71,2,24,144,7,False,True,KFC
mang inasal,0,9,1,1,3,1,30,67,2,26,140,9,False,True,MANG INASAL
famous belgian waffles,0,24,0,0,3,0,17,79,0,16,139,5,False,True,FAMOUS BELGIAN WAFFLES
kettle korn,0,12,2,1,1,0,28,74,0,14,132,7,False,True,KETTLE KORN
ian darcy,3,17,1,1,4,0,23,70,0,13,132,8,False,True,IAN DARCY
national bookstore,1,18,0,0,7,2,9,85,3,7,132,8,False,True,NATIONAL BOOKSTORE
aficionado,1,9,1,2,1,0,29,59,0,24,126,8,False,True,AFICIONADO
oppo,1,5,1,2,0,1,20,78,2,14,124,9,False,True,OPPO
goldilocks,0,9,1,2,4,1,26,48,3,29,123,9,False,True,GOLDILOCKS
dunkin,0,0,1,0,8,0,11,72,0,29,121,5,False,True,DUNKIN
chowking,0,12,1,1,1,0,26,60,4,16,121,8,False,True,CHOWKING
greenwich,0,10,2,1,0,0,25,65,3,11,117,7,False,True,GREENWICH
aquaflask,1,18,1,0,4,0,21,66,0,4,115,7,False,True,AQUAFLASK
octagon,0,14,1,0,3,2,20,73,1,0,114,7,False,True,OCTAGON
ace hardware,0,1,1,1,0,2,0,89,0,20,114,6,False,True,ACE HARDWARE
classic savory,0,8,1,1,2,2,17,73,0,8,112,8,False,True,CLASSIC SAVORY
gong cha,0,10,2,2,4,2,22,64,2,3,111,9,False,True,GONG CHA
ideal vision center,1,15,1,0,2,0,7,83,0,0,109,6,False,True,IDEAL VISION CENTER
regatta,1,12,2,0,6,1,21,66,0,0,109,7,False,True,REGATTA
huawei,0,14,0,1,2,0,19,69,1,3,109,7,False,True,HUAWEI
lbc express,0,2,2,0,2,0,6,89,1,0,102,6,False,True,LBC EXPRESS
siomai house,0,13,1,0,3,1,23,23,2,35,101,8,False,True,Siomai House
realme,1,3,1,1,1,0,20,71,0,2,100,8,False,True,REALME
zagu,0,7,1,0,2,0,22,46,1,21,100,7,False,True,ZAGU
lbc,0,20,0,2,6,1,34,5,2,30,100,8,False,True,LBC
miniso,1,3,1,0,2,2,3,71,0,15,98,8,False,True,MINISO
infinix,0,3,1,1,0,0,21,55,0,16,97,6,False,True,INFINIX
chatime,0,6,0,0,5,0,6,48,0,32,97,5,False,True,CHATIME
red ribbon,0,5,1,2,0,0,18,47,2,20,95,7,False,True,RED RIBBON
fruitas,0,8,1,2,4,1,18,48,0,12,94,8,False,True,FRUITAS
shakeys,0,12,1,1,2,2,26,46,0,4,94,8,False,True,SHAKEYS
davids salon,0,16,1,0,3,1,21,41,0,9,92,7,False,True,DAVID'S SALON
dairy queen,0,15,2,1,4,0,16,51,1,2,92,8,False,True,DAIRY QUEEN
photoline,1,7,1,0,0,1,18,62,0,0,90,6,False,True,PHOTOLINE
candy corner,0,17,0,0,1,1,11,58,0,0,88,5,False,True,CANDY CORNER
levis,1,18,2,0,7,2,32,24,0,0,86,7,False,True,Levi's
botejyu,0,14,0,1,3,1,6,59,0,0,84,6,False,True,BOTEJYU
waffle time,0,8,2,1,2,0,30,16,1,24,84,8,False,True,Waffle Time
breadtalk,0,15,1,0,4,1,10,52,0,0,83,6,False,True,BREADTALK
sm appliance,0,0,0,0,0,1,0,82,0,0,83,2,False,True,SM APPLIANCE CENTER
bavin,2,5,1,0,0,0,14,57,1,3,83,7,False,True,BAVIN
lotto,0,0,0,1,0,0,15,49,0,17,82,4,False,True,LOTTO
mercury drug,3,21,0,2,4,2,20,0,2,28,82,8,False,True,Mercury Drug
face shop,1,11,1,0,5,0,5,58,0,0,81,6,False,True,THE FACE SHOP
turks shawarma,0,0,0,1,0,0,10,70,0,0,81,3,False,True,TURKS SHAWARMA
forme,0,6,1,0,2,1,11,59,0,0,80,6,False,True,FORME
starbucks coffee,0,0,2,0,0,0,0,78,0,0,80,2,False,True,STARBUCKS COFFEE
mcdonalds,0,12,1,2,12,1,8,33,3,8,80,9,False,True,MCDONALDS
unisilver,2,4,0,0,0,0,12,61,0,0,79,4,False,True,UNISILVER
turks,0,19,3,1,5,1,26,1,0,23,79,8,False,True,Turks
oxgn,1,7,1,0,0,0,6,64,0,0,79,5,False,True,OXGN
krispy kreme,0,14,1,1,2,1,9,46,0,4,78,8,False,True,KRISPY KREME
avocadoria ph,0,13,0,0,0,0,2,46,0,16,77,4,False,True,AVOCADORIA.PH
great image,0,3,1,0,4,0,3,63,1,1,76,7,False,True,GREAT IMAGE
lay bare waxing salon,0,13,1,1,0,0,2,53,0,4,74,6,False,True,LAY BARE WAXING SALON
core pacific money exchange,0,20,3,0,7,0,17,0,0,26,73,5,False,True,Core Pacific Money Exchange
maxs restaurant,0,7,0,0,4,0,15,45,2,0,73,5,False,True,MAXS RESTAURANT
master siomai,0,15,2,1,4,0,27,20,2,2,73,8,False,True,MASTER SIOMAI
world balance,2,18,2,2,3,1,37,7,1,0,73,9,False,True,World Balance
toms world,0,0,1,0,1,0,22,44,1,3,72,6,False,True,TOM'S WORLD
skin station,0,3,1,0,5,1,3,57,0,1,71,7,False,True,SKIN STATION
tokyo tokyo,0,11,1,1,3,1,11,43,0,0,71,7,False,True,TOKYO TOKYO
sm store,0,0,0,0,0,0,0,70,0,0,70,1,False,False,THE SM STORE
cln,2,11,0,0,1,1,6,49,0,0,70,6,False,True,CLN
shawarma shack,0,7,1,1,3,0,21,31,2,3,69,8,False,True,SHAWARMA SHACK
alberto,1,11,1,1,0,1,17,36,0,0,68,7,False,True,ALBERTO
power mac center,0,9,1,0,2,1,9,46,0,0,68,6,False,True,POWER MAC CENTER
bonchon,0,0,2,1,0,0,12,45,2,6,68,6,False,True,BONCHON
uniqlo,1,6,0,1,3,2,8,45,0,0,66,7,False,True,UNIQLO
lighters galore,3,14,1,2,4,1,22,19,0,0,66,8,False,True,LIGHTERS GALORE
silicon valley,0,7,1,0,0,0,14,43,0,0,65,4,False,True,SILICON VALLEY
surplus shop,0,0,0,0,0,0,0,64,0,1,65,2,False,True,SURPLUS SHOP
auntie annes,0,11,0,2,4,2,7,38,0,1,65,7,False,True,AUNTIE ANNES
plains & prints,2,11,1,1,4,1,8,36,0,0,64,8,False,True,PLAINS & PRINTS
crocs,1,8,1,0,2,2,5,45,0,0,64,7,False,True,CROCS
bpi,0,27,1,2,4,2,22,3,0,3,64,8,False,True,BANK OF THE PHILIPPINE ISLANDS
japan home centre,2,16,1,0,3,1,3,3,2,33,64,9,False,True,Japan Home Centre
mister donut,0,6,1,0,1,1,19,31,0,5,64,7,False,True,MISTER DONUT
mr quickie,0,6,1,2,5,1,8,30,2,9,64,9,False,True,MR QUICKIE
sm cinema,0,0,0,0,0,0,0,64,0,0,64,1,False,False,SM CINEMA
abenson,1,16,1,1,2,0,3,2,0,37,63,8,False,True,Abenson
zen zest,2,12,0,0,1,0,6,38,0,4,63,6,False,True,ZEN ZEST
sm supermarket,0,0,0,0,0,0,0,62,0,0,62,1,False,False,SM SUPERMARKET
guess,1,11,1,0,2,1,13,32,0,0,61,7,False,True,GUESS
smart,0,0,0,0,2,0,6,50,0,2,60,4,False,True,SMART
honor,0,0,1,0,0,0,16,39,0,4,60,4,False,True,HONOR
nails glow,0,6,0,0,3,0,10,19,1,21,60,6,False,True,Nails.Glow
havaianas,0,9,0,1,1,1,11,34,0,2,59,7,False,True,HAVAIANAS
relx,0,9,2,1,5,1,0,41,0,0,59,6,False,True,RELX
mr diy,1,13,1,0,5,3,1,7,0,28,59,8,False,True,MR. DIY
buko juan,0,6,1,0,4,0,10,22,0,15,58,6,False,True,BUKO JUAN
quantum,0,0,0,0,1,1,3,53,0,0,58,4,False,True,QUANTUM
digital walker,0,19,1,0,3,2,10,23,0,0,58,6,False,True,DIGITAL WALKER
robinsons supermarket,1,4,1,0,5,0,47,0,0,0,58,5,False,True,Robinsons Supermarket
starbucks,0,20,0,1,17,2,17,0,0,1,58,6,False,True,Starbucks
pc express,0,7,1,2,1,0,7,39,0,0,57,6,False,True,PC EXPRESS
mr kimbob,0,2,0,0,2,0,7,46,0,0,57,4,False,True,MR KIMBOB
pizza hut,0,7,0,1,3,0,5,39,1,1,57,7,False,True,PIZZA HUT
sprinto,0,6,0,0,3,0,12,36,0,0,57,4,False,True,SPRINTO
kuya j restaurant,0,4,1,0,0,0,3,48,0,0,56,4,False,True,KUYA J RESTAURANT
owndays,1,16,1,0,5,2,4,27,0,0,56,7,False,True,OWNDAYS
daiso japan,1,15,1,0,0,0,39,0,0,0,56,4,False,True,Daiso Japan
globe,0,0,0,1,0,0,7,44,0,4,56,4,False,True,GLOBE
mx memoxpress,0,0,0,0,0,0,0,53,0,2,55,2,False,True,MX MEMOXPRESS
audionet,0,11,0,0,0,0,10,32,0,2,55,4,False,True,AUDIONET
mi,0,0,0,0,0,0,2,53,0,0,55,2,False,True,MI
rulls,0,10,1,0,0,0,19,8,1,16,55,6,False,True,RULLS
keycards,0,7,0,0,0,0,4,43,0,0,54,3,False,True,KEYCARDS
kenny rogers,0,0,0,0,3,1,4,46,0,0,54,4,False,True,KENNY ROGERS
bayo,1,8,1,0,1,0,13,30,0,0,54,6,False,True,BAYO
macao imperial tea,0,2,0,0,2,0,11,39,0,0,54,4,False,True,MACAO IMPERIAL TEA
bibingkinitan,0,0,0,1,0,0,7,44,1,0,53,4,False,True,BIBINGKINITAN
dermcare,0,1,0,0,1,0,4,43,2,2,53,6,False,True,DERMCARE
ojo eyewear,2,4,1,0,3,0,10,33,0,0,53,6,False,True,OJO EYEWEAR
cafe mary grace,0,13,1,0,1,0,0,38,0,0,53,4,False,True,CAFE MARY GRACE
pickup coffee,0,13,0,0,7,0,11,9,0,13,53,5,False,True,PICKUP COFFEE
taters,0,10,1,1,0,1,9,29,0,2,53,7,False,True,TATERS
prescripto,2,6,1,0,1,0,9,32,1,1,53,8,False,True,PRESCRIPTO
rulls cellphone and accessories,0,0,0,0,0,0,0,52,0,0,52,1,False,False,RULLS CELLPHONE AND ACCESSORIES
sports central,0,0,0,0,0,2,0,49,0,1,52,3,False,True,SPORTS CENTRAL
handyman,2,0,1,0,0,0,28,1,0,20,52,5,False,True,Handyman
anytime fitness,0,12,3,2,7,1,4,22,0,0,51,7,False,True,ANYTIME FITNESS
sm cinema snackbar,0,0,0,0,0,0,0,51,0,0,51,1,False,False,SM CINEMA SNACKBAR
paotsin,0,5,0,1,4,0,14,0,1,26,51,6,False,True,Paotsin
world of fun,0,0,1,0,0,0,5,33,0,12,51,4,False,True,WORLD OF FUN
nailaholics,0,0,0,0,0,1,1,48,0,0,50,3,False,True,NAILAHOLICS
mendrez,0,8,1,0,0,0,6,34,0,0,49,4,False,True,MENDREZ
tecno,0,2,0,1,0,0,14,24,0,8,49,5,False,True,TECNO
picture city,0,9,0,1,0,0,15,11,1,12,49,6,False,True,Picture City
skechers,1,12,1,0,4,1,15,15,0,0,49,7,False,True,SKECHERS
adidas,0,13,1,1,5,2,9,17,0,0,48,7,False,True,ADIDAS
brunos barbers,0,15,1,0,5,2,5,20,0,0,48,6,False,True,BRUNO'S BARBERS
hey sugar waxing salon,0,13,1,0,0,0,1,33,0,0,48,4,False,True,HEY SUGAR WAXING SALON
chizmozza,0,5,1,2,1,0,16,21,0,2,48,7,False,True,CHIZMOZZA
broadway gems,2,13,2,0,0,0,20,7,2,1,47,7,False,True,BROADWAY GEMS
robinsons appliances,1,4,1,0,0,0,41,0,0,0,47,4,False,True,Robinsons Appliances
sunnies studios,1,6,1,0,2,1,7,29,0,0,47,7,False,True,SUNNIES STUDIOS
cellboy,0,1,0,0,0,0,0,44,2,0,47,3,False,True,CELLBOY
western union,0,0,0,2,0,0,29,0,0,16,47,3,False,True,Western Union
brownies unlimited,0,0,0,1,0,0,1,45,0,0,47,3,False,True,BROWNIES UNLIMITED
buko express,0,3,1,0,1,0,10,22,0,9,46,6,False,True,BUKO EXPRESS
dunkin donuts,0,15,0,2,0,0,23,4,2,0,46,5,False,True,Dunkin' Donuts
i watch straps batteries center,0,0,0,0,0,0,0,45,0,0,45,1,False,False,I-WATCH STRAPS BATTERIES CENTER
moto,0,1,0,0,0,0,13,31,0,0,45,3,False,True,MOTO
memo,0,6,2,0,1,1,3,32,0,0,45,6,False,True,MEMO
watch republic,1,7,1,0,0,1,6,28,0,0,44,6,False,True,WATCH REPUBLIC
onesimus,0,5,1,0,0,0,7,31,0,0,44,4,False,True,ONESIMUS
waltermart supermarket,0,1,0,0,0,0,0,0,0,43,44,2,False,True,WalterMart Supermarket
beauche international,0,2,0,0,0,0,4,34,0,4,44,4,False,True,BEAUCHE INTERNATIONAL
coco fresh tea and juice,0,0,1,0,1,0,0,42,0,0,44,3,False,True,COCO FRESH TEA AND JUICE
lets face it,0,3,1,0,0,0,2,38,0,0,44,4,False,True,LETS FACE IT
silverworks,0,4,0,1,1,0,4,34,0,0,44,5,False,True,SILVERWORKS
macbeth,1,0,0,0,0,0,5,37,0,0,43,3,False,True,MACBETH
potato giant,0,11,1,0,1,0,14,16,0,0,43,5,False,True,POTATO GIANT
hap chan,0,10,0,0,2,0,8,13,0,10,43,5,False,True,HAP CHAN
datablitz,0,15,1,0,2,0,4,20,0,0,42,5,False,True,DATABLITZ
vision express,1,10,0,0,3,1,4,23,0,0,42,6,False,True,VISION EXPRESS
acer,0,6,1,0,0,1,6,28,0,0,42,5,False,True,ACER
china bank,0,5,0,0,0,0,0,34,0,3,42,3,False,True,CHINA BANK
paras alter station,0,6,0,1,1,0,10,24,0,0,42,5,False,True,PARAS ALTER STATION
giordano,2,6,1,0,1,1,3,27,0,0,41,7,False,True,GIORDANO
mustela,0,13,0,0,3,1,4,20,0,0,41,5,False,True,MUSTELA
xundd,0,2,1,0,0,0,4,34,0,0,41,4,False,True,XUNDD
llao llao,0,0,1,0,2,0,6,32,0,0,41,4,False,True,LLAO LLAO
robinsons department store,0,3,1,0,0,0,37,0,0,0,41,3,False,True,Robinsons Department Store
7eleven,3,8,1,0,15,0,1,11,0,2,41,7,False,True,7-Eleven
gq barbershop,0,1,0,1,0,0,1,37,0,1,41,5,False,True,GQ BARBERSHOP
bagel girl,0,0,0,0,0,0,0,41,0,0,41,1,False,False,BAGEL GIRL
travel club,0,10,1,0,2,2,8,17,0,0,40,6,False,True,THE TRAVEL CLUB
hush puppies,2,9,1,0,4,1,5,18,0,0,40,7,False,True,HUSH PUPPIES
unisilver time,0,1,0,0,0,0,6,27,2,4,40,5,False,True,UNISILVER TIME
penshoppe accessories,0,2,0,0,0,0,3,35,0,0,40,3,False,True,PENSHOPPE ACCESSORIES
zarks burgers,0,0,0,0,0,0,1,38,0,0,39,2,False,True,ZARKS BURGERS
office warehouse,3,5,1,0,2,1,5,20,1,1,39,9,False,True,OFFICE WAREHOUSE
toys r us,0,19,1,0,3,1,15,0,0,0,39,5,False,True,TOYS R US
coffee bean & tea leaf,0,18,2,0,7,2,7,2,0,0,38,6,False,True,THE COFFEE BEAN & TEA LEAF
s&r new york style pizza,0,8,1,0,0,0,8,12,0,9,38,5,False,True,S&R NEW YORK STYLE PIZZA
buffalos wings n things,0,4,1,0,1,1,1,30,0,0,38,6,False,True,BUFFALO'S WINGS N' THINGS
quickly,0,6,0,0,0,1,7,21,0,3,38,5,False,True,QUICKLY
body shop,1,5,1,0,2,0,1,28,0,0,38,6,False,True,THE BODY SHOP
timezone,0,24,1,0,2,1,5,4,0,1,38,7,False,True,TIMEZONE
chris sports,0,9,0,0,0,1,1,26,0,0,37,4,False,True,CHRIS SPORTS
tronix imaging center,0,0,1,0,0,0,6,29,0,1,37,4,False,True,TRONIX IMAGING CENTER
french baker,0,4,0,0,1,0,4,27,0,1,37,5,False,True,THE FRENCH BAKER
tobys,0,0,0,0,0,0,1,35,0,0,36,2,False,True,TOBYS
fonestyle,0,0,1,0,2,0,3,29,0,1,36,5,False,True,FONESTYLE
games & gadgets,0,0,0,0,0,0,1,35,0,0,36,2,False,True,GAMES & GADGETS
giligans restaurant,0,5,1,0,0,0,0,30,0,0,36,3,False,True,GILIGAN'S RESTAURANT
robinsons movieworld,0,0,0,0,0,0,36,0,0,0,36,1,False,False,ROBINSONS MOVIEWORLD
burger king,0,5,1,0,1,1,2,25,1,0,36,7,False,True,BURGER KING
dr kong,0,15,1,0,3,2,5,10,0,0,36,6,False,True,DR. KONG
rest n go,0,8,1,0,2,0,7,11,0,6,35,6,False,True,REST N GO
davids for rever,0,0,0,0,0,0,0,35,0,0,35,1,False,False,DAVIDS FOR REVER
pancake house,0,11,1,1,2,1,3,15,0,1,35,8,False,True,PANCAKE HOUSE
bsd international,0,0,0,0,0,0,0,35,0,0,35,1,False,False,BSD INTERNATIONAL
tech101,0,4,0,0,0,0,4,27,0,0,35,3,False,True,TECH101
casio,0,7,1,0,0,0,7,20,0,0,35,4,False,True,CASIO
gerrys grill,0,12,1,1,3,1,16,0,0,0,34,6,False,True,GERRY'S GRILL
bisen,2,0,1,0,0,0,1,30,0,0,34,4,False,True,BISEN
asus,0,3,0,0,0,1,2,28,0,0,34,4,False,True,ASUS
xiaomi,0,6,1,2,0,1,14,2,1,7,34,8,False,True,Xiaomi
expressions,0,2,0,0,0,0,5,3,1,23,34,5,False,True,Expressions
payless shoesource,0,10,1,0,0,0,0,23,0,0,34,3,False,True,PAYLESS SHOESOURCE
h&m,1,10,1,0,1,0,5,16,0,0,34,6,False,True,H&M
sm foodcourt,0,0,0,0,0,0,0,33,0,0,33,1,False,False,SM FOODCOURT
pepper lunch,0,7,0,2,5,0,4,15,0,0,33,5,False,True,PEPPER LUNCH
ramen kuroda,0,7,1,0,4,0,3,18,0,0,33,5,False,True,RAMEN KURODA
all about baking,0,0,0,0,1,0,4,25,0,3,33,4,False,True,ALL ABOUT BAKING
life four cuts,0,0,1,0,2,1,8,21,0,0,33,5,False,True,LIFE FOUR CUTS
our home,0,0,0,0,0,1,0,32,0,0,33,2,False,True,OUR HOME
unica hija,0,4,0,0,1,0,12,16,0,0,33,4,False,True,UNICA HIJA
south star drug,0,0,0,0,0,0,32,1,0,0,33,2,False,True,South Star Drug
fully booked,1,9,0,0,1,1,0,20,0,0,32,5,False,True,FULLY BOOKED
bench body,2,0,0,0,0,0,0,28,1,1,32,4,False,True,BENCH BODY
j co donuts coffee,0,0,0,0,0,0,0,32,0,0,32,1,False,False,J CO DONUTS COFFEE
mia maison,0,0,1,1,1,0,1,28,0,0,32,5,False,True,MIA MAISON
cebuana lhuillier,0,8,1,1,4,0,16,0,1,1,32,7,False,True,Cebuana Lhuillier
cabalen,0,3,1,0,1,0,3,24,0,0,32,5,False,True,CABALEN
booksale,1,1,0,0,0,0,7,21,1,1,32,6,False,True,BOOKSALE
pan de manila,0,3,0,0,9,0,6,9,0,5,32,5,False,True,Pan De Manila
national book store,0,0,0,1,0,0,31,0,0,0,32,2,False,True,National Book Store
chingu buko house,0,4,0,0,0,0,11,12,0,4,31,4,False,True,CHINGU BUKO HOUSE
ramen nagi,0,9,1,0,1,2,5,13,0,0,31,6,False,True,RAMEN NAGI
banh mi kitchen,0,4,0,1,3,0,2,21,0,0,31,5,False,True,BANH MI KITCHEN
lenovo,0,5,1,0,0,1,3,21,0,0,31,5,False,True,LENOVO
sumo niku unlimited japanese barbeque,0,4,0,0,0,0,0,27,0,0,31,2,False,True,SUMO NIKU UNLIMITED JAPANESE BARBEQUE
healthy options,0,13,1,0,2,1,1,13,0,0,31,6,False,True,HEALTHY OPTIONS
mossimo,0,1,1,0,0,0,2,27,0,0,31,4,False,True,MOSSIMO
vibes massage,0,0,1,0,0,0,11,18,1,0,31,4,False,True,VIBES MASSAGE
gerrys restaurant,0,0,0,0,0,0,0,31,0,0,31,1,False,False,GERRY'S RESTAURANT
tokyo,0,9,1,0,5,2,6,8,0,0,31,6,False,True,@TOKYO
yellow cab,0,7,0,1,1,0,1,21,0,0,31,5,False,True,YELLOW CAB
vans,1,11,1,0,0,1,8,9,0,0,31,6,False,True,VANS
beautederm,0,3,0,0,0,0,6,22,0,0,31,3,False,True,BEAUTEDERM
happy skin,1,7,1,0,2,0,2,17,0,0,30,6,False,True,HAPPY SKIN
sbarro,0,5,1,1,2,2,4,15,0,0,30,7,False,True,SBARRO
coffee bean tea leaf,0,0,0,0,0,0,0,30,0,0,30,1,False,False,THE COFFEE BEAN TEA LEAF
mesa,0,10,1,1,2,1,3,12,0,0,30,7,False,True,MESA
aldo,0,11,0,0,3,1,2,13,0,0,30,5,False,True,ALDO
kidzooona,0,4,0,0,0,0,4,22,0,0,30,3,False,True,KIDZOOONA
imono,1,0,1,2,1,0,4,21,0,0,30,6,False,True,IMONO
asprey time,0,0,0,0,0,0,0,30,0,0,30,1,False,False,ASPREY TIME
converse,1,13,1,0,4,1,8,2,0,0,30,7,False,True,CONVERSE
scents co,0,10,0,1,0,0,13,6,0,0,30,4,False,True,THE SCENTS CO.
gubys chicharon espesyal,0,0,0,0,0,0,0,29,0,0,29,1,False,False,GUBY'S CHICHARON ESPESYAL
happy brows,0,7,0,0,1,0,3,18,0,0,29,4,False,True,HAPPY BROWS
alibaba,0,0,1,0,0,0,2,23,0,3,29,4,False,True,ALIBABA
mary grace,0,4,0,0,7,2,7,6,0,3,29,6,False,True,Mary Grace
serenitea,0,7,0,0,3,2,4,13,0,0,29,5,False,True,SERENITEA
bench fix salon,0,0,0,0,1,0,2,26,0,0,29,3,False,True,BENCH FIX SALON
sm hypermarket,0,0,0,0,1,0,0,27,0,0,28,2,False,True,SM HYPERMARKET
blk 513,0,6,1,0,3,0,3,15,0,0,28,5,False,True,BLK 513
bdo atm,0,0,1,0,11,0,8,6,1,1,28,6,False,True,BDO ATM
mesa filipino moderne,0,0,0,0,0,0,0,28,0,0,28,1,False,False,MESA FILIPINO MODERNE
buko ni fruitas,0,3,1,1,1,0,3,19,0,0,28,6,False,True,BUKO NI FRUITAS
anker,0,4,0,0,4,1,2,17,0,0,28,5,False,True,ANKER
fruity lemons,0,0,0,0,0,0,0,24,0,4,28,2,False,True,FRUITY LEMONS
w department store,0,1,0,0,0,0,0,0,0,27,28,2,False,True,W Department Store
medical city clinic,0,6,1,1,0,0,0,20,0,0,28,4,False,True,THE MEDICAL CITY CLINIC
coco fresh tea & juice,0,14,0,1,8,2,3,0,0,0,28,5,False,True,COCO FRESH TEA & JUICE
jockey,2,14,1,0,0,0,5,4,1,0,27,6,False,True,JOCKEY
alfamart,0,0,0,0,1,1,0,24,0,1,27,4,False,True,ALFAMART
johnn lemon,0,4,0,1,2,0,6,14,0,0,27,5,False,True,JOHNN LEMON
handyman do it best,0,9,0,0,0,0,18,0,0,0,27,2,False,True,Handyman Do It Best
techno kid,0,0,0,0,0,0,0,27,0,0,27,1,False,False,TECHNO KID
denim hub,0,5,1,0,2,0,12,7,0,0,27,5,False,True,DENIM HUB
blk cosmetics,1,8,1,0,3,0,2,12,0,0,27,6,False,True,BLK COSMETICS
avocadoria,0,0,1,2,3,2,19,0,0,0,27,5,False,True,Avocadoria
kyu kyu ramen 99,0,0,0,0,0,0,3,24,0,0,27,2,False,True,KYU KYU RAMEN 99
bioessence,1,2,0,0,1,1,2,20,0,0,27,6,False,True,BIOESSENCE
tecno mobile,0,0,0,0,0,0,1,26,0,0,27,2,False,True,TECNO MOBILE
jamaican patties,0,0,0,0,0,0,0,27,0,0,27,1,False,False,JAMAICAN PATTIES
human,1,2,0,0,0,0,2,20,0,1,26,5,False,True,HUMAN
asianic,0,1,1,0,0,0,0,23,0,1,26,4,False,True,ASIANIC
romantic baboy,0,6,2,0,2,0,5,11,0,0,26,5,False,True,ROMANTIC BABOY
lto,0,0,0,1,7,0,11,7,0,0,26,4,False,True,LTO
sizzling plate,0,0,0,0,0,0,0,26,0,0,26,1,False,False,SIZZLING PLATE
alter to fit,0,0,0,0,1,0,0,24,0,1,26,3,False,True,ALTER TO FIT
popeyes,0,0,1,0,5,1,3,16,0,0,26,5,False,True,POPEYES
zus coffee,0,0,1,0,3,1,12,8,0,1,26,6,False,True,ZUS COFFEE
stormtech,0,1,0,0,0,0,10,15,0,0,26,3,False,True,STORMTECH
spyder,0,0,1,0,0,0,3,22,0,0,26,3,False,True,SPYDER
blade,0,0,1,0,2,1,5,17,0,0,26,5,False,True,BLADE
italiannis,0,13,1,0,5,1,1,5,0,0,26,6,False,True,ITALIANNI'S
guanzon mobitek,0,0,0,0,0,0,5,18,1,2,26,4,False,True,GUANZON MOBITEK
new balance,1,10,1,0,5,1,5,3,0,0,26,7,False,True,NEW BALANCE
mango,1,11,0,0,3,0,2,8,0,0,25,5,False,True,MANGO
julies bakeshop,0,1,1,0,0,0,6,4,0,13,25,5,False,True,Julie's Bakeshop
2go,0,2,0,0,0,1,1,21,0,0,25,4,False,True,2GO
jbl,0,3,1,0,0,0,3,18,0,0,25,4,False,True,JBL
toy kingdom,0,0,1,1,0,1,0,22,0,0,25,4,False,True,TOY KINGDOM
mumuso,1,13,0,2,4,0,2,0,3,0,25,6,False,True,MUMUSO
wendys,0,1,1,2,3,1,2,15,0,0,25,7,False,True,WENDYS
parfois,1,6,1,0,0,1,3,13,0,0,25,6,False,True,PARFOIS
love link,0,1,0,0,0,0,1,23,0,0,25,3,False,True,LOVE LINK
gingersnaps,0,6,0,0,2,0,3,14,0,0,25,4,False,True,GINGERSNAPS
a 1 driving,0,0,0,0,2,0,0,23,0,0,25,2,False,True,A-1 DRIVING
itel mobile,0,0,1,0,0,0,0,23,1,0,25,3,False,True,ITEL MOBILE
freshaire,0,0,1,0,0,0,0,23,0,1,25,3,False,True,FRESHAIRE
pandora,1,6,1,0,2,1,2,11,0,0,24,7,False,True,PANDORA
blue magic,1,0,1,0,0,0,1,21,0,0,24,4,False,True,BLUE MAGIC
straightforward,1,10,0,0,1,0,1,11,0,0,24,5,False,True,STRAIGHTFORWARD
cotton on,0,6,1,1,1,0,0,15,0,0,24,5,False,True,COTTON ON
miguelitos ice cream,0,3,2,0,1,0,12,6,0,0,24,5,False,True,MIGUELITO'S ICE CREAM
res toe run,1,10,1,0,0,0,10,2,0,0,24,5,False,True,RES-TOE-RUN
speedo,1,12,0,0,2,0,2,7,0,0,24,5,False,True,SPEEDO
dji,0,2,1,0,0,0,2,19,0,0,24,4,False,True,DJI
time depot,0,0,0,1,0,0,2,21,0,0,24,3,False,True,TIME DEPOT
jg salo,0,0,0,0,0,0,0,24,0,0,24,1,False,False,JG SALO
kids paradise,0,5,0,2,0,0,10,7,0,0,24,4,False,True,KIDS PARADISE
phlpost,0,0,0,0,0,0,13,10,0,0,23,2,False,True,PHLPOST
lac nutrition for life,0,9,1,0,0,0,3,10,0,0,23,4,False,True,LAC NUTRITION FOR LIFE
infinitea,0,2,0,0,0,0,7,13,1,0,23,4,False,True,INFINITEA
pepa wings,0,4,0,0,1,0,6,12,0,0,23,4,False,True,PEPA WINGS
puma,1,10,1,0,4,1,3,3,0,0,23,7,False,True,PUMA
mang binatog,0,2,0,0,0,0,5,16,0,0,23,3,False,True,MANG BINATOG
bos coffee,0,4,0,0,1,1,5,12,0,0,23,5,False,True,BO'S COFFEE
yamang bukid,0,1,0,0,0,0,6,6,0,10,23,4,False,True,Yamang Bukid
shoe salon,1,15,0,0,2,1,2,2,0,0,23,6,False,True,SHOE SALON
brow lounge eyebrow grooming and waxing salon,0,0,0,0,0,0,0,23,0,0,23,1,False,False,BROW LOUNGE EYEBROW GROOMING AND WAXING SALON
memoxpress,0,8,0,0,0,0,15,0,0,0,23,2,False,True,Memoxpress
pet express,0,0,1,0,0,2,0,20,0,0,23,3,False,True,PET EXPRESS
ugreen,0,10,0,0,1,0,5,6,0,0,22,4,False,True,UGREEN
original penguin,0,11,1,0,3,0,3,4,0,0,22,5,False,True,ORIGINAL PENGUIN
sarabia optical,1,9,1,0,0,2,8,1,0,0,22,6,False,True,Sarabia Optical
marugame udon udon tempura,0,0,0,0,0,0,0,22,0,0,22,1,False,False,MARUGAME UDON UDON TEMPURA
cinnabon,0,4,1,0,0,2,2,13,0,0,22,5,False,True,CINNABON
at tokyo,0,0,0,0,0,0,0,22,0,0,22,1,False,False,AT TOKYO
motoworld,0,3,1,0,0,0,1,17,0,0,22,4,False,True,MOTOWORLD
planet sports,1,10,1,0,3,0,7,0,0,0,22,5,False,True,PLANET SPORTS
samgyeopmasarap,0,0,0,0,0,0,0,22,0,0,22,1,False,False,SAMGYEOPMASARAP
anta,1,7,0,0,3,0,7,4,0,0,22,5,False,True,ANTA
oakley,0,4,1,0,1,1,0,15,0,0,22,5,False,True,OAKLEY
remax,0,3,0,2,0,0,1,16,0,0,22,4,False,True,REMAX
karat world,0,5,0,0,0,0,4,13,0,0,22,3,False,True,KARAT WORLD
tech 101,0,0,0,0,0,0,6,15,0,1,22,3,False,True,TECH 101
razons of guagua,0,1,0,0,0,0,3,18,0,0,22,3,False,True,RAZONS OF GUAGUA
muhlach ensaymada,0,1,0,1,0,0,3,17,0,0,22,4,False,True,MUHLACH ENSAYMADA
popperoo,0,0,0,0,0,0,2,20,0,0,22,2,False,True,POPPEROO
dhl,0,0,0,0,1,1,4,16,0,0,22,4,False,True,DHL
ideal vision,1,0,2,1,0,1,12,0,0,4,21,6,False,True,Ideal Vision
sony,0,0,1,0,0,1,3,16,0,0,21,4,False,True,SONY
cibo,0,9,0,0,4,2,2,4,0,0,21,5,False,True,CIBO
ussc,0,11,0,0,3,0,6,0,0,1,21,4,False,True,USSC
awei,0,0,1,0,0,0,0,20,0,0,21,2,False,True,AWEI
game xtreme,0,5,1,0,0,0,1,14,0,0,21,4,False,True,GAME XTREME
lacoste,1,9,0,0,1,2,3,5,0,0,21,6,False,True,LACOSTE
watch central,1,0,0,0,0,0,7,13,0,0,21,3,False,True,WATCH CENTRAL
medical city,0,0,0,0,3,1,5,5,0,7,21,5,False,True,The Medical City
kamiseta,0,4,0,0,0,1,3,13,0,0,21,4,False,True,KAMISETA
philhealth,0,0,1,0,1,0,14,4,1,0,21,5,False,True,PHILHEALTH
famous belgian waffle,0,0,1,1,4,0,15,0,0,0,21,4,False,True,Famous Belgian Waffle
nature republic,0,9,1,0,1,1,2,7,0,0,21,6,False,True,NATURE REPUBLIC
medical depot,0,9,1,0,0,0,2,9,0,0,21,4,False,True,MEDICAL DEPOT
electroworld,0,4,0,0,1,0,0,15,0,1,21,4,False,True,ELECTROWORLD
giligans,0,0,1,0,4,2,7,0,2,5,21,6,False,True,Giligan's
ogawa,1,6,0,0,2,1,2,9,0,0,21,6,False,True,OGAWA
katinko,1,0,1,0,0,0,7,11,0,0,20,4,False,True,KATINKO
tribal gear,0,0,0,0,0,0,0,20,0,0,20,1,False,False,TRIBAL GEAR
siomai king,0,3,0,0,0,0,14,3,0,0,20,3,False,True,SIOMAI KING
but first coffee,0,0,2,0,1,0,3,14,0,0,20,4,False,True,BUT FIRST COFFEE
wrist pod,0,5,1,0,0,0,0,14,0,0,20,3,False,True,WRIST_POD
beyond the box,0,6,0,0,6,0,7,1,0,0,20,4,False,True,BEYOND THE BOX
thirsty,0,0,0,0,1,0,8,11,0,0,20,3,False,True,THIRSTY
sunnies face,0,8,1,0,2,1,2,6,0,0,20,6,False,True,SUNNIES FACE
bratpack,1,8,0,0,0,1,6,4,0,0,20,5,False,True,BRATPACK
sperry top sider,0,0,0,0,0,0,0,20,0,0,20,1,False,False,SPERRY TOP-SIDER
zencell cellphone accessories,0,0,0,0,0,0,0,20,0,0,20,1,False,False,ZENCELL CELLPHONE ACCESSORIES
takoyadon,0,0,0,0,1,0,5,14,0,0,20,3,False,True,TAKOYADON
taho story,0,0,0,0,0,0,6,9,0,4,19,3,False,True,TAHO STORY
mann hann,0,5,0,0,1,2,4,7,0,0,19,5,False,True,MANN HANN
lemon bar,0,0,0,0,0,0,1,1,0,17,19,3,False,True,Lemon Bar
fitflop,1,4,0,0,0,1,2,11,0,0,19,5,False,True,FITFLOP
sisig hooray,0,2,0,1,1,0,3,7,0,5,19,6,False,True,Sisig Hooray
bpi atm,0,0,1,0,9,0,8,1,0,0,19,4,False,True,BPI ATM
sense of scents,0,0,0,0,0,0,8,10,0,1,19,3,False,True,SENSE OF SCENTS
t j salon professionals,0,0,0,0,0,0,0,19,0,0,19,1,False,False,T J SALON PROFESSIONALS
buko loco,0,2,0,0,0,0,3,13,0,1,19,4,False,True,BUKO LOCO
anello,0,2,1,0,0,0,1,15,0,0,19,4,False,True,ANELLO
lazer music,1,0,1,0,0,0,0,16,0,1,19,4,False,True,LAZER MUSIC
texas roadhouse,0,9,0,0,3,1,3,3,0,0,19,5,False,True,TEXAS ROADHOUSE
garmin,0,5,0,0,3,0,1,10,0,0,19,4,False,True,GARMIN
papemelroti,1,4,0,0,0,1,1,12,0,0,19,5,False,True,PAPEMELROTI
happy lemon,0,4,1,0,2,2,3,7,0,0,19,6,False,True,HAPPY LEMON
sunnies specs,0,5,0,0,2,0,0,12,0,0,19,3,False,True,SUNNIES SPECS
ate ricas bacsilog,0,0,1,2,2,0,3,1,0,10,19,6,False,True,Ate Rica's Bacsilog
subway,0,3,1,0,3,0,1,11,0,0,19,5,False,True,SUBWAY
all flip flops,0,0,0,0,0,0,4,15,0,0,19,2,False,True,ALL FLIP FLOPS
rrj mr lee,0,2,0,0,0,0,16,0,1,0,19,3,False,True,RRJ/Mr. Lee
acqua suisse perfume bar,0,0,0,0,0,0,0,19,0,0,19,1,False,False,ACQUA SUISSE PERFUME BAR
llaollao,0,15,0,0,0,0,4,0,0,0,19,2,False,True,LLAOLLAO
real me,0,0,0,1,0,0,4,0,0,14,19,3,False,True,Real Me
yves rocher,0,4,0,0,0,1,5,9,0,0,19,4,False,True,YVES ROCHER
yabu,0,5,1,0,1,2,3,6,0,0,18,6,False,True,YABU
wash n wear,0,2,0,0,0,0,4,12,0,0,18,3,False,True,WASH N WEAR
kenny rogers roasters,0,12,1,0,0,0,5,0,0,0,18,3,False,True,KENNY ROGERS ROASTERS
gigahertz computer system,0,1,0,0,0,0,0,17,0,0,18,2,False,True,GIGAHERTZ COMPUTER SYSTEM
n cat,1,9,1,0,2,1,4,0,0,0,18,6,False,True,N. CAT
yogorino,0,1,0,0,0,1,1,15,0,0,18,4,False,True,YOGORINO
emo,0,0,1,0,0,0,0,15,0,2,18,3,False,True,EMO
loop,0,8,0,0,4,0,6,0,0,0,18,3,False,True,THE LOOP
banana peel,0,3,1,0,1,0,9,1,1,2,18,7,False,True,BANANA PEEL
pag ibig fund,0,3,0,0,0,0,15,0,0,0,18,2,False,True,PAG-IBIG FUND
spigen,0,7,1,0,1,1,2,6,0,0,18,6,False,True,SPIGEN
concorde,0,0,1,1,0,0,0,16,0,0,18,3,False,True,CONCORDE
manjaru,0,1,0,0,0,0,8,5,1,3,18,5,False,True,MANJARU
uncle johns,0,4,0,0,3,0,11,0,0,0,18,3,False,True,UNCLE JOHN'S
new era,1,4,0,0,1,1,1,10,0,0,18,6,False,True,NEW ERA
nike,1,5,1,0,0,0,3,8,0,0,18,5,False,True,NIKE
m lhuillier jewellers,0,3,0,0,0,0,1,14,0,0,18,3,False,True,M LHUILLIER JEWELLERS
i watch,0,5,1,0,0,0,7,5,0,0,18,4,False,True,I-WATCH
cinema,0,17,0,0,0,1,0,0,0,0,18,2,False,True,CINEMA
lugaw republic,0,2,1,0,0,0,7,2,1,5,18,6,False,True,LUGAW REPUBLIC
chilis,0,7,1,0,2,0,1,7,0,0,18,5,False,True,CHILI'S
posh nails,0,3,1,0,1,0,1,11,0,1,18,6,False,True,POSH NAILS
flying tiger copenhagen,1,12,1,0,0,0,0,4,0,0,18,4,False,True,FLYING TIGER COPENHAGEN
hydro flask,0,5,0,0,1,0,0,12,0,0,18,3,False,True,HYDRO FLASK
gaming grounds,0,0,0,0,0,0,0,17,0,0,17,1,False,False,GAMING GROUNDS
terranova,0,3,0,0,0,0,1,13,0,0,17,3,False,True,TERRANOVA
bonchon chicken,0,14,0,0,3,0,0,0,0,0,17,2,False,True,BONCHON CHICKEN
caramia cakes & gelato,0,0,0,0,0,0,1,16,0,0,17,2,False,True,CARAMIA CAKES & GELATO
hukad,0,3,1,0,1,0,4,8,0,0,17,5,False,True,HUKAD
synchro,0,1,0,0,1,0,15,0,0,0,17,3,False,True,Synchro
sandwich guy,0,0,0,0,1,0,3,13,0,0,17,3,False,True,THE SANDWICH GUY
dakasi,0,3,0,0,0,0,1,13,0,0,17,3,False,True,DAKASI
lil people,0,1,0,0,0,0,1,6,0,9,17,4,False,True,Li'l People
true value,0,9,1,0,3,1,3,0,0,0,17,5,False,True,TRUE VALUE
mr softy ice cream,0,0,0,0,0,0,0,17,0,0,17,1,False,False,MR SOFTY ICE CREAM
prc,0,0,0,0,2,0,15,0,0,0,17,2,False,True,PRC
aficionado germany perfume,0,0,0,0,0,0,2,15,0,0,17,2,False,True,AFICIONADO GERMANY PERFUME
spigen sgp,0,0,0,0,0,0,0,17,0,0,17,1,False,False,SPIGEN SGP
simply shoes,0,1,0,0,0,0,0,9,0,7,17,3,False,True,SIMPLY SHOES
manam,1,6,0,0,4,2,2,2,0,0,17,6,False,True,MANAM
arrow,0,2,0,0,1,1,1,12,0,0,17,5,False,True,ARROW
oro china,0,3,0,0,0,0,3,11,0,0,17,3,False,True,ORO CHINA
outland,0,3,0,0,1,0,12,1,0,0,17,4,False,True,Outland
abenson home,0,1,0,0,0,0,1,0,0,15,17,3,False,True,Abenson HOME
tealive,0,1,0,0,0,0,2,13,0,1,17,4,False,True,TEALIVE
urbanize,1,6,0,0,3,0,1,6,0,0,17,5,False,True,URBANIZE
panda express,0,0,1,0,0,1,1,12,0,2,17,5,False,True,PANDA EXPRESS
merrell,1,4,1,0,0,1,1,9,0,0,17,6,False,True,MERRELL
sss,0,0,0,0,0,0,12,5,0,0,17,2,False,True,SSS
tiger sugar,0,3,0,0,0,0,5,9,0,0,17,3,False,True,TIGER SUGAR
cuts 4 tots hair salon,0,3,0,0,0,0,1,12,0,0,16,3,False,True,CUTS 4 TOTS HAIR SALON
tgi fridays,0,9,0,0,4,0,3,0,0,0,16,3,False,True,TGI FRIDAY'S
st pauls,2,1,0,0,0,0,0,13,0,0,16,3,False,True,ST PAULS
wonder photo shop,0,2,0,0,0,1,1,12,0,0,16,4,False,True,WONDER PHOTO SHOP
g shock,1,6,1,0,1,0,2,5,0,0,16,6,False,True,G-SHOCK
pho hoa,0,4,0,0,4,1,4,3,0,0,16,5,False,True,Pho Hoa
aboys fresh lumpia,0,0,1,0,0,0,2,5,0,8,16,4,False,True,Aboy's Fresh Lumpia
brow studio,0,1,0,0,2,1,0,12,0,0,16,4,False,True,THE BROW STUDIO
loalde,0,4,0,0,0,0,1,11,0,0,16,3,False,True,LOALDE
xo,0,0,1,0,0,0,1,14,0,0,16,3,False,True,XO
ever,0,5,0,0,2,2,2,5,0,0,16,5,False,True,EVER NEW
coco,0,0,0,0,0,0,2,13,0,1,16,3,False,True,COCO+
robot,0,0,0,0,0,0,3,13,0,0,16,2,False,True,ROBOT
jr memoxpress,0,0,0,0,0,0,0,0,0,16,16,1,False,False,JR MemoXpress
tokyo tempura,0,4,0,0,0,0,2,9,0,1,16,4,False,True,TOKYO TEMPURA
dentacare,0,2,0,0,0,0,0,14,0,0,16,2,False,True,DENTACARE
hen lin,0,5,2,1,2,0,1,5,0,0,16,6,False,True,HEN LIN
fonerange,0,0,0,0,0,0,0,6,0,10,16,2,False,True,FONERange
chooks,0,0,1,0,0,0,4,11,0,0,16,3,False,True,CHOOKS
charles & keith,0,6,0,0,1,0,1,8,0,0,16,4,False,True,CHARLES & KEITH
tk takoyaki,0,1,0,0,0,0,3,5,0,7,16,4,False,True,TK TAKOYAKI
argentee,0,0,0,0,0,0,15,1,0,0,16,2,False,True,Argentee
mags closet boutique,0,3,0,0,0,0,0,13,0,0,16,2,False,True,MAGS CLOSET BOUTIQUE
robinsons bank,0,0,0,0,0,0,16,0,0,0,16,1,False,False,Robinsons Bank
origani,0,1,0,1,3,0,1,10,0,0,16,5,False,True,ORIGANI
peri peri charcoal chicken sauce bar,0,0,0,0,0,0,0,15,0,0,15,1,False,False,PERI PERI CHARCOAL CHICKEN SAUCE BAR
mi store,0,9,0,0,2,0,4,0,0,0,15,3,False,True,MI STORE
oxygen,0,0,1,0,1,1,10,0,2,0,15,5,False,True,Oxygen
pick up coffee,0,0,1,0,0,1,12,1,0,0,15,4,False,True,PICK UP COFFEE
sportshouse,0,0,0,0,0,0,1,14,0,0,15,2,False,True,SPORTSHOUSE
olympic village,2,4,1,2,0,0,5,1,0,0,15,6,False,True,Olympic Village
decathlon,0,4,1,0,1,1,2,6,0,0,15,6,False,True,DECATHLON
eo executive optical,0,4,0,1,0,0,6,4,0,0,15,4,False,True,EO EXECUTIVE OPTICAL
army navy burger burrito,0,7,0,0,1,0,0,7,0,0,15,3,False,True,ARMY NAVY BURGER + BURRITO
aerophone,0,6,0,0,0,0,2,7,0,0,15,3,False,True,AEROPHONE
reyes barbecue,0,5,0,0,0,0,3,7,0,0,15,3,False,True,REYES BARBECUE
mac,0,5,0,0,0,1,1,8,0,0,15,4,False,True,MAC
dermclinic,0,0,1,0,0,0,0,14,0,0,15,2,False,True,DERMCLINIC
lyric,0,1,0,0,0,0,1,13,0,0,15,3,False,True,LYRIC
dito telecommunity,0,3,0,0,0,0,1,11,0,0,15,3,False,True,DITO TELECOMMUNITY
salon de rose,0,3,1,0,0,0,4,7,0,0,15,4,False,True,SALON DE ROSE
maxicare,0,3,0,0,1,0,10,1,0,0,15,4,False,True,MAXICARE
plato wraps,0,2,1,0,0,0,3,9,0,0,15,4,False,True,PLATO WRAPS
karimadon,0,4,0,0,0,0,2,9,0,0,15,3,False,True,KARIMADON
clydes bread pastries,0,0,0,0,0,0,0,15,0,0,15,1,False,False,CLYDES BREAD PASTRIES
angels pizza,0,0,0,0,2,0,1,9,0,3,15,4,False,True,ANGELS PIZZA
nuat thai foot body massage,0,0,0,0,0,0,0,15,0,0,15,1,False,False,NUAT THAI FOOT BODY MASSAGE
nonos,0,0,1,0,4,0,4,6,0,0,15,4,False,True,NONO'S
filbars,1,6,1,0,2,0,1,4,0,0,15,6,False,True,FILBAR'S
mossimo kids,0,0,0,0,0,0,2,13,0,0,15,2,False,True,MOSSIMO KIDS
foot locker,1,6,1,0,3,2,1,1,0,0,15,7,False,True,FOOT LOCKER
hla,1,0,1,0,2,1,5,5,0,0,15,6,False,True,HLA
le jean de marithe francois girbaud,0,0,0,0,0,0,0,15,0,0,15,1,False,False,LE JEAN DE MARITHE FRANCOIS GIRBAUD
birkenstock,1,5,0,0,1,1,1,6,0,0,15,6,False,True,BIRKENSTOCK
chimmy,0,3,0,0,0,0,8,0,0,4,15,3,False,True,Chimmy
artwork,0,2,1,0,0,0,0,12,0,0,15,3,False,True,ARTWORK
bacolod chicken inasal,0,2,0,0,2,1,3,7,0,0,15,5,False,True,BACOLOD CHICKEN INASAL
iqos,0,2,1,0,0,1,1,10,0,0,15,5,False,True,IQOS
nailaholics nail salon and spa,0,14,0,1,0,0,0,0,0,0,15,2,False,True,NAILAHOLICS NAIL SALON AND SPA
fila,0,3,0,1,0,0,4,4,2,0,14,5,False,True,FILA
nailandia,0,0,1,0,2,1,7,0,0,3,14,5,False,True,Nailandia
asprey,1,8,1,0,0,1,3,0,0,0,14,5,False,True,ASPREY
la sedia,0,0,0,0,1,1,11,1,0,0,14,4,False,True,La Sedia
prestige,0,1,0,0,0,0,0,13,0,0,14,2,False,True,PRESTIGE
us polo assn,0,0,1,0,0,0,2,11,0,0,14,3,False,True,US POLO ASSN
herschel,0,6,0,0,1,0,0,7,0,0,14,3,False,True,HERSCHEL
vikings,0,0,0,0,1,0,0,13,0,0,14,2,False,True,VIKINGS
henlin,0,0,0,0,0,0,7,0,0,7,14,2,False,True,Henlin
savemore market,0,0,0,0,0,0,0,14,0,0,14,1,False,False,SAVEMORE MARKET
sunglass haven,0,5,1,0,4,2,2,0,0,0,14,5,False,True,Sunglass Haven
loop by power mac center,0,0,0,0,0,0,1,13,0,0,14,2,False,True,THE LOOP BY POWER MAC CENTER
showcase carpet,0,0,0,0,0,0,1,13,0,0,14,2,False,True,SHOWCASE CARPET
philip stein,0,4,1,0,0,0,2,7,0,0,14,4,False,True,PHILIP STEIN
furniture republic,1,8,1,1,2,0,1,0,0,0,14,6,False,True,FURNITURE REPUBLIC
greentelcom,0,0,0,0,0,0,4,6,0,4,14,3,False,True,Greentelcom
transfer it,0,0,0,1,0,0,10,1,0,2,14,4,False,True,Transfer It
blade auto center,0,14,0,0,0,0,0,0,0,0,14,1,False,False,BLADE AUTO CENTER
dogs and the city,0,9,0,0,4,1,0,0,0,0,14,3,False,True,DOGS AND THE CITY
core pacific,0,0,0,0,0,0,13,0,1,0,14,2,False,True,Core Pacific
bangs prime salon,0,3,1,0,1,0,1,8,0,0,14,5,False,True,BANGS PRIME SALON
contis bakeshop and restaurant,0,0,0,0,0,0,0,14,0,0,14,1,False,False,CONTIS BAKESHOP AND RESTAURANT
planet vape,0,2,0,0,0,0,1,11,0,0,14,3,False,True,PLANET VAPE
aeropostale,0,0,0,0,0,0,0,14,0,0,14,1,False,False,AEROPOSTALE
kidzoona,0,0,1,0,3,0,7,0,0,2,13,4,False,True,Kidzoona
m lhuillier,0,4,1,0,1,0,6,0,1,0,13,5,False,True,M Lhuillier
ayumi,0,4,0,0,5,0,2,2,0,0,13,4,False,True,AYUMI
tronix,0,1,0,0,0,0,11,0,1,0,13,3,False,True,Tronix
beabi,0,3,0,0,1,1,4,4,0,0,13,5,False,True,BEABI
azta urban salon,0,8,0,0,3,0,1,1,0,0,13,4,False,True,AZTA URBAN SALON
toolbox,0,0,0,0,0,0,1,8,0,4,13,3,False,True,TOOLBOX
nixx,0,0,0,0,0,0,0,13,0,0,13,1,False,False,NIXX
avocado locco,0,0,0,0,0,0,2,9,0,2,13,3,False,True,AVOCADO LOCCO
kiehls,0,5,0,0,1,0,2,5,0,0,13,4,False,True,KIEHL'S
nubia,0,0,1,0,0,0,3,9,0,0,13,3,False,True,NUBIA
vivere salon,0,3,1,0,2,2,2,3,0,0,13,6,False,True,VIVERE SALON
vionic,0,5,0,0,0,1,1,6,0,0,13,4,False,True,VIONIC
blue lite gadgets,0,0,0,0,1,0,0,12,0,0,13,2,False,True,BLUE LITE GADGETS
mobileworld,0,0,0,0,0,0,0,13,0,0,13,1,False,False,MOBILEWORLD
human nature,1,5,1,0,0,0,2,3,0,1,13,6,False,True,HUMAN NATURE
de original jamaican pattie shop,0,9,0,0,0,0,0,4,0,0,13,2,False,True,DE ORIGINAL JAMAICAN PATTIE SHOP
microvalley,0,0,0,0,0,0,0,13,0,0,13,1,False,False,MICROVALLEY
doctor leather,0,6,0,0,0,1,0,6,0,0,13,3,False,True,DOCTOR LEATHER
nail files,0,1,0,0,1,0,2,9,0,0,13,4,False,True,NAIL FILES
motivo,0,0,0,0,0,0,0,13,0,0,13,1,False,False,MOTIVO
fuma,0,7,0,0,0,0,2,4,0,0,13,3,False,True,FUMA
hearts arrows,0,0,0,0,0,0,0,13,0,0,13,1,False,False,HEARTS ARROWS
caramia,0,0,1,1,4,2,4,0,0,1,13,6,False,True,Caramia
fax parcel print,0,1,0,0,2,0,0,10,0,0,13,3,False,True,FAX PARCEL PRINT
jag,1,1,1,0,0,0,2,7,1,0,13,6,False,True,JAG
smart gadget,0,0,0,0,0,0,2,11,0,0,13,2,False,True,SMART GADGET
contis,0,0,1,0,4,0,7,0,0,1,13,4,False,True,Conti's
seattles best coffee,0,6,1,0,0,0,0,6,0,0,13,3,False,True,SEATTLES BEST COFFEE
fossil,0,4,1,0,0,0,1,7,0,0,13,4,False,True,FOSSIL
happy cup,0,0,0,0,2,0,0,11,0,0,13,2,False,True,HAPPY CUP
contis take out nook,0,0,0,1,0,0,0,12,0,0,13,2,False,True,CONTIS TAKE OUT NOOK
rcc amazing touch,0,0,1,0,0,0,0,12,0,0,13,2,False,True,RCC AMAZING TOUCH
silver wings,1,0,0,0,0,0,0,11,0,1,13,3,False,True,SILVER WINGS
rice in a box,0,0,0,0,0,0,3,0,1,9,13,3,False,True,Rice In A Box
gotcha prize,0,0,0,0,0,0,1,12,0,0,13,2,False,True,GOTCHA PRIZE
dermstrata,0,0,0,0,0,0,0,13,0,0,13,1,False,False,DERMSTRATA
cellstuff,0,0,0,0,0,0,0,0,0,13,13,1,False,False,Cellstuff
southstar drug,0,0,1,0,1,1,6,0,0,4,13,5,False,True,Southstar Drug
samgyupsalamat,0,2,1,1,3,0,2,4,0,0,13,6,False,True,SAMGYUPSALAMAT
joyroom,0,0,0,0,0,0,1,12,0,0,13,2,False,True,JOYROOM
marugame udon & tempura,0,10,0,1,0,0,1,0,0,0,12,3,False,True,MARUGAME UDON & TEMPURA
marugame udon,0,0,1,0,6,1,4,0,0,0,12,4,False,True,Marugame Udon
flawless face and body clinic,0,0,0,0,0,0,0,12,0,0,12,1,False,False,FLAWLESS FACE AND BODY CLINIC
lay bare,0,0,0,1,9,0,2,0,0,0,12,3,False,True,Lay Bare
samsonite,0,5,0,0,1,0,1,5,0,0,12,4,False,True,SAMSONITE
i lash extension,0,0,0,0,0,0,0,12,0,0,12,1,False,False,I-LASH EXTENSION
dr mobile,0,2,0,0,0,0,2,6,0,2,12,4,False,True,DR. MOBILE
monster wings,0,1,0,0,1,0,3,1,1,5,12,6,False,True,Monster Wings
sams everything on sticks,0,3,0,0,0,0,4,5,0,0,12,3,False,True,SAMS EVERYTHING ON STICKS
surgilight,0,0,0,0,0,0,1,11,0,0,12,2,False,True,SURGILIGHT
kipling,0,0,0,0,0,0,1,11,0,0,12,2,False,True,KIPLING
skinstation,0,12,0,0,0,0,0,0,0,0,12,1,False,False,SKINSTATION
frankies new york buffalo wings,0,3,0,0,1,0,2,6,0,0,12,4,False,True,FRANKIES NEW YORK BUFFALO WINGS
moshi manju,0,2,0,0,1,0,1,7,0,1,12,5,False,True,MOSHI MANJU
mothers touch,0,3,0,0,0,0,6,3,0,0,12,3,False,True,MOTHER'S TOUCH
cherry mobile,0,0,0,0,0,0,2,9,1,0,12,3,False,True,CHERRY MOBILE
triumph,1,1,1,0,0,1,1,7,0,0,12,6,False,True,TRIUMPH
hawker chan,0,2,0,0,0,0,0,10,0,0,12,2,False,True,HAWKER CHAN
greentab,0,0,0,0,1,0,4,6,1,0,12,4,False,True,GREENTAB
sst laptop,0,0,0,0,0,0,4,8,0,0,12,2,False,True,SST LAPTOP
bingo plus,0,0,0,0,0,0,3,9,0,0,12,2,False,True,BINGO PLUS
gems and jewels,0,0,0,0,1,0,0,7,0,4,12,3,False,True,GEMS AND JEWELS
bigbys,0,0,1,0,0,0,1,10,0,0,12,3,False,True,BIGBY'S
gibi,0,3,0,0,0,1,8,0,0,0,12,3,False,True,GIBI
pag ibig,0,0,0,0,1,0,5,6,0,0,12,3,False,True,PAG-IBIG
nailandia spa,0,0,0,0,0,0,0,12,0,0,12,1,False,False,NAILANDIA SPA
greenfresh,0,0,0,0,0,0,0,12,0,0,12,1,False,False,GREENFRESH
pldt smart,0,0,1,0,0,0,2,9,0,0,12,3,False,True,PLDT SMART
everything but cheese,0,0,0,1,0,0,1,10,0,0,12,3,False,True,EVERYTHING BUT CHEESE
jag jeans,0,0,0,0,0,0,0,12,0,0,12,1,False,False,JAG JEANS
kedma,0,2,0,0,3,0,2,5,0,0,12,4,False,True,KEDMA
techlife,0,1,0,0,0,0,4,5,0,2,12,4,False,True,TECHLIFE
keds,1,2,1,0,0,1,1,6,0,0,12,6,False,True,KEDS
figaro,0,3,0,0,0,0,2,4,0,3,12,4,False,True,FIGARO
kashieca,0,4,0,0,1,0,1,6,0,0,12,4,False,True,KASHIECA
inihaw express,0,1,0,1,0,0,1,9,0,0,12,4,False,True,INIHAW EXPRESS
picture picture,0,1,0,0,0,0,1,8,0,2,12,4,False,True,PICTURE PICTURE
j co donuts and coffee,0,12,0,0,0,0,0,0,0,0,12,1,False,False,J. CO DONUTS AND COFFEE
barenaked body sugaring salon,0,3,0,0,0,0,0,9,0,0,12,2,False,True,BARENAKED BODY SUGARING SALON
noodlemix,0,2,0,0,0,0,0,10,0,0,12,2,False,True,NOODLEMIX
dc shoes,0,0,0,0,0,0,1,10,0,0,11,2,False,True,DC SHOES
digimap,1,0,0,0,1,1,8,0,0,0,11,4,False,True,Digimap
aeon fantasy kidzooona,0,0,0,0,0,0,0,11,0,0,11,1,False,False,AEON FANTASY KIDZOOONA
mama lous italian kitchen,0,6,0,0,0,0,1,4,0,0,11,3,False,True,MAMA LOU'S ITALIAN KITCHEN
jamba juice,0,5,0,0,2,0,1,3,0,0,11,4,False,True,JAMBA JUICE
dhl express,0,9,1,0,0,0,1,0,0,0,11,3,False,True,DHL EXPRESS
security bank,0,3,2,0,4,1,1,0,0,0,11,5,False,True,Security Bank
rover systems,0,0,0,0,0,0,0,11,0,0,11,1,False,False,ROVER SYSTEMS
columbia sportswear,0,0,1,0,0,0,0,10,0,0,11,2,False,True,COLUMBIA SPORTSWEAR
just g,0,4,0,0,1,0,0,6,0,0,11,3,False,True,JUST G
yakimix,0,3,0,0,0,0,1,7,0,0,11,3,False,True,YAKIMIX
gringo chickenribsfriends,0,0,0,0,0,0,0,11,0,0,11,1,False,False,GRINGO CHICKENRIBSFRIENDS
soy yummy,0,1,0,0,0,1,0,9,0,0,11,3,False,True,SOY YUMMY
sonyda,0,0,0,1,0,0,9,0,0,1,11,3,False,True,SONYDA
kumon,0,4,1,1,1,0,3,1,0,0,11,6,False,True,KUMON
yayoi,0,2,0,0,1,1,0,7,0,0,11,4,False,True,YAYOI
new bistro deli,0,0,0,0,0,0,1,9,0,1,11,3,False,True,NEW BISTRO DELI
jisulife,0,0,0,0,1,0,3,7,0,0,11,3,False,True,JISULIFE
department of foreign affairs,0,0,1,0,0,0,2,8,0,0,11,3,False,True,DEPARTMENT OF FOREIGN AFFAIRS
genki sushi,0,4,0,0,0,0,1,6,0,0,11,3,False,True,GENKI SUSHI
sdl mobile,0,0,0,0,0,0,0,11,0,0,11,1,False,False,SDL MOBILE
davids tea house,0,2,0,1,0,0,0,8,0,0,11,3,False,True,DAVIDS TEA HOUSE
estee lauder,0,3,1,0,1,1,1,4,0,0,11,6,False,True,ESTEE LAUDER
celltime,0,0,0,0,0,0,0,11,0,0,11,1,False,False,CELLTIME
cell care center,0,0,0,0,0,0,0,11,0,0,11,1,False,False,CELL CARE CENTER
marketplace,0,3,0,0,7,0,1,0,0,0,11,3,False,True,The Marketplace
ribshack grill,0,0,0,0,0,0,0,11,0,0,11,1,False,False,RIBSHACK GRILL
techno,0,1,1,0,0,0,8,1,0,0,11,4,False,True,Techno
noodle house,0,2,0,0,1,0,7,0,0,1,11,4,False,True,NOODLE HOUSE
pldt,0,4,0,0,0,0,2,5,0,0,11,3,False,True,PLDT
scentsmith perfumery,0,0,0,0,0,0,0,11,0,0,11,1,False,False,SCENTSMITH PERFUMERY
clinique,0,3,0,0,0,1,2,5,0,0,11,4,False,True,CLINIQUE
el bonitos,0,0,0,0,0,0,0,4,0,7,11,2,False,True,El Bonito's
casa ilongga,0,1,0,0,0,0,5,5,0,0,11,3,False,True,CASA ILONGGA
mang cha a,0,0,0,0,0,0,3,7,0,1,11,3,False,True,MANG CHA-A
pepper lunch express,0,2,0,0,0,2,1,6,0,0,11,4,False,True,PEPPER LUNCH EXPRESS
onitsuka tiger,0,6,0,0,0,0,0,5,0,0,11,2,False,True,ONITSUKA TIGER
novodental,0,5,1,0,1,0,1,3,0,0,11,5,False,True,NOVODENTAL
www express,0,0,0,0,0,0,1,10,0,0,11,2,False,True,WWW EXPRESS
genevieve gozum,0,0,0,0,0,0,0,11,0,0,11,1,False,False,GENEVIEVE GOZUM
fun mobile,0,3,0,0,0,0,2,5,1,0,11,4,False,True,FUN MOBILE
manila hearing aid,0,3,0,0,0,1,0,7,0,0,11,3,False,True,MANILA HEARING AID
mobilecraze,0,0,0,0,0,0,2,8,0,0,10,2,False,True,MOBILECRAZE
rj guitar center,0,2,1,0,0,0,0,7,0,0,10,3,False,True,RJ GUITAR CENTER
lil orbits mini donuts,0,3,1,0,1,0,2,2,0,1,10,6,False,True,LIL' ORBITS MINI DONUTS
gintell showroom,0,0,0,0,0,0,0,10,0,0,10,1,False,False,GINTELL SHOWROOM
santinos supreme slice pizza,0,1,0,0,0,0,0,9,0,0,10,2,False,True,SANTINO'S SUPREME SLICE PIZZA
fast alter station,0,0,0,0,0,0,0,10,0,0,10,1,False,False,FAST ALTER STATION
mobilizer,0,0,0,0,0,1,1,8,0,0,10,3,False,True,MOBILIZER
so fab,0,0,0,0,0,0,0,10,0,0,10,1,False,False,SO FAB
mobile technology,0,0,0,0,0,0,0,10,0,0,10,1,False,False,MOBILE TECHNOLOGY
romoss,0,0,0,0,0,0,0,10,0,0,10,1,False,False,ROMOSS
eo kids & up,1,4,1,0,0,0,4,0,0,0,10,4,False,True,EO KIDS & UP
leylam,0,3,0,0,0,0,7,0,0,0,10,2,False,True,Leylam
gameline,0,0,0,0,0,1,0,9,0,0,10,2,False,True,GAMELINE
rrj,0,0,0,2,0,0,3,0,0,5,10,3,False,True,RRJ
lechon haus,0,0,0,0,0,0,1,9,0,0,10,2,False,True,LECHON HAUS
funhouse,0,0,0,0,0,0,0,0,0,10,10,1,False,False,Funhouse
lemon co,0,0,0,0,0,0,6,4,0,0,10,2,False,True,THE LEMON CO
egg,0,0,1,0,0,0,3,6,0,0,10,3,False,True,EGG
simply lemon,0,0,0,0,0,0,0,10,0,0,10,1,False,False,SIMPLY LEMON
skin perfect,0,0,0,0,0,0,9,0,0,1,10,2,False,True,Skin Perfect
perfume dessert,0,1,0,0,0,0,1,8,0,0,10,3,False,True,PERFUME DESSERT
pacsafe,0,3,0,0,0,0,1,6,0,0,10,3,False,True,PACSAFE
gugu manju,0,1,0,1,0,0,5,2,0,1,10,5,False,True,GUGU MANJU
collezione c2,0,2,0,0,0,0,0,8,0,0,10,2,False,True,COLLEZIONE C2
cole haan,0,4,1,0,0,1,0,4,0,0,10,4,False,True,COLE HAAN
tribal,0,1,1,0,0,0,3,5,0,0,10,4,False,True,TRIBAL
cocolife,0,0,0,0,0,0,0,10,0,0,10,1,False,False,COCOLIFE
north park,0,3,0,0,0,0,0,7,0,0,10,2,False,True,NORTH PARK
sweet bites,0,0,0,0,0,0,0,10,0,0,10,1,False,False,SWEET BITES
i tech,0,3,0,0,0,0,0,7,0,0,10,2,False,True,I.TECH
tah mee,0,2,1,0,1,1,5,0,0,0,10,5,False,True,TAH-MEE
manuka health,0,7,0,0,2,0,1,0,0,0,10,3,False,True,MANUKA HEALTH
manila bankers,0,0,1,0,1,0,8,0,0,0,10,3,False,True,Manila Bankers
cara mia,0,8,1,0,1,0,0,0,0,0,10,3,False,True,CARA MIA
capdase,0,1,0,0,0,0,0,9,0,0,10,2,False,True,CAPDASE
pcx gaming,0,0,0,0,0,0,1,9,0,0,10,2,False,True,PCX GAMING
pierre cardin,2,2,1,0,0,0,1,4,0,0,10,5,False,True,PIERRE CARDIN
tong yang plus,0,3,0,0,0,0,0,7,0,0,10,2,False,True,TONG YANG PLUS
k swiss,1,2,0,0,0,1,0,6,0,0,10,4,False,True,K-SWISS
perry ellis,0,4,1,0,0,0,2,3,0,0,10,4,False,True,PERRY ELLIS
racks,0,2,0,0,0,2,1,5,0,0,10,4,False,True,RACKS
alterations plus,0,5,0,0,1,0,1,3,0,0,10,4,False,True,ALTERATIONS PLUS
aksesoriz,0,0,0,0,1,0,1,8,0,0,10,3,False,True,AKSESORIZ
klgo,0,0,0,0,0,0,3,7,0,0,10,2,False,True,KLGO
ribshack,0,2,0,0,1,0,7,0,0,0,10,3,False,True,Ribshack
mr softy,0,2,0,1,0,0,5,0,0,2,10,4,False,True,MR. SOFTY
lotto outlet,0,3,1,0,0,0,5,0,1,0,10,4,False,True,LOTTO OUTLET
arroz ecija,0,0,0,0,0,0,10,0,0,0,10,1,False,False,Arroz Ecija
aukey,0,1,0,0,0,1,2,6,0,0,10,4,False,True,AUKEY
lil orbits,0,2,0,0,0,0,3,5,0,0,10,3,False,True,LIL ORBITS
lash wishes,0,3,0,0,0,0,0,6,0,0,9,2,False,True,LASH WISHES
healthy smile dental center,0,0,0,0,0,0,0,9,0,0,9,1,False,False,HEALTHY SMILE DENTAL CENTER
robinsons bank bpi,0,0,0,0,0,0,9,0,0,0,9,1,False,False,Robinsons Bank BPI
bose,0,3,1,0,0,0,0,5,0,0,9,3,False,True,BOSE
scent for senses,1,1,0,0,1,0,1,5,0,0,9,5,False,True,SCENT FOR SENSES
istore,0,4,0,0,0,0,1,4,0,0,9,3,False,True,ISTORE
karada,0,4,0,0,3,1,1,0,0,0,9,4,False,True,Karada
pizza pedricos,0,0,0,0,0,0,1,3,0,5,9,3,False,True,Pizza Pedrico's
dfa,0,0,1,0,0,0,7,0,0,1,9,3,False,True,DFA
binalot,0,2,0,1,1,0,5,0,0,0,9,4,False,True,BINALOT
jamaican pattie,0,0,1,2,0,1,4,0,0,1,9,5,False,True,Jamaican Pattie
george optical,0,0,0,0,0,0,0,9,0,0,9,1,False,False,GEORGE OPTICAL
kultura,0,0,0,0,0,1,0,8,0,0,9,2,False,True,KULTURA
far east medical equipment,0,0,0,0,0,0,0,9,0,0,9,1,False,False,FAR EAST MEDICAL EQUIPMENT
kamay kainan,0,1,0,0,0,0,2,6,0,0,9,3,False,True,KAMAY KAINAN
bike plus,0,0,0,0,0,0,0,9,0,0,9,1,False,False,BIKE PLUS
tong yang,0,0,0,0,1,1,2,5,0,0,9,4,False,True,Tong Yang
jb music,0,2,0,0,0,0,1,6,0,0,9,3,False,True,JB MUSIC
gladking,0,1,1,0,0,0,0,7,0,0,9,3,False,True,GLADKING
timex,0,2,0,0,0,0,1,6,0,0,9,3,False,True,TIMEX
gadget king,0,0,0,0,0,1,0,8,0,0,9,2,False,True,GADGET KING
tobys sports,1,2,1,0,0,1,4,0,0,0,9,5,False,True,Toby's Sports
peri peri charcoal chicken and sauce bar,0,6,0,0,3,0,0,0,0,0,9,2,False,True,PERI-PERI CHARCOAL CHICKEN AND SAUCE BAR
palladium,1,1,0,0,1,1,0,5,0,0,9,5,False,True,PALLADIUM
charriol,0,4,0,0,1,1,2,1,0,0,9,5,False,True,CHARRIOL
edamama,0,5,0,0,1,0,3,0,0,0,9,3,False,True,EDAMAMA
kiko milano,0,0,0,0,1,1,1,6,0,0,9,4,False,True,KIKO MILANO
smart driving,0,0,0,0,0,0,1,8,0,0,9,2,False,True,SMART DRIVING
healthy lemon,0,0,1,0,1,0,4,3,0,0,9,4,False,True,HEALTHY LEMON
comworks clickstore,0,0,0,0,0,0,0,9,0,0,9,1,False,False,COMWORKS CLICKSTORE
contis bakeshop & restaurant,0,9,0,0,0,0,0,0,0,0,9,1,False,False,CONTI'S BAKESHOP & RESTAURANT
sunnies specs optical,0,0,0,0,0,0,0,9,0,0,9,1,False,False,SUNNIES SPECS OPTICAL
fruitas house of desserts,0,3,0,0,0,0,1,5,0,0,9,3,False,True,FRUITAS HOUSE OF DESSERTS
sports barbers,0,0,0,0,0,0,1,8,0,0,9,2,False,True,SPORTS BARBERS
biblio,0,5,1,0,1,0,2,0,0,0,9,4,False,True,BIBLIO
superga,1,2,0,0,0,1,2,3,0,0,9,5,False,True,SUPERGA
swatch,0,3,0,0,0,0,1,5,0,0,9,3,False,True,SWATCH
denz candee floss,0,0,0,0,0,0,0,9,0,0,9,1,False,False,DENZ CANDEE FLOSS
rockspace,0,0,0,0,0,0,0,9,0,0,9,1,False,False,ROCKSPACE
christine lhuillier parfumerie,0,0,0,0,0,0,1,8,0,0,9,2,False,True,CHRISTINE LHUILLIER PARFUMERIE
prime steak house unlimited imported steak,0,0,0,0,0,0,0,9,0,0,9,1,False,False,PRIME STEAK HOUSE - UNLIMITED IMPORTED STEAK
hungry pita,0,0,0,0,0,0,8,0,0,1,9,2,False,True,The Hungry Pita
i play n ride,0,0,0,0,0,0,0,9,0,0,9,1,False,False,I PLAY N RIDE
sperry,1,3,1,0,1,1,1,1,0,0,9,7,False,True,Sperry
fixifoot,0,6,0,0,1,0,2,0,0,0,9,3,False,True,FIXIFOOT
royal gem,0,3,0,0,0,0,0,6,0,0,9,2,False,True,ROYAL GEM
chef tonys popcorn,0,0,1,0,0,0,0,8,0,0,9,2,False,True,CHEF TONYS POPCORN
i2i,0,1,1,0,0,0,1,6,0,0,9,4,False,True,i2i
tim ho wan,0,2,0,0,1,0,2,4,0,0,9,4,False,True,TIM HO WAN
mandaue foam,0,8,0,0,0,0,1,0,0,0,9,2,False,True,MANDAUE FOAM
nine west,1,5,0,0,0,0,1,2,0,0,9,4,False,True,NINE WEST
mothercare,0,5,0,0,1,0,1,2,0,0,9,4,False,True,MOTHERCARE
mia maison home fragrances,0,9,0,0,0,0,0,0,0,0,9,1,False,False,MIA MAISON HOME FRAGRANCES
active hearing center,0,1,1,0,1,0,0,6,0,0,9,4,False,True,ACTIVE HEARING CENTER
lugang cafe,0,1,0,0,0,1,1,6,0,0,9,4,False,True,LUGANG CAFE
zarks burger,0,5,1,1,1,0,1,0,0,0,9,5,False,True,ZARK'S BURGER
max mango,0,0,0,0,0,0,2,7,0,0,9,2,False,True,MAX MANGO
marcella,0,4,1,0,0,0,1,3,0,0,9,4,False,True,MARCELLA
nuat thai,0,0,1,1,4,0,2,0,1,0,9,5,False,True,Nuat Thai
zencell,0,0,1,0,0,0,2,0,0,6,9,3,False,True,Zencell
wiwi,0,0,0,0,0,0,0,9,0,0,9,1,False,False,WIWI
an original penguin by munsingwear,0,0,0,0,0,0,0,9,0,0,9,1,False,False,AN ORIGINAL PENGUIN BY MUNSINGWEAR
xchange,0,5,0,0,0,0,4,0,0,0,9,2,False,True,XCHANGE
apartment 8,0,8,0,0,0,1,0,0,0,0,9,2,False,True,APARTMENT 8
manam comfort filipino,0,0,1,0,0,0,0,8,0,0,9,2,False,True,MANAM COMFORT FILIPINO
wink laser studio,0,5,0,0,1,0,1,2,0,0,9,4,False,True,WINK LASER STUDIO
ayumi japan eyelash nail art salon,0,0,0,0,0,0,0,9,0,0,9,1,False,False,AYUMI JAPAN EYELASH NAIL ART SALON
avocadoriaph,0,0,0,0,0,0,0,9,0,0,9,1,False,False,AVOCADORIAPH
manila creamery,0,5,0,0,0,0,3,1,0,0,9,3,False,True,MANILA CREAMERY
modern shanghai,0,6,0,0,2,0,0,1,0,0,9,3,False,True,MODERN SHANGHAI
above sea level,0,2,0,0,0,0,6,0,1,0,9,3,False,True,ABOVE SEA LEVEL
metrobank,0,6,0,1,0,2,0,0,0,0,9,3,False,True,METROBANK
mr binatog,0,0,0,0,0,0,2,5,1,1,9,4,False,True,MR BINATOG
yumpanada,0,3,1,0,0,0,3,1,0,1,9,5,False,True,YUMPANADA
wacoal,0,2,1,0,3,0,1,2,0,0,9,5,False,True,Wacoal
aqua mineral,1,0,1,0,0,0,2,4,0,0,8,4,False,True,AQUA MINERAL
mom and me nails,0,1,0,0,0,1,0,6,0,0,8,3,False,True,MOM AND ME NAILS
msi,0,0,0,0,0,0,0,8,0,0,8,1,False,False,MSI
hoco,0,2,0,0,0,0,1,5,0,0,8,3,False,True,HOCO
lee,0,2,0,0,0,0,1,5,0,0,8,3,False,True,LEE
metrobank atm,0,0,1,0,3,0,3,0,0,1,8,4,False,True,Metrobank ATM
ricky reyes,0,0,0,0,0,1,0,7,0,0,8,2,False,True,RICKY REYES
beauche,0,0,0,1,0,0,6,0,0,1,8,3,False,True,Beauche
complink,0,1,0,0,0,0,2,5,0,0,8,3,False,True,COMPLINK
seiko,1,6,0,0,1,0,0,0,0,0,8,3,False,True,SEIKO
bureau of quarantine,0,0,0,0,4,0,3,1,0,0,8,3,False,True,Bureau of Quarantine
momoyo,0,0,0,0,0,0,1,7,0,0,8,2,False,True,MOMOYO
dimsum break,0,0,0,0,0,0,4,4,0,0,8,2,False,True,DIMSUM BREAK
government services express,0,0,0,0,0,0,0,8,0,0,8,1,False,False,GOVERNMENT SERVICES EXPRESS
cindys bakery and restaurant,0,0,0,0,0,0,0,0,0,8,8,1,False,False,Cindy's Bakery and Restaurant
cybertech,0,1,0,0,0,0,2,5,0,0,8,3,False,True,CYBERTECH
issy & co cosmetics,0,8,0,0,0,0,0,0,0,0,8,1,False,False,ISSY & CO. COSMETICS
dr james dental clinic,0,0,0,0,0,0,0,1,0,7,8,2,False,True,Dr. James Dental Clinic
svga,0,0,1,0,0,0,0,7,0,0,8,2,False,True,SVGA
dennys,0,1,0,0,3,1,2,1,0,0,8,5,False,True,Denny's
jins,0,1,1,0,0,1,2,3,0,0,8,5,False,True,JINS
yes your eyewear specialist,0,0,0,0,0,0,0,8,0,0,8,1,False,False,YES - YOUR EYEWEAR SPECIALIST
kumori japanese bakery cafe,0,0,0,0,0,0,0,8,0,0,8,1,False,False,KUMORI JAPANESE BAKERY CAFE
pick n save,0,0,3,0,4,0,1,0,0,0,8,3,False,True,Pick 'N Save
after tree dessert cafe,0,0,0,0,0,0,0,8,0,0,8,1,False,False,AFTER TREE DESSERT CAFÉ
nespresso,0,5,0,0,0,0,1,2,0,0,8,3,False,True,NESPRESSO
nanyang,0,0,0,0,0,1,3,4,0,0,8,3,False,True,NANYANG
tgp,1,1,0,0,0,0,6,0,0,0,8,3,False,True,The Generics Pharmacy
quiksilver,0,2,0,0,0,0,0,6,0,0,8,2,False,True,QUIKSILVER
lots a pizza,0,1,0,2,0,1,2,1,0,1,8,6,False,True,Lots A Pizza
kyu kyu 99 ramen,0,8,0,0,0,0,0,0,0,0,8,1,False,False,KYU KYU 99 RAMEN
skin 101,0,2,0,0,0,0,0,6,0,0,8,2,False,True,SKIN 101
mandarin tea garden,0,2,0,0,0,0,2,4,0,0,8,3,False,True,MANDARIN TEA GARDEN
funtime,0,0,0,0,0,0,0,8,0,0,8,1,False,False,FUNTIME
shrimp bucket,0,6,0,0,1,1,0,0,0,0,8,3,False,True,SHRIMP BUCKET
kkv,1,0,1,0,3,1,2,0,0,0,8,5,False,True,KKV
iconic socks,1,5,0,0,1,0,1,0,0,0,8,4,False,True,ICONIC SOCKS
victory christian fellowship,0,2,2,0,0,1,3,0,0,0,8,4,False,True,VICTORY CHRISTIAN FELLOWSHIP
montre,0,5,0,0,0,0,0,3,0,0,8,2,False,True,MONTRE
gourdos,0,3,0,0,1,1,1,2,0,0,8,5,False,True,GOURDO'S
chix inasal,0,0,0,0,0,0,3,5,0,0,8,2,False,True,CHIX INASAL
hp,0,1,0,0,0,0,2,5,0,0,8,3,False,True,HP
lac,0,0,0,0,3,2,1,2,0,0,8,4,False,True,LAC
shi lin,0,5,0,0,1,1,0,1,0,0,8,4,False,True,SHI LIN
ambika kidz fun box,0,0,0,0,0,0,0,8,0,0,8,1,False,False,AMBIKA KIDZ FUN BOX
hq barbershop,0,0,1,0,2,1,0,4,0,0,8,4,False,True,HQ BARBERSHOP
dominos pizza,0,1,0,0,1,0,1,1,0,4,8,5,False,True,Domino's Pizza
coco ichibanya,0,3,0,0,3,0,2,0,0,0,8,3,False,True,COCO ICHIBANYA
khaleb shawarma,0,0,0,0,0,0,0,1,0,7,8,2,False,True,Khaleb Shawarma
tokyo milk cheese factory,0,2,0,0,2,0,2,2,0,0,8,4,False,True,TOKYO MILK CHEESE FACTORY
house of desserts,0,0,0,0,0,0,1,7,0,0,8,2,False,True,HOUSE OF DESSERTS
crisostomo,0,3,0,0,2,1,2,0,0,0,8,4,False,True,Crisostomo
co the collectible store,0,2,0,0,0,1,1,4,0,0,8,4,False,True,CO THE COLLECTIBLE STORE
hopia king bakery eng bee tin,0,0,0,0,0,0,0,8,0,0,8,1,False,False,HOPIA KING BAKERY - ENG BEE TIN
pnb atm,0,0,1,0,3,0,4,0,0,0,8,3,False,True,PNB ATM
nail tropics,0,5,1,0,1,0,1,0,0,0,8,4,False,True,NAIL TROPICS
techbox,0,0,0,0,0,0,1,6,1,0,8,3,False,True,TECHBOX
clube melissa,0,3,0,0,0,0,0,5,0,0,8,2,False,True,CLUBE MELISSA
sunnies flask,0,4,1,0,1,0,1,1,0,0,8,5,False,True,SUNNIES FLASK
techknow,0,0,1,0,0,0,0,7,0,0,8,2,False,True,TECHKNOW
nail addik by creative nails,0,1,0,0,0,0,0,7,0,0,8,2,False,True,NAIL ADDIK BY CREATIVE NAILS
call it spring,0,2,0,0,1,0,1,4,0,0,8,4,False,True,CALL IT SPRING
eng bee tin,0,0,1,1,1,0,4,0,0,1,8,5,False,True,Eng Bee Tin
mosaic,0,4,1,0,0,0,1,2,0,0,8,4,False,True,MOSAIC
otto shoes,0,1,0,0,0,0,0,0,1,6,8,3,False,True,Otto Shoes
royal prince aesthetic slimming center,0,0,1,0,0,0,0,7,0,0,8,2,False,True,ROYAL PRINCE AESTHETIC SLIMMING CENTER
henrys cameras,0,2,0,0,1,1,0,4,0,0,8,4,False,True,HENRYS CAMERAS
kids venue and art play center,0,0,0,0,0,0,0,8,0,0,8,1,False,False,KID'S VENUE AND ART PLAY CENTER
case 2 case,0,0,0,0,0,0,0,6,0,2,8,2,False,True,CASE 2 CASE
starfinder optical,0,1,1,1,0,0,0,5,0,0,8,4,False,True,STARFINDER OPTICAL
mh burton,0,0,0,0,0,0,0,8,0,0,8,1,False,False,MH BURTON
sm bowling,0,0,0,0,0,0,0,8,0,0,8,1,False,False,SM BOWLING
vivo service center,0,0,0,0,0,0,1,7,0,0,8,2,False,True,VIVO SERVICE CENTER
blued,0,0,0,0,0,0,2,6,0,0,8,2,False,True,BLUED
snacktime,0,0,0,0,0,0,0,7,0,0,7,1,False,False,SNACKTIME
calvin klein,0,4,0,0,0,1,1,1,0,0,7,4,False,True,CALVIN KLEIN
candy mix,0,0,0,0,0,0,1,6,0,0,7,2,False,True,CANDY MIX
camerahaus,0,2,0,0,0,0,1,4,0,0,7,3,False,True,CAMERAHAUS
belgian waffle,0,0,0,1,0,0,3,0,0,3,7,3,False,True,Belgian Waffle
merry mango,0,0,0,0,0,0,4,3,0,0,7,2,False,True,Merry Mango
sit and rest massage station,0,1,0,0,0,0,0,6,0,0,7,2,False,True,SIT AND REST MASSAGE STATION
our tribe,0,4,0,0,0,0,0,3,0,0,7,2,False,True,OUR TRIBE
san yang furniture,0,5,0,0,2,0,0,0,0,0,7,2,False,True,SAN-YANG FURNITURE
tony jackey beauty salon,0,0,0,0,0,0,0,7,0,0,7,1,False,False,TONY JACKEY BEAUTY SALON
una rosa,0,0,0,0,0,0,0,7,0,0,7,1,False,False,UNA ROSA
cartsville,0,0,0,0,0,0,0,7,0,0,7,1,False,False,CARTSVILLE
lady karat,0,1,0,0,0,0,0,6,0,0,7,2,False,True,LADY KARAT
daiso,0,0,0,0,1,1,5,0,0,0,7,3,False,True,Daiso
villman,0,1,0,0,0,1,0,5,0,0,7,3,False,True,VILLMAN
pizzarina pizzarap,0,0,0,0,0,0,0,7,0,0,7,1,False,False,PIZZARINA PIZZARAP
goto lover,0,2,0,0,0,0,1,1,0,3,7,4,False,True,GOTO LOVER
digibabe,0,0,0,0,0,0,2,5,0,0,7,2,False,True,DIGIBABE
l time studio,0,1,0,0,0,0,0,6,0,0,7,2,False,True,L TIME STUDIO
green puff,0,1,0,0,0,1,0,5,0,0,7,3,False,True,GREEN PUFF
mietubl,0,0,0,0,0,0,1,6,0,0,7,2,False,True,MIETUBL
muji,0,2,0,0,1,2,0,2,0,0,7,4,False,True,MUJI
ippudo,0,3,0,0,1,0,2,1,0,0,7,4,False,True,IPPUDO
santinos pizza,0,0,1,0,0,0,2,0,0,4,7,3,False,True,Santino's Pizza
cara mia cakes gelato,0,0,0,0,0,0,0,7,0,0,7,1,False,False,CARA MIA CAKES GELATO
glutapeel skin whitening specialist,0,0,0,0,0,0,1,6,0,0,7,2,False,True,GLUTAPEEL SKIN WHITENING SPECIALIST
belle lumiere,0,0,0,0,0,0,0,7,0,0,7,1,False,False,BELLE LUMIERE
digital axis,0,0,0,0,0,0,0,7,0,0,7,1,False,False,DIGITAL AXIS
sportlines,1,1,0,0,1,1,3,0,0,0,7,5,False,True,Sportlines
sarabia optical express,0,0,0,0,0,0,0,7,0,0,7,1,False,False,SARABIA OPTICAL EXPRESS
la senza,0,3,0,0,0,1,0,3,0,0,7,3,False,True,LA SENZA
kain sa mesa,0,0,0,0,0,0,0,7,0,0,7,1,False,False,KAIN SA MESA
kumori,0,2,1,0,0,1,3,0,0,0,7,4,False,True,Kumori
dookki korean topokki buffet,0,0,0,0,0,0,0,7,0,0,7,1,False,False,DOOKKI KOREAN TOPOKKI BUFFET
gift box,0,0,0,0,0,0,0,0,0,7,7,1,False,False,GIFT BOX
bulalo world,0,1,0,0,0,0,2,3,1,0,7,4,False,True,BULALO WORLD
pet lovers centre,0,0,0,0,0,0,7,0,0,0,7,1,False,False,PET LOVERS CENTRE
g force,0,0,0,0,1,0,1,5,0,0,7,3,False,True,G-FORCE
vivan,0,0,0,0,0,0,1,6,0,0,7,2,False,True,VIVAN
jolos kiddie cart,0,0,1,0,0,0,0,6,0,0,7,2,False,True,JOLOS KIDDIE CART
gerrys,0,0,0,0,1,0,4,2,0,0,7,3,False,True,Gerry's
bny,2,0,0,0,0,0,4,0,1,0,7,3,False,True,BNY
aces farm fresh,0,0,0,0,0,0,0,7,0,0,7,1,False,False,ACES FARM FRESH
yowell,0,0,0,0,0,0,1,5,0,1,7,3,False,True,YOWELL
zamin foreign exchange,0,4,0,0,1,0,2,0,0,0,7,3,False,True,ZAMIN FOREIGN EXCHANGE
robinsons easymart,1,1,0,0,3,0,2,0,0,0,7,4,False,True,Robinsons Easymart
dentista,0,0,0,0,0,0,0,7,0,0,7,1,False,False,DENTISTA
pedal cafe,0,3,0,0,2,2,0,0,0,0,7,3,False,True,PEDAL CAFE
juego,0,1,1,0,0,1,1,3,0,0,7,5,False,True,JUEGO
juice juicy,0,0,0,0,0,0,0,3,0,4,7,2,False,True,Juice Juicy
asics,0,4,0,0,0,0,0,3,0,0,7,2,False,True,ASICS
asias lashes,0,0,0,0,0,0,3,4,0,0,7,2,False,True,ASIA'S LASHES
din tai fung,0,3,0,0,1,0,0,3,0,0,7,3,False,True,DIN TAI FUNG
mich myl nails,0,0,0,0,0,0,0,7,0,0,7,1,False,False,MICH MYL NAILS
just gift,0,0,0,0,0,0,1,1,0,5,7,3,False,True,Just Gift
directors club,0,0,0,0,0,0,0,7,0,0,7,1,False,False,DIRECTORS CLUB
tommy hilfiger,0,3,0,0,1,1,0,2,0,0,7,4,False,True,TOMMY HILFIGER
bureau of immigration,0,0,1,0,1,0,1,4,0,0,7,4,False,True,BUREAU OF IMMIGRATION
fred perry,0,4,0,0,1,0,1,1,0,0,7,4,False,True,FRED PERRY
jb music sports,0,0,0,0,0,0,0,7,0,0,7,1,False,False,JB MUSIC SPORTS
jo malone,0,3,0,0,2,1,1,0,0,0,7,4,False,True,JO MALONE
katitays takoyaki,0,4,0,0,0,0,2,0,0,1,7,3,False,True,KATITAY'S TAKOYAKI
piandre salon,0,6,0,0,0,0,0,1,0,0,7,2,False,True,PIANDRE SALON
palawan express,0,2,1,0,4,0,0,0,0,0,7,3,False,True,Palawan Express
globe telecom,0,7,0,0,0,0,0,0,0,0,7,1,False,False,GLOBE TELECOM
jellico,0,0,0,0,0,0,0,7,0,0,7,1,False,False,JELLICO
nyfd,0,0,0,0,0,0,2,5,0,0,7,2,False,True,NYFD
koomi,0,0,0,1,0,0,3,3,0,0,7,3,False,True,KOOMI
phonected telecom,0,0,0,0,0,0,1,6,0,0,7,2,False,True,PHONECTED TELECOM
nuts about candy,0,3,0,0,0,0,2,2,0,0,7,3,False,True,NUTS ABOUT CANDY
8telcom,0,2,0,0,0,0,0,5,0,0,7,2,False,True,8TELCOM
tieza,0,0,0,0,0,0,3,4,0,0,7,2,False,True,TIEZA
dcream coffee tea,0,0,0,0,0,0,0,7,0,0,7,1,False,False,DCREAM COFFEE TEA
tim hortons,0,0,0,0,2,0,0,5,0,0,7,2,False,True,TIM HORTONS
rookie usa,0,6,1,0,0,0,0,0,0,0,7,2,False,True,ROOKIE USA
time collection,0,0,0,0,0,0,3,4,0,0,7,2,False,True,TIME COLLECTION
audiophile,0,2,1,0,0,0,0,4,0,0,7,3,False,True,AUDIOPHILE
paper moon,0,3,0,0,0,0,0,4,0,0,7,2,False,True,PAPER MOON
attic tours,0,0,0,0,0,0,0,7,0,0,7,1,False,False,ATTIC TOURS
black pearl,0,0,0,0,0,1,4,2,0,0,7,3,False,True,Black Pearl
nuat thai foot and body massage,0,7,0,0,0,0,0,0,0,0,7,1,False,False,NUAT THAI FOOT AND BODY MASSAGE
salad stop,0,4,0,0,3,0,0,0,0,0,7,2,False,True,SALAD STOP
jm shawarma,0,1,0,0,1,0,5,0,0,0,7,3,False,True,JM SHAWARMA
blakes wings & steaks,0,4,0,0,0,0,0,3,0,0,7,2,False,True,BLAKE'S WINGS & STEAKS
osh kosh b gosh,0,0,0,0,0,0,2,5,0,0,7,2,False,True,OSH KOSH B GOSH
shake shack,0,1,0,0,0,2,1,3,0,0,7,4,False,True,SHAKE SHACK
lynderm,0,0,1,0,1,0,0,4,0,1,7,4,False,True,LYNDERM
hp concept store,0,0,0,0,0,0,0,7,0,0,7,1,False,False,HP CONCEPT STORE
eshien cellphone accessories,0,0,0,0,0,0,0,7,0,0,7,1,False,False,ESHIEN CELLPHONE ACCESSORIES
strap shop,0,0,0,1,2,0,0,4,0,0,7,3,False,True,STRAP SHOP
beauty bar,0,3,0,0,1,0,2,1,0,0,7,4,False,True,BEAUTY BAR
healthway medical,0,7,0,0,0,0,0,0,0,0,7,1,False,False,HEALTHWAY MEDICAL
complex lifestyle store,0,4,0,0,2,0,1,0,0,0,7,3,False,True,COMPLEX LIFESTYLE STORE
potdog yummyyes delights,0,4,0,0,0,0,0,2,0,1,7,3,False,True,POTDOG YUMMYYES DELIGHTS
2 hands massage,0,0,0,0,2,0,0,5,0,0,7,2,False,True,2 HANDS MASSAGE
chops childrens park,0,2,0,0,0,0,4,1,0,0,7,3,False,True,CHOPS CHILDREN'S PARK
mcdonalds dessert center,0,0,0,0,0,0,0,7,0,0,7,1,False,False,MCDONALDS DESSERT CENTER
x quisite,0,0,0,0,0,0,0,7,0,0,7,1,False,False,X-QUISITE
champion,0,3,0,0,0,0,0,4,0,0,7,2,False,True,CHAMPION
oneplus,0,0,0,0,0,0,0,7,0,0,7,1,False,False,ONEPLUS
my diamond,1,1,1,0,0,0,1,3,0,0,7,5,False,True,MY DIAMOND
v power,0,0,0,0,0,0,0,7,0,0,7,1,False,False,V-POWER
matcha tokyo,0,0,0,0,2,0,3,2,0,0,7,3,False,True,The Matcha Tokyo
eye browse,0,0,0,0,0,0,2,5,0,0,7,2,False,True,EYE BROWSE
chagee,0,0,0,0,2,2,3,0,0,0,7,3,False,True,CHAGEE
swirls ice cream,0,0,0,0,0,0,0,6,0,1,7,2,False,True,SWIRLS ICE CREAM
scorched smokehouse,0,0,0,0,1,0,0,6,0,0,7,2,False,True,SCORCHED SMOKEHOUSE
wonder park,0,0,0,0,0,0,0,0,0,7,7,1,False,False,Wonder Park
unisilver jewelry,0,0,0,0,0,0,2,0,0,5,7,2,False,True,Unisilver Jewelry
shiseido,0,3,0,0,1,0,2,1,0,0,7,4,False,True,SHISEIDO
enfant,0,3,1,0,1,0,0,2,0,0,7,4,False,True,ENFANT
tapa king,0,3,0,0,1,0,1,1,0,1,7,5,False,True,TAPA KING
steak break,0,2,1,0,0,0,1,3,0,0,7,4,False,True,STEAK BREAK
wing zone,0,1,0,0,0,0,0,6,0,0,7,2,False,True,WING ZONE
quickmelt,0,0,1,0,0,0,0,6,0,0,7,2,False,True,QUICKMELT
bebang halo halo,0,0,0,0,0,2,3,2,0,0,7,3,False,True,Bebang Halo Halo
bee healthy lemon,0,3,0,0,0,0,1,0,0,3,7,3,False,True,Bee Healthy Lemon
clarks,0,3,0,0,0,1,1,2,0,0,7,4,False,True,CLARKS
alveo,0,7,0,0,0,0,0,0,0,0,7,1,False,False,ALVEO
crukitchen,0,3,0,0,0,2,0,2,0,0,7,3,False,True,CRUKITCHEN
polland hopia,0,2,0,0,1,0,0,4,0,0,7,3,False,True,POLLAND HOPIA
chaser,0,1,0,0,0,0,0,6,0,0,7,2,False,True,CHASER
charles tyrwhitt,0,4,0,0,1,0,1,1,0,0,7,4,False,True,CHARLES TYRWHITT
super bowl of china,0,0,1,0,0,0,1,5,0,0,7,3,False,True,SUPER BOWL OF CHINA
starbucks reserve,0,2,0,0,0,1,1,3,0,0,7,4,False,True,STARBUCKS RESERVE
health shop,0,0,0,0,0,0,2,5,0,0,7,2,False,True,THE HEALTH SHOP
urstore,0,0,0,0,0,0,0,7,0,0,7,1,False,False,URSTORE
leylam shawarma,0,0,0,0,0,0,5,2,0,0,7,2,False,True,Leylam Shawarma
c cellzone,0,0,0,0,0,0,0,0,0,6,6,1,False,False,C.Cellzone
suarez and sons,0,0,0,0,0,0,0,6,0,0,6,1,False,False,SUAREZ AND SONS
ricos lechon,0,2,1,0,0,3,0,0,0,0,6,3,False,True,Rico's Lechon
blims fine furniture,0,4,0,0,0,0,0,2,0,0,6,2,False,True,BLIMS FINE FURNITURE
skin perfect facial salon,0,0,0,0,0,0,0,6,0,0,6,1,False,False,SKIN PERFECT FACIAL SALON
tactics water gear,0,0,0,0,0,0,1,5,0,0,6,2,False,True,TACTICS WATER GEAR
mobile care by power mac center,0,0,0,0,0,0,1,5,0,0,6,2,False,True,MOBILE CARE BY POWER MAC CENTER
ate ricas bacsilog on the go,0,6,0,0,0,0,0,0,0,0,6,1,False,False,ATE RICA'S BACSILOG ON-THE-GO
neutral grounds,1,4,0,0,0,1,0,0,0,0,6,3,False,True,NEUTRAL GROUNDS
a little tea,0,1,0,0,0,0,2,3,0,0,6,3,False,True,A LITTLE TEA
novo dental,0,2,0,0,2,2,0,0,0,0,6,3,False,True,Novo Dental
blue box,0,0,0,0,0,0,0,3,0,3,6,2,False,True,BLUE BOX
t&j salon,0,0,0,0,3,0,2,0,0,1,6,3,False,True,T&J Salon
philpost,0,0,0,0,1,0,4,0,1,0,6,3,False,True,PHILPOST
baa baa thai tea,0,0,2,0,0,0,1,3,0,0,6,3,False,True,BAA BAA THAI TEA
hedgren,0,1,0,0,1,0,0,4,0,0,6,3,False,True,HEDGREN
salomon,0,3,0,0,0,0,0,3,0,0,6,2,False,True,SALOMON
columbia,1,4,0,0,0,0,1,0,0,0,6,3,False,True,COLUMBIA
tsujiri,0,1,0,0,0,1,0,4,0,0,6,3,False,True,TSUJIRI
idara aesthetics,0,2,0,0,0,0,2,2,0,0,6,3,False,True,IDARA AESTHETICS
focus richman eye clinic,0,0,0,0,0,0,0,1,0,5,6,2,False,True,Focus Richman Eye Clinic
jewelmer,0,5,0,0,0,0,0,1,0,0,6,2,False,True,JEWELMER
fox,0,1,0,0,0,0,1,4,0,0,6,3,False,True,FOX
healthy smile for kids,0,0,0,0,0,0,0,6,0,0,6,1,False,False,HEALTHY SMILE FOR KIDS
farinas ilocos empanada,0,1,1,0,0,0,4,0,0,0,6,3,False,True,Farinas Ilocos Empanada
farron cafe,0,0,0,0,0,0,1,1,1,3,6,4,False,True,Farron Cafe
dr martens,0,3,0,0,0,0,1,2,0,0,6,3,False,True,DR. MARTENS
lechoneria lechon belly and filipino favorites,0,0,0,0,0,0,0,6,0,0,6,1,False,False,LECHONERIA LECHON BELLY AND FILIPINO FAVORITES
icebergs,0,0,0,0,0,0,1,5,0,0,6,2,False,True,ICEBERGS
jollyland,0,0,0,0,0,0,6,0,0,0,6,1,False,False,JOLLYLAND
wds,0,0,0,0,0,0,0,0,0,6,6,1,False,False,WDS
jewels,1,0,0,1,0,0,0,3,0,1,6,4,False,True,Jewels
famous amos,0,1,0,0,0,0,2,3,0,0,6,3,False,True,FAMOUS AMOS
black scoop cafe,0,0,0,0,1,0,1,4,0,0,6,3,False,True,BLACK SCOOP CAFE
watch store,0,0,0,0,0,0,0,6,0,0,6,1,False,False,THE WATCH STORE
sony centre,0,6,0,0,0,0,0,0,0,0,6,1,False,False,SONY CENTRE
kevins toys & library,0,3,0,0,0,0,3,0,0,0,6,2,False,True,KEVIN'S TOYS & LIBRARY
art circle gallery,0,1,1,0,1,0,1,2,0,0,6,5,False,True,ART CIRCLE GALLERY
christs commission fellowship,0,5,0,0,0,0,1,0,0,0,6,2,False,True,CHRIST'S COMMISSION FELLOWSHIP
gan advanced osseointegration center,0,3,0,0,0,0,0,3,0,0,6,2,False,True,GAN ADVANCED OSSEOINTEGRATION CENTER
gamextreme,0,0,0,0,2,1,2,1,0,0,6,4,False,True,GameXtreme
nail a holics,0,0,1,0,3,0,2,0,0,0,6,3,False,True,Nail-A-Holics
michelles homemade putong ube,0,5,0,0,0,0,0,1,0,0,6,2,False,True,MICHELLE'S HOMEMADE PUTONG UBE
pedro,0,3,0,0,0,0,0,3,0,0,6,2,False,True,PEDRO
k star,0,0,0,0,0,0,0,6,0,0,6,1,False,False,K-STAR
cignal tv,0,1,0,0,0,0,0,5,0,0,6,2,False,True,CIGNAL TV
bakers fair,0,4,0,0,0,1,0,0,1,0,6,3,False,True,BAKER'S FAIR
acme jewelry,0,3,1,0,0,0,1,1,0,0,6,4,False,True,ACME JEWELRY
vape king,0,0,0,0,0,0,0,6,0,0,6,1,False,False,VAPE KING
hoka,0,5,0,0,0,1,0,0,0,0,6,2,False,True,HOKA
rose pharmacy,0,4,0,0,0,0,0,2,0,0,6,2,False,True,ROSE PHARMACY
citrus center,0,0,0,0,0,0,0,6,0,0,6,1,False,False,THE CITRUS CENTER
ystilo salon,0,1,1,0,0,0,0,4,0,0,6,3,False,True,YSTILO SALON
botanifique,0,1,0,0,0,0,2,3,0,0,6,3,False,True,BOTANIFIQUE
ashley furniture homestore,0,6,0,0,0,0,0,0,0,0,6,1,False,False,ASHLEY FURNITURE HOMESTORE
midas bag shoe and leather spa,0,1,0,0,0,0,0,5,0,0,6,2,False,True,MIDAS BAG SHOE AND LEATHER SPA
bow & wow,0,5,0,0,0,0,1,0,0,0,6,2,False,True,BOW & WOW
digi stamps,0,0,0,0,0,0,1,5,0,0,6,2,False,True,DIGI-STAMPS
hot star large fried chicken,0,0,0,0,0,0,0,6,0,0,6,1,False,False,HOT-STAR LARGE FRIED CHICKEN
hotdog on sticks,0,2,0,0,0,0,1,3,0,0,6,3,False,True,HOTDOG ON STICKS
yoshinoya,0,1,1,0,0,0,1,3,0,0,6,4,False,True,YOSHINOYA
motor pro,0,0,0,0,0,0,0,0,0,6,6,1,False,False,Motor Pro
fruitfull,0,0,0,0,1,0,1,4,0,0,6,3,False,True,FRUITFULL
fruits in ice cream,0,3,0,0,0,0,0,3,0,0,6,2,False,True,FRUITS IN ICE CREAM
i love milk tea,0,0,0,0,0,0,1,4,1,0,6,3,False,True,I LOVE MILK TEA
vizcos cake shop,0,0,0,0,0,0,0,6,0,0,6,1,False,False,VIZCOS CAKE SHOP
geox,0,3,0,0,0,0,1,2,0,0,6,3,False,True,GEOX
geo watch unlimited,0,0,0,0,0,0,1,5,0,0,6,2,False,True,GEO-WATCH UNLIMITED
herbench,0,0,0,0,0,0,0,6,0,0,6,1,False,False,HERBENCH
zara,0,4,0,0,0,0,0,2,0,0,6,2,False,True,ZARA
power premium gadgets,0,0,0,0,2,0,0,4,0,0,6,2,False,True,POWER PREMIUM GADGETS
hyped mangoes,0,0,0,0,0,0,2,3,0,1,6,3,False,True,HYPED MANGOES
bocu,0,0,1,0,2,0,1,2,0,0,6,4,False,True,BOCU
banapple,0,0,0,0,0,0,0,6,0,0,6,1,False,False,BANAPPLE
dlc dental health studio,0,0,0,0,0,0,0,6,0,0,6,1,False,False,DLC DENTAL HEALTH STUDIO
buffalo avenue,0,0,0,0,1,0,1,2,0,2,6,4,False,True,Buffalo Avenue
bomatech,0,0,0,0,0,0,0,6,0,0,6,1,False,False,BOMATECH
fully charged,0,0,0,0,0,0,0,6,0,0,6,1,False,False,FULLY CHARGED
juice co the juice bar,0,0,0,0,0,0,1,5,0,0,6,2,False,True,JUICE CO THE JUICE BAR
baliwag lechon manok atbp,0,0,0,0,1,0,0,5,0,0,6,2,False,True,BALIWAG LECHON MANOK ATBP
choobi choobi,0,1,0,0,1,0,0,4,0,0,6,3,False,True,CHOOBI CHOOBI
eo premier,0,2,1,0,0,0,0,3,0,0,6,3,False,True,EO PREMIER
browlab,0,1,0,1,0,0,0,4,0,0,6,3,False,True,BROWLAB
zenutrients,0,1,0,0,0,0,0,5,0,0,6,2,False,True,ZENUTRIENTS
music gallery,0,0,0,0,0,0,1,5,0,0,6,2,False,True,MUSIC GALLERY
dune,0,3,0,0,0,0,1,2,0,0,6,3,False,True,DUNE
oro galleria center,0,2,0,0,1,0,0,3,0,0,6,3,False,True,ORO GALLERIA CENTER
ucc clockwork,0,3,0,0,2,0,1,0,0,0,6,3,False,True,UCC CLOCKWORK
single origin,0,3,0,0,1,0,1,1,0,0,6,4,False,True,SINGLE ORIGIN
tenki,0,0,0,0,0,0,0,6,0,0,6,1,False,False,TENKI
unionbank,0,0,0,0,6,0,0,0,0,0,6,1,False,False,UnionBank
boy zugba,0,1,0,0,0,0,2,3,0,0,6,3,False,True,BOY ZUGBA
nanyang kopi tiam,0,0,0,0,0,0,0,6,0,0,6,1,False,False,NANYANG KOPI TIAM
capital,0,0,1,0,0,0,1,4,0,0,6,3,False,True,CAPITAL
sandugo,1,0,0,1,0,0,3,0,1,0,6,4,False,True,Sandugo
original biscocho haus,0,0,0,0,0,0,4,2,0,0,6,2,False,True,Original Biscocho Haus
nbi,0,0,0,0,0,0,4,1,1,0,6,3,False,True,NBI
harbour city,0,0,0,0,0,0,1,5,0,0,6,2,False,True,HARBOUR CITY
kuya j,0,0,0,0,0,0,3,0,0,3,6,2,False,True,Kuya J
republic of gamers,0,0,0,0,0,0,0,6,0,0,6,1,False,False,REPUBLIC OF GAMERS
mixue,0,0,0,0,2,0,4,0,0,0,6,2,False,True,Mixue
mobile buddy,0,0,0,0,0,0,0,6,0,0,6,1,False,False,MOBILE BUDDY
kusina ni gracia,0,0,0,0,0,0,0,6,0,0,6,1,False,False,KUSINA NI GRACIA
r lapids chicharon,0,1,0,0,0,0,2,3,0,0,6,3,False,True,R LAPIDS CHICHARON
mangan,0,1,0,0,0,0,1,4,0,0,6,3,False,True,MANGAN
hannahs cake decors party needs,0,0,0,0,0,0,0,6,0,0,6,1,False,False,HANNAHS CAKE DECORS PARTY NEEDS
lavish lashes studio,0,2,1,0,0,0,0,3,0,0,6,3,False,True,LAVISH LASHES STUDIO
out of nowhere kitchen,0,0,0,0,0,0,1,5,0,0,6,2,False,True,OUT OF NOWHERE KITCHEN
technocare,0,0,0,0,0,0,0,6,0,0,6,1,False,False,TECHNOCARE
technomart,0,1,0,0,0,0,1,4,0,0,6,3,False,True,TECHNOMART
inihaw x,0,0,0,0,0,0,0,6,0,0,6,1,False,False,INIHAW X
ipanema,0,0,1,0,0,0,1,4,0,0,6,3,False,True,IPANEMA
information booth,0,0,0,0,0,0,0,6,0,0,6,1,False,False,INFORMATION BOOTH
otr korean furniture,0,1,0,0,0,0,1,4,0,0,6,3,False,True,OTR KOREAN FURNITURE
yale smart shop,0,0,0,0,0,0,0,6,0,0,6,1,False,False,YALE SMART SHOP
teds old timer la paz batchoy,0,0,0,0,0,0,2,4,0,0,6,2,False,True,TEDS OLD TIMER LA PAZ BATCHOY
bebang,0,0,0,0,5,0,1,0,0,0,6,2,False,True,Bebang
la z boy,1,0,0,0,0,0,0,5,0,0,6,2,False,True,La-Z-Boy
play telecom,0,0,0,0,0,0,4,2,0,0,6,2,False,True,Play Telecom
mega pixel,0,0,0,0,0,0,1,5,0,0,6,2,False,True,MEGA PIXEL
eggspert,0,1,0,0,0,0,3,2,0,0,6,3,False,True,EGGSPERT
crave special chicharon,0,0,0,0,0,0,0,5,0,1,6,2,False,True,CRAVE SPECIAL CHICHARON
momo mobility,0,0,0,0,0,0,0,6,0,0,6,1,False,False,MOMO MOBILITY
rai rai ken,0,1,0,0,0,0,0,5,0,0,6,2,False,True,RAI RAI KEN
manilachon,0,0,0,0,2,0,0,4,0,0,6,2,False,True,MANILACHON
dyson,0,1,0,0,0,1,1,3,0,0,6,4,False,True,DYSON
chatramue,0,0,0,0,1,0,3,2,0,0,6,3,False,True,CHATRAMUE
photoism,0,0,0,0,0,0,2,4,0,0,6,2,False,True,PHOTOISM
strom mobile gadgets,0,0,0,0,0,0,0,6,0,0,6,1,False,False,STROM MOBILE GADGETS
kskin korean express facial,0,0,0,0,1,0,0,5,0,0,6,2,False,True,KSKIN KOREAN EXPRESS FACIAL
yi fang taiwan fruit tea,0,6,0,0,0,0,0,0,0,0,6,1,False,False,YI FANG TAIWAN FRUIT TEA
jems barber,0,0,0,0,0,0,1,5,0,0,6,2,False,True,JEMS BARBER
laybare,0,0,0,0,0,1,5,0,0,0,6,2,False,True,Laybare
maldita,0,0,0,0,0,0,1,5,0,0,6,2,False,True,MALDITA
flying tiger,0,0,0,0,3,0,3,0,0,0,6,2,False,True,Flying Tiger
phonix cellular,0,0,0,0,0,0,0,6,0,0,6,1,False,False,PHONIX CELLULAR
all about lemon,0,0,0,1,0,0,0,4,0,1,6,3,False,True,ALL ABOUT LEMON
paiks coffee,0,2,1,0,0,0,2,1,0,0,6,4,False,True,PAIK’S COFFEE
laycom,0,1,0,0,0,0,2,3,0,0,6,3,False,True,LAYCOM
fat bunny club,0,0,0,0,0,0,2,4,0,0,6,2,False,True,THE FAT BUNNY CLUB
lawson,0,0,0,0,6,0,0,0,0,0,6,1,False,False,Lawson
sunnies by charlie,0,0,0,0,0,0,0,5,0,0,5,1,False,False,SUNNIES BY CHARLIE
poppers pop,0,0,0,0,0,0,4,0,0,1,5,2,False,True,POPPER'S POP
rockys barbershop,0,2,0,0,0,0,1,2,0,0,5,3,False,True,ROCKY'S BARBERSHOP
tiktilaok,0,1,0,0,1,0,2,1,0,0,5,4,False,True,Tiktilaok
whitehaus,0,0,0,0,0,0,0,5,0,0,5,1,False,False,WHITEHAUS
just jewels,0,1,0,0,0,0,0,4,0,0,5,2,False,True,JUST JEWELS
gap,0,3,0,0,0,0,0,2,0,0,5,2,False,True,GAP
brow lounge eyebrow grooming & waxing,0,5,0,0,0,0,0,0,0,0,5,1,False,False,BROW LOUNGE EYEBROW GROOMING & WAXING
red mango,0,3,0,0,1,0,1,0,0,0,5,3,False,True,RED MANGO
gracias lechon belly atbp,0,0,0,0,0,0,0,5,0,0,5,1,False,False,GRACIAS LECHON BELLY ATBP
art bar,0,1,0,0,0,0,1,3,0,0,5,3,False,True,ART BAR
butterfly twists,0,1,0,0,1,0,1,2,0,0,5,4,False,True,BUTTERFLY TWISTS
maxs,0,0,1,0,0,2,1,0,0,1,5,4,False,True,Max's
wang fu chinese cafe,0,5,0,0,0,0,0,0,0,0,5,1,False,False,WANG FU CHINESE CAFÉ
gashapon,0,0,0,0,2,0,3,0,0,0,5,2,False,True,Gashapon
nillkin,0,0,0,0,0,0,0,5,0,0,5,1,False,False,NILLKIN
perfect health,0,1,0,0,0,0,0,4,0,0,5,2,False,True,PERFECT HEALTH
cafe mediterranean,0,2,0,0,0,1,0,2,0,0,5,3,False,True,CAFE MEDITERRANEAN
mac cosmetics,0,0,0,0,3,0,2,0,0,0,5,2,False,True,MAC Cosmetics
goto pilipinas,0,0,0,0,0,0,0,0,0,5,5,1,False,False,Goto Pilipinas
perfect pitch,0,0,0,0,0,0,0,5,0,0,5,1,False,False,PERFECT PITCH
white house dental clinic,0,0,0,0,0,0,0,5,0,0,5,1,False,False,WHITE HOUSE DENTAL CLINIC
jewels by audrey,0,2,0,0,0,0,0,3,0,0,5,2,False,True,JEWELS BY AUDREY
almon marina,0,0,1,0,0,0,1,3,0,0,5,3,False,True,ALMON MARINA
bubble tea station,0,0,0,0,0,0,2,3,0,0,5,2,False,True,BUBBLE TEA STATION
takoyakings,0,0,0,0,0,0,0,1,0,4,5,2,False,True,Takoyakings
mcdodo,0,0,1,0,0,0,0,4,0,0,5,2,False,True,MCDODO
nine fresh,0,0,0,0,1,0,1,3,0,0,5,3,False,True,NINE FRESH
cabeza jewelry and accessories shop,0,0,0,0,0,0,0,5,0,0,5,1,False,False,CABEZA JEWELRY AND ACCESSORIES SHOP
native,0,3,0,0,0,0,0,2,0,0,5,2,False,True,NATIVE
diagold,0,0,0,0,0,0,0,5,0,0,5,1,False,False,DIAGOLD
waki,0,0,0,0,1,0,0,4,0,0,5,2,False,True,WAKI
aerofone,0,0,0,0,0,0,0,5,0,0,5,1,False,False,AEROFONE
hola,0,0,0,0,0,0,0,5,0,0,5,1,False,False,HOLA
mary pauline salon,0,2,1,0,0,0,0,0,2,0,5,3,False,True,MARY PAULINE SALON
ink all you can,0,0,0,0,0,0,0,5,0,0,5,1,False,False,INK ALL YOU CAN
yifang taiwan fruit tea,0,0,0,0,0,0,0,5,0,0,5,1,False,False,YIFANG TAIWAN FRUIT TEA
greyhound cafe,0,0,0,0,0,0,1,4,0,0,5,2,False,True,GREYHOUND CAFE
malanne,0,0,0,0,0,0,0,5,0,0,5,1,False,False,MALANNE
pcso lotto,0,0,0,1,0,0,4,0,0,0,5,2,False,True,PCSO Lotto
super50,0,0,0,0,0,0,5,0,0,0,5,1,False,False,Super50
instamp,0,0,0,0,0,0,1,4,0,0,5,2,False,True,INSTAMP
puffys,0,0,0,0,0,0,0,5,0,0,5,1,False,False,PUFFYS
nkll watch repair center,0,0,0,0,0,0,0,0,0,5,5,1,False,False,NKLL Watch Repair Center
crunch,0,0,0,0,0,0,5,0,0,0,5,1,False,False,THE CRUNCH
headway vera,0,0,0,0,0,0,0,5,0,0,5,1,False,False,HEADWAY VERA
tickles,0,2,0,0,0,0,0,3,0,0,5,2,False,True,TICKLES
sushi nori,0,2,0,0,0,0,0,3,0,0,5,2,False,True,SUSHI NORI
jesi mendez salon,0,3,0,0,0,0,2,0,0,0,5,2,False,True,JESI MENDEZ SALON
toni pons,0,0,0,0,0,1,2,2,0,0,5,3,False,True,TONI PONS
clean car,0,3,0,0,0,0,2,0,0,0,5,2,False,True,CLEAN CAR
snooze nook,0,0,0,0,0,0,0,5,0,0,5,1,False,False,SNOOZE NOOK
hobbiestock collectibles,0,5,0,0,0,0,0,0,0,0,5,1,False,False,HOBBIESTOCK COLLECTIBLES
brewed buddies,0,0,0,0,0,0,1,4,0,0,5,2,False,True,THE BREWED BUDDIES
world chicken,0,2,0,0,1,0,2,0,0,0,5,3,False,True,WORLD CHICKEN
reborn,0,0,0,0,0,0,1,4,0,0,5,2,False,True,REBORN
airwheel,0,0,0,0,1,1,1,2,0,0,5,4,False,True,AIRWHEEL
airoma,0,0,0,0,0,0,0,5,0,0,5,1,False,False,AIROMA
cacao de davao,0,0,0,0,0,0,0,5,0,0,5,1,False,False,CACAO DE DAVAO
wanderskye,0,1,0,0,0,1,1,2,0,0,5,4,False,True,WANDERSKYE
timberland,0,1,0,0,0,0,0,4,0,0,5,2,False,True,TIMBERLAND
infomax,0,2,0,0,0,0,0,3,0,0,5,2,False,True,INFOMAX
imax,0,0,0,0,0,0,0,5,0,0,5,1,False,False,IMAX
golds gym,0,0,0,0,3,0,2,0,0,0,5,2,False,True,Gold's Gym
d candy station,0,0,0,0,0,0,1,4,0,0,5,2,False,True,D CANDY STATION
pinctada,0,0,1,0,0,0,0,4,0,0,5,2,False,True,PINCTADA
hearts and bells bakery,0,0,1,0,1,0,0,3,0,0,5,3,False,True,HEARTS AND BELLS BAKERY
ikkoryu fukuoka ramen,0,1,0,0,0,0,0,4,0,0,5,2,False,True,IKKORYU FUKUOKA RAMEN
tissot,0,1,0,0,1,0,0,3,0,0,5,3,False,True,TISSOT
nailworks,0,0,0,0,0,0,0,5,0,0,5,1,False,False,NAILWORKS
tgifridays,0,0,1,0,0,0,0,4,0,0,5,2,False,True,TGIFRIDAYS
taco bell,0,3,0,0,1,0,0,1,0,0,5,3,False,True,TACO BELL
mayet dela rosa,0,0,0,0,0,0,5,0,0,0,5,1,False,False,Mayet Dela Rosa
camerahaus plus,0,0,0,0,0,0,0,5,0,0,5,1,False,False,CAMERAHAUS PLUS
bunny banana,0,0,0,0,1,0,1,2,0,1,5,4,False,True,BUNNY BANANA
coldstone creamery,0,2,0,0,0,0,0,3,0,0,5,2,False,True,COLDSTONE CREAMERY
giardino gelato,0,2,0,0,0,0,0,3,0,0,5,2,False,True,GIARDINO GELATO
mayet de la rosa fine jewelry,0,0,0,0,2,0,3,0,0,0,5,2,False,True,Mayet De La Rosa Fine Jewelry
predator,0,0,0,0,0,0,0,5,0,0,5,1,False,False,PREDATOR
suds laundry,0,0,0,0,1,0,1,3,0,0,5,3,False,True,SUDS LAUNDRY
jo malone london,0,0,0,0,0,0,0,5,0,0,5,1,False,False,JO MALONE LONDON
yonex,0,1,0,0,0,0,2,2,0,0,5,3,False,True,YONEX
rcbc,0,0,0,0,1,1,2,0,1,0,5,4,False,True,RCBC
aqua flask,0,0,1,1,0,1,2,0,0,0,5,4,False,True,Aqua Flask
stylash eyelash salon,0,0,0,0,0,0,0,5,0,0,5,1,False,False,STYLASH EYELASH SALON
powerfix,0,0,0,0,0,0,0,5,0,0,5,1,False,False,POWERFIX
mama lous,0,1,0,0,3,1,0,0,0,0,5,3,False,True,Mama Lou's
maimi,0,0,0,0,0,0,0,5,0,0,5,1,False,False,MAIMI
thinking tools,0,1,0,0,0,0,0,4,0,0,5,2,False,True,THINKING TOOLS
potdog,0,0,1,0,0,1,3,0,0,0,5,3,False,True,Potdog
gnc live well,0,0,0,0,0,0,0,5,0,0,5,1,False,False,GNC LIVE WELL
tiong bahru,0,0,0,0,2,2,1,0,0,0,5,3,False,True,Tiong Bahru
hear life,0,0,0,0,0,1,0,4,0,0,5,2,False,True,HEAR LIFE
philips,1,0,0,0,1,0,1,2,0,0,5,4,False,True,PHILIPS
powertech,0,0,0,0,0,0,0,3,0,2,5,2,False,True,POWERTECH
jms shawarma,0,0,0,0,0,0,3,2,0,0,5,2,False,True,JMS SHAWARMA
comworks,0,0,0,0,0,0,1,2,0,2,5,3,False,True,Comworks
copy pacific,0,0,0,0,0,0,0,5,0,0,5,1,False,False,COPY PACIFIC
t&j salon professionals,0,3,0,1,0,0,1,0,0,0,5,3,False,True,T&J SALON PROFESSIONALS
core pacific money changer,0,0,0,0,0,0,5,0,0,0,5,1,False,False,Core Pacific Money Changer
d i y hardware,0,2,0,0,3,0,0,0,0,0,5,2,False,True,D.I.Y. Hardware
coffee bean and tea leaf,0,0,1,0,0,0,3,0,0,1,5,3,False,True,THE COFFEE BEAN AND TEA LEAF
i active,0,0,0,0,0,0,0,5,0,0,5,1,False,False,I ACTIVE
cellway,0,0,0,0,0,0,0,5,0,0,5,1,False,False,CELLWAY
anta sports,0,0,0,0,0,0,0,5,0,0,5,1,False,False,ANTA SPORTS
presnet,0,0,0,0,0,0,3,0,0,2,5,2,False,True,Presnet
sole academy,0,1,0,0,0,0,4,0,0,0,5,2,False,True,SOLE ACADEMY
western plate,0,0,0,0,0,0,1,4,0,0,5,2,False,True,WESTERN PLATE
melissa pop up shop,0,0,0,0,0,0,0,5,0,0,5,1,False,False,MELISSA POP-UP SHOP
nautica,0,3,0,0,0,0,2,0,0,0,5,2,False,True,NAUTICA
cotti coffee,0,0,0,0,2,0,0,3,0,0,5,2,False,True,COTTI COFFEE
gizmo central,0,1,1,0,0,0,0,3,0,0,5,3,False,True,GIZMO CENTRAL
springfield,0,4,0,0,0,0,0,1,0,0,5,2,False,True,SPRINGFIELD
watami sushi bar & grill,0,5,0,0,0,0,0,0,0,0,5,1,False,False,WATAMI SUSHI BAR & GRILL
peri peri,0,0,0,0,0,1,4,0,0,0,5,2,False,True,Peri-Peri
california nails day spa,0,0,0,0,0,0,0,5,0,0,5,1,False,False,CALIFORNIA NAILS DAY SPA
western appliance,0,3,0,0,2,0,0,0,0,0,5,2,False,True,WESTERN APPLIANCE
happy home,0,2,0,0,0,0,1,2,0,0,5,3,False,True,THE HAPPY HOME
candy station,0,0,0,0,0,0,1,4,0,0,5,2,False,True,CANDY STATION
magno optical,0,4,0,0,0,1,0,0,0,0,5,2,False,True,MAGNO OPTICAL
century chinese drug store,0,0,0,0,0,0,0,5,0,0,5,1,False,False,CENTURY CHINESE DRUG STORE
amici,0,2,0,0,1,1,0,1,0,0,5,4,False,True,AMICI
de original jamaican pattie shop and juice bar,0,0,0,0,0,0,0,0,0,5,5,1,False,False,de' Original Jamaican Pattie shop and Juice Bar
i time,0,0,0,1,0,0,0,0,0,4,5,2,False,True,I-Time
chicco,0,2,1,0,1,0,0,1,0,0,5,4,False,True,CHICCO
canon,0,0,0,0,0,1,0,4,0,0,5,2,False,True,CANON
davids cut,0,0,0,0,0,0,0,0,0,5,5,1,False,False,David's Cut
ahha,0,0,0,0,0,0,0,5,0,0,5,1,False,False,AHHA
merry moo,0,0,0,0,0,0,2,3,0,0,5,2,False,True,MERRY MOO
you & me,0,0,0,0,0,0,0,0,0,5,5,1,False,False,You & Me
persian avenue,0,2,0,0,0,0,0,2,0,1,5,3,False,True,PERSIAN AVENUE
jacks lemonade,0,3,0,0,0,0,1,0,0,1,5,3,False,True,JACK'S LEMONADE
takoyadon plus,0,0,0,0,0,0,0,5,0,0,5,1,False,False,TAKOYADON PLUS
i do nails,0,1,0,0,2,1,1,0,0,0,5,4,False,True,I Do Nails
joyo marketing,0,1,0,0,0,0,0,4,0,0,5,2,False,True,JOYO MARKETING
aristocrat restaurant,0,0,0,0,0,0,0,5,0,0,5,1,False,False,THE ARISTOCRAT RESTAURANT
overdoughs,0,0,0,0,1,0,1,3,0,0,5,3,False,True,OVERDOUGHS
noregold fine jewelry,0,0,0,0,0,0,0,5,0,0,5,1,False,False,NOREGOLD FINE JEWELRY
dot coffee,0,0,0,0,3,0,1,1,0,0,5,3,False,True,Dot Coffee
seoul snow,0,0,1,0,0,0,4,0,0,0,5,2,False,True,Seoul Snow
la sole manila,0,0,0,0,0,0,2,3,0,0,5,2,False,True,LA SOLE MANILA
fresh fragrance bar,0,5,0,0,0,0,0,0,0,0,5,1,False,False,FRESH FRAGRANCE BAR
belo medical group,0,2,0,0,0,0,0,3,0,0,5,2,False,True,BELO MEDICAL GROUP
zullo coffee and loaf,0,0,0,0,0,0,0,2,0,3,5,2,False,True,Zullo Coffee and Loaf
locavore,0,0,0,0,1,2,0,2,0,0,5,3,False,True,Locavore
kims ramyun,0,2,0,1,0,0,1,1,0,0,5,4,False,True,KIM'S RAMYUN
av surfer,0,4,0,0,0,0,1,0,0,0,5,2,False,True,AV SURFER
doktor relos,0,0,0,0,0,0,0,5,0,0,5,1,False,False,DOKTOR RELOS
dohtonbori,0,0,0,0,0,0,0,5,0,0,5,1,False,False,DOHTONBORI
emj watch repair service center,0,0,0,0,0,0,0,5,0,0,5,1,False,False,EMJ WATCH REPAIR SERVICE CENTER
bny jeans,0,0,0,0,0,0,0,5,0,0,5,1,False,False,BNY JEANS
serom hair,0,0,0,0,0,0,0,5,0,0,5,1,False,False,SEROM HAIR
edifer,0,0,0,0,0,0,0,1,0,4,5,2,False,True,Edifer
bongbongs piaya and barquillos,0,0,1,0,0,0,0,4,0,0,5,2,False,True,BONGBONG'S PIAYA AND BARQUILLOS
beijing foot spa,0,2,0,0,1,1,0,1,0,0,5,4,False,True,BEIJING FOOT SPA
slimmers world international,0,0,0,0,0,0,0,5,0,0,5,1,False,False,SLIMMERS WORLD INTERNATIONAL
seek shine,0,3,0,0,0,0,0,2,0,0,5,2,False,True,SEEK SHINE
party company,0,0,0,0,0,0,0,5,0,0,5,1,False,False,PARTY COMPANY
aap,0,0,0,0,1,0,4,0,0,0,5,2,False,True,AAP
fiftea,0,1,0,0,0,0,1,3,0,0,5,3,False,True,FIFTEA
urban smiles dental clinic,0,3,1,0,0,0,0,1,0,0,5,3,False,True,URBAN SMILES DENTAL CLINIC
oppa studio,0,0,0,0,0,0,4,1,0,0,5,2,False,True,Oppa Studio
under armour,0,0,0,0,0,0,0,5,0,0,5,1,False,False,UNDER ARMOUR
egg station,0,0,0,0,0,0,3,2,0,0,5,2,False,True,EGG STATION
scent co,0,0,1,0,0,0,4,0,0,0,5,2,False,True,The Scent Co.
beauty lab skin body clinic,0,0,0,0,0,0,0,5,0,0,5,1,False,False,THE BEAUTY LAB SKIN BODY CLINIC
evoke,0,2,0,0,0,0,0,3,0,0,5,2,False,True,EVOKE
unica,0,0,0,0,0,0,0,5,0,0,5,1,False,False,UNICA
ocampos jewelry,0,0,0,0,0,0,1,4,0,0,5,2,False,True,OCAMPOS JEWELRY
urestore pt rehab clinic,0,0,0,0,0,0,0,5,0,0,5,1,False,False,URESTORE PT REHAB CLINIC
lemon zone refreshment,0,0,0,0,0,0,0,5,0,0,5,1,False,False,LEMON ZONE REFRESHMENT
visualities by eo,0,1,0,0,0,0,1,3,0,0,5,3,False,True,VISUALITIES BY EO
lord stows bakery,0,3,0,0,0,1,1,0,0,0,5,3,False,True,LORD STOW'S BAKERY
padis point,0,0,0,0,0,0,3,0,2,0,5,2,False,True,PADI'S POINT
biggs diner all star,0,0,0,0,0,0,0,5,0,0,5,1,False,False,BIGGS DINER ALL STAR
big chill,0,0,0,0,0,0,2,3,0,0,5,2,False,True,THE BIG CHILL
mixme,0,0,0,0,0,0,0,5,0,0,5,1,False,False,MIXME
shimmer and shield car coating,0,0,0,0,0,0,0,5,0,0,5,1,False,False,SHIMMER AND SHIELD CAR COATING
tuf barbershop,0,3,0,0,1,0,1,0,0,0,5,3,False,True,TUF BARBERSHOP
los churreros,0,0,0,0,1,0,3,1,0,0,5,3,False,True,LOS CHURREROS
avida,0,5,0,0,0,0,0,0,0,0,5,1,False,False,AVIDA
tuan tuan,0,0,0,0,0,1,0,4,0,0,5,2,False,True,TUAN TUAN
pabder,1,1,0,0,0,1,0,2,0,0,5,4,False,True,PABDER
panagatan restaurant,0,1,0,0,0,0,2,2,0,0,5,3,False,True,PANAGATAN RESTAURANT
nutrition depot,0,1,0,0,0,0,0,4,0,0,5,2,False,True,NUTRITION DEPOT
lemon hub,0,0,0,0,0,0,3,2,0,0,5,2,False,True,LEMON HUB
eastwest bank,0,0,2,0,1,1,0,0,0,1,5,4,False,True,EastWest Bank
fone style accessories,0,2,0,0,0,0,0,3,0,0,5,2,False,True,FONE STYLE ACCESSORIES
moms ube triple chocolate champorado,0,0,0,0,0,0,0,5,0,0,5,1,False,False,MOMS UBE TRIPLE CHOCOLATE CHAMPORADO
eo kids up,0,0,0,0,0,0,0,5,0,0,5,1,False,False,EO KIDS UP
better components,0,0,0,0,0,0,0,5,0,0,5,1,False,False,BETTER COMPONENTS
oxy,0,3,1,0,0,0,1,0,0,0,5,3,False,True,OXY
mister kabab,0,0,0,1,0,0,0,4,0,0,5,2,False,True,MISTER KABAB
typo,0,3,0,0,1,0,0,1,0,0,5,3,False,True,TYPO
for me,0,0,1,0,0,0,3,0,1,0,5,3,False,True,For Me
besas,0,3,0,0,0,2,0,0,0,0,5,2,False,True,BESA'S
barcada,0,0,0,0,1,0,3,1,0,0,5,3,False,True,BARCADA
gadget headz,0,0,0,0,0,0,2,3,0,0,5,2,False,True,GADGET HEADZ
doughnut outdoor gear,0,0,0,0,0,0,0,5,0,0,5,1,False,False,DOUGHNUT OUTDOOR GEAR
santinos,0,0,0,0,0,0,3,2,0,0,5,2,False,True,SANTINO'S
oasis dental care,0,0,0,0,0,0,0,4,0,1,5,2,False,True,OASIS DENTAL CARE
fun house,0,0,0,0,0,0,1,4,0,0,5,2,False,True,FUN HOUSE
lactation treats by rcg,0,0,0,0,0,0,0,5,0,0,5,1,False,False,LACTATION TREATS BY RCG
oroderm,0,1,0,0,0,0,1,3,0,0,5,3,False,True,ORODERM
vice co,0,0,1,0,0,0,0,4,0,0,5,2,False,True,VICE CO
unica hija salon,0,2,0,0,0,0,0,3,0,0,5,2,False,True,UNICA HIJA SALON
pay & go,0,3,0,0,2,0,0,0,0,0,5,2,False,True,PAY & GO
vibes massage services,0,0,0,0,0,0,0,3,0,2,5,2,False,True,VIBES MASSAGE SERVICES
evo,0,0,0,0,0,0,1,4,0,0,5,2,False,True,EVO
dior,0,2,0,0,0,0,0,3,0,0,5,2,False,True,DIOR
royqueen,0,0,0,0,0,0,0,5,0,0,5,1,False,False,ROYQUEEN
scentsmith,0,5,0,0,0,0,0,0,0,0,5,1,False,False,SCENTSMITH
tori takoyaki,0,0,0,0,1,0,3,0,0,1,5,3,False,True,Tori Takoyaki
sebago,1,2,1,0,0,0,0,1,0,0,5,4,False,True,SEBAGO
fantastic baka,0,0,0,0,0,0,0,5,0,0,5,1,False,False,FANTASTIC BAKA
payless,0,0,0,0,0,0,5,0,0,0,5,1,False,False,Payless
orange brutus,0,2,0,0,1,0,0,2,0,0,5,3,False,True,ORANGE BRUTUS
mo cookies,0,0,0,0,1,0,2,2,0,0,5,3,False,True,Mo' Cookies
rsb takoyaki,0,1,0,0,0,0,2,2,0,0,5,3,False,True,RSB TAKOYAKI
screen secure,0,0,0,0,0,0,0,5,0,0,5,1,False,False,SCREEN SECURE
g&g taiwan famous fried chicken,0,0,0,0,0,0,0,5,0,0,5,1,False,False,G&G TAIWAN FAMOUS FRIED CHICKEN
wacky studio,0,1,0,0,0,0,0,4,0,0,5,2,False,True,WACKY STUDIO
odysseus,0,0,0,0,0,0,0,5,0,0,5,1,False,False,ODYSSEUS
kerrimo,0,0,1,0,0,0,4,0,0,0,5,2,False,True,Kerrimo
bayad center,0,0,1,0,0,0,2,0,1,1,5,4,False,True,Bayad Center
scent station,0,1,0,0,0,0,2,2,0,0,5,3,False,True,SCENT STATION
bbk,0,0,0,0,1,0,1,1,0,2,5,4,False,True,BBK
karaoke hub,0,0,0,0,0,0,1,4,0,0,5,2,False,True,KARAOKE HUB
asian home appliance center,0,5,0,0,0,0,0,0,0,0,5,1,False,False,ASIAN HOME APPLIANCE CENTER
lush,0,4,0,0,0,0,1,0,0,0,5,2,False,True,LUSH
miladay jewels,0,3,0,0,0,0,0,2,0,0,5,2,False,True,MILADAY JEWELS
bbq chicken,0,0,1,0,1,0,0,3,0,0,5,3,False,True,BBQ CHICKEN
i sports,0,0,1,0,0,0,2,1,0,0,4,3,False,True,I SPORTS
villarica pawnshop,0,0,0,0,0,0,0,0,0,4,4,1,False,False,Villarica Pawnshop
kusinang pinoy,0,0,0,0,0,0,2,2,0,0,4,2,False,True,KUSINANG PINOY
seafood paradise,0,0,0,0,0,0,0,4,0,0,4,1,False,False,SEAFOOD PARADISE
tylex,0,0,0,0,0,0,1,3,0,0,4,2,False,True,TYLEX
japabites,0,0,1,0,0,0,2,1,0,0,4,3,False,True,JAPABITES
ansons,0,2,0,0,0,2,0,0,0,0,4,2,False,True,ANSON'S
tenya tempura tendon,0,2,1,0,0,1,0,0,0,0,4,3,False,True,TENYA TEMPURA TENDON
western appliances,1,0,1,1,0,1,0,0,0,0,4,4,False,True,Western Appliances
andoks,0,4,0,0,0,0,0,0,0,0,4,1,False,False,ANDOK'S
american tourister,1,2,0,0,0,0,1,0,0,0,4,3,False,True,American Tourister
cha tuk chak,0,3,0,0,0,0,0,1,0,0,4,2,False,True,CHA TUK CHAK
daily apple,0,1,0,0,0,0,0,3,0,0,4,2,False,True,DAILY APPLE
jaskey,0,0,0,0,0,0,2,2,0,0,4,2,False,True,JASKEY
carica,0,0,1,0,0,0,0,3,0,0,4,2,False,True,CARICA
sportszone game center,0,0,0,0,0,0,0,4,0,0,4,1,False,False,SPORTSZONE GAME CENTER
reebok,0,0,0,0,0,0,0,4,0,0,4,1,False,False,REEBOK
empire golf,0,0,0,0,0,0,0,4,0,0,4,1,False,False,EMPIRE GOLF
calliope,0,2,0,0,0,0,0,2,0,0,4,2,False,True,CALLIOPE
odysseus suarez wedding rings,0,3,0,0,0,0,1,0,0,0,4,2,False,True,ODYSSEUS SUAREZ WEDDING RINGS
lego certified store,0,4,0,0,0,0,0,0,0,0,4,1,False,False,LEGO CERTIFIED STORE
storyland fun park,0,0,0,0,0,0,0,4,0,0,4,1,False,False,STORYLAND FUN PARK
plains prints,0,0,0,0,0,0,0,4,0,0,4,1,False,False,PLAINS PRINTS
gorae hotdog,0,0,0,0,0,0,0,4,0,0,4,1,False,False,GORAE HOTDOG
eataewon,0,0,1,0,0,0,1,2,0,0,4,3,False,True,EATAEWON
stradivarius,0,2,0,0,0,0,0,2,0,0,4,2,False,True,STRADIVARIUS
fabric warehouse,0,1,0,0,0,1,0,2,0,0,4,3,False,True,FABRIC WAREHOUSE
tender juicy,0,0,0,0,0,0,4,0,0,0,4,1,False,False,TENDER JUICY
melissa,0,3,0,0,0,0,1,0,0,0,4,2,False,True,MELISSA
la creperie,0,2,0,0,1,0,0,1,0,0,4,3,False,True,LA CREPERIE
wolfgangs steakhouse,0,1,0,0,2,0,0,1,0,0,4,3,False,True,WOLFGANG’S STEAKHOUSE
carlcare service,0,0,0,0,0,0,0,4,0,0,4,1,False,False,CARLCARE SERVICE
endure medical inc,0,0,0,0,0,0,0,4,0,0,4,1,False,False,ENDURE MEDICAL INC
sanrys money changer,0,3,0,0,0,0,1,0,0,0,4,2,False,True,SANRY'S MONEY CHANGER
sichu malatang,0,0,0,0,3,0,0,1,0,0,4,2,False,True,Sichu Malatang
mobile blitz,0,0,0,0,0,0,1,3,0,0,4,2,False,True,MOBILE BLITZ
connies kitchen,0,1,0,0,0,1,1,1,0,0,4,4,False,True,Connie's Kitchen
ongpin express,0,0,0,0,1,0,0,0,0,3,4,2,False,True,ONGPIN EXPRESS
coffee project,0,0,0,0,0,0,0,0,4,0,4,1,False,False,COFFEE PROJECT
chika an sa cebu,0,0,1,0,0,0,0,3,0,0,4,2,False,True,CHIKA-AN SA CEBU
wenger,0,1,0,0,0,0,0,3,0,0,4,2,False,True,WENGER
mixue ice cream,0,4,0,0,0,0,0,0,0,0,4,1,False,False,MIXUE ICE CREAM
look,1,1,0,0,0,0,0,0,2,0,4,3,False,True,THE LOOK
e es takuyaki,0,0,0,0,0,0,0,4,0,0,4,1,False,False,E ES TAKUYAKI
heroes barbers,0,0,1,0,0,0,1,2,0,0,4,3,False,True,Heroes Barbers
pound by todd english,0,1,0,0,0,0,0,3,0,0,4,2,False,True,POUND BY TODD ENGLISH
mrs waffle,0,0,0,0,1,0,2,0,0,1,4,3,False,True,Mrs. Waffle
ncat,0,0,0,0,0,0,2,1,1,0,4,3,False,True,NCAT
coffee lab,0,3,0,0,0,0,0,1,0,0,4,2,False,True,COFFEE LAB
antonios coffee bibingka,0,0,0,0,0,0,0,4,0,0,4,1,False,False,ANTONIOS COFFEE BIBINGKA
herbs of the earth,1,0,0,0,1,1,1,0,0,0,4,4,False,True,Herbs Of The Earth
pines multi telecom,0,0,0,0,0,0,0,3,0,1,4,2,False,True,PINES MULTI TELECOM
kyu kyu ramen,0,0,1,0,0,0,2,1,0,0,4,3,False,True,Kyu Kyu Ramen
pink parlour,0,0,0,0,1,0,1,2,0,0,4,3,False,True,Pink Parlour
chachago,0,0,0,2,0,0,1,1,0,0,4,3,False,True,Chachago
kuya js,0,0,0,1,3,0,0,0,0,0,4,2,False,True,Kuya J's
big apple express spa,0,1,0,0,1,0,1,1,0,0,4,4,False,True,BIG APPLE EXPRESS SPA
electronics boutique,0,1,1,0,1,0,0,0,0,1,4,4,False,True,The Electronics Boutique
suki shoes,0,3,1,0,0,0,0,0,0,0,4,2,False,True,SUKI SHOES
chicken deli,0,1,0,0,0,0,1,1,1,0,4,4,False,True,CHICKEN DELI
american eagle,0,0,0,0,0,0,0,4,0,0,4,1,False,False,AMERICAN EAGLE
elite,0,1,1,0,0,0,1,1,0,0,4,4,False,True,ELITE
onward,0,2,0,0,0,0,0,2,0,0,4,2,False,True,ONWARD
memo express,0,0,0,0,0,0,4,0,0,0,4,1,False,False,Memo Express
alley by vikings,0,4,0,0,0,0,0,0,0,0,4,1,False,False,THE ALLEY BY VIKINGS
jabra,0,0,0,0,0,0,0,4,0,0,4,1,False,False,JABRA
lay bare plus,0,0,0,0,0,0,0,4,0,0,4,1,False,False,LAY BARE PLUS
presnet cellphone shop,0,0,0,0,0,0,0,4,0,0,4,1,False,False,PRESNET CELLPHONE SHOP
beyond the vines,0,2,0,0,1,0,0,1,0,0,4,3,False,True,BEYOND THE VINES
zhen bao hotpot,0,4,0,0,0,0,0,0,0,0,4,1,False,False,ZHEN BAO HOTPOT
alley its time for tea,0,0,0,0,0,0,0,4,0,0,4,1,False,False,THE ALLEY ITS TIME FOR TEA
bershka,0,2,0,0,0,0,0,2,0,0,4,2,False,True,BERSHKA
santis delicatessen,0,0,0,0,2,1,1,0,0,0,4,3,False,True,Santi's Delicatessen
legion,0,0,0,0,0,0,0,4,0,0,4,1,False,False,LEGION
rcbc atm,0,0,0,0,4,0,0,0,0,0,4,1,False,False,RCBC ATM
cebuana lhuillier pawnshop,0,4,0,0,0,0,0,0,0,0,4,1,False,False,CEBUANA LHUILLIER PAWNSHOP
sasmuan delicacies,0,0,0,0,0,0,0,4,0,0,4,1,False,False,SASMUAN DELICACIES
ednas cakeland,0,0,0,0,0,0,1,3,0,0,4,2,False,True,EDNA'S CAKELAND
mango tree cafe,0,0,0,0,0,1,0,3,0,0,4,2,False,True,MANGO TREE CAFE
elov chinese drugstore,0,0,0,0,0,0,0,4,0,0,4,1,False,False,ELOV CHINESE DRUGSTORE
urban traveller,0,4,0,0,0,0,0,0,0,0,4,1,False,False,URBAN TRAVELLER
insta360,0,0,1,0,0,0,0,3,0,0,4,2,False,True,INSTA360
silver rising,2,0,0,0,0,0,2,0,0,0,4,2,False,True,Silver Rising
oro italia fine jewelry,0,0,0,0,0,0,0,4,0,0,4,1,False,False,ORO ITALIA FINE JEWELRY
oraimo,0,0,0,0,0,0,0,4,0,0,4,1,False,False,ORAIMO
staccato,1,1,0,0,0,0,0,2,0,0,4,3,False,True,STACCATO
techno mobile,0,0,0,0,0,0,0,4,0,0,4,1,False,False,TECHNO MOBILE
grind,0,2,1,0,0,0,1,0,0,0,4,3,False,True,GRIND
cebu pacific,0,0,0,0,0,0,0,4,0,0,4,1,False,False,CEBU PACIFIC
oshkosh bgosh,0,4,0,0,0,0,0,0,0,0,4,1,False,False,OSHKOSH B'GOSH
optical works,0,0,0,0,0,0,0,4,0,0,4,1,False,False,OPTICAL WORKS
xoooom autospa,0,0,0,0,0,0,0,4,0,0,4,1,False,False,XOOOOM AUTOSPA
pnb,0,0,0,1,2,1,0,0,0,0,4,3,False,True,PNB
tayo studio,0,0,0,0,0,0,0,4,0,0,4,1,False,False,TAYO STUDIO
innisfree,0,0,1,0,0,0,0,3,0,0,4,2,False,True,INNISFREE
point grill,0,0,0,0,0,0,0,4,0,0,4,1,False,False,POINT GRILL
musicworx,0,0,0,0,0,0,1,3,0,0,4,2,False,True,MUSICWORX
basement salon,0,0,0,0,1,0,2,1,0,0,4,3,False,True,Basement Salon
myeong ryun jinsa galbi,0,1,0,0,2,0,0,1,0,0,4,3,False,True,MYEONG RYUN JINSA GALBI
chee su,0,0,0,0,0,0,0,4,0,0,4,1,False,False,CHEE-SU
lechon belly kitchen,0,0,0,0,0,0,0,4,0,0,4,1,False,False,LECHON BELLY KITCHEN
team sir george salon,0,0,0,0,0,0,0,3,1,0,4,2,False,True,TEAM SIR GEORGE SALON
cell ever mobile,0,0,0,0,0,0,0,4,0,0,4,1,False,False,CELL EVER MOBILE
barrio fiesta,0,0,0,0,0,0,0,4,0,0,4,1,False,False,BARRIO FIESTA
halo,0,0,0,0,0,0,1,3,0,0,4,2,False,True,HALO
my dentist dental center,0,1,0,0,0,0,0,3,0,0,4,2,False,True,MY DENTIST DENTAL CENTER
halo halo story,0,0,0,0,0,0,2,2,0,0,4,2,False,True,HALO HALO STORY
all gadgets repair,0,0,0,0,0,0,0,4,0,0,4,1,False,False,ALL GADGETS REPAIR
taho klasiko,0,0,0,0,0,0,0,4,0,0,4,1,False,False,TAHO KLASIKO
wiltelcom,0,1,0,0,0,0,1,2,0,0,4,3,False,True,WILTELCOM
sec helmet,0,0,0,0,0,0,0,4,0,0,4,1,False,False,SEC HELMET
randys donuts,0,0,0,0,0,0,4,0,0,0,4,1,False,False,Randy's Donuts
security bank atm,0,0,0,0,3,0,1,0,0,0,4,2,False,True,Security Bank ATM
razons by glenn,0,0,1,0,0,0,1,2,0,0,4,3,False,True,RAZONS BY GLENN
popsockets,0,2,0,0,1,0,0,1,0,0,4,3,False,True,POPSOCKETS
ajisen ramen,0,0,0,0,0,0,4,0,0,0,4,1,False,False,Ajisen Ramen
sarahs bakehouse,0,0,0,0,0,0,1,3,0,0,4,2,False,True,SARAHS BAKEHOUSE
case matic,0,0,0,0,0,0,0,4,0,0,4,1,False,False,CASE MATIC
baby company,0,0,0,0,0,1,0,3,0,0,4,2,False,True,BABY COMPANY
cellty mobile,0,0,0,0,0,0,0,4,0,0,4,1,False,False,CELLTY MOBILE
isports,0,0,0,1,0,0,3,0,0,0,4,2,False,True,ISPORTS
las flores,0,1,0,0,1,0,0,2,0,0,4,3,False,True,LAS FLORES
mlb,0,0,0,0,0,1,2,1,0,0,4,3,False,True,MLB
graceland bakers plaza,0,1,0,0,0,0,0,3,0,0,4,2,False,True,GRACELAND BAKERS PLAZA
telefono,0,0,0,0,0,0,0,4,0,0,4,1,False,False,TELEFONO
beard papa,0,1,0,0,0,1,1,1,0,0,4,4,False,True,Beard Papa
edelyns homemade nuts,0,0,0,0,0,0,1,3,0,0,4,2,False,True,EDELYN'S HOMEMADE NUTS
el pollo loco,0,2,0,0,2,0,0,0,0,0,4,2,False,True,EL POLLO LOCO
scrambowl,0,0,0,0,0,0,0,4,0,0,4,1,False,False,SCRAMBOWL
casa empanada,0,0,1,0,0,0,1,2,0,0,4,3,False,True,Casa Empanada
mbscc,0,4,0,0,0,0,0,0,0,0,4,1,False,False,MBSCC
manila diamond studio,0,1,1,0,0,0,0,2,0,0,4,3,False,True,MANILA DIAMOND STUDIO
moms ube & triple chocolate champorado,0,0,0,0,0,0,1,3,0,0,4,2,False,True,MOM'S UBE & TRIPLE CHOCOLATE CHAMPORADO
original boat noodle,0,0,0,0,0,0,0,4,0,0,4,1,False,False,THE ORIGINAL BOAT NOODLE
ucc coffee shop,0,0,0,0,4,0,0,0,0,0,4,1,False,False,UCC Coffee Shop
la vie en rose,0,2,0,0,1,0,1,0,0,0,4,3,False,True,LA VIE EN ROSE
nanyang kopitiam,0,4,0,0,0,0,0,0,0,0,4,1,False,False,NANYANG KOPITIAM
courtside,0,2,0,0,0,0,1,1,0,0,4,3,False,True,COURTSIDE
lock & lock,0,2,0,0,1,0,1,0,0,0,4,3,False,True,LOCK & LOCK
urbangiz,0,2,0,0,0,1,0,1,0,0,4,3,False,True,URBANGIZ
aji ichiban,0,0,0,0,0,0,2,2,0,0,4,2,False,True,AJI ICHIBAN
belle la peau,0,0,0,0,0,0,0,4,0,0,4,1,False,False,BELLE LA PEAU
mango magic,0,0,0,0,0,0,3,1,0,0,4,2,False,True,Mango Magic
otter box,0,0,0,0,0,0,0,4,0,0,4,1,False,False,OTTER BOX
hannahs cake decors & party needs,0,4,0,0,0,0,0,0,0,0,4,1,False,False,HANNAH'S CAKE DECORS & PARTY NEEDS
mango float supreme manila,0,0,0,1,0,0,1,2,0,0,4,3,False,True,Mango Float Supreme Manila
ice blinker,0,0,0,0,0,0,1,3,0,0,4,2,False,True,ICE BLINKER
techspecs,0,0,0,0,0,0,0,4,0,0,4,1,False,False,TECHSPECS
chemworld fragrance factory,0,1,0,0,0,0,0,3,0,0,4,2,False,True,CHEMWORLD FRAGRANCE FACTORY
whoops,0,0,0,0,0,0,1,3,0,0,4,2,False,True,WHOOPS
otterbox,0,1,0,0,0,1,1,1,0,0,4,4,False,True,Otterbox
loccitane,0,2,0,0,0,1,0,1,0,0,4,3,False,True,L'OCCITANE
color ideas,0,0,0,0,0,0,0,4,0,0,4,1,False,False,COLOR IDEAS
lartizan,0,2,0,0,0,0,1,1,0,0,4,3,False,True,LARTIZAN
hearts and bells cakes and family recipes,0,0,0,0,0,0,0,4,0,0,4,1,False,False,HEARTS AND BELLS CAKES AND FAMILY RECIPES
taco boy,0,1,0,0,0,0,1,2,0,0,4,3,False,True,TACO BOY
kurimi milk tea bar,0,1,0,0,0,0,1,2,0,0,4,3,False,True,KURIMI MILK TEA BAR
power mac,0,0,1,0,0,0,3,0,0,0,4,2,False,True,Power Mac
california rolls,0,0,0,0,0,0,0,0,0,4,4,1,False,False,California Rolls
cmg,0,1,0,0,1,1,0,1,0,0,4,4,False,True,CMG
sonyda ichiban,0,0,0,0,0,0,4,0,0,0,4,1,False,False,Sonyda Ichiban
micro valley,0,0,1,0,0,1,2,0,0,0,4,3,False,True,Micro Valley
seoul good,0,0,0,0,0,1,0,3,0,0,4,2,False,True,SEOUL GOOD
no strips waxing salon,0,1,0,0,0,0,1,2,0,0,4,3,False,True,NO STRIPS WAXING SALON
kind ventures,0,0,0,0,0,0,1,3,0,0,4,2,False,True,KIND VENTURES
mr jeff laundry,0,0,0,0,3,1,0,0,0,0,4,2,False,True,Mr. Jeff Laundry
kimono ken,0,0,0,0,0,0,0,4,0,0,4,1,False,False,KIMONO KEN
hirsch,0,2,0,0,0,0,0,2,0,0,4,2,False,True,HIRSCH
pares retiro,0,0,0,1,0,0,0,2,0,1,4,3,False,True,Pares Retiro
escalator,0,0,0,0,0,4,0,0,0,0,4,1,False,False,Escalator
trendy by vision express,0,2,0,0,0,0,0,2,0,0,4,2,False,True,TRENDY BY VISION EXPRESS
rx prescripto,0,0,0,0,0,0,0,4,0,0,4,1,False,False,RX PRESCRIPTO
pet blvd grooming and shopping centre,0,0,0,0,0,0,0,4,0,0,4,1,False,False,PET BLVD. GROOMING AND SHOPPING CENTRE
bmcjr lugaw republic,0,0,0,0,0,0,0,4,0,0,4,1,False,False,BMCJR LUGAW REPUBLIC
slicktight,0,0,0,0,0,0,0,4,0,0,4,1,False,False,SLICKTIGHT
bobbi brown,0,0,0,0,0,0,1,3,0,0,4,2,False,True,BOBBI BROWN
nokia,0,0,0,0,0,0,0,3,0,1,4,2,False,True,NOKIA
swarovski,0,2,0,0,1,0,0,1,0,0,4,3,False,True,SWAROVSKI
kidsports,0,2,1,0,1,0,0,0,0,0,4,3,False,True,KIDSPORTS
citrus zone,0,0,0,0,0,0,1,3,0,0,4,2,False,True,CITRUS ZONE
friends fries,0,0,0,0,0,0,2,2,0,0,4,2,False,True,Friends Fries
sole destinations travel and tours,0,0,0,0,0,0,0,4,0,0,4,1,False,False,SOLE DESTINATIONS TRAVEL AND TOURS
pc chain superstore,0,0,1,0,0,0,0,3,0,0,4,2,False,True,PC CHAIN SUPERSTORE
paradise dynasty,0,0,0,0,0,0,1,3,0,0,4,2,False,True,PARADISE DYNASTY
wangfu chinese cafe,0,0,0,0,0,0,0,4,0,0,4,1,False,False,WANGFU CHINESE CAFE
ridelab,0,0,0,0,0,0,0,4,0,0,4,1,False,False,RIDELAB
hokkaido ramen santouka,0,4,0,0,0,0,0,0,0,0,4,1,False,False,HOKKAIDO RAMEN SANTOUKA
sushi box,0,0,0,0,0,0,0,1,0,3,4,2,False,True,The Sushi Box
franzy salon for men women,0,0,0,0,0,0,0,4,0,0,4,1,False,False,FRANZY SALON FOR MEN WOMEN
kingcorn,0,0,0,0,0,0,1,3,0,0,4,2,False,True,KINGCORN
mail merge,0,0,0,0,0,0,0,4,0,0,4,1,False,False,MAIL MERGE
hour dee parfums,0,0,0,0,0,0,1,3,0,0,4,2,False,True,Hour Dee Parfums
kaiser medical center inc,0,0,0,0,0,0,0,4,0,0,4,1,False,False,KAISER MEDICAL CENTER INC
aquabest,0,0,0,0,0,1,0,3,0,0,4,2,False,True,AQUABEST
tita paring suman latik,0,1,0,0,0,0,0,3,0,0,4,2,False,True,TITA PARING SUMAN LATIK
french tips,0,0,0,0,0,1,0,3,0,0,4,2,False,True,FRENCH TIPS
petrol,0,3,0,0,0,0,1,0,0,0,4,2,False,True,PETROL
john lemon,0,0,0,0,0,1,1,2,0,0,4,3,False,True,JOHN LEMON
titan,0,2,0,0,0,0,0,2,0,0,4,2,False,True,TITAN
dell,0,0,0,0,0,0,0,4,0,0,4,1,False,False,DELL
chops to go,0,0,0,0,0,0,0,4,0,0,4,1,False,False,CHOPS TO GO
g shock casio,0,0,0,0,0,0,0,4,0,0,4,1,False,False,G-SHOCK CASIO
buko express pies and sweets,0,0,0,0,0,0,0,3,0,1,4,2,False,True,BUKO EXPRESS PIES AND SWEETS
vanity box,0,1,0,0,0,0,0,2,0,1,4,3,False,True,VANITY BOX
lucell,0,1,0,0,1,0,0,2,0,0,4,3,False,True,LUCELL
watami,0,0,1,0,3,0,0,0,0,0,4,2,False,True,Watami
fun city,0,4,0,0,0,0,0,0,0,0,4,1,False,False,FUN CITY
army navy,0,0,0,0,2,1,0,0,0,1,4,3,False,True,Army Navy
michaela lifestyle,1,0,0,0,0,0,1,0,2,0,4,3,False,True,Michaela Lifestyle
nikkei robata,0,2,0,0,2,0,0,0,0,0,4,2,False,True,NIKKEI ROBATA
gashapon bandai,0,0,0,0,0,1,0,3,0,0,4,2,False,True,GASHAPON BANDAI
abe,0,2,0,0,1,0,0,1,0,0,4,3,False,True,ABE
lumpia express,0,0,0,0,0,0,1,0,0,3,4,2,False,True,Lumpia Express
purefoods tj hotdog,0,3,0,0,0,0,1,0,0,0,4,2,False,True,PUREFOODS TJ HOTDOG
old town white coffee,0,0,0,0,0,0,0,4,0,0,4,1,False,False,OLD TOWN WHITE COFFEE
acom consumer finance corp,0,0,0,0,0,0,0,0,0,4,4,1,False,False,ACOM Consumer Finance Corp
kevins toys library,0,0,0,0,0,0,0,4,0,0,4,1,False,False,KEVINS TOYS LIBRARY
smart communications,0,4,0,0,0,0,0,0,0,0,4,1,False,False,SMART COMMUNICATIONS
brow lounge,0,0,1,0,0,2,1,0,0,0,4,3,False,True,Brow Lounge
oldmoon studio,0,3,0,0,0,0,0,1,0,0,4,2,False,True,OLDMOON STUDIO
michaela,0,1,0,0,0,0,0,3,0,0,4,2,False,True,MICHAELA
wash n dry,0,0,0,0,3,0,0,1,0,0,4,2,False,True,Wash N' Dry
kettle corn,0,0,0,1,0,0,2,0,1,0,4,3,False,True,Kettle Corn
smart driving school,0,0,1,0,2,0,1,0,0,0,4,3,False,True,Smart Driving School
absidy,0,0,0,0,0,0,4,0,0,0,4,1,False,False,ABSIDY
ollie & co,0,1,0,0,2,1,0,0,0,0,4,3,False,True,Ollie & Co.
alter station,0,3,1,0,0,0,0,0,0,0,4,2,False,True,ALTER STATION
chronos,0,0,0,0,0,1,0,3,0,0,4,2,False,True,CHRONOS
lfafa,0,0,1,0,2,0,1,0,0,0,4,3,False,True,Lfafa
nail addik,0,0,0,0,1,0,3,0,0,0,4,2,False,True,Nail Addik
sm cinema snackbar imax,0,0,0,0,0,0,0,4,0,0,4,1,False,False,SM CINEMA SNACKBAR IMAX
smb travel tours,0,0,0,0,0,0,0,4,0,0,4,1,False,False,SMB TRAVEL TOURS
dermcare luxe,0,1,0,0,0,0,2,1,0,0,4,3,False,True,DERMCARE LUXE
gelatissimo,0,2,0,0,0,0,0,2,0,0,4,2,False,True,GELATISSIMO
nail house,0,0,0,0,0,0,0,4,0,0,4,1,False,False,NAIL HOUSE
yoyoso,0,2,0,0,0,0,2,0,0,0,4,2,False,True,YOYOSO
super 50,0,0,0,0,0,0,4,0,0,0,4,1,False,False,SUPER 50
kiddie cart,0,0,0,0,0,0,0,4,0,0,4,1,False,False,KIDDIE CART
bon chon chicken,0,0,0,0,0,0,0,4,0,0,4,1,False,False,BON CHON CHICKEN
oishii maki,0,0,0,0,0,0,0,4,0,0,4,1,False,False,OISHII MAKI
homeplus,0,0,0,0,0,0,0,0,0,4,4,1,False,False,Homeplus
10 yen king,0,0,0,0,1,0,2,1,0,0,4,3,False,True,10 YEN KING
buddys,0,0,0,1,1,0,0,2,0,0,4,3,False,True,Buddy's
juice avenue,0,0,0,0,0,0,0,4,0,0,4,1,False,False,JUICE AVENUE
dino rides,0,0,0,0,0,0,4,0,0,0,4,1,False,False,Dino Rides
passionails,0,1,1,0,0,1,0,1,0,0,4,4,False,True,PASSIONAILS
milky,0,0,0,0,0,0,0,4,0,0,4,1,False,False,MILKY
khao khai,0,0,0,0,0,0,1,3,0,0,4,2,False,True,KHAO KHAI
marks & spencer,0,0,0,0,0,0,0,4,0,0,4,1,False,False,MARKS & SPENCER
blind massage,0,1,0,0,0,0,3,0,0,0,4,2,False,True,BLIND MASSAGE
dotpad,0,0,0,0,0,0,0,1,0,3,4,2,False,True,Dotpad
royal aesthetics,0,0,0,0,0,0,0,4,0,0,4,1,False,False,ROYAL AESTHETICS
baluan ilocos empanada,0,0,0,0,0,0,4,0,0,0,4,1,False,False,Baluan Ilocos Empanada
hugs and folds,0,0,0,0,0,0,0,4,0,0,4,1,False,False,HUGS AND FOLDS
zeqi,0,0,0,0,0,0,1,3,0,0,4,2,False,True,ZEQI
tumi,0,2,0,0,1,0,0,1,0,0,4,3,False,True,TUMI
kangkong king,0,0,0,0,0,0,2,2,0,0,4,2,False,True,KANGKONG KING
mitsubishi photo,0,0,0,0,0,0,0,4,0,0,4,1,False,False,MITSUBISHI PHOTO
bingo bonanza,0,0,0,0,0,0,2,2,0,0,4,2,False,True,BINGO BONANZA
superkicks,0,2,0,0,0,0,2,0,0,0,4,2,False,True,SUPERKICKS
krispy krust,0,0,0,0,0,0,0,4,0,0,4,1,False,False,KRISPY KRUST
ambika,0,0,0,0,0,0,0,0,0,4,4,1,False,False,Ambika
soya bar,0,0,1,0,0,0,0,3,0,0,4,2,False,True,SOYA BAR
tubo ko,0,0,0,0,0,0,0,2,0,2,4,2,False,True,TUBO KO
accenthub,0,0,0,0,0,0,0,4,0,0,4,1,False,False,ACCENTHUB
dulcinea,0,2,0,0,0,0,1,1,0,0,4,3,False,True,DULCINEA
mary grace cafe,0,0,0,0,0,0,4,0,0,0,4,1,False,False,Mary Grace Cafe
wonderbake,0,1,0,0,0,0,0,3,0,0,4,2,False,True,WONDERBAKE
jewel cafe,0,0,1,0,2,0,1,0,0,0,4,3,False,True,Jewel Cafe
lemon stop,0,0,0,0,2,0,0,2,0,0,4,2,False,True,Lemon Stop
hongkong style noodles,0,0,1,0,0,0,2,1,0,0,4,3,False,True,Hongkong Style Noodles
florsheim,0,4,0,0,0,0,0,0,0,0,4,1,False,False,FLORSHEIM
n cat philippines,0,0,0,0,0,0,0,4,0,0,4,1,False,False,N.CAT PHILIPPINES
extreme bingo,0,1,0,0,0,0,0,3,0,0,4,2,False,True,EXTREME BINGO
wonder wharf,0,0,0,0,0,0,4,0,0,0,4,1,False,False,WONDER WHARF
mobius,0,0,0,0,0,0,0,4,0,0,4,1,False,False,MOBIUS
laybare waxing salon,0,0,0,0,0,0,3,0,0,1,4,2,False,True,Laybare Waxing Salon
bigbys cafe and restaurant,0,4,0,0,0,0,0,0,0,0,4,1,False,False,BIGBY'S CAFE AND RESTAURANT
reva,1,1,1,0,0,0,1,0,0,0,4,4,False,True,Reva
turks express,0,0,0,0,0,0,1,3,0,0,4,2,False,True,TURKS EXPRESS
jb sports,0,0,0,0,0,0,0,4,0,0,4,1,False,False,JB SPORTS
hey sugar,0,0,0,0,2,0,2,0,0,0,4,2,False,True,Hey Sugar
citylight telecom centre,0,0,0,0,0,0,0,4,0,0,4,1,False,False,CITYLIGHT TELECOM CENTRE
chinabank,0,0,0,0,2,2,0,0,0,0,4,2,False,True,Chinabank
thirsty fresh fruit juices & shakes,0,4,0,0,0,0,0,0,0,0,4,1,False,False,THIRSTY FRESH FRUIT JUICES & SHAKES
daves fun house,0,3,0,0,0,0,0,1,0,0,4,2,False,True,DAVE'S FUN HOUSE
waffle house,0,0,0,0,0,0,2,2,0,0,4,2,False,True,WAFFLE HOUSE
pull & bear,0,3,0,0,0,0,0,1,0,0,4,2,False,True,PULL & BEAR
kanzen sushi roll house,0,2,0,0,0,0,0,2,0,0,4,2,False,True,KANZEN SUSHI ROLL HOUSE
glow and brow,0,0,0,0,0,0,0,4,0,0,4,1,False,False,GLOW AND BROW
banana leaf,0,0,0,0,0,2,0,2,0,0,4,2,False,True,Banana Leaf
sams everything on stick,0,0,0,0,0,0,2,0,0,2,4,2,False,True,Sam's Everything on Stick
automatic centre,2,0,1,0,0,0,0,1,0,0,4,3,False,True,Automatic Centre
merrymart grocery,1,3,0,0,0,0,0,0,0,0,4,2,False,True,MERRYMART GROCERY
hongkong style noodles & dimsum,0,0,0,0,0,0,4,0,0,0,4,1,False,False,Hongkong Style Noodles & Dimsum
hua mulan,0,0,0,0,0,0,1,3,0,0,4,2,False,True,HUA MULAN
one zo tapioca,0,3,1,0,0,0,0,0,0,0,4,2,False,True,ONE ZO TAPIOCA
apvil graphics and sign,0,0,0,0,0,0,0,4,0,0,4,1,False,False,APVIL GRAPHICS AND SIGN
surgiderm,0,0,0,0,0,0,1,3,0,0,4,2,False,True,SURGIDERM
bw superbakeshop,0,0,0,0,0,0,0,0,0,4,4,1,False,False,BW Superbakeshop
majestic,0,1,0,0,0,0,0,3,0,0,4,2,False,True,MAJESTIC
forever 21,0,0,0,0,0,0,0,4,0,0,4,1,False,False,FOREVER 21
jinjoo korean restaurant,0,0,0,0,0,0,0,4,0,0,4,1,False,False,JINJOO KOREAN RESTAURANT
kathnails salon,0,0,0,0,0,0,0,4,0,0,4,1,False,False,KATHNAILS SALON
euronet atm,0,0,0,0,4,0,0,0,0,0,4,1,False,False,Euronet ATM
kitchen city,0,2,0,0,2,0,0,0,0,0,4,2,False,True,KITCHEN CITY
sundrops day spa,0,0,0,0,0,0,0,4,0,0,4,1,False,False,SUNDROPS DAY SPA
jims recipe,0,0,0,0,0,0,0,4,0,0,4,1,False,False,JIMS RECIPE
pd & co,0,1,1,0,0,0,2,0,0,0,4,3,False,True,PD & Co.
jjjg seafood grill station,0,0,0,0,0,0,0,4,0,0,4,1,False,False,JJJG SEAFOOD GRILL STATION
a 1 driving school,0,4,0,0,0,0,0,0,0,0,4,1,False,False,A-1 DRIVING SCHOOL
saladstop,0,0,0,0,0,1,0,3,0,0,4,2,False,True,SALADSTOP
timeline,0,0,0,0,0,0,0,4,0,0,4,1,False,False,TIMELINE
south shores,0,1,0,0,0,0,1,2,0,0,4,3,False,True,SOUTH SHORES
timeworks,0,1,0,0,0,0,0,3,0,0,4,2,False,True,TIMEWORKS
dr brows,0,0,0,0,0,0,1,3,0,0,4,2,False,True,DR BROWS
yogurtime,0,0,0,0,0,0,0,4,0,0,4,1,False,False,YOGURTIME
sunburst fried chicken,0,2,0,0,0,0,1,1,0,0,4,3,False,True,SUNBURST FRIED CHICKEN
advanced dentistry by dr james,0,0,1,0,0,0,0,3,0,0,4,2,False,True,ADVANCED DENTISTRY BY DR JAMES
time check,0,0,0,0,0,0,4,0,0,0,4,1,False,False,Time Check
love k derma,0,0,0,0,0,0,0,4,0,0,4,1,False,False,LOVE K-DERMA
metro dental,0,2,0,0,1,0,0,1,0,0,4,3,False,True,METRO DENTAL
baliwag lechon manok,0,2,0,1,0,0,0,0,0,1,4,3,False,True,BALIWAG LECHON MANOK
prime spots,0,0,0,0,0,0,0,4,0,0,4,1,False,False,PRIME SPOTS
foot zone,0,2,0,0,1,0,1,0,0,0,4,3,False,True,FOOT ZONE
makimura ramen bar,0,0,0,0,0,0,1,3,0,0,4,2,False,True,MAKIMURA RAMEN BAR
rolex,0,1,0,0,1,0,0,2,0,0,4,3,False,True,ROLEX
device gateway,0,0,0,0,0,0,0,0,0,4,4,1,False,False,Device Gateway
apple eve,0,0,0,0,0,0,0,4,0,0,4,1,False,False,APPLE EVE
klean kanteen,0,2,0,0,0,0,0,2,0,0,4,2,False,True,KLEAN KANTEEN
nail cocktales,0,0,1,0,0,0,2,0,0,0,3,2,False,True,Nail Cocktales
shukey key services trading,0,0,0,0,0,0,0,3,0,0,3,1,False,False,SHUKEY KEY SERVICES TRADING
shanghai siomai,0,0,0,0,0,0,3,0,0,0,3,1,False,False,Shanghai Siomai
showcase carpets,0,3,0,0,0,0,0,0,0,0,3,1,False,False,SHOWCASE CARPETS
elevator,0,0,0,0,0,3,0,0,0,0,3,1,False,False,Elevator
strokes,0,2,0,0,0,0,1,0,0,0,3,2,False,True,STROKES
1 smile city dental center,0,2,1,0,0,0,0,0,0,0,3,2,False,True,1 SMILE CITY DENTAL CENTER
mobile extras technologies,0,0,0,0,0,0,0,3,0,0,3,1,False,False,MOBILE EXTRAS TECHNOLOGIES
etap,0,0,0,0,3,0,0,0,0,0,3,1,False,False,eTap
healthwave,0,0,0,0,0,0,3,0,0,0,3,1,False,False,Healthwave
elle de marrer,0,0,0,0,2,0,1,0,0,0,3,2,False,True,Elle de Marrer
seafood ribs warehouse restaurant,0,0,0,0,0,0,0,3,0,0,3,1,False,False,SEAFOOD RIBS WAREHOUSE RESTAURANT
mobile craze,0,0,0,0,0,0,2,0,0,1,3,2,False,True,Mobile Craze
eurobel rugs carpets,0,0,0,0,0,0,0,3,0,0,3,1,False,False,EUROBEL RUGS CARPETS
everlove,0,0,0,0,0,0,0,3,0,0,3,1,False,False,EVERLOVE
etam,0,2,0,0,0,0,0,1,0,0,3,2,False,True,ETAM
quickzen cellphone accessories,0,0,0,0,0,0,0,3,0,0,3,1,False,False,QUICKZEN CELLPHONE ACCESSORIES
evegate beauty salon,0,0,0,0,0,0,0,3,0,0,3,1,False,False,EVEGATE BEAUTY SALON
concentrix,0,1,0,0,1,0,0,1,0,0,3,3,False,True,CONCENTRIX
mobile mob,0,0,0,0,0,0,0,3,0,0,3,1,False,False,MOBILE MOB
mobile fit,0,0,0,0,0,0,0,3,0,0,3,1,False,False,MOBILE FIT
puregold,0,2,0,0,0,0,0,0,1,0,3,2,False,True,PUREGOLD
cold stone creamery,0,0,1,0,1,0,1,0,0,0,3,3,False,True,Cold Stone Creamery
sues cake gallery,0,0,0,0,1,0,1,1,0,0,3,3,False,True,Sue's Cake Gallery
eyestudio optical center,0,0,0,0,0,0,0,0,0,3,3,1,False,False,Eyestudio Optical Center
coco fresco,0,0,0,0,0,0,0,3,0,0,3,1,False,False,COCO FRESCO
alley,0,1,0,0,2,0,0,0,0,0,3,2,False,True,Alley
eo optical,0,0,1,0,0,0,2,0,0,0,3,2,False,True,EO OPTICAL
hello plus gadgets,0,0,0,0,0,0,0,3,0,0,3,1,False,False,HELLO PLUS GADGETS
hi precision diagnostics plus,0,0,1,0,0,0,0,2,0,0,3,2,False,True,HI-PRECISION DIAGNOSTICS PLUS
helping hands,0,0,0,0,0,0,1,2,0,0,3,2,False,True,THE HELPING HANDS
hi precision diagnostics,0,2,0,1,0,0,0,0,0,0,3,2,False,True,HI-PRECISION DIAGNOSTICS
sumo takoyaki,0,0,0,0,0,0,0,2,0,1,3,2,False,True,SUMO TAKOYAKI
coconut republic,0,0,1,0,0,0,0,2,0,0,3,2,False,True,COCONUT REPUBLIC
sumo niku,0,0,0,0,0,0,3,0,0,0,3,1,False,False,SUMO NIKU
eng bee tin chinese deli,0,3,0,0,0,0,0,0,0,0,3,1,False,False,ENG BEE TIN CHINESE DELI
hezekiah r&n fashion,0,0,0,0,0,0,3,0,0,0,3,1,False,False,HEZEKIAH R&N FASHION
mobile pro,0,0,0,0,0,0,1,2,0,0,3,2,False,True,MOBILE PRO
mathemagis singapore maths enrichment center,0,3,0,0,0,0,0,0,0,0,3,1,False,False,MATHEMAGIS SINGAPORE MATHS ENRICHMENT CENTER
eye sports center by ideal vision center,0,0,0,0,0,0,0,3,0,0,3,1,False,False,EYE SPORTS CENTER BY IDEAL VISION CENTER
qnet mobile,0,0,0,0,0,0,0,2,0,1,3,2,False,True,QNET MOBILE
eye level,0,1,0,0,1,0,1,0,0,0,3,3,False,True,Eye Level
eye crafter,0,0,0,0,0,0,0,3,0,0,3,1,False,False,EYE CRAFTER
coffee brewtherhood,0,0,0,0,0,0,1,2,0,0,3,2,False,True,COFFEE BREWTHERHOOD
sukiya,0,0,1,0,0,0,0,1,0,1,3,3,False,True,Sukiya
nacho king,0,0,0,0,0,0,0,3,0,0,3,1,False,False,NACHO KING
sen lek thai noodle,0,0,0,0,0,0,0,3,0,0,3,1,False,False,SEN LEK THAI NOODLE
naclemons,0,0,0,0,0,0,3,0,0,0,3,1,False,False,Naclemons
hiro,0,0,0,0,0,0,2,1,0,0,3,2,False,True,HIRO
stuffd,0,0,0,0,3,0,0,0,0,0,3,1,False,False,Stuff'd
2 hands,0,0,0,0,0,0,1,2,0,0,3,2,False,True,2 Hands
sesou nature source,0,2,1,0,0,0,0,0,0,0,3,2,False,True,SESOU NATURE SOURCE
combotech,0,0,0,0,0,0,0,3,0,0,3,1,False,False,COMBOTECH
wouldulike specialty coffee,0,0,0,0,0,0,0,3,0,0,3,1,False,False,WOULDULIKE SPECIALTY COFFEE
clipdata computer center,0,0,0,0,0,0,2,1,0,0,3,2,False,True,CLIPDATA COMPUTER CENTER
executive facial care,0,0,0,0,0,0,2,0,0,1,3,2,False,True,The Executive Facial Care
shawarma house,0,0,0,1,0,0,0,1,0,1,3,3,False,True,Shawarma House
esgen dental,0,0,0,0,0,0,0,0,1,2,3,2,False,True,Esgen Dental
alpha steel,0,0,0,0,0,0,0,3,0,0,3,1,False,False,ALPHA STEEL
q power station,0,0,0,0,0,0,0,3,0,0,3,1,False,False,Q POWER STATION
coalition,0,1,0,0,1,0,1,0,0,0,3,3,False,True,COALITION
1st colonial grill,0,1,0,0,0,0,0,2,0,0,3,2,False,True,1ST COLONIAL GRILL
158 designers blvd,0,0,0,0,3,0,0,0,0,0,3,1,False,False,158 Designers' Blvd.
exit,0,0,0,0,0,3,0,0,0,0,3,1,False,False,Exit
158 designers boulevard,0,3,0,0,0,0,0,0,0,0,3,1,False,False,158 DESIGNERS' BOULEVARD
empire east,0,0,0,0,0,0,0,3,0,0,3,1,False,False,EMPIRE EAST
sep vergara fine jewelry,0,3,0,0,0,0,0,0,0,0,3,1,False,False,SEP VERGARA FINE JEWELRY
seiko premium store,0,0,0,0,0,0,0,3,0,0,3,1,False,False,SEIKO PREMIUM STORE
sunglass hut,0,3,0,0,0,0,0,0,0,0,3,1,False,False,SUNGLASS HUT
myst,0,1,0,0,0,0,1,1,0,0,3,3,False,True,MYST
heavenly stitchin moment,0,0,0,1,0,0,0,2,0,0,3,2,False,True,HEAVENLY STITCHIN MOMENT
hey i am yogost,0,0,0,0,0,1,0,2,0,0,3,2,False,True,HEY I AM YOGOST
royce,0,2,0,0,0,0,1,0,0,0,3,2,False,True,ROYCE
siapno tada optical,0,0,0,0,0,0,1,2,0,0,3,2,False,True,SIAPNO-TADA OPTICAL
adidas originals,0,1,0,0,1,0,0,1,0,0,3,3,False,True,ADIDAS ORIGINALS
metro supermarket,0,3,0,0,0,0,0,0,0,0,3,1,False,False,METRO SUPERMARKET
mont albo massage hut,0,1,0,0,0,0,0,2,0,0,3,2,False,True,MONT ALBO MASSAGE HUT
adrianas,0,0,0,0,0,0,0,3,0,0,3,1,False,False,ADRIANAS
gintell rest n go,0,0,0,0,0,0,0,3,0,0,3,1,False,False,GINTELL REST N GO
foss coffee,0,0,0,1,0,0,2,0,0,0,3,2,False,True,FOSS COFFEE
frame plus,0,1,0,0,0,0,0,2,0,0,3,2,False,True,FRAME PLUS
ricky reyes hair clinic,0,0,0,0,1,0,1,1,0,0,3,3,False,True,RICKY REYES HAIR CLINIC
morning after,0,2,1,0,0,0,0,0,0,0,3,2,False,True,THE MORNING AFTER
free life,0,1,0,0,0,0,1,0,1,0,3,3,False,True,FREE LIFE
gigahertz,0,0,1,0,0,1,1,0,0,0,3,3,False,True,Gigahertz
special ensaymada by panaderia antonio,0,0,0,0,0,0,0,3,0,0,3,1,False,False,SPECIAL ENSAYMADA BY PANADERIA ANTONIO
ristorante bigoli,0,0,0,0,0,0,0,3,0,0,3,1,False,False,RISTORANTE BIGOLI
freshup hand foot salon,0,0,0,0,0,0,0,3,0,0,3,1,False,False,FRESHUP HAND FOOT SALON
delonghi,1,2,0,0,0,0,0,0,0,0,3,2,False,True,DELONGHI
giga,0,0,0,0,0,1,1,1,0,0,3,3,False,True,Giga
ritas ice custard happiness,0,0,0,0,0,0,0,3,0,0,3,1,False,False,RITAS ICE CUSTARD HAPPINESS
mr macchiato,0,0,0,0,0,0,2,1,0,0,3,2,False,True,Mr. Macchiato
s&r pizza,0,0,0,0,3,0,0,0,0,0,3,1,False,False,S&R Pizza
mr lee,0,0,0,0,0,0,0,0,0,3,3,1,False,False,Mr. Lee
sky ranch,0,0,0,0,0,0,0,3,0,0,3,1,False,False,SKY RANCH
de original jamaican pattie,0,0,0,0,3,0,0,0,0,0,3,1,False,False,De Original Jamaican Pattie
foot for the gods,0,0,0,0,0,0,0,3,0,0,3,1,False,False,FOOT FOR THE GODS
fonetwist,0,0,0,0,0,0,3,0,0,0,3,1,False,False,Fonetwist
fonedress cellphone accessories shop,0,0,0,0,0,0,0,3,0,0,3,1,False,False,FONEDRESS CELLPHONE ACCESSORIES SHOP
glow up beauty lounge,0,0,0,0,0,0,1,2,0,0,3,2,False,True,GLOW UP BEAUTY LOUNGE
glosslab,0,0,0,0,0,0,0,3,0,0,3,1,False,False,GLOSSLAB
yi fang,0,0,0,0,0,1,2,0,0,0,3,2,False,True,Yi Fang
afficionado,0,0,0,0,0,0,2,0,1,0,3,2,False,True,AFFICIONADO
spa wellness,0,0,0,0,0,1,1,1,0,0,3,3,False,True,The Spa Wellness
florsheim kids,0,0,0,0,0,0,0,3,0,0,3,1,False,False,FLORSHEIM KIDS
miutiso,0,2,1,0,0,0,0,0,0,0,3,2,False,True,MIUTISO
spa,0,3,0,0,0,0,0,0,0,0,3,1,False,False,THE SPA
rgm i care cellphone repair and accessories,0,0,0,0,0,0,0,3,0,0,3,1,False,False,RGM I CARE CELLPHONE REPAIR AND ACCESSORIES
mitsubishi motors,0,0,0,0,0,0,0,3,0,0,3,1,False,False,MITSUBISHI MOTORS
du hsiao yueh,0,0,1,0,0,1,0,1,0,0,3,3,False,True,Du Hsiao Yueh
riam stick and print works,0,0,0,0,0,0,0,3,0,0,3,1,False,False,RIAM STICK AND PRINT WORKS
mr pluffy,0,0,0,0,0,0,3,0,0,0,3,1,False,False,MR.PLUFFY
dti,0,0,0,0,1,0,1,1,0,0,3,3,False,True,DTI
gizmo hub,0,0,0,0,0,0,3,0,0,0,3,1,False,False,Gizmo Hub
ds jewelry,0,0,0,0,0,0,0,3,0,0,3,1,False,False,DS JEWELRY
fone edge,0,0,0,0,0,0,1,2,0,0,3,2,False,True,FONE EDGE
fone twist,0,0,0,0,0,0,0,2,1,0,3,2,False,True,FONE TWIST
fonebytes,0,0,0,0,0,0,2,0,0,1,3,2,False,True,Fonebytes
s gadgets,0,0,0,0,0,0,3,0,0,0,3,1,False,False,S GADGETS
mr ginger healthy detox drinks,0,0,0,0,0,0,0,3,0,0,3,1,False,False,MR GINGER HEALTHY DETOX DRINKS
mos burger,0,2,0,0,0,0,1,0,0,0,3,2,False,True,MOS BURGER
ysa skin care center,0,0,0,0,0,0,0,3,0,0,3,1,False,False,YSA SKIN CARE CENTER
furniture source,0,1,1,0,0,0,0,1,0,0,3,3,False,True,FURNITURE SOURCE
ysl,0,0,0,0,1,0,2,0,0,0,3,2,False,True,YSL
acebedo optical,0,0,0,0,0,0,1,1,1,0,3,3,False,True,ACEBEDO OPTICAL
game one,0,0,0,0,0,1,0,2,0,0,3,2,False,True,Game One
sneakerlab,0,2,0,0,0,0,0,1,0,0,3,2,False,True,SNEAKERLAB
digitall worx graphics,0,0,0,0,0,0,0,3,0,0,3,1,False,False,DIGITALL WORX GRAPHICS
digital village,0,1,0,0,0,0,0,2,0,0,3,2,False,True,DIGITAL VILLAGE
smeg,0,1,0,0,0,0,1,1,0,0,3,3,False,True,SMEG
dexter time zone,0,0,0,0,0,0,0,3,0,0,3,1,False,False,DEXTER TIME ZONE
mr anthony shoes bags repair,0,0,0,0,0,0,0,3,0,0,3,1,False,False,MR ANTHONY SHOES BAGS REPAIR
rox playgrnd,0,0,0,0,0,0,0,3,0,0,3,1,False,False,ROX PLAYGRND
ytelecom,0,1,0,0,0,0,0,2,0,0,3,2,False,True,YTELECOM
digistamps,0,0,1,0,0,0,2,0,0,0,3,2,False,True,Digistamps
gadget armor,0,0,0,0,0,0,0,3,0,0,3,1,False,False,GADGET ARMOR
dhl w express,0,0,0,0,0,0,1,2,0,0,3,2,False,True,DHL W EXPRESS
diagold jewelry store,0,3,0,0,0,0,0,0,0,0,3,1,False,False,DIAGOLD JEWELRY STORE
accsmart,0,0,0,0,0,0,0,3,0,0,3,1,False,False,ACCSMART
gadget phone care,0,0,0,0,0,0,0,0,0,3,3,1,False,False,Gadget Phone Care
gadget master,0,0,0,0,0,0,0,2,0,1,3,2,False,True,GADGET MASTER
miguelitos hyped mangoes,0,0,0,0,0,0,0,0,0,3,3,1,False,False,Miguelitos Hyped Mangoes
soban k town grill,0,0,0,0,0,0,1,2,0,0,3,2,False,True,SOBAN K-TOWN GRILL
dental city,0,1,0,0,0,0,0,2,0,0,3,2,False,True,DENTAL CITY
mikrocell,0,0,0,0,0,0,0,3,0,0,3,1,False,False,MIKROCELL
your daily bread,0,0,0,0,0,0,0,3,0,0,3,1,False,False,YOUR DAILY BREAD
sole patrol,0,0,0,0,0,0,3,0,0,0,3,1,False,False,Sole Patrol
your mobile,0,0,0,0,0,0,1,2,0,0,3,2,False,True,YOUR MOBILE
mr d i y,0,0,1,2,0,0,0,0,0,0,3,2,False,True,Mr. D.I.Y.
frying chicken,0,1,0,0,0,0,0,0,0,2,3,2,False,True,FRYING CHICKEN
robinsons homes,0,0,0,0,0,0,3,0,0,0,3,1,False,False,Robinsons Homes
mi yummy mango,0,0,0,0,0,0,1,2,0,0,3,2,False,True,MI YUMMY MANGO
abaca baking company,0,0,0,0,0,0,2,1,0,0,3,2,False,True,ABACA BAKING COMPANY
sm food hall,0,0,0,0,0,0,0,3,0,0,3,1,False,False,SM FOOD HALL
geek ph,0,0,0,0,0,1,0,2,0,0,3,2,False,True,GEEK PH
mich & myl nails,0,0,0,0,1,1,1,0,0,0,3,3,False,True,Mich & Myl Nails
deoglow,0,0,0,0,0,0,1,2,0,0,3,2,False,True,DEOGLOW
deoglow skin innovations,0,0,0,0,0,0,0,3,0,0,3,1,False,False,DEOGLOW SKIN INNOVATIONS
diy hardware,1,1,0,1,0,0,0,0,0,0,3,3,False,True,DIY HARDWARE
gateway motors,0,0,0,0,0,0,0,3,0,0,3,1,False,False,GATEWAY MOTORS
sm skating,0,0,0,0,0,0,0,3,0,0,3,1,False,False,SM SKATING
rock n sole shoes and apparel,0,3,0,0,0,0,0,0,0,0,3,1,False,False,ROCK N' SOLE SHOES AND APPAREL
motostyle,0,1,0,0,0,0,0,2,0,0,3,2,False,True,MOTOSTYLE
sofab,0,2,0,0,0,1,0,0,0,0,3,2,False,True,SOFAB!
davao tuna grill,0,0,0,1,0,0,2,0,0,0,3,2,False,True,Davao Tuna Grill
monga,0,0,0,0,0,0,0,2,0,1,3,2,False,True,MONGA
quix,0,0,0,0,0,0,0,3,0,0,3,1,False,False,QUIX
fiesta stamp,0,0,0,0,0,0,0,3,0,0,3,1,False,False,FIESTA STAMP
ramen menzo,0,1,0,0,0,0,0,2,0,0,3,2,False,True,RAMEN MENZO
3 sisters green thumb,0,0,1,0,0,0,0,2,0,0,3,2,False,True,3 SISTERS GREEN THUMB
mn la,1,0,0,0,0,1,0,1,0,0,3,3,False,True,MN+LA
me & u gift shop,0,0,0,0,0,0,0,3,0,0,3,1,False,False,ME & U GIFT SHOP
silver finds,0,2,0,0,0,0,1,0,0,0,3,2,False,True,SILVER FINDS
zion philippines,0,2,1,0,0,0,0,0,0,0,3,2,False,True,ZION PHILIPPINES
fiery style southwestern flaming grill,0,2,0,0,0,0,0,1,0,0,3,2,False,True,FIERY STYLE SOUTHWESTERN FLAMING GRILL
xtremely xpresso,0,0,0,0,0,0,0,3,0,0,3,1,False,False,XTREMELY XPRESSO
razons,0,0,1,1,0,0,1,0,0,0,3,3,False,True,Razons
editors market,0,0,0,0,2,0,1,0,0,0,3,2,False,True,The Editor's Market
data blitz,0,0,1,0,0,1,1,0,0,0,3,3,False,True,Data Blitz
gsn wireless,0,0,0,0,0,0,0,3,0,0,3,1,False,False,GSN WIRELESS
zion,0,0,0,0,0,0,2,1,0,0,3,2,False,True,ZION
meet fresh,0,0,0,0,0,0,1,2,0,0,3,2,False,True,MEET FRESH
meet my feet,0,2,0,0,0,1,0,0,0,0,3,2,False,True,MEET MY FEET
aivee clinic,0,1,0,0,1,0,0,1,0,0,3,3,False,True,THE AIVEE CLINIC
curaprox,0,3,0,0,0,0,0,0,0,0,3,1,False,False,CURAPROX
mega one phones gadgets shop,0,0,0,0,0,0,0,3,0,0,3,1,False,False,MEGA ONE PHONES GADGETS SHOP
green apple dental,0,2,0,0,1,0,0,0,0,0,3,2,False,True,GREEN APPLE DENTAL
yamaha,0,0,0,0,1,0,0,2,0,0,3,2,False,True,YAMAHA
statech,0,2,0,0,0,0,0,1,0,0,3,2,False,True,STATECH
hahn,0,0,0,0,0,0,0,3,0,0,3,1,False,False,HAHN
hainanese delights,0,0,0,0,0,0,2,0,0,1,3,2,False,True,Hainanese Delights
hakata ton ichi,0,0,0,0,1,0,0,2,0,0,3,2,False,True,HAKATA TON-ICHI
cookies by the bucket,0,0,0,0,1,0,2,0,0,0,3,2,False,True,Cookies by the Bucket
coolectzone,0,0,0,0,0,0,0,3,0,0,3,1,False,False,COOLECTZONE
sea salt,0,0,0,0,0,0,2,1,0,0,3,2,False,True,SEA/SALT
sibyullee flavors of seoul,0,3,0,0,0,0,0,0,0,0,3,1,False,False,SIBYULLEE FLAVORS OF SEOUL
r o x,0,3,0,0,0,0,0,0,0,0,3,1,False,False,R.O.X.
fat seed cafe roastery,0,3,0,0,0,0,0,0,0,0,3,1,False,False,THE FAT SEED CAFE + ROASTERY
harlan holden,0,2,0,0,0,0,1,0,0,0,3,2,False,True,HARLAN+HOLDEN
siena mobile,0,0,0,0,0,0,0,2,1,0,3,2,False,True,SIENA MOBILE
my phone,0,0,0,0,0,0,1,1,0,1,3,3,False,True,My Phone
mobile armory,0,0,0,0,0,0,0,3,0,0,3,1,False,False,MOBILE ARMORY
r&b tea,0,0,1,0,0,0,0,2,0,0,3,2,False,True,R&B TEA
my joy,0,2,0,0,0,0,0,1,0,0,3,2,False,True,MY JOY
sticks and strings,0,0,0,0,0,0,0,3,0,0,3,1,False,False,STICKS AND STRINGS
scoop proj by paperdolls,0,0,0,0,0,0,0,3,0,0,3,1,False,False,SCOOP PROJ. BY PAPERDOLLS
modern shang,0,0,0,0,0,1,0,2,0,0,3,2,False,True,MODERN SHANG
cqe,0,0,0,0,0,0,2,1,0,0,3,2,False,True,CQE
craft central,0,1,0,0,0,0,0,2,0,0,3,2,False,True,THE CRAFT CENTRAL
scenteur essentials,1,0,1,0,0,0,1,0,0,0,3,3,False,True,Scenteur Essentials
hammerhead,0,0,0,0,0,0,2,1,0,0,3,2,False,True,Hammerhead
great smile dental center,0,0,0,0,0,0,0,3,0,0,3,1,False,False,GREAT SMILE DENTAL CENTER
momo korean egg drop,0,0,0,0,0,0,0,3,0,0,3,1,False,False,MOMO KOREAN EGG DROP
grandas sweets and delicacies,0,0,0,0,0,0,0,3,0,0,3,1,False,False,GRANDAS SWEETS AND DELICACIES
sports barber,0,2,0,0,0,0,1,0,0,0,3,2,False,True,SPORTS BARBER
gold blvd,0,0,0,0,0,0,0,3,0,0,3,1,False,False,GOLD BLVD
fitness first,0,0,0,0,0,0,2,1,0,0,3,2,False,True,FITNESS FIRST
spinner ice cream,0,0,0,0,0,0,2,1,0,0,3,2,False,True,SPINNER ICE CREAM
renegade folk,0,2,0,0,1,0,0,0,0,0,3,2,False,True,RENEGADE FOLK
fix bench salon,0,0,1,0,0,1,0,1,0,0,3,3,False,True,Fix Bench Salon
7luxe,1,0,0,0,1,0,0,1,0,0,3,3,False,True,7Luxe
going straight,0,0,0,0,0,0,0,3,0,0,3,1,False,False,GOING STRAIGHT
flawless,0,1,0,0,0,0,1,0,0,1,3,3,False,True,FLAWLESS
mr zion,0,0,0,0,0,0,0,0,0,3,3,1,False,False,Mr. Zion
renovar,0,1,0,0,1,0,0,1,0,0,3,3,False,True,RENOVAR
go mango,0,0,0,0,0,0,0,3,0,0,3,1,False,False,GO MANGO
zga,0,0,0,0,0,0,0,3,0,0,3,1,False,False,ZGA
danidoo,0,2,0,0,0,0,0,1,0,0,3,2,False,True,DANIDOO
daniel hechter,0,0,0,0,1,0,0,2,0,0,3,2,False,True,DANIEL HECHTER
sissys nail art and spa,0,0,0,0,0,0,0,3,0,0,3,1,False,False,SISSY'S NAIL ART AND SPA
meridian,0,2,0,0,0,1,0,0,0,0,3,2,False,True,MERIDIAN
mr tentacles,0,0,1,0,0,0,0,2,0,0,3,2,False,True,MR TENTACLES
flexifone,0,0,0,0,0,0,0,0,0,3,3,1,False,False,Flexifone
sit & relax,0,0,0,0,0,0,0,3,0,0,3,1,False,False,SIT & RELAX
dairy blast,0,0,0,0,0,0,0,3,0,0,3,1,False,False,DAIRY BLAST
daily detox juices,0,0,0,0,0,0,0,3,0,0,3,1,False,False,DAILY DETOX JUICES
ml kwarta padala,0,3,0,0,0,0,0,0,0,0,3,1,False,False,ML KWARTA PADALA
sports basic,0,0,0,0,0,0,3,0,0,0,3,1,False,False,Sports Basic
sanyang,0,0,0,0,0,0,3,0,0,0,3,1,False,False,Sanyang
cybertab,0,0,0,0,0,0,0,3,0,0,3,1,False,False,CYBERTAB
santouka,0,0,0,0,0,1,0,2,0,0,3,2,False,True,SANTOUKA
goto ni juan,0,0,0,0,0,0,0,0,0,3,3,1,False,False,Goto Ni Juan
fino,0,0,0,0,0,1,1,1,0,0,3,3,False,True,FINO
czarina foreign exchange,0,1,0,0,1,1,0,0,0,0,3,3,False,True,Czarina Foreign Exchange
goto king,0,0,0,0,0,0,1,2,0,0,3,2,False,True,GOTO KING
muhlach bakery,0,0,0,0,0,0,1,2,0,0,3,2,False,True,MUHLACH BAKERY
relaxia,0,0,0,0,0,0,1,2,0,0,3,2,False,True,RELAXIA
eat pizza,0,0,0,0,0,1,0,2,0,0,3,2,False,True,EAT PIZZA
reli tours,0,0,0,0,1,0,0,2,0,0,3,2,False,True,RELI TOURS
santa barbara polo & racquet club,2,0,0,0,0,0,1,0,0,0,3,2,False,True,Santa Barbara Polo & Racquet Club
sportsology,0,3,0,0,0,0,0,0,0,0,3,1,False,False,SPORTSOLOGY
sans rival cakes & pastries,0,1,0,0,0,0,2,0,0,0,3,2,False,True,Sans Rival Cakes & Pastries
sports warehouse,0,1,0,0,0,0,2,0,0,0,3,2,False,True,THE SPORTS WAREHOUSE
sports central outlet,0,0,0,0,0,0,0,3,0,0,3,1,False,False,SPORTS CENTRAL OUTLET
moms ube champorado,0,0,0,0,0,0,0,0,0,3,3,1,False,False,MOM'S UBE CHAMPORADO
ms tanghulu,0,0,1,0,1,0,0,1,0,0,3,3,False,True,MS TANGHULU
daily by bos coffee,0,0,0,0,2,0,0,1,0,0,3,2,False,True,Daily by Bo's Coffee
homecare express,0,0,0,0,0,0,0,3,0,0,3,1,False,False,HOMECARE EXPRESS
okoy king,0,0,0,0,0,0,2,0,0,1,3,2,False,True,THE OKOY KING
nailandia nail studio & body spa,0,3,0,0,0,0,0,0,0,0,3,1,False,False,NAILANDIA NAIL STUDIO & BODY SPA
automobile association of the philippines,0,3,0,0,0,0,0,0,0,0,3,1,False,False,AUTOMOBILE ASSOCIATION OF THE PHILIPPINES
carmens best,0,1,0,0,0,0,2,0,0,0,3,2,False,True,CARMEN'S BEST
tender bobs,0,0,0,0,0,0,0,3,0,0,3,1,False,False,TENDER BOB'S
automobile association philippines aap,0,0,0,0,0,0,0,3,0,0,3,1,False,False,AUTOMOBILE ASSOCIATION PHILIPPINES AAP
kurimu,0,0,0,0,1,1,0,1,0,0,3,3,False,True,Kurimu
annipie,0,1,0,0,0,0,0,2,0,0,3,2,False,True,ANNIPIE
itel,0,0,0,0,0,0,3,0,0,0,3,1,False,False,Itel
itech,0,0,1,0,0,0,1,1,0,0,3,3,False,True,ITECH
kutie kuts kids salon,0,0,0,0,0,1,2,0,0,0,3,2,False,True,Kutie Kuts Kids Salon
kuulaa,0,0,0,0,0,0,0,3,0,0,3,1,False,False,KUULAA
whey king,0,0,0,0,3,0,0,0,0,0,3,1,False,False,Whey King
cartruck,0,0,0,0,0,0,2,1,0,0,3,2,False,True,CARTRUCK
tempur,0,2,0,0,1,0,0,0,0,0,3,2,False,True,TEMPUR
casa daza,0,0,1,0,1,0,1,0,0,0,3,3,False,True,Casa Daza
pacsports,0,2,0,0,0,1,0,0,0,0,3,2,False,True,PACSPORTS
casa daza empanadas by chef sandy,0,0,0,0,0,0,0,3,0,0,3,1,False,False,CASA DAZA EMPANADAS BY CHEF SANDY
istudio plus,0,0,0,0,1,1,1,0,0,0,3,3,False,True,iStudio Plus
bibo shoes,0,0,0,0,0,0,2,1,0,0,3,2,False,True,BIBO SHOES
anne klein,0,2,0,0,0,0,1,0,0,0,3,2,False,True,ANNE KLEIN
issy,0,0,1,0,0,0,2,0,0,0,3,2,False,True,Issy
telecom center,0,3,0,0,0,0,0,0,0,0,3,1,False,False,TELECOM CENTER
bibo,0,0,0,0,0,0,0,3,0,0,3,1,False,False,BIBO
tender juicy hotdog,0,0,0,0,0,0,1,2,0,0,3,2,False,True,TENDER JUICY HOTDOG
automatic center,0,3,0,0,0,0,0,0,0,0,3,1,False,False,AUTOMATIC CENTER
california pizza kitchen,0,0,1,0,2,0,0,0,0,0,3,2,False,True,California Pizza Kitchen
autokicks ph,0,3,0,0,0,0,0,0,0,0,3,1,False,False,AUTOKICKS PH
numi wellness,0,0,0,0,1,0,0,2,0,0,3,2,False,True,NUMI WELLNESS
picole healthy ice pops,0,0,0,0,0,0,0,3,0,0,3,1,False,False,PICOLE HEALTHY ICE POPS
mamou,0,0,0,0,1,0,0,2,0,0,3,2,False,True,MAMOU
tharts yema cake,0,0,0,0,0,0,0,1,0,2,3,2,False,True,THARTS YEMA CAKE
camkids,0,0,0,0,0,0,1,2,0,0,3,2,False,True,CAMKIDS
louies buko,0,0,0,0,0,0,0,3,0,0,3,1,False,False,LOUIES BUKO
man barbers gentlemans shops,0,0,0,0,0,0,0,3,0,0,3,1,False,False,MAN BARBERS GENTLEMANS SHOPS
japan home,0,0,0,2,0,0,1,0,0,0,3,2,False,True,Japan Home
candid coffee,0,0,0,0,0,0,2,1,0,0,3,2,False,True,CANDID COFFEE
mandarin chinese drug center,0,0,0,0,0,0,2,1,0,0,3,2,False,True,Mandarin Chinese Drug Center
tsurumaru udon x tempura,0,0,0,0,0,0,1,2,0,0,3,2,False,True,TSURUMARU UDON X TEMPURA
pink manila,0,2,0,0,0,1,0,0,0,0,3,2,False,True,PINK MANILA
bio research,0,0,1,0,0,0,0,2,0,0,3,2,False,True,Bio Research
kohi manju,0,0,0,0,0,0,2,1,0,0,3,2,False,True,KOHI MANJU
pinkberry,0,1,0,0,0,1,0,1,0,0,3,3,False,True,PINKBERRY
kontainer store,0,0,0,0,0,0,0,0,0,3,3,1,False,False,The Kontainer Store
captain calamares,0,0,0,0,1,0,1,0,0,1,3,3,False,True,Captain Calamares
tuf,0,1,0,0,0,0,0,2,0,0,3,2,False,True,TUF
krispy krust empanada,0,0,0,0,0,0,0,3,0,0,3,1,False,False,KRISPY KRUST EMPANADA
j co doughnuts & coffee,0,0,0,0,3,0,0,0,0,0,3,1,False,False,J.Co Doughnuts & Coffee
izell mobile phones and accessories shop,0,0,0,0,0,0,0,3,0,0,3,1,False,False,IZELL MOBILE PHONES AND ACCESSORIES SHOP
islands souvenirs,0,0,1,0,0,0,0,2,0,0,3,2,False,True,ISLANDS SOUVENIRS
longines,0,0,0,0,1,1,0,1,0,0,3,3,False,True,Longines
case logic,0,0,0,0,0,0,0,3,0,0,3,1,False,False,CASE LOGIC
kyu ramen express,0,0,0,0,0,0,0,3,0,0,3,1,False,False,KYU RAMEN EXPRESS
celebrations party central,0,2,0,0,0,0,0,1,0,0,3,2,False,True,CELEBRATIONS PARTY CENTRAL
tech forward,0,0,0,0,0,0,0,3,0,0,3,1,False,False,TECH FORWARD
benefit,0,2,0,0,0,0,0,1,0,0,3,2,False,True,BENEFIT
bench skin expert,0,2,0,0,0,0,0,1,0,0,3,2,False,True,BENCH SKIN EXPERT
manila bankers life insurance corporation,0,0,0,0,0,0,0,3,0,0,3,1,False,False,MANILA BANKERS LIFE INSURANCE CORPORATION
pooch park doggie day care,0,3,0,0,0,0,0,0,0,0,3,1,False,False,POOCH PARK DOGGIE DAY CARE
ocean city,0,0,0,0,0,0,2,1,0,0,3,2,False,True,Ocean City
bench active,0,1,0,0,0,0,0,2,0,0,3,2,False,True,BENCH ACTIVE
infinity,0,0,0,0,0,0,1,2,0,0,3,2,False,True,INFINITY
manila derm,0,3,0,0,0,0,0,0,0,0,3,1,False,False,MANILA DERM
osim,0,1,0,0,0,1,0,1,0,0,3,3,False,True,OSIM
belkin,0,0,0,0,0,0,0,3,0,0,3,1,False,False,BELKIN
bees wax,0,0,0,0,0,0,0,3,0,0,3,1,False,False,BEES WAX
oryspa,0,0,0,0,0,0,0,3,0,0,3,1,False,False,ORYSPA
ortiz skin forum,0,0,0,0,0,0,0,3,0,0,3,1,False,False,ORTIZ SKIN FORUM
popeyes louisiana kitchen,0,3,0,0,0,0,0,0,0,0,3,1,False,False,POPEYES LOUISIANA KITCHEN
inbox store,0,0,0,0,0,0,0,3,0,0,3,1,False,False,INBOX STORE
popique,0,0,0,0,0,0,3,0,0,0,3,1,False,False,Popique
inasal chicken bacolod,0,0,0,0,0,0,0,3,0,0,3,1,False,False,INASAL CHICKEN BACOLOD
impressions art gallery,0,0,0,0,0,0,0,3,0,0,3,1,False,False,IMPRESSIONS ART GALLERY
cellstuff accessories,0,0,0,0,0,0,0,3,0,0,3,1,False,False,CELLSTUFF ACCESSORIES
bens cookies,0,0,0,0,0,0,0,3,0,0,3,1,False,False,BEN'S COOKIES
bens halo halo,0,0,0,0,0,0,1,2,0,0,3,2,False,True,BENS HALO HALO
polish nail studio,0,2,0,0,1,0,0,0,0,0,3,2,False,True,POLISH NAIL STUDIO
la elegancia,0,1,0,0,0,0,0,2,0,0,3,2,False,True,LA ELEGANCIA
playbook store,0,1,0,0,0,1,1,0,0,0,3,3,False,True,THE PLAYBOOK STORE
playlab,0,0,0,0,0,0,3,0,0,0,3,1,False,False,Playlab
bettys native cake,0,0,0,0,0,0,0,3,0,0,3,1,False,False,BETTYS NATIVE CAKE
mango farm,0,0,0,0,0,0,0,3,0,0,3,1,False,False,THE MANGO FARM
techwizard,0,0,0,0,0,0,0,3,0,0,3,1,False,False,TECHWIZARD
plc watch repair service center,0,0,0,0,0,0,0,3,0,0,3,1,False,False,PLC WATCH REPAIR SERVICE CENTER
technomarine,0,2,0,0,0,0,0,1,0,0,3,2,False,True,TECHNOMARINE
pnb superteller,0,0,0,0,0,0,0,3,0,0,3,1,False,False,PNB SUPERTELLER
la churrera,0,0,1,0,0,0,0,2,0,0,3,2,False,True,LA CHURRERA
mango tree bistro,0,3,0,0,0,0,0,0,0,0,3,1,False,False,MANGO TREE BISTRO
tech synergy,0,0,0,0,0,0,3,0,0,0,3,1,False,False,Tech Synergy
lolo landos lechon,0,0,0,0,1,0,0,0,0,2,3,2,False,True,LOLO LANDO'S LECHON
wiko,0,0,0,0,0,0,1,2,0,0,3,2,False,True,WIKO
over mango,0,0,0,1,0,0,0,1,0,1,3,3,False,True,OVER MANGO
inotech,0,0,0,0,0,0,2,1,0,0,3,2,False,True,INOTECH
poea,0,0,0,0,0,0,2,1,0,0,3,2,False,True,POEA
udders ice cream,0,0,0,0,0,0,0,3,0,0,3,1,False,False,UDDERS ICE CREAM
mangotangos,0,0,0,0,0,0,0,3,0,0,3,1,False,False,MANGOTANGOS
innovatronix,0,1,0,0,0,0,2,0,0,0,3,2,False,True,INNOVATRONIX
manila baker,0,0,0,0,0,2,1,0,0,0,3,2,False,True,The Manila Baker
klinikwatch service center,0,0,0,0,0,0,0,3,0,0,3,1,False,False,KLINIKWATCH SERVICE CENTER
maming gala,0,0,0,1,0,0,1,1,0,0,3,3,False,True,MAMING GALA
landers superstore,0,1,0,0,2,0,0,0,0,0,3,2,False,True,Landers Superstore
kabigtings halo halo,0,0,0,0,0,0,2,1,0,0,3,2,False,True,Kabigting's Halo-Halo
noodle mix,0,1,0,0,0,0,1,0,0,1,3,3,False,True,NOODLE MIX
kg oriental bowl,0,0,0,0,0,0,0,3,0,0,3,1,False,False,KG ORIENTAL BOWL
toms,0,0,0,0,0,0,0,3,0,0,3,1,False,False,TOMS
k line smile center,0,0,0,0,1,0,0,2,0,0,3,2,False,True,K LINE SMILE CENTER
noon talk nail lounge,0,2,0,0,0,0,1,0,0,0,3,2,False,True,NOON TALK NAIL LOUNGE
penny pairs,0,0,0,0,2,0,0,1,0,0,3,2,False,True,Penny Pairs
just squeezed,0,0,0,0,1,0,0,1,0,1,3,3,False,True,Just Squeezed
party in the city,0,1,0,0,0,1,1,0,0,0,3,3,False,True,PARTY IN THE CITY
bok korean fried chicken,0,0,0,0,2,0,0,1,0,0,3,2,False,True,BOK Korean Fried Chicken
brother international philippines,0,0,0,0,0,0,0,3,0,0,3,1,False,False,BROTHER INTERNATIONAL PHILIPPINES
vmv hypoallergenics,0,1,0,0,0,1,0,1,0,0,3,3,False,True,VMV HYPOALLERGENICS
pepper lunch express plus,0,0,0,0,0,0,0,3,0,0,3,1,False,False,PEPPER LUNCH EXPRESS PLUS
peppermint,0,0,0,0,0,0,2,1,0,0,3,2,False,True,Peppermint 9352438904
perez optical,0,1,0,0,0,0,2,0,0,0,3,2,False,True,Perez Optical
mabuhay chiropractic clinics,0,0,0,0,0,0,0,3,0,0,3,1,False,False,MABUHAY CHIROPRACTIC CLINICS
perfect teeth dental center,0,0,0,0,0,0,0,3,0,0,3,1,False,False,PERFECT TEETH DENTAL CENTER
parmigiano,0,0,0,0,3,0,0,0,0,0,3,1,False,False,Parmigiano
peri peri charcoal chicken & sauce bar,0,0,1,0,0,0,2,0,0,0,3,2,False,True,PERI-PERI CHARCOAL CHICKEN & SAUCE BAR
buffet 101,0,1,0,0,0,0,0,2,0,0,3,2,False,True,BUFFET 101
lulu money,0,2,0,0,0,0,1,0,0,0,3,2,False,True,LULU MONEY
macho mucho salon for men,0,0,0,0,0,0,0,3,0,0,3,1,False,False,MACHO MUCHO SALON FOR MEN
nisce skin n face,0,0,0,0,0,0,0,3,0,0,3,1,False,False,NISCE SKIN N FACE
bongbongs,0,0,0,0,0,0,3,0,0,0,3,1,False,False,Bongbong's
biscocho haus,0,0,0,0,1,0,1,1,0,0,3,3,False,True,Biscocho Haus
kevlo skin clinic,0,0,0,0,0,0,0,3,0,0,3,1,False,False,KEVLO SKIN CLINIC
katsu sora,0,2,0,0,0,0,0,1,0,0,3,2,False,True,KATSU SORA
topgel nail salon,0,0,0,0,0,0,0,3,0,0,3,1,False,False,TOPGEL NAIL SALON
boulangerie22,0,1,0,0,1,0,0,1,0,0,3,3,False,True,BOULANGERIE22
karada japanese body therapy,0,0,0,0,0,0,0,3,0,0,3,1,False,False,KARADA JAPANESE BODY THERAPY
borough lasik center,0,0,0,0,1,0,0,2,0,0,3,2,False,True,BOROUGH LASIK CENTER
pc worx,0,0,1,0,0,0,0,2,0,0,3,2,False,True,PC WORX
pc ak ses uh rees,1,0,0,0,0,0,0,2,0,0,3,2,False,True,PC AK-SES-UH-REES
luxe beauty and wellness,0,0,0,0,0,0,0,3,0,0,3,1,False,False,LUXE BEAUTY AND WELLNESS
toothfairy dr palacio alleyne dental,0,0,0,0,0,0,0,3,0,0,3,1,False,False,TOOTHFAIRY DR PALACIO - ALLEYNE DENTAL
kanzen sushi roll,0,0,0,0,0,0,0,2,0,1,3,2,False,True,KANZEN SUSHI ROLL
lutong ilocano,0,0,0,0,0,0,3,0,0,0,3,1,False,False,Lutong Ilocano
touch and type electronics,0,0,0,0,0,0,0,3,0,0,3,1,False,False,TOUCH AND TYPE ELECTRONICS
vs lugaw king,0,0,0,0,0,0,0,3,0,0,3,1,False,False,VS LUGAW KING
books for less,0,1,0,0,0,0,1,1,0,0,3,3,False,True,BOOKS FOR LESS
m bakery,0,3,0,0,0,0,0,0,0,0,3,1,False,False,M BAKERY
tony & jackey salon,0,2,0,0,0,1,0,0,0,0,3,2,False,True,TONY & JACKEY SALON
patton,0,2,0,0,0,0,0,1,0,0,3,2,False,True,PATTON
nissan,0,0,0,0,0,0,0,3,0,0,3,1,False,False,NISSAN
kalidades house of flowers,0,1,0,0,0,0,0,2,0,0,3,2,False,True,KALIDADES HOUSE OF FLOWERS
kaitenyaki,0,0,0,0,0,0,0,1,0,2,3,2,False,True,KAITENYAKI
peanut world,0,0,0,0,0,0,2,1,0,0,3,2,False,True,Peanut World
travelscoot,0,0,0,0,0,0,0,3,0,0,3,1,False,False,TRAVELSCOOT
luk yuen,0,1,0,0,0,1,0,1,0,0,3,3,False,True,LUK YUEN
jr mx,0,0,0,0,0,0,0,3,0,0,3,1,False,False,JR MX
treasures by carla,0,1,0,0,0,0,1,1,0,0,3,3,False,True,TREASURES BY CARLA
philippine christian bookstore,0,0,0,0,0,0,1,2,0,0,3,2,False,True,PHILIPPINE CHRISTIAN BOOKSTORE
butternut bakery,0,0,0,0,1,0,0,2,0,0,3,2,False,True,BUTTERNUT BAKERY
philippine explorer,0,0,1,0,0,0,2,0,0,0,3,2,False,True,PHILIPPINE EXPLORER
by g salon,0,0,0,0,0,0,0,3,0,0,3,1,False,False,BY G SALON
byd,1,0,0,0,0,0,2,0,0,0,3,2,False,True,BYD
paperworld,0,0,0,0,0,0,3,0,0,0,3,1,False,False,Paperworld
blackbeards seafood island,0,0,0,0,0,0,0,3,0,0,3,1,False,False,BLACKBEARD'S SEAFOOD ISLAND
black scoop,0,0,0,1,0,1,0,0,0,1,3,3,False,True,Black Scoop
lto licensing office,0,3,0,0,0,0,0,0,0,0,3,1,False,False,LTO LICENSING OFFICE
jewelrich,0,0,0,0,0,0,1,1,1,0,3,3,False,True,JEWELRICH
tiger manju,0,1,0,0,0,0,0,2,0,0,3,2,False,True,TIGER MANJU
kiras box,0,2,0,0,0,0,1,0,0,0,3,2,False,True,KIRA'S BOX
jeruels,0,0,0,0,0,0,2,1,0,0,3,2,False,True,Jeruels
cafe breton,0,2,0,0,0,0,1,0,0,0,3,2,False,True,CAFE BRETON
cafe laguna,0,1,0,0,0,0,0,2,0,0,3,2,False,True,CAFE LAGUNA
thule,0,0,0,0,0,0,0,3,0,0,3,1,False,False,THULE
vise versa,0,0,0,0,0,0,3,0,0,0,3,1,False,False,Vise Versa
cafe perene,0,2,0,0,0,1,0,0,0,0,3,2,False,True,CAFE PERENE
audio refinery,0,3,0,0,0,0,0,0,0,0,3,1,False,False,AUDIO REFINERY
jd bakery cafe,0,0,0,0,1,0,1,1,0,0,3,3,False,True,JD Bakery Cafe
piccadilly,0,1,0,0,0,1,0,1,0,0,3,3,False,True,PICCADILLY
king sisig,0,0,0,0,0,0,1,1,1,0,3,3,False,True,KING SISIG
phat pho,0,1,0,0,0,0,2,0,0,0,3,2,False,True,PHAT PHO
jmy money changer,0,2,0,0,0,0,1,0,0,0,3,2,False,True,JMY MONEY CHANGER
pet kingdom,1,0,0,0,2,0,0,0,0,0,3,2,False,True,Pet Kingdom
buko ilonggo,0,0,0,0,0,0,3,0,0,0,3,1,False,False,Buko Ilonggo
watch metro,0,0,0,0,0,0,3,0,0,0,3,1,False,False,THE WATCH METRO
north face,0,1,0,0,0,0,0,2,0,0,3,2,False,True,THE NORTH FACE
kimpura,0,2,0,0,0,1,0,0,0,0,3,2,False,True,KIMPURA
magic fit,0,2,0,0,0,0,0,1,0,0,3,2,False,True,MAGIC FIT
jos dental place,0,0,0,0,0,0,0,3,0,0,3,1,False,False,JOS DENTAL PLACE
kind ventures wellness products,0,0,0,0,0,0,0,3,0,0,3,1,False,False,KIND VENTURES WELLNESS PRODUCTS
kinetix lab,0,2,0,0,0,0,0,1,0,0,3,2,False,True,KINETIX LAB
novagen eye center,0,0,0,0,0,0,0,3,0,0,3,1,False,False,NOVAGEN EYE CENTER
blooming cotton candy,0,0,0,0,0,0,0,3,0,0,3,1,False,False,BLOOMING COTTON CANDY
jng gadget repair,0,0,0,0,0,0,0,3,0,0,3,1,False,False,JNG GADGET REPAIR
king chef,0,1,0,0,1,0,0,1,0,0,3,3,False,True,KING CHEF
tj hotdog,0,0,0,1,0,1,1,0,0,0,3,3,False,True,TJ Hotdog
nexscents,0,0,0,0,0,0,0,3,0,0,3,1,False,False,NEXSCENTS
tivoli money changer,0,3,0,0,0,0,0,0,0,0,3,1,False,False,TIVOLI MONEY CHANGER
jojies painitan central,0,0,0,0,0,0,1,2,0,0,3,2,False,True,JOJIES PAINITAN CENTRAL
petal avenue,0,0,0,0,0,0,0,3,0,0,3,1,False,False,PETAL AVENUE
johnny air cargo,0,0,0,0,0,0,1,2,0,0,3,2,False,True,JOHNNY AIR CARGO
pets on the racks,0,0,0,0,0,0,0,3,0,0,3,1,False,False,PETS ON THE RACKS
burger beast,0,0,0,0,3,0,0,0,0,0,3,1,False,False,Burger Beast
porque,0,0,0,0,0,0,0,3,0,0,3,1,False,False,PORQUE
luxury seats,0,0,0,0,0,0,3,0,0,0,3,1,False,False,LUXURY SEATS
pos digital,0,1,0,0,0,0,2,0,0,0,3,2,False,True,POS DIGITAL
v jewelry,0,0,1,0,2,0,0,0,0,0,3,2,False,True,V! Jewelry
little manila,0,0,0,0,2,0,0,1,0,0,3,2,False,True,Little Manila
via mare,0,0,0,0,0,2,1,0,0,0,3,2,False,True,Via Mare
primadonna,0,0,0,0,0,0,1,2,0,0,3,2,False,True,PRIMADONNA
unlimited laundry services,0,0,0,0,0,0,0,3,0,0,3,1,False,False,UNLIMITED LAUNDRY SERVICES
tako tako queen,0,0,0,0,0,0,2,1,0,0,3,2,False,True,TAKO TAKO QUEEN
nail it,0,0,1,2,0,0,0,0,0,0,3,2,False,True,Nail It
i yogurt,0,0,0,0,0,0,0,3,0,0,3,1,False,False,I YOGURT
takoya kiks,0,2,0,0,0,0,1,0,0,0,3,2,False,True,TAKOYA-KIKS
nailogy,0,0,0,0,0,0,2,1,0,0,3,2,False,True,NAILOGY
barefruit guyabano,0,1,0,0,0,0,0,2,0,0,3,2,False,True,BAREFRUIT GUYABANO
limon citrus juicery,0,0,0,0,1,0,0,2,0,0,3,2,False,True,LIMON CITRUS JUICERY
nami ph,0,0,0,0,0,0,0,2,0,1,3,2,False,True,NAMI PH
maple bear,0,0,1,0,2,0,0,0,0,0,3,2,False,True,Maple Bear
suzuki,0,0,0,0,0,0,0,3,0,0,3,1,False,False,SUZUKI
chichabog,0,0,0,0,0,0,0,3,0,0,3,1,False,False,CHICHABOG
leylam deluxe,0,0,0,0,0,0,1,2,0,0,3,2,False,True,Leylam Deluxe
idenico,0,0,0,0,0,0,0,3,0,0,3,1,False,False,IDENICO
b1t1 takeaway coffee,0,0,0,0,2,0,1,0,0,0,3,2,False,True,B1T1 Takeaway Coffee
chicken bacolod,0,3,0,0,0,0,0,0,0,0,3,1,False,False,CHICKEN BACOLOD
suu balm,0,0,0,0,1,0,0,2,0,0,3,2,False,True,SUU BALM
backjoy,0,0,0,0,0,0,1,2,0,0,3,2,False,True,BACKJOY
premier drip,0,0,0,0,0,0,0,3,0,0,3,1,False,False,PREMIER DRIP
barcino,0,2,0,0,1,0,0,0,0,0,3,2,False,True,BARCINO
urbanessence beauty wellness spa,0,0,0,0,0,0,0,3,0,0,3,1,False,False,URBANESSENCE BEAUTY WELLNESS SPA
lfafa massage chairs,0,2,0,1,0,0,0,0,0,0,3,2,False,True,LFAFA MASSAGE CHAIRS
bb q chicken,0,0,0,0,0,0,3,0,0,0,3,1,False,False,BB.Q CHICKEN
takoyaki lab,0,0,0,0,0,0,3,0,0,0,3,1,False,False,TAKOYAKI LAB
sushi unlimited,0,0,0,0,0,0,3,0,0,0,3,1,False,False,SUSHI UNLIMITED
lawson convenience store,0,3,0,0,0,0,0,0,0,0,3,1,False,False,LAWSON CONVENIENCE STORE
omega,0,1,0,0,1,0,0,1,0,0,3,3,False,True,OMEGA
uno factory outlet,0,0,0,0,0,0,0,0,0,3,3,1,False,False,UNO Factory Outlet
balai pandesal,0,2,0,0,0,0,0,1,0,0,3,2,False,True,BALAI PANDESAL
urban concepts,0,0,1,0,0,0,0,2,0,0,3,2,False,True,URBAN CONCEPTS
urbanista,0,0,0,0,0,0,0,3,0,0,3,1,False,False,URBANISTA
prizes prizes,0,0,0,0,0,0,0,3,0,0,3,1,False,False,PRIZES PRIZES
tag heuer,0,2,0,0,0,0,0,1,0,0,3,2,False,True,TAG HEUER
prince baker,0,0,0,0,1,0,1,1,0,0,3,3,False,True,PRINCE BAKER
powerportal,0,0,0,0,0,0,0,3,0,0,3,1,False,False,POWERPORTAL
bari uma,0,3,0,0,0,0,0,0,0,0,3,1,False,False,BARI UMA
tablet city,0,0,0,0,0,0,0,3,0,0,3,1,False,False,TABLET CITY
leona,0,1,0,0,0,0,0,2,0,0,3,2,False,True,LEONA
wonderpark,0,0,0,0,0,0,0,3,0,0,3,1,False,False,WONDERPARK
marcel philippe,0,0,0,0,0,0,0,3,0,0,3,1,False,False,MARCEL PHILIPPE
tah mee drinking frozen yogurt,0,0,0,0,0,0,0,3,0,0,3,1,False,False,TAH-MEE DRINKING FROZEN YOGURT
verzion,0,0,0,0,0,0,0,3,0,0,3,1,False,False,VERZION
chef connies patisserie,0,0,0,0,0,0,0,3,0,0,3,1,False,False,CHEF CONNIES PATISSERIE
oppo service center,0,1,1,0,0,0,0,1,0,0,3,3,False,True,OPPO SERVICE CENTER
oh my chicken,0,0,0,0,2,0,1,0,0,0,3,2,False,True,Oh My Chicken
urban athletics,0,1,0,0,0,0,0,2,0,0,3,2,False,True,URBAN ATHLETICS
sweet claire patisseries,0,0,0,0,0,0,0,3,0,0,3,1,False,False,SWEET CLAIRE PATISSERIES
prime steak house,0,1,0,0,0,0,2,0,0,0,3,2,False,True,PRIME STEAK HOUSE
market bingo,0,0,0,0,0,0,0,3,0,0,3,1,False,False,MARKET BINGO
one vape,0,0,0,0,2,0,1,0,0,0,3,2,False,True,One Vape
vervince,0,3,0,0,0,0,0,0,0,0,3,1,False,False,VERVINCE
barenaked,0,0,1,0,1,1,0,0,0,0,3,3,False,True,Barenaked
le sucre lab,0,1,0,0,0,0,1,1,0,0,3,3,False,True,LE SUCRE LAB
hot kitchen by fresh option,0,0,0,0,0,0,0,3,0,0,3,1,False,False,HOT KITCHEN BY FRESH OPTION
ichoose,0,0,0,0,0,0,0,3,0,0,3,1,False,False,ICHOOSE
le katsu,0,0,0,0,0,0,2,0,0,1,3,2,False,True,Le Katsu
nailsglow,0,0,0,0,0,0,0,3,0,0,3,1,False,False,NAILSGLOW
nails dot glow essence,0,0,0,0,0,0,0,3,0,0,3,1,False,False,NAILS DOT GLOW ESSENCE
citizen,0,0,0,0,0,0,0,3,0,0,3,1,False,False,CITIZEN
house of obagi,0,2,0,0,0,0,1,0,0,0,3,2,False,True,HOUSE OF OBAGI
vice cosmetics,0,1,0,0,0,0,2,0,0,0,3,2,False,True,Vice Cosmetics
altitude,1,0,1,0,0,0,1,0,0,0,3,3,False,True,Altitude
psa,0,0,0,0,1,0,2,0,0,0,3,2,False,True,PSA
marina seafood,0,0,0,0,0,0,1,2,0,0,3,2,False,True,MARINA SEAFOOD
i case,0,0,0,0,0,0,0,3,0,0,3,1,False,False,I-CASE
liberty wings,0,0,0,0,0,0,1,2,0,0,3,2,False,True,LIBERTY WINGS
oro italia,0,2,0,0,0,0,1,0,0,0,3,2,False,True,ORO ITALIA
surge fitness,0,2,0,0,0,1,0,0,0,0,3,2,False,True,SURGE FITNESS
uniq,0,0,1,0,0,0,0,2,0,0,3,2,False,True,UNIQ
nail cocktales hand and foot spa,0,2,0,0,0,0,1,0,0,0,3,2,False,True,NAIL COCKTALES HAND AND FOOT SPA
beanery gourmet coffee beans,0,0,0,0,0,0,0,3,0,0,3,1,False,False,THE BEANERY GOURMET COFFEE BEANS
protech,0,0,0,0,0,0,1,2,0,0,3,2,False,True,PROTECH
tannery manila,0,1,0,0,0,0,0,2,0,0,3,2,False,True,THE TANNERY MANILA
ayers lechon,0,1,0,0,1,0,0,1,0,0,3,3,False,True,AYER’S LECHON
ojo signature kids,0,0,0,0,0,0,0,3,0,0,3,1,False,False,OJO SIGNATURE KIDS
potato corner xp,0,0,0,0,0,1,1,1,0,0,3,3,False,True,POTATO CORNER XP
lionesse,0,0,0,0,0,0,0,3,0,0,3,1,False,False,LIONESSE
back alley barbershop,0,1,0,0,2,0,0,0,0,0,3,2,False,True,Back Alley Barbershop
wonder tubo,0,0,0,0,0,0,1,0,0,2,3,2,False,True,Wonder Tubo
tap station,0,1,0,0,2,0,0,0,0,0,3,2,False,True,Tap Station
hungry box,0,0,0,0,0,0,3,0,0,0,3,1,False,False,HUNGRY BOX
chaboba,0,0,0,0,1,0,1,1,0,0,3,3,False,True,Chaboba
symmetry lab parfums,0,0,0,0,0,0,1,2,0,0,3,2,False,True,SYMMETRY LAB PARFUMS
tambunting,0,2,1,0,0,0,0,0,0,0,3,2,False,True,TAMBUNTING
vault,0,1,0,0,0,0,0,2,0,0,3,2,False,True,THE VAULT
origin gold jewelers,0,0,0,0,0,0,1,2,0,0,3,2,False,True,ORIGIN GOLD JEWELERS
landmark,0,3,0,0,0,0,0,0,0,0,3,1,False,False,LANDMARK
ooma,0,2,0,0,0,0,0,1,0,0,3,2,False,True,OOMA
hurley,0,0,0,0,0,0,0,3,0,0,3,1,False,False,HURLEY
lifewell,0,0,0,0,0,0,0,3,0,0,3,1,False,False,LIFEWELL
amelitos sizzling house,0,0,0,0,0,0,1,0,0,2,3,2,False,True,AMELITO'S SIZZLING HOUSE
lavelier,0,1,0,0,1,0,0,1,0,0,3,3,False,True,LAVELIER
octagon mobile,0,0,0,0,0,0,0,3,0,0,3,1,False,False,OCTAGON MOBILE
iguanas,1,0,0,1,0,0,1,0,0,0,3,3,False,True,Iguanas
hongkong roasting,0,0,0,0,0,0,0,3,0,0,3,1,False,False,HONGKONG ROASTING
womens secret,0,3,0,0,0,0,0,0,0,0,3,1,False,False,WOMEN'S SECRET
ikabud pagkaing pinoy,0,0,0,0,0,0,0,3,0,0,3,1,False,False,IKABUD PAGKAING PINOY
victoria mondiale,0,2,0,0,0,0,0,1,0,0,3,2,False,True,VICTORIA MONDIALE
little farmers,0,0,0,0,0,0,0,3,0,0,3,1,False,False,LITTLE FARMERS
citrus alley,0,0,0,0,0,0,0,2,0,1,3,2,False,True,CITRUS ALLEY
tala by kyla,0,0,0,0,0,0,1,2,0,0,3,2,False,True,TALA BY KYLA
posture perfect chiropractic,0,0,0,0,0,0,0,3,0,0,3,1,False,False,POSTURE PERFECT CHIROPRACTIC
unique vision center,0,0,0,0,0,0,0,3,0,0,3,1,False,False,UNIQUE VISION CENTER
project dc,0,0,1,0,0,0,0,2,0,0,3,2,False,True,PROJECT DC
life fitness,0,2,0,0,0,0,0,1,0,0,3,2,False,True,LIFE FITNESS
lionesse beauty bar,0,0,1,0,0,0,1,0,0,0,2,2,False,True,Lionesse Beauty Bar
pares university,0,0,0,0,1,0,1,0,0,0,2,2,False,True,Pares University
ohh la lash,0,2,0,0,0,0,0,0,0,0,2,1,False,False,OHH LA LASH
paraynos empanada,0,0,0,0,0,0,2,0,0,0,2,1,False,False,Parayno's Empanada
kings road veterinary clinic,0,2,0,0,0,0,0,0,0,0,2,1,False,False,KING'S ROAD VETERINARY CLINIC
eyecrafts,0,0,0,0,1,0,1,0,0,0,2,2,False,True,Eyecrafts
kimochi aroma,0,1,0,0,1,0,0,0,0,0,2,2,False,True,KIMOCHI AROMA
frotea,0,0,0,0,0,0,1,1,0,0,2,2,False,True,FROTEA
mipanda,0,0,0,0,0,0,0,2,0,0,2,1,False,False,MIPANDA
fruitas de original jamaican pattie shop,0,2,0,0,0,0,0,0,0,0,2,1,False,False,FRUITAS / DE ORIGINAL JAMAICAN PATTIE SHOP
frankies,0,0,0,0,1,1,0,0,0,0,2,2,False,True,Frankie's
moromax money changer,0,0,0,0,0,0,2,0,0,0,2,1,False,False,Moromax Money Changer
papubbit,0,0,0,1,1,0,0,0,0,0,2,2,False,True,Papubbit
mirangcurl,0,0,0,0,0,0,0,2,0,0,2,1,False,False,MIRANGCURL
seoul samgyupsal,0,0,0,0,0,0,0,2,0,0,2,1,False,False,SEOUL SAMGYUPSAL
kings bakeshop,0,0,0,0,2,0,0,0,0,0,2,1,False,False,King's Bakeshop
king louis flower shop,0,2,0,0,0,0,0,0,0,0,2,1,False,False,KING LOUIS FLOWER SHOP
saem,0,0,0,0,0,0,2,0,0,0,2,1,False,False,THE SAEM
sachi,0,0,0,0,0,0,0,2,0,0,2,1,False,False,SACHI
lucky boba milk tea shop,0,2,0,0,0,0,0,0,0,0,2,1,False,False,LUCKY BOBA MILK TEA SHOP
mipow,0,0,0,0,0,0,0,2,0,0,2,1,False,False,MIPOW
luciano optical,0,0,0,0,0,0,0,0,0,2,2,1,False,False,Luciano Optical
link plus,0,0,0,0,0,0,0,2,0,0,2,1,False,False,LINK PLUS
sentro 1771,0,1,0,0,0,1,0,0,0,0,2,2,False,True,SENTRO 1771
lemon grass,0,1,0,0,0,0,0,1,0,0,2,2,False,True,THE LEMON GRASS
oneone,2,0,0,0,0,0,0,0,0,0,2,1,False,False,OneOne
fredos pinoy meals,0,0,0,0,2,0,0,0,0,0,2,1,False,False,Fredo's Pinoy Meals
one,0,0,0,0,0,0,0,2,0,0,2,1,False,False,ONE
fresh,0,0,0,0,0,0,2,0,0,0,2,1,False,False,FRESH
fred perry authentic,0,0,0,0,0,0,0,2,0,0,2,1,False,False,FRED PERRY AUTHENTIC
king louis flowers,0,0,0,0,0,0,0,2,0,0,2,1,False,False,KING LOUIS FLOWERS
eye society,0,0,0,0,0,0,0,2,0,0,2,1,False,False,EYE SOCIETY
mobile suite,0,0,0,0,0,0,0,2,0,0,2,1,False,False,MOBILE SUITE
freshaire salon,0,2,0,0,0,0,0,0,0,0,2,1,False,False,FRESHAIRE SALON
one world deli,0,0,0,0,1,0,0,1,0,0,2,2,False,True,One World Deli
fried noodles hongkong style,0,0,0,0,0,0,0,0,0,2,2,1,False,False,Fried Noodles Hongkong Style
kingplus,0,0,0,0,0,0,0,2,0,0,2,1,False,False,KINGPLUS
lemon feels,0,0,0,0,0,0,2,0,0,0,2,1,False,False,Lemon Feels
kids depot,0,1,1,0,0,0,0,0,0,0,2,2,False,True,KIDS' DEPOT
ling nam fried siopao,0,0,0,0,0,0,0,2,0,0,2,1,False,False,LING NAM FRIED SIOPAO
life 4 cuts,0,0,0,0,0,0,2,0,0,0,2,1,False,False,LIFE 4 CUTS
paws around the town pet store,0,1,0,0,0,0,0,1,0,0,2,2,False,True,PAWS AROUND THE TOWN PET STORE
paul boulangerie patisserie salon de the restaurant,0,0,0,0,0,0,0,2,0,0,2,1,False,False,PAUL BOULANGERIE-PATISSERIE-SALON DE THE-RESTAURANT
rudy project,0,0,0,0,1,0,0,1,0,0,2,2,False,True,Rudy Project
fundevmentals therapy center,0,0,0,0,1,0,0,1,0,0,2,2,False,True,Fundevmentals Therapy Center
everlast rings,0,0,0,0,0,0,0,2,0,0,2,1,False,False,EVERLAST RINGS
fun time,0,0,0,0,0,0,0,0,0,2,2,1,False,False,FUN TIME
pats putts,0,2,0,0,0,0,0,0,0,0,2,1,False,False,PAT'S PUTTS
kettofage creation,0,0,0,0,0,0,0,2,0,0,2,1,False,False,KETTOFAGE CREATION
fun nation,0,0,0,0,0,0,1,0,0,1,2,2,False,True,Fun Nation
patchi,0,1,0,0,0,0,1,0,0,0,2,2,False,True,PATCHI
liberty diamonds,0,0,0,0,0,0,0,0,0,2,2,1,False,False,Liberty Diamonds
mobile tools,0,0,0,0,0,0,0,2,0,0,2,1,False,False,MOBILE TOOLS
sewing room & alterations specialist,0,2,0,0,0,0,0,0,0,0,2,1,False,False,THE SEWING ROOM & ALTERATIONS SPECIALIST
oldmoon photography studio,0,0,0,0,0,0,0,2,0,0,2,1,False,False,OLDMOON PHOTOGRAPHY STUDIO
milko,0,0,0,0,0,0,0,2,0,0,2,1,False,False,MILKO
rtop cellphone accessories,0,0,0,0,0,0,0,2,0,0,2,1,False,False,RTOP CELLPHONE ACCESSORIES
old moon studio,0,0,0,0,0,0,0,2,0,0,2,1,False,False,OLD MOON STUDIO
seoul yummy,0,0,0,0,0,0,1,1,0,0,2,2,False,True,Seoul Yummy
luxallure aesthetic center,0,0,0,0,0,0,0,2,0,0,2,1,False,False,LUXALLURE AESTHETIC CENTER
shake n slurp,0,0,0,0,0,0,1,1,0,0,2,2,False,True,SHAKE N' SLURP
mq,0,0,0,0,0,0,0,2,0,0,2,1,False,False,MQ
pc gadget technologies,0,0,0,0,0,0,0,2,0,0,2,1,False,False,PC GADGET TECHNOLOGIES
g&g,0,0,0,0,0,0,2,0,0,0,2,1,False,False,G&G
luxelle,0,1,0,0,0,0,0,1,0,0,2,2,False,True,LUXELLE
pc corner,0,0,0,0,0,0,0,2,0,0,2,1,False,False,PC CORNER
pc central,0,0,0,0,0,0,0,2,0,0,2,1,False,False,PC CENTRAL
g gadgets,0,0,0,0,0,0,0,2,0,0,2,1,False,False,G GADGETS
g force oakley,0,2,0,0,0,0,0,0,0,0,2,1,False,False,G-FORCE OAKLEY
life for cuts,0,0,0,0,0,0,2,0,0,0,2,1,False,False,LIFE FOR CUTS
euronet,0,2,0,0,0,0,0,0,0,0,2,1,False,False,EURONET
kee wah bakery,0,0,0,0,0,0,1,1,0,0,2,2,False,True,KEE WAH BAKERY
kenji tei,0,2,0,0,0,0,0,0,0,0,2,1,False,False,KENJI TEI
furry tails,0,0,0,0,0,0,0,2,0,0,2,1,False,False,FURRY TAILS
furniture republicsan yang home,0,0,0,0,0,0,0,2,0,0,2,1,False,False,FURNITURE REPUBLICSAN-YANG HOME
keystamps,0,2,0,0,0,0,0,0,0,0,2,1,False,False,KEYSTAMPS
pastel baby,0,0,0,0,0,0,1,1,0,0,2,2,False,True,Pastel Baby
luminox,0,1,0,0,0,0,0,1,0,0,2,2,False,True,LUMINOX
lilys shiatsu station,0,0,0,0,0,0,0,0,2,0,2,1,False,False,LILY'S SHIATSU STATION
runnr,0,2,0,0,0,0,0,0,0,0,2,1,False,False,RUNNR
ministuff access,0,0,0,0,0,0,0,2,0,0,2,1,False,False,MINISTUFF ACCESS
kids hair salon,0,2,0,0,0,0,0,0,0,0,2,1,False,False,KIDS HAIR SALON
nora hair salon,0,0,0,0,0,0,1,1,0,0,2,2,False,True,NORA HAIR SALON
expert gadget accessories,0,0,0,0,0,0,0,2,0,0,2,1,False,False,EXPERT GADGET ACCESSORIES
express repair,0,0,0,0,0,0,0,2,0,0,2,1,False,False,EXPRESS REPAIR
rustans department store,0,2,0,0,0,0,0,0,0,0,2,1,False,False,RUSTAN'S DEPARTMENT STORE
kidventure play center,0,0,0,0,0,0,0,2,0,0,2,1,False,False,KIDVENTURE PLAY CENTER
lenscrafter shop,0,0,0,0,0,0,0,2,0,0,2,1,False,False,THE LENSCRAFTER SHOP
paris miki,0,0,0,0,0,0,0,2,0,0,2,1,False,False,PARIS MIKI
kidzooona tiny,0,0,0,0,0,0,0,2,0,0,2,1,False,False,KIDZOOONA TINY
rusty lopez,0,0,0,0,0,0,1,0,1,0,2,2,False,True,Rusty Lopez
lenovo mobile,0,0,0,0,0,0,0,2,0,0,2,1,False,False,LENOVO MOBILE
seoulskin premier aesthetics,0,0,0,0,0,0,0,2,0,0,2,1,False,False,SEOULSKIN PREMIER AESTHETICS
paris baguette,0,0,0,0,0,0,0,2,0,0,2,1,False,False,PARIS BAGUETTE
fudge rock,0,2,0,0,0,0,0,0,0,0,2,1,False,False,FUDGE ROCK
ministop,0,0,0,0,0,0,1,1,0,0,2,2,False,True,Ministop
fuji film digital imaging,0,0,0,0,0,0,0,2,0,0,2,1,False,False,FUJI FILM DIGITAL IMAGING
olympic village fitness,0,0,0,0,0,0,0,2,0,0,2,1,False,False,OLYMPIC VILLAGE FITNESS
passport foods,0,0,0,0,0,0,0,2,0,0,2,1,False,False,PASSPORT FOODS
pasarabo delicacies,0,2,0,0,0,0,0,0,0,0,2,1,False,False,PASARABO DELICACIES
motech auto service center,0,2,0,0,0,0,0,0,0,0,2,1,False,False,MOTECH AUTO SERVICE CENTER
ming fu asian cuisine,0,1,0,0,0,0,1,0,0,0,2,2,False,True,MING FU ASIAN CUISINE
party studio,0,0,0,0,1,1,0,0,0,0,2,2,False,True,Party Studio
mobisews,0,0,0,0,0,0,0,2,0,0,2,1,False,False,MOBISEWS
oishi batchoi,0,0,0,0,0,0,1,1,0,0,2,2,False,True,Oishi Batchoi
sairam playland,0,0,0,0,0,0,0,2,0,0,2,1,False,False,SAIRAM PLAYLAND
executive optical (eo),0,0,0,0,0,0,2,0,0,0,2,1,False,False,EXECUTIVE OPTICAL (EO)
ling nam,0,0,0,0,1,1,0,0,0,0,2,2,False,True,Ling Nam
minimobile gadget accessories cellphone repair shop,0,0,0,0,0,0,0,2,0,0,2,1,False,False,MINIMOBILE GADGET ACCESSORIES CELLPHONE REPAIR SHOP
fuji shin cellphone and accessories trading,0,0,0,0,0,0,0,2,0,0,2,1,False,False,FUJI-SHIN CELLPHONE AND ACCESSORIES TRADING
leonardos salon and barbers,0,0,0,0,0,0,0,2,0,0,2,1,False,False,LEONARDOS SALON AND BARBERS
kids box by kidzooona,0,0,0,0,0,0,2,0,0,0,2,1,False,False,KIDS BOX BY KIDZOOONA
ono poke,0,0,0,0,0,1,1,0,0,0,2,2,False,True,ONO Poke
lovelink,0,0,0,0,1,0,1,0,0,0,2,2,False,True,LoveLink
sakura,0,2,0,0,0,0,0,0,0,0,2,1,False,False,SAKURA
sans rival cakes and pastries,0,0,0,0,0,0,2,0,0,0,2,1,False,False,SANS RIVAL CAKES AND PASTRIES
seafood pier,0,0,0,0,0,0,0,2,0,0,2,1,False,False,SEAFOOD PIER
oasis,0,0,0,0,0,0,0,2,0,0,2,1,False,False,OASIS
fisher box office,0,0,0,2,0,0,0,0,0,0,2,1,False,False,FISHER BOX OFFICE
oxy originals,0,0,0,0,0,2,0,0,0,0,2,1,False,False,Oxy Originals
sans rival,0,0,0,0,0,0,2,0,0,0,2,1,False,False,Sans Rival 9234200285
fish & co,0,0,0,0,2,0,0,0,0,0,2,1,False,False,Fish & Co.
oxvor cellular,0,0,1,0,0,0,0,0,1,0,2,2,False,True,Oxvor Cellular
owwa,0,0,0,0,0,0,1,1,0,0,2,2,False,True,OWWA
odysseus wedding rings,1,0,0,0,1,0,0,0,0,0,2,2,False,True,Odysseus Wedding Rings
live hub,0,0,0,0,0,0,0,2,0,0,2,1,False,False,LIVE HUB
living water,0,0,0,0,1,0,0,1,0,0,2,2,False,True,Living Water
lavish lashes,0,0,0,0,0,0,1,1,0,0,2,2,False,True,Lavish Lashes
fino leatherware,0,2,0,0,0,0,0,0,0,0,2,1,False,False,FINO LEATHERWARE
own days,0,0,0,0,0,0,2,0,0,0,2,1,False,False,Own Days
la lola churreria,0,0,0,0,0,0,2,0,0,0,2,1,False,False,La Lola Churreria
our wellness,0,0,0,0,0,0,2,0,0,0,2,1,False,False,OUR WELLNESS
mobile care,0,0,1,0,0,0,1,0,0,0,2,2,False,True,Mobile Care
l optique paris,0,0,0,0,0,0,0,2,0,0,2,1,False,False,L OPTIQUE PARIS
fisher fashion store,0,0,0,2,0,0,0,0,0,0,2,1,False,False,Fisher Fashion Store
fisher supermarket,0,0,0,2,0,0,0,0,0,0,2,1,False,False,FISHER SUPERMARKET
kwatogs,0,0,0,0,0,0,1,1,0,0,2,2,False,True,KWATOGS
kwentong barbero,0,0,0,0,0,0,0,2,0,0,2,1,False,False,KWENTONG BARBERO
le gran tempus,0,0,0,0,0,0,0,2,0,0,2,1,False,False,LE GRAN TEMPUS
flaming franks,0,1,0,0,0,0,1,0,0,0,2,2,False,True,FLAMING FRANKS
orange bucket,0,0,0,0,2,0,0,0,0,0,2,1,False,False,The Orange Bucket
sandisk,0,0,0,0,0,0,0,2,0,0,2,1,False,False,Sandisk
little ones dental clinic,0,0,0,0,0,0,0,2,0,0,2,1,False,False,LITTLE ONES DENTAL CLINIC
fix & free salon,0,0,2,0,0,0,0,0,0,0,2,1,False,False,Fix & Free Salon
fitness first platinum,0,1,0,0,0,0,1,0,0,0,2,2,False,True,FITNESS FIRST PLATINUM
lomi imua,0,0,0,0,2,0,0,0,0,0,2,1,False,False,Lomi Imua
laycom cellphone and accessories shop,0,0,0,0,0,0,0,2,0,0,2,1,False,False,LAYCOM CELLPHONE AND ACCESSORIES SHOP
monarc,0,0,0,0,0,0,0,2,0,0,2,1,False,False,MONARC
kathnails,0,1,0,0,0,0,1,0,0,0,2,2,False,True,KATHNAILS
fit n style,0,0,0,0,0,0,2,0,0,0,2,1,False,False,FIT 'N STYLE
fit knead bakeshop,0,0,0,0,0,0,0,2,0,0,2,1,False,False,FIT KNEAD BAKESHOP
finds finds,0,0,0,0,0,0,0,0,2,0,2,1,False,False,FINDS FINDS!
sea choice,0,0,0,0,0,0,2,0,0,0,2,1,False,False,Sea Choice
pad by padis point,0,0,0,0,0,0,0,2,0,0,2,1,False,False,THE PAD by PADIS POINT
octagon computer superstore,1,0,0,0,0,0,1,0,0,0,2,2,False,True,Octagon Computer Superstore
ortiz skin clinic,0,0,0,0,0,0,0,2,0,0,2,1,False,False,ORTIZ SKIN CLINIC
fiesta favorite souvenir,0,0,0,0,2,0,0,0,0,0,2,1,False,False,Fiesta Favorite Souvenir
mnm de masaje,0,0,0,0,0,0,2,0,0,0,2,1,False,False,MNM de Masaje
lapid dental center,0,1,0,0,0,0,1,0,0,0,2,2,False,True,THE LAPID DENTAL CENTER
saturday dress,0,0,0,0,0,0,0,2,0,0,2,1,False,False,SATURDAY DRESS
lancome,0,0,0,0,0,0,2,0,0,0,2,1,False,False,Lancome
loca coffee,0,0,0,0,0,0,1,1,0,0,2,2,False,True,Loca Coffee
ortigas cinemas,0,0,0,0,0,2,0,0,0,0,2,1,False,False,Ortigas Cinemas
scribe writing essentials,0,0,0,0,0,0,0,2,0,0,2,1,False,False,SCRIBE WRITING ESSENTIALS
fiery style,0,0,0,0,1,0,1,0,0,0,2,2,False,True,Fiery Style
save on surplus,0,1,1,0,0,0,0,0,0,0,2,2,False,True,SAVE ON SURPLUS
mmec,0,0,0,0,0,0,0,2,0,0,2,1,False,False,MMEC
fhuxx mobile specialist,0,0,0,0,0,0,0,2,0,0,2,1,False,False,FHUXX MOBILE SPECIALIST
land transportation office,0,0,0,1,0,0,0,1,0,0,2,2,False,True,Land Transportation Office
land transportation office (lto),0,0,0,0,0,0,1,0,1,0,2,2,False,True,LAND TRANSPORTATION OFFICE (LTO)
orogem jewellers,0,1,0,0,0,1,0,0,0,0,2,2,False,True,OROGEM JEWELLERS
lan hot pot,0,1,0,0,1,0,0,0,0,0,2,2,False,True,LAN HOT POT
mm sweet fix,0,0,0,0,0,0,0,2,0,0,2,1,False,False,MM SWEET FIX
lamy,0,2,0,0,0,0,0,0,0,0,2,1,False,False,LAMY
fely js kitchen,0,2,0,0,0,0,0,0,0,0,2,1,False,False,FELY J’S KITCHEN
mk kitchen equipment,0,0,0,0,0,0,1,1,0,0,2,2,False,True,MK KITCHEN EQUIPMENT
ocampos,1,1,0,0,0,0,0,0,0,0,2,2,False,True,Ocampo's
latt liv,0,0,0,0,0,0,2,0,0,0,2,1,False,False,LATT LIV
filigrenasia,0,2,0,0,0,0,0,0,0,0,2,1,False,False,FILIGRENASIA
sarabia jewelry,0,0,0,0,0,0,1,1,0,0,2,2,False,True,Sarabia Jewelry
our pet care services,0,0,0,0,0,0,0,2,0,0,2,1,False,False,OUR PET CARE SERVICES
screen protexzone,0,0,0,0,0,0,0,2,0,0,2,1,False,False,SCREEN PROTEXZONE
original cake,0,0,0,0,0,0,0,1,1,0,2,2,False,True,ORIGINAL CAKE
lola cafe,0,0,0,0,0,0,0,2,0,0,2,1,False,False,LOLA CAFE
lasa filipino bbq roast by lola,0,0,0,0,0,0,0,2,0,0,2,1,False,False,LASA FILIPINO BBQ ROAST BY LOLA
feast,0,1,0,0,0,0,1,0,0,0,2,2,False,True,THE FEAST
load express,0,0,0,0,0,0,2,0,0,0,2,1,False,False,Load Express
fika coffee and tea,0,0,0,0,0,0,0,2,0,0,2,1,False,False,FIKA COFFEE AND TEA
lagrima,0,0,0,0,1,0,1,0,0,0,2,2,False,True,Lagrima
lalaurs beauty products,0,0,0,0,0,0,2,0,0,0,2,1,False,False,LALAUR'S BEAUTY PRODUCTS
fantech,0,0,0,0,0,0,0,2,0,0,2,1,False,False,FANTECH
le katsu mnl,0,1,0,0,0,0,1,0,0,0,2,2,False,True,LE KATSU MNL
founders donuts,0,0,0,0,0,0,0,2,0,0,2,1,False,False,FOUNDERS DONUTS
mister labada,0,0,0,0,0,0,1,1,0,0,2,2,False,True,MISTER LABADA
seiko showroom,0,0,0,0,0,0,0,2,0,0,2,1,False,False,SEIKO SHOWROOM
sallys kakanin,0,0,0,1,0,0,1,0,0,0,2,2,False,True,Sally's Kakanin
panwiches,0,0,0,0,0,0,0,2,0,0,2,1,False,False,PANWICHES
panero,0,0,0,0,0,0,1,0,0,1,2,2,False,True,PANERO
lower left,1,0,0,0,0,0,0,1,0,0,2,2,False,True,Lower Left
klgo mobile accessories,0,0,0,0,0,0,2,0,0,0,2,1,False,False,KLGO Mobile Accessories
orodiam jewellery,0,0,0,0,0,0,0,2,0,0,2,1,False,False,ORODIAM JEWELLERY
food club,0,1,1,0,0,0,0,0,0,0,2,2,False,True,THE FOOD CLUB
fone style,0,0,0,2,0,0,0,0,0,0,2,1,False,False,FONE STYLE
legazpi four seasons restaurant,0,0,0,0,0,0,0,2,0,0,2,1,False,False,LEGAZPI FOUR SEASONS RESTAURANT
misuta gyoza,0,0,0,0,0,0,2,0,0,0,2,1,False,False,Misuta Gyoza
monster mango,0,0,0,0,0,0,2,0,0,0,2,1,False,False,Monster Mango
fonemyx marketing,0,1,0,0,0,0,0,1,0,0,2,2,False,True,FONEMYX MARKETING
panda shabu shabu,0,0,0,0,0,0,0,2,0,0,2,1,False,False,PANDA SHABU SHABU
nut water buko juice,0,0,0,0,0,0,0,2,0,0,2,1,False,False,NUT WATER BUKO JUICE
knickerbocker refreshment stall,0,0,0,0,0,0,0,2,0,0,2,1,False,False,KNICKERBOCKER REFRESHMENT STALL
paolitos,0,0,0,0,0,0,0,2,0,0,2,1,False,False,PAOLITOS
f shang,0,0,0,0,0,0,0,2,0,0,2,1,False,False,F SHANG
paper moon cafe,0,0,0,0,1,0,1,0,0,0,2,2,False,True,PAPER MOON CAFE
ezstep,0,0,0,0,0,0,0,2,0,0,2,1,False,False,EZSTEP
oh some,0,2,0,0,0,0,0,0,0,0,2,1,False,False,OH!SOME
mooon cafe,0,0,0,0,0,0,1,1,0,0,2,2,False,True,MOOON CAFE
fortune jewellers,0,0,0,0,0,0,2,0,0,0,2,1,False,False,Fortune Jewellers
oh so playhouse,0,0,0,0,0,0,0,2,0,0,2,1,False,False,OH SO PLAYHOUSE
paperworks,0,1,0,0,0,0,0,1,0,0,2,2,False,True,PAPERWORKS
lemon aid,0,0,0,0,0,0,0,2,0,0,2,1,False,False,LEMON AID
fortress,0,1,0,0,0,1,0,0,0,0,2,2,False,True,FORTRESS
ooh la lash,0,0,0,0,0,0,1,1,0,0,2,2,False,True,OOH LA LASH
sen ryo,0,0,0,0,0,1,0,1,0,0,2,2,False,True,sen-ryo
papermoon cafe,0,0,0,0,0,0,2,0,0,0,2,1,False,False,Papermoon Cafe
papermints,0,0,0,0,0,0,1,1,0,0,2,2,False,True,PAPERMINTS
salazar bakery,0,0,0,0,0,0,0,2,0,0,2,1,False,False,SALAZAR BAKERY
mookies oatmeal cookies,0,0,0,0,0,0,0,2,0,0,2,1,False,False,MOOKIES OATMEAL COOKIES
sales,0,0,0,0,0,0,0,2,0,0,2,1,False,False,SALES
ezra,0,0,0,0,0,0,1,1,0,0,2,2,False,True,EZRA
pancit ng taga malabon,0,0,0,0,0,0,1,1,0,0,2,2,False,True,Pancit Ng Taga Malabon
fone fix technoshop,0,0,0,0,0,0,0,2,0,0,2,1,False,False,FONE FIX TECHNOSHOP
look at me,0,0,0,0,0,0,0,2,0,0,2,1,False,False,LOOK AT ME
florista flowers gifts,0,0,0,0,0,0,0,2,0,0,2,1,False,False,FLORISTA FLOWERS GIFTS
kristenzz,0,0,0,0,0,0,2,0,0,0,2,1,False,False,Kristenzz
samgyupsaab korean bbq,0,0,0,0,0,0,1,1,0,0,2,2,False,True,Samgyupsaab Korean BBQ 0985 532 2098
palawan pawnshop,0,0,0,0,0,0,1,0,0,1,2,2,False,True,PALAWAN PAWNSHOP
florsheim shoe company,0,0,0,0,0,0,0,2,0,0,2,1,False,False,FLORSHEIM SHOE COMPANY
fam friends wellness spa,0,0,0,0,0,0,0,2,0,0,2,1,False,False,FAM FRIENDS WELLNESS SPA
open source,0,0,0,0,0,1,1,0,0,0,2,2,False,True,Open Source
little farmers coffee,0,1,0,0,1,0,0,0,0,0,2,2,False,True,LITTLE FARMERS COFFEE
lorenzos way,0,2,0,0,0,0,0,0,0,0,2,1,False,False,LORENZO’S WAY
mobile monkey,0,0,0,0,1,0,1,0,0,0,2,2,False,True,Mobile Monkey
look boutique,0,1,0,0,0,0,1,0,0,0,2,2,False,True,THE LOOK BOUTIQUE
kutie kuts,0,0,0,0,0,0,0,2,0,0,2,1,False,False,KUTIE KUTS
optic city,0,0,0,0,0,0,0,2,0,0,2,1,False,False,OPTIC CITY
fantasy amuse,0,0,0,0,0,0,1,1,0,0,2,2,False,True,Fantasy Amuse
flight 001,0,1,0,0,0,0,1,0,0,0,2,2,False,True,FLIGHT 001
league of gamers,0,0,0,0,0,0,0,2,0,0,2,1,False,False,LEAGUE OF GAMERS
fantasyworld,0,0,0,0,0,0,0,2,0,0,2,1,False,False,FANTASYWORLD
samgyup saab,0,0,0,0,0,0,2,0,0,0,2,1,False,False,SAMGYUP SAAB
left behind,0,2,0,0,0,0,0,0,0,0,2,1,False,False,LEFT BEHIND
fluff & stuff,0,0,0,0,0,0,2,0,0,0,2,1,False,False,Fluff & Stuff
kraken takoyaki,0,1,0,0,1,0,0,0,0,0,2,2,False,True,KRAKEN TAKOYAKI
fone edge plus,0,0,0,0,0,0,1,0,1,0,2,2,False,True,Fone Edge Plus
kogi q,0,0,0,0,0,0,0,2,0,0,2,1,False,False,KOGI Q
mitsubishi,0,0,0,0,0,0,1,1,0,0,2,2,False,True,Mitsubishi
segunda mana,0,2,0,0,0,0,0,0,0,0,2,1,False,False,SEGUNDA MANA
faian gold,0,0,0,0,0,0,0,0,0,2,2,1,False,False,Faian Gold
samanthas steam boat,0,0,0,0,0,0,0,2,0,0,2,1,False,False,SAMANTHAS STEAM BOAT
fairy floss,0,0,0,0,0,0,0,2,0,0,2,1,False,False,FAIRY FLOSS
folded & hung,0,2,0,0,0,0,0,0,0,0,2,1,False,False,FOLDED & HUNG
koibitos world of gelato,0,0,0,0,1,0,0,1,0,0,2,2,False,True,KOIBITOS WORLD OF GELATO
focus eye clinic,0,0,0,0,0,0,0,0,0,2,2,1,False,False,Focus Eye Clinic
panaderia de molo,0,0,0,0,1,0,0,1,0,0,2,2,False,True,Panaderia de Molo
panaderia agape,0,0,0,0,0,0,0,2,0,0,2,1,False,False,PANADERIA AGAPE
fairyland,0,0,0,0,0,0,1,1,0,0,2,2,False,True,FAIRYLAND
samgyuniku,0,0,0,0,2,0,0,0,0,0,2,1,False,False,Samgyuniku
kookee house,0,0,0,0,0,0,1,1,0,0,2,2,False,True,Kookee House
kyukyu ramen99,0,0,0,0,0,0,0,2,0,0,2,1,False,False,KYUKYU RAMEN99
psalm medical center,0,0,0,0,0,0,1,1,0,0,2,2,False,True,Psalm Medical Center
katherines cafe,0,2,0,0,0,0,0,0,0,0,2,1,False,False,KATHERINE'S CAFE
hard rock cafe,0,1,0,0,0,0,0,1,0,0,2,2,False,True,HARD ROCK CAFE
mayet dela rosa fine jewelry,0,0,0,0,0,0,2,0,0,0,2,1,False,False,Mayet Dela Rosa Fine Jewelry
potato fridays,0,0,0,0,0,0,2,0,0,0,2,1,False,False,POTATO FRIDAYS
my pro,0,0,0,0,0,0,0,2,0,0,2,1,False,False,MY PRO
potato corner plus & nacho bimby,0,0,0,0,0,0,0,2,0,0,2,1,False,False,POTATO CORNER PLUS & NACHO BIMBY
my laksa,0,0,0,0,0,0,0,2,0,0,2,1,False,False,MY LAKSA
happy leaf milk tea place,0,0,0,0,0,0,0,2,0,0,2,1,False,False,HAPPY LEAF MILK TEA PLACE
positive living station,0,1,0,0,0,0,1,0,0,0,2,2,False,True,POSITIVE LIVING STATION
pos digital world,0,0,0,0,0,0,0,2,0,0,2,1,False,False,POS DIGITAL WORLD
mbt,0,1,1,0,0,0,0,0,0,0,2,2,False,True,MBT
my health clinic,0,0,1,0,0,0,1,0,0,0,2,2,False,True,My Health Clinic
happilee korean kitchen,0,0,0,0,0,1,0,1,0,0,2,2,False,True,Happilee Korean Kitchen
hapchan,0,0,0,0,0,0,2,0,0,0,2,1,False,False,HAPCHAN
mc master siomai hut,0,0,0,0,0,0,0,2,0,0,2,1,False,False,MC MASTER SIOMAI HUT
rafabels cafe and patisserie,0,0,0,0,0,0,0,2,0,0,2,1,False,False,RAFABELS CAFE AND PATISSERIE
naomi jewelry,0,0,0,0,0,0,0,2,0,0,2,1,False,False,NAOMI JEWELRY
nars,0,1,0,0,0,0,0,1,0,0,2,2,False,True,NARS
hannah marielles bakes and cakes,0,0,0,0,0,0,0,2,0,0,2,1,False,False,HANNAH MARIELLES BAKES AND CAKES
imono jewelry,0,2,0,0,0,0,0,0,0,0,2,1,False,False,IMONO JEWELRY
hangout resto place,0,0,0,0,0,0,0,2,0,0,2,1,False,False,HANGOUT RESTO PLACE
popshop,0,0,0,0,0,0,2,0,0,0,2,1,False,False,POPSHOP (OPEN) 0917-825-9440
imperium,0,0,0,0,0,0,0,2,0,0,2,1,False,False,IMPERIUM
il hwa,0,0,0,0,0,0,0,2,0,0,2,1,False,False,IL HWA
potato frydays,0,0,0,0,0,0,1,1,0,0,2,2,False,True,Potato Frydays
in 2 skating garments and accessories,0,0,0,0,0,0,0,2,0,0,2,1,False,False,IN 2 SKATING GARMENTS AND ACCESSORIES
ikshava fresh sugar,0,0,0,0,0,0,0,2,0,0,2,1,False,False,IKSHAVA FRESH SUGAR
healthie fresh fruit shakes,0,0,0,0,0,0,0,2,0,0,2,1,False,False,HEALTHIE FRESH FRUIT SHAKES
health wave,0,0,0,0,0,0,2,0,0,0,2,1,False,False,Health Wave
mychoice ice cream,0,0,0,0,0,0,0,2,0,0,2,1,False,False,MYCHOICE ICE CREAM
headway vera salon,0,1,1,0,0,0,0,0,0,0,2,2,False,True,HEADWAY VERA SALON
nanbantei of tokyo,0,2,0,0,0,0,0,0,0,0,2,1,False,False,NANBANTEI OF TOKYO
idim diy bakery,0,0,0,0,0,0,0,2,0,0,2,1,False,False,IDIM DIY BAKERY
quikstop,0,0,0,0,0,0,2,0,0,0,2,1,False,False,QUIKSTOP
hayes,0,0,0,0,0,0,0,2,0,0,2,1,False,False,HAYES
ifx foreign exchange,0,0,0,0,0,0,0,0,0,2,2,1,False,False,IFX Foreign Exchange
maxwax,0,0,0,0,0,0,1,1,0,0,2,2,False,True,MAXWAX
maxwax waxing & brow design studio,0,2,0,0,0,0,0,0,0,0,2,1,False,False,MAXWAX WAXING & BROW DESIGN STUDIO
power corner,0,0,0,0,0,0,0,2,0,0,2,1,False,False,POWER CORNER
havianas,0,0,1,0,0,0,1,0,0,0,2,2,False,True,Havianas
maybank,0,0,0,0,1,0,1,0,0,0,2,2,False,True,Maybank
havaianas pop up shop,0,0,0,0,0,0,0,2,0,0,2,1,False,False,HAVAIANAS POP-UP SHOP
havaianas by all flip flops,0,0,0,0,0,0,0,2,0,0,2,1,False,False,HAVAIANAS BY ALL FLIP FLOPS
pound x flatterie,0,2,0,0,0,0,0,0,0,0,2,1,False,False,POUND X FLATTERIE
hashi pan asian restaurant,0,0,0,0,1,1,0,0,0,0,2,2,False,True,Hashi Pan-Asian Restaurant
r florete jewelry,0,0,0,0,0,0,2,0,0,0,2,1,False,False,R. Florete Jewelry
pound,0,1,0,0,0,0,1,0,0,0,2,2,False,True,POUND
potdog yummy delights,0,0,0,0,0,0,2,0,0,0,2,1,False,False,Potdog Yummy Delights
hanamaruken ramen,0,0,0,0,1,1,0,0,0,0,2,2,False,True,Hanamaruken Ramen
in tune pro music center,0,0,0,0,0,0,0,2,0,0,2,1,False,False,IN-TUNE PRO MUSIC CENTER
mango burst,0,0,0,0,0,0,0,2,0,0,2,1,False,False,MANGO BURST
musikwizard,0,0,0,0,0,0,0,2,0,0,2,1,False,False,MUSIKWIZARD
rbrs gadget center,0,0,0,0,0,0,0,2,0,0,2,1,False,False,RBRS GADGET CENTER
rbx rice in a box,0,1,0,0,0,0,1,0,0,0,2,2,False,True,RBX RICE IN A BOX
rc perfume,0,0,1,0,0,0,0,1,0,0,2,2,False,True,Rc Perfume
rc perfume collection,0,0,0,0,0,0,0,2,0,0,2,1,False,False,RC PERFUME COLLECTION
pnp national police clearance,0,0,0,0,0,0,2,0,0,0,2,1,False,False,PNP National Police Clearance
medicard,0,0,1,0,1,0,0,0,0,0,2,2,False,True,Medicard
mediskin,0,1,0,0,0,0,0,1,0,0,2,2,False,True,MEDISKIN
gringo,0,1,1,0,0,0,0,0,0,0,2,2,False,True,GRINGO
pngb,0,0,1,0,0,0,1,0,0,0,2,2,False,True,Pngb
ready set relax massage & spa,0,0,1,0,0,0,1,0,0,0,2,2,False,True,Ready-set-relax Massage & Spa
intogadgets,0,1,0,0,0,0,1,0,0,0,2,2,False,True,INTOGADGETS
greenwich i,0,0,0,0,0,0,2,0,0,0,2,1,False,False,Greenwich I 0917-158-8858
invitation house,0,2,0,0,0,0,0,0,0,0,2,1,False,False,INVITATION HOUSE
ipxpress,0,0,0,0,0,0,0,2,0,0,2,1,False,False,IPXPRESS
national police clearance,0,0,0,0,0,0,2,0,0,0,2,1,False,False,National Police Clearance
plc watch repair services,0,2,0,0,0,0,0,0,0,0,2,1,False,False,PLC WATCH REPAIR SERVICES
greenkreations,0,0,0,0,0,0,0,2,0,0,2,1,False,False,GREENKREATIONS
realme mobile phone & accessories,0,2,0,0,0,0,0,0,0,0,2,1,False,False,REALME MOBILE PHONE & ACCESSORIES
green kitchen,0,0,0,0,0,0,0,1,0,1,2,2,False,True,GREEN KITCHEN
green fresh,0,0,0,0,0,0,2,0,0,0,2,1,False,False,Green Fresh
iskrambolicious,0,0,0,0,0,0,2,0,0,0,2,1,False,False,Iskrambolicious
guanzon,0,0,0,0,0,0,2,0,0,0,2,1,False,False,Guanzon
polk audio home theater & hifi,0,2,0,0,0,0,0,0,0,0,2,1,False,False,POLK AUDIO HOME THEATER & HIFI
hallo mango,0,0,0,0,0,0,2,0,0,0,2,1,False,False,HALLO MANGO
must be moms,0,0,0,0,0,0,1,1,0,0,2,2,False,True,Must Be Moms
narzo,0,0,0,0,0,0,1,1,0,0,2,2,False,True,NARZO
hairscape ph,0,1,0,0,0,0,1,0,0,0,2,2,False,True,HAIRSCAPE.PH
indio filipino,0,0,0,0,0,0,2,0,0,0,2,1,False,False,Indio Filipino
haircutters de legazpi city,0,0,0,0,0,0,0,2,0,0,2,1,False,False,HAIRCUTTERS DE LEGAZPI CITY
indio filipino clothing,0,0,0,0,0,1,0,1,0,0,2,2,False,True,Indio Filipino Clothing
ramen daisho,0,0,0,0,0,0,1,1,0,0,2,2,False,True,RAMEN DAISHO
ramen dojo,0,1,0,0,0,0,0,1,0,0,2,2,False,True,RAMEN DOJO
hai sha,0,0,0,2,0,0,0,0,0,0,2,1,False,False,Hai-sha
inengs special bbq,0,0,0,0,0,0,2,0,0,0,2,1,False,False,Ineng’s Special BBQ
hafele,0,2,0,0,0,0,0,0,0,0,2,1,False,False,HAFELE
my dollar store,0,1,1,0,0,0,0,0,0,0,2,2,False,True,MY DOLLAR STORE
nathaniels,0,0,0,0,0,0,0,2,0,0,2,1,False,False,NATHANIELS
ramen nagi tendon akimitsu,0,2,0,0,0,0,0,0,0,0,2,1,False,False,RAMEN NAGI / TENDON AKIMITSU
ramen sage,0,0,1,0,1,0,0,0,0,0,2,2,False,True,Ramen Sage
h2o life source,0,0,0,0,2,0,0,0,0,0,2,1,False,False,H2O Life Source
manila bankers life insurance,0,0,0,0,0,0,1,0,1,0,2,2,False,True,MANILA BANKERS LIFE INSURANCE
ramen young wasabi,0,0,1,0,0,0,1,0,0,0,2,2,False,True,Ramen Young Wasabi
pooch park,1,0,0,0,0,0,1,0,0,0,2,2,False,True,Pooch Park
mdf massage chair,0,0,0,0,0,0,2,0,0,0,2,1,False,False,MDF MASSAGE CHAIR
gui,0,1,0,0,0,0,0,1,0,0,2,2,False,True,GUI
me fashion accessories,0,0,0,0,0,0,0,2,0,0,2,1,False,False,ME FASHION ACCESSORIES
idd,0,0,0,0,0,0,0,2,0,0,2,1,False,False,IDD
iconique,0,1,0,0,0,0,0,1,0,0,2,2,False,True,ICONIQUE
healthway,0,0,1,0,0,1,0,0,0,0,2,2,False,True,Healthway
q cards,0,0,1,0,0,0,0,1,0,0,2,2,False,True,Q-cards
mars watch,0,0,0,0,0,0,0,0,0,2,2,1,False,False,Mars Watch
naga garden,0,0,0,0,0,0,1,1,0,0,2,2,False,True,Naga Garden
hot star fried chicken,0,2,0,0,0,0,0,0,0,0,2,1,False,False,HOT STAR FRIED CHICKEN
nail lounge,0,0,0,0,1,0,0,1,0,0,2,2,False,True,Nail Lounge
hinam is,0,0,0,0,0,0,0,2,0,0,2,1,False,False,HINAM-IS
himay himay,0,0,0,0,0,0,0,1,0,1,2,2,False,True,HIMAY-HIMAY
q prizezone,0,0,0,0,0,0,0,2,0,0,2,1,False,False,Q PRIZEZONE
hotpot session,0,0,0,0,0,1,1,0,0,0,2,2,False,True,HotPot Session
house of fruitas,0,0,1,0,0,0,0,1,0,0,2,2,False,True,House Of Fruitas
house of lemonade,0,0,0,0,0,0,1,1,0,0,2,2,False,True,HOUSE OF LEMONADE
q tickles nails lashes and waxing salon,0,0,0,0,0,0,0,2,0,0,2,1,False,False,Q TICKLES NAILS LASHES AND WAXING SALON
nabe unlimited japanese hotpot,0,0,0,0,0,0,0,2,0,0,2,1,False,False,NABE UNLIMITED JAPANESE HOTPOT
hp world,0,0,0,0,0,1,0,1,0,0,2,2,False,True,HP World
highlands coffee,0,0,0,0,1,0,1,0,0,0,2,2,False,True,Highlands Coffee
highland brew coffee,0,0,0,0,0,0,0,2,0,0,2,1,False,False,HIGHLAND BREW COFFEE
huawei service center,0,0,0,0,0,0,0,2,0,0,2,1,False,False,HUAWEI SERVICE CENTER
nabe japanese izakaya and hotpot,0,0,0,0,0,0,0,2,0,0,2,1,False,False,NABE JAPANESE IZAKAYA AND HOTPOT
hublot,0,2,0,0,0,0,0,0,0,0,2,1,False,False,HUBLOT
hubsite,0,0,0,0,0,0,2,0,0,0,2,1,False,False,Hubsite
masuki,0,0,0,0,1,0,0,1,0,0,2,2,False,True,Masuki
hfi davao tuna grill,0,0,0,0,0,0,0,2,0,0,2,1,False,False,HFI DAVAO TUNA GRILL
professional skin care formula by dr alvin,0,0,0,0,0,0,0,2,0,0,2,1,False,False,PROFESSIONAL SKIN CARE FORMULA BY DR ALVIN
mars watch service center,0,1,0,0,0,0,0,1,0,0,2,2,False,True,MARS WATCH SERVICE CENTER
nami art gallery,0,0,0,0,0,1,0,1,0,0,2,2,False,True,Nami Art Gallery
masil,0,0,0,0,0,2,0,0,0,0,2,1,False,False,Masil
honey lemon,0,0,1,0,0,0,1,0,0,0,2,2,False,True,Honey Lemon
honey tang,0,0,0,0,1,0,0,1,0,0,2,2,False,True,"Honey, Tang"
puffys souffle pancake cafe,0,0,0,0,0,0,2,0,0,0,2,1,False,False,Puffy's Souffle Pancake Cafe
ps bank atm,0,0,0,0,0,0,2,0,0,0,2,1,False,False,PS BANK (ATM)
pru life uk,0,0,0,0,2,0,0,0,0,0,2,1,False,False,Pru Life Uk
hongkong style noodles and dimsum,0,1,0,0,0,0,1,0,0,0,2,2,False,True,HONGKONG STYLE NOODLES AND DIMSUM
hongkong style noodles dimsum,0,0,0,0,0,0,0,2,0,0,2,1,False,False,HONGKONG STYLE NOODLES DIMSUM
purefoods tender juicy hotdog,0,0,0,0,0,0,1,1,0,0,2,2,False,True,PUREFOODS TENDER JUICY HOTDOG
promate,0,0,0,0,0,0,2,0,0,0,2,1,False,False,Promate
prologue,0,0,0,0,0,2,0,0,0,0,2,1,False,False,Prologue
honor service center,0,0,0,0,0,0,1,1,0,0,2,2,False,True,Honor Service Center
hobing korean dessert cafe,0,1,0,0,0,0,0,1,0,0,2,2,False,True,HOBING KOREAN DESSERT CAFE
hoo dermatology,0,2,0,0,0,0,0,0,0,0,2,1,False,False,HOO DERMATOLOGY
hobbiestock,0,0,1,0,0,1,0,0,0,0,2,2,False,True,Hobbiestock
nail garden,0,0,0,0,0,0,1,1,0,0,2,2,False,True,NAIL GARDEN
purple oven,0,1,0,0,1,0,0,0,0,0,2,2,False,True,PURPLE OVEN
purple pad thai,0,0,0,0,0,0,0,2,0,0,2,1,False,False,PURPLE PAD THAI
proguard,0,0,0,0,0,0,0,2,0,0,2,1,False,False,PROGUARD
horchata,0,0,0,0,0,1,0,1,0,0,2,2,False,True,Horchata
purple rice,0,0,0,0,1,0,0,1,0,0,2,2,False,True,Purple Rice
hoshino coffee,0,0,0,0,0,1,0,1,0,0,2,2,False,True,Hoshino Coffee
pretzelmaker,0,0,1,0,0,0,0,1,0,0,2,2,False,True,Pretzelmaker
hued salon,0,0,0,0,0,0,1,1,0,0,2,2,False,True,HUED SALON (NEW)
maristella fine jewelry,0,0,0,0,0,2,0,0,0,0,2,1,False,False,Maristella Fine Jewelry
hungry hoon,0,0,0,0,0,0,0,1,0,1,2,2,False,True,HUNGRY HOON
precious and nick asher scrap gold buyer,0,1,0,0,0,0,1,0,0,0,2,2,False,True,PRECIOUS AND NICK ASHER SCRAP GOLD BUYER
naked waxing salon,0,1,0,0,0,0,0,1,0,0,2,2,False,True,NAKED WAXING SALON
powerzone,0,0,0,0,0,0,0,2,0,0,2,1,False,False,POWERZONE
hearts and bells,0,0,0,0,1,0,1,0,0,0,2,2,False,True,Hearts and Bells
hearts and arrows,0,2,0,0,0,0,0,0,0,0,2,1,False,False,HEARTS AND ARROWS
ice scramble ni momshie sarah,0,0,0,0,0,0,0,2,0,0,2,1,False,False,ICE SCRAMBLE NI MOMSHIE SARAH
myhealth clinic,0,0,1,0,0,0,1,0,0,0,2,2,False,True,Myhealth Clinic
healthy thoughts,0,0,0,0,0,0,0,2,0,0,2,1,False,False,HEALTHY THOUGHTS
maxi mango,0,0,0,0,0,0,1,1,0,0,2,2,False,True,MAXI MANGO
quicklean,0,0,0,0,2,0,0,0,0,0,2,1,False,False,Quicklean
healthy shabu shabu,0,0,0,0,0,0,1,1,0,0,2,2,False,True,Healthy Shabu-Shabu
icenter,0,1,0,0,0,0,1,0,0,0,2,2,False,True,ICENTER
powermac center,0,0,0,0,0,0,2,0,0,0,2,1,False,False,Powermac Center
healthy lemon est 2021 lemonade station,0,0,0,0,0,0,0,2,0,0,2,1,False,False,HEALTHY LEMON EST 2021 LEMONADE STATION
powermac,0,0,0,0,0,0,2,0,0,0,2,1,False,False,PowerMac
nam rai spa,0,0,0,0,1,0,1,0,0,0,2,2,False,True,Nam Rai Spa
ichirorain cellphone shop,0,0,0,0,0,0,0,2,0,0,2,1,False,False,ICHIRORAIN CELLPHONE SHOP
healthy human,0,0,0,0,0,0,0,2,0,0,2,1,False,False,HEALTHY HUMAN
icings,0,0,0,0,0,1,1,0,0,0,2,2,False,True,Icings
iclick,0,0,0,0,0,0,0,2,0,0,2,1,False,False,ICLICK
maxicare primary care clinic,0,0,0,0,0,0,2,0,0,0,2,1,False,False,MAXICARE PRIMARY CARE CLINIC
ian dary,0,0,0,0,0,0,2,0,0,0,2,1,False,False,Ian Dary
matrix,0,0,0,0,0,1,0,1,0,0,2,2,False,True,Matrix
queens at bollywood,0,2,0,0,0,0,0,0,0,0,2,1,False,False,QUEENS AT BOLLYWOOD
i center,0,0,0,0,0,0,0,2,0,0,2,1,False,False,I-CENTER
myung jang,0,0,0,0,0,0,0,2,0,0,2,1,False,False,MYUNG JANG
marisons,0,0,0,0,0,0,1,1,0,0,2,2,False,True,Marison’s
hey gulu,0,0,0,0,0,0,0,2,0,0,2,1,False,False,HEY GULU
marina seafoods,0,1,0,0,0,0,1,0,0,0,2,2,False,True,MARINA SEAFOODS
hey fried rice,0,0,0,0,0,0,2,0,0,0,2,1,False,False,HEY FRIED RICE
i bloom massage,0,0,0,0,0,0,2,0,0,0,2,1,False,False,I-Bloom Massage
herrera brothers,0,0,0,0,0,0,0,2,0,0,2,1,False,False,HERRERA BROTHERS
qonuts donuts,0,0,0,0,0,0,2,0,0,0,2,1,False,False,Qonuts Donuts
ok bob,0,0,0,0,0,0,1,1,0,0,2,2,False,True,OK Bob
henrys professional,0,2,0,0,0,0,0,0,0,0,2,1,False,False,HENRY'S PROFESSIONAL
precious teeth dental care,0,0,0,0,0,0,0,2,0,0,2,1,False,False,PRECIOUS TEETH DENTAL CARE
premium mobile,0,0,0,0,0,0,1,1,0,0,2,2,False,True,Premium Mobile (Temporarily Closed)
qsi perfume station,0,0,0,0,0,0,2,0,0,0,2,1,False,False,QSI Perfume Station
marilou jewellery,0,2,0,0,0,0,0,0,0,0,2,1,False,False,MARILOU JEWELLERY
i lash extensions salon,0,1,0,0,0,0,1,0,0,0,2,2,False,True,I-LASH EXTENSIONS SALON
hemotek renal center,0,0,1,0,0,0,1,0,0,0,2,2,False,True,Hemotek Renal Center
marilou,0,0,0,0,0,1,0,1,0,0,2,2,False,True,Marilou
quantum amusement corporation,0,0,0,0,0,0,0,0,2,0,2,1,False,False,QUANTUM AMUSEMENT CORPORATION
matimco wood lounge,0,0,0,0,0,0,0,2,0,0,2,1,False,False,MATIMCO WOOD LOUNGE
queen mother salon,0,0,0,0,0,0,0,2,0,0,2,1,False,False,QUEEN MOTHER SALON
recipes,0,2,0,0,0,0,0,0,0,0,2,1,False,False,RECIPES
island photo,0,1,0,0,1,0,0,0,0,0,2,2,False,True,ISLAND PHOTO
pc madness,0,0,1,0,0,0,0,1,0,0,2,2,False,True,Pc Madness
mad marks,0,0,0,0,0,0,1,1,0,0,2,2,False,True,Mad Mark's
mad mango,0,0,0,0,0,0,0,1,1,0,2,2,False,True,MAD MANGO
mr franks,0,0,0,0,2,0,0,0,0,0,2,1,False,False,Mr. Frank's
gemuine gold,0,0,0,0,0,0,0,2,0,0,2,1,False,False,GEMUINE GOLD
jr mx memoxpress,0,2,0,0,0,0,0,0,0,0,2,1,False,False,JR MX MEMOXPRESS
mad about travel,0,0,0,0,1,1,0,0,0,0,2,2,False,True,Mad About Travel
jrs express,0,0,0,0,1,0,1,0,0,0,2,2,False,True,JRS Express
js diamond,0,1,0,0,1,0,0,0,0,0,2,2,False,True,J’S DIAMOND
gems and gold by heidi,0,0,0,0,0,0,0,2,0,0,2,1,False,False,GEMS AND GOLD BY HEIDI
macho mucho,0,1,0,0,1,0,0,0,0,0,2,2,False,True,MACHO MUCHO
psbank,0,0,0,0,1,0,0,0,0,1,2,2,False,True,PSBank
machida shoten japanese ramen,0,0,0,0,0,0,0,2,0,0,2,1,False,False,MACHIDA SHOTEN JAPANESE RAMEN
gelato filipino,0,0,0,0,0,0,0,2,0,0,2,1,False,False,GELATO FILIPINO
juan miro art gallery,0,0,0,0,0,0,0,2,0,0,2,1,False,False,JUAN MIRO ART GALLERY
pergasso,0,0,0,0,0,0,0,2,0,0,2,1,False,False,PERGASSO
juans bistro,0,0,0,0,1,0,0,1,0,0,2,2,False,True,Juan's Bistro
gear up,0,2,0,0,0,0,0,0,0,0,2,1,False,False,GEAR UP
machi machi,0,0,0,0,0,0,2,0,0,0,2,1,False,False,MACHI MACHI
juego by badminton hub,0,0,0,0,0,0,0,2,0,0,2,1,False,False,JUEGO BY BADMINTON HUB
juicy juice,0,0,0,0,0,0,1,0,0,1,2,2,False,True,Juicy Juice
perfect scoop,0,0,0,0,0,0,1,1,0,0,2,2,False,True,The Perfect Scoop 9956697833
perfect pint,0,1,0,0,0,1,0,0,0,0,2,2,False,True,THE PERFECT PINT
geo time fusion,0,0,0,0,0,0,0,2,0,0,2,1,False,False,GEO TIME FUSION
george and onnies,0,0,0,0,0,1,1,0,0,0,2,2,False,True,George and Onnie's
junrex cellphones,0,0,0,0,0,0,0,2,0,0,2,1,False,False,JUNREX CELLPHONES
mgs philippines,0,0,0,0,0,0,0,2,0,0,2,1,False,False,MGS PHILIPPINES
giligans island restaurant and bar,0,0,0,0,0,0,0,2,0,0,2,1,False,False,GILIGANS ISLAND RESTAURANT AND BAR
petshop ph,0,1,1,0,0,0,0,0,0,0,2,2,False,True,PETSHOP.PH
metropolis watch service center,0,0,0,0,0,0,0,2,0,0,2,1,False,False,METROPOLIS WATCH SERVICE CENTER
ritas,0,0,0,0,2,0,0,0,0,0,2,1,False,False,Rita's
mai wei fang,0,0,0,0,0,0,1,1,0,0,2,2,False,True,Mai Wei Fang
pet zoofari,0,1,0,0,0,0,0,1,0,0,2,2,False,True,PET ZOOFARI
johnson fitness and wellness,0,0,0,0,0,0,0,2,0,0,2,1,False,False,JOHNSON FITNESS AND WELLNESS
ritas italian ice,0,0,1,0,1,0,0,0,0,0,2,2,False,True,Rita’s Italian Ice
rizal commercial banking corporation,0,2,0,0,0,0,0,0,0,0,2,1,False,False,RIZAL COMMERCIAL BANKING CORPORATION
mr korea,0,2,0,0,0,0,0,0,0,0,2,1,False,False,MR. KOREA
mags,0,0,0,0,0,0,2,0,0,0,2,1,False,False,MAGS
jolly island,0,0,2,0,0,0,0,0,0,0,2,1,False,False,Jolly Island
joneco tech,0,0,1,0,0,0,0,1,0,0,2,2,False,True,Joneco Tech
rme salon,0,0,0,0,0,0,0,2,0,0,2,1,False,False,RME SALON
mr fried rice,0,0,0,0,0,0,2,0,0,0,2,1,False,False,MR. FRIED RICE
gerrys restaurant and bar,0,0,0,0,0,0,0,2,0,0,2,1,False,False,GERRYS RESTAURANT AND BAR
jonies chicken,0,0,0,0,0,0,0,2,0,0,2,1,False,False,JONIES CHICKEN
roadhouse cafe,0,0,0,0,0,0,0,2,0,0,2,1,False,False,ROADHOUSE CAFE
nifty,0,0,0,0,0,0,0,2,0,0,2,1,False,False,NIFTY
nike rise,0,1,0,0,0,0,0,1,0,0,2,2,False,True,NIKE RISE
geotime fusion,0,0,0,0,0,0,1,0,1,0,2,2,False,True,Geotime Fusion
rockport,0,1,0,0,0,0,0,1,0,0,2,2,False,True,ROCKPORT
rockstar,0,1,0,0,0,1,0,0,0,0,2,2,False,True,ROCKSTAR
great image dear self,0,0,0,0,0,2,0,0,0,0,2,1,False,False,Great Image/Dear Self
pcx,0,0,0,0,0,0,0,2,0,0,2,1,False,False,PCX
kamiseta skin clinic,0,2,0,0,0,0,0,0,0,0,2,1,False,False,KAMISETA SKIN CLINIC
niu,0,0,0,0,0,0,0,2,0,0,2,1,False,False,NIU
kandila essentials,0,0,0,0,0,0,1,1,0,0,2,2,False,True,Kandila Essentials
lzm restaurant,0,2,0,0,0,0,0,0,0,0,2,1,False,False,LZM RESTAURANT
pcso lotto outlet,0,0,0,0,0,0,2,0,0,0,2,1,False,False,PCSO LOTTO OUTLET
royal indian curry house,0,0,0,0,1,0,0,1,0,0,2,2,False,True,Royal Indian Curry House
gadget station,0,0,0,0,0,0,2,0,0,0,2,1,False,False,Gadget Station
gadget shield,0,0,0,0,0,0,0,2,0,0,2,1,False,False,GADGET SHIELD
kaon ta,0,0,0,0,0,0,2,0,0,0,2,1,False,False,Kaon Ta
royal time legacy,0,0,0,0,0,0,0,2,0,0,2,1,False,False,ROYAL TIME LEGACY
gadget plus,0,0,0,0,0,0,1,1,0,0,2,2,False,True,Gadget Plus
gadget phonecare,0,0,0,0,0,0,0,1,0,1,2,2,False,True,GADGET PHONECARE
gadget multiverse,0,0,0,0,0,0,0,2,0,0,2,1,False,False,GADGET MULTIVERSE
pc square,0,0,0,0,0,0,0,2,0,0,2,1,False,False,PC SQUARE
no 1 malatang,0,0,0,0,0,1,1,0,0,0,2,2,False,True,No.1 Malatang
mr bingsu,0,0,0,0,0,0,0,1,0,1,2,2,False,True,MR BINGSU
kape sur,0,0,0,0,1,0,0,1,0,0,2,2,False,True,Kape Sur
pc quickbuys,0,0,0,0,0,0,0,2,0,0,2,1,False,False,PC QUICKBUYS
kare,0,0,0,0,0,0,1,1,0,0,2,2,False,True,KARE 9989557029
lyfe bowls,0,0,0,0,1,0,0,1,0,0,2,2,False,True,Lyfe Bowls
lydias lechon,0,0,0,0,0,0,0,2,0,0,2,1,False,False,LYDIAS LECHON
gadgetlab service center,0,0,0,0,0,0,0,2,0,0,2,1,False,False,GADGETLAB SERVICE CENTER
nitro 7 coffee,0,0,0,0,0,1,1,0,0,0,2,2,False,True,Nitro 7 Coffee
nineteen degrees,0,0,0,0,0,0,0,2,0,0,2,1,False,False,NINETEEN DEGREES
kamicos,0,0,0,0,0,1,1,0,0,0,2,2,False,True,Kamicos
rodness pasalubong,0,0,0,0,0,0,1,0,0,1,2,2,False,True,Rodness Pasalubong
nisce,0,0,0,0,0,0,2,0,0,0,2,1,False,False,NISCE
rolex lucerne,0,2,0,0,0,0,0,0,0,0,2,1,False,False,ROLEX-LUCERNE
gang gang chicken,0,0,0,0,0,0,1,1,0,0,2,2,False,True,GANG GANG CHICKEN
jv shop n shop,0,1,0,0,0,0,0,1,0,0,2,2,False,True,JV SHOP N’ SHOP
k company,0,0,0,0,0,0,0,2,0,0,2,1,False,False,K COMPANY
k egg,0,0,0,0,0,0,1,1,0,0,2,2,False,True,K-Egg
k pop optical,0,0,0,0,0,0,1,1,0,0,2,2,False,True,K-Pop Optical
nisce skin medispa,0,0,0,0,0,0,0,2,0,0,2,1,False,False,NISCE SKIN MEDISPA
pearls and gems,0,0,0,0,0,0,2,0,0,0,2,1,False,False,PEARLS AND GEMS
michelles putong ube,0,0,1,0,0,0,1,0,0,0,2,2,False,True,Michelle’s Putong Ube
gameplace mobile,0,0,0,0,0,0,0,2,0,0,2,1,False,False,GAMEPLACE MOBILE
gameone tech store,0,2,0,0,0,0,0,0,0,0,2,1,False,False,GAMEONE TECH STORE
microgadgets service center,0,0,0,0,0,0,0,2,0,0,2,1,False,False,MICROGADGETS SERVICE CENTER
m s money changer,0,0,0,0,0,0,2,0,0,0,2,1,False,False,M.S MONEY CHANGER 0917-658-6936
peak sports,1,1,0,0,0,0,0,0,0,0,2,2,False,True,Peak Sports
ronnie joe,0,0,0,0,0,0,0,2,0,0,2,1,False,False,RONNIE JOE
peak motors phils inc,0,0,0,0,0,0,0,2,0,0,2,1,False,False,PEAK MOTORS PHILS INC
galleria nicolas,0,2,0,0,0,0,0,0,0,0,2,1,False,False,GALLERIA NICOLAS
galleon enterprises,0,0,0,0,0,0,2,0,0,0,2,1,False,False,Galleon Enterprises
galerie joaquin,0,0,0,0,0,0,1,1,0,0,2,2,False,True,GALERIE JOAQUIN
mail plus,0,0,0,0,0,0,0,2,0,0,2,1,False,False,MAIL PLUS
jmc watch repair and key duplicate,0,0,0,0,0,0,0,2,0,0,2,1,False,False,JMC WATCH REPAIR AND KEY DUPLICATE
jlindeberg,0,0,0,0,0,0,0,2,0,0,2,1,False,False,JLINDEBERG
pks mobile,0,0,0,0,0,0,2,0,0,0,2,1,False,False,PKS Mobile
pizzulu,0,0,0,0,1,0,0,1,0,0,2,2,False,True,Pizzulu
pizza planet,0,0,0,0,0,1,0,1,0,0,2,2,False,True,Pizza Planet
j co donuts & coffee,0,0,0,0,0,0,2,0,0,0,2,1,False,False,J. CO DONUTS & COFFEE
golden press,0,0,0,0,0,0,0,2,0,0,2,1,False,False,GOLDEN PRESS
reloading station,0,0,0,0,0,0,2,0,0,0,2,1,False,False,Reloading Station
msa academic advancement institute,0,2,0,0,0,0,0,0,0,0,2,1,False,False,MSA ACADEMIC ADVANCEMENT INSTITUTE
j emmanuel pastries the house of pili,0,0,0,0,0,0,0,2,0,0,2,1,False,False,J EMMANUEL PASTRIES THE HOUSE OF PILI
j o lane watch store,0,0,0,0,0,0,0,0,0,2,2,1,False,False,J.O Lane Watch Store
golden glow traditional thai massage and,0,2,0,0,0,0,0,0,0,0,2,1,False,False,GOLDEN GLOW TRADITIONAL THAI MASSAGE AND
j tech,0,2,0,0,0,0,0,0,0,0,2,1,False,False,J-TECH
pios cotton candy,0,1,1,0,0,0,0,0,0,0,2,2,False,True,Pio’s Cotton Candy
pinoy siopao,0,0,0,0,0,0,1,1,0,0,2,2,False,True,Pinoy Siopao
pinkies box,0,0,0,0,0,0,2,0,0,0,2,1,False,False,PINKIES BOX
pink parlour prestige,0,0,0,0,1,0,0,1,0,0,2,2,False,True,Pink Parlour Prestige
remedy,0,1,0,0,1,0,0,0,0,0,2,2,False,True,REMEDY
remillys yema cake,0,0,0,0,0,0,0,2,0,0,2,1,False,False,REMILLYS YEMA CAKE
gold n diamond,0,0,0,0,0,0,1,1,0,0,2,2,False,True,Gold N Diamond
mandarin chinese drugstore,0,0,0,0,0,0,2,0,0,0,2,1,False,False,Mandarin Chinese Drugstore
memo xpress,0,0,0,0,0,0,2,0,0,0,2,1,False,False,Memo Xpress
gold creation jewelry center,0,0,0,0,0,0,0,2,0,0,2,1,False,False,GOLD CREATION JEWELRY CENTER
pink honey,1,0,0,0,0,0,1,0,0,0,2,2,False,True,Pink Honey
iwatch,0,0,0,0,0,0,2,0,0,0,2,1,False,False,IWATCH
its a small world kids play center,0,0,0,0,0,0,0,2,0,0,2,1,False,False,ITS A SMALL WORLD KIDS PLAY CENTER
gintell,0,0,0,0,0,0,1,1,0,0,2,2,False,True,GINTELL
mso music academy,0,2,0,0,0,0,0,0,0,0,2,1,False,False,MSO MUSIC ACADEMY
island souvenirs,0,1,0,0,0,0,1,0,0,0,2,2,False,True,ISLAND SOUVENIRS
red berry,0,0,0,0,0,0,2,0,0,0,2,1,False,False,Red Berry
red bowl noodles bbq,0,0,0,0,0,0,0,2,0,0,2,1,False,False,RED BOWL NOODLES BBQ
graphic gadgets,0,0,0,0,0,0,0,2,0,0,2,1,False,False,GRAPHIC GADGETS
grande maison,0,0,0,0,0,0,0,2,0,0,2,1,False,False,GRANDE MAISON
red dot collective,0,0,0,0,0,0,2,0,0,0,2,1,False,False,RED DOT COLLECTIVE
platinum karaoke,0,0,0,0,2,0,0,0,0,0,2,1,False,False,Platinum Karaoke
istudio,0,0,1,0,0,1,0,0,0,0,2,2,False,True,Istudio
megacare medical services,0,0,0,0,0,0,0,2,0,0,2,1,False,False,MEGACARE MEDICAL SERVICES
istyle mobile accessories,0,0,0,0,0,0,0,2,0,0,2,1,False,False,ISTYLE MOBILE ACCESSORIES
goto topps,0,2,0,0,0,0,0,0,0,0,2,1,False,False,GOTO TOPPS
red ribbon i,0,0,0,0,0,0,2,0,0,0,2,1,False,False,RED RIBBON I 8372-6719
planette mobile,0,0,0,0,0,0,1,1,0,0,2,2,False,True,Planette Mobile
itaewon,0,0,0,0,0,0,0,2,0,0,2,1,False,False,ITAEWON
megapixel,0,0,0,0,0,0,2,0,0,0,2,1,False,False,Megapixel
gorilla auto detail car wash,0,2,0,0,0,0,0,0,0,0,2,1,False,False,GORILLA AUTO DETAIL CAR WASH
natys lechon,0,1,0,0,0,0,0,1,0,0,2,2,False,True,NATY'S LECHON
reforma studio,0,1,0,0,1,0,0,0,0,0,2,2,False,True,REFORMA STUDIO
refresh,0,0,0,0,0,0,2,0,0,0,2,1,False,False,REFRESH
mugna leather arts,0,0,0,0,0,0,0,2,0,0,2,1,False,False,MUGNA LEATHER ARTS
gongcha,0,0,0,0,0,0,1,1,0,0,2,2,False,True,GONGCHA
memoexpress,0,0,0,0,0,1,1,0,0,0,2,2,False,True,Memoexpress
mandara spa,0,0,0,0,1,0,0,1,0,0,2,2,False,True,The Mandara Spa
mens room,0,0,0,0,0,1,0,1,0,0,2,2,False,True,The Mens Room
nba store,0,0,0,0,0,1,0,1,0,0,2,2,False,True,NBA Store
photoline pro,0,0,0,0,0,0,0,2,0,0,2,1,False,False,PHOTOLINE PRO
jelly g,0,2,0,0,0,0,0,0,0,0,2,1,False,False,JELLY G
jems barber salon,0,0,0,0,0,0,2,0,0,0,2,1,False,False,Jem's Barber Salon
phonix,1,0,0,0,0,0,1,0,0,0,2,2,False,True,Phonix
rg optical,0,0,0,0,0,0,1,1,0,0,2,2,False,True,RG Optical
glass pp cellphone accessories,0,0,0,0,0,0,0,2,0,0,2,1,False,False,GLASS PP CELLPHONE ACCESSORIES
phone center,0,0,1,0,0,0,1,0,0,0,2,2,False,True,Phone Center
phone care,0,0,0,0,0,0,0,0,0,2,2,1,False,False,Phone Care
mala house,0,0,0,0,0,0,1,1,0,0,2,2,False,True,MALA HOUSE
pho hoa my thai,0,0,1,0,0,0,0,1,0,0,2,2,False,True,Pho Hoa / My Thai
giz hub,0,0,0,0,0,0,0,2,0,0,2,1,False,False,GIZ HUB
giwa korean grill dine,0,0,0,0,0,0,0,2,0,0,2,1,False,False,GIWA KOREAN GRILL DINE
metro department store,0,2,0,0,0,0,0,0,0,0,2,1,False,False,METRO DEPARTMENT STORE
metro department store & supermarket,0,2,0,0,0,0,0,0,0,0,2,1,False,False,METRO DEPARTMENT STORE & SUPERMARKET
new bombay,0,1,0,0,0,0,1,0,0,0,2,2,False,True,NEW BOMBAY
giordano ladies,0,0,0,0,1,0,0,1,0,0,2,2,False,True,Giordano Ladies
philsys,0,0,0,0,0,0,2,0,0,0,2,1,False,False,Philsys (TEMPORARILY CLOSED)
jin joo korean grill,0,1,0,0,1,0,0,0,0,0,2,2,False,True,JIN JOO KOREAN GRILL
metro gaisano,0,0,0,0,2,0,0,0,0,0,2,1,False,False,Metro Gaisano
gioielli,0,0,0,0,0,0,0,2,0,0,2,1,False,False,GIOIELLI
philippine national bank,0,0,0,0,0,0,1,0,1,0,2,2,False,True,PHILIPPINE NATIONAL BANK
gloria maris,0,0,0,0,1,1,0,0,0,0,2,2,False,True,Gloria Maris
jd bakeshop,0,0,0,0,0,0,2,0,0,0,2,1,False,False,JD Bakeshop
glorys ilocos empanada,0,0,0,0,0,0,0,2,0,0,2,1,False,False,GLORY'S ILOCOS EMPANADA
gnc,0,0,0,0,0,0,2,0,0,0,2,1,False,False,GNC
repair master gadget center,0,0,0,0,0,0,0,2,0,0,2,1,False,False,REPAIR MASTER GADGET CENTER
go salads,0,0,0,0,2,0,0,0,0,0,2,1,False,False,Go Salads
meralco,0,2,0,0,0,0,0,0,0,0,2,1,False,False,MERALCO
go lokal,0,0,1,0,0,0,1,0,0,0,2,2,False,True,Go Lokal
japan homes,0,0,0,0,0,0,2,0,0,0,2,1,False,False,Japan Homes
japan homes centre,0,0,0,0,0,0,2,0,0,0,2,1,False,False,Japan Homes Centre
man barbers,0,0,0,0,0,0,2,0,0,0,2,1,False,False,Man Barbers
pie express,0,0,1,0,0,0,0,1,0,0,2,2,False,True,Pie Express
jaslime,0,0,0,0,0,0,0,2,0,0,2,1,False,False,JASLIME
jay js inasal & restaurant,0,0,0,0,0,0,0,0,2,0,2,1,False,False,JAY-J'S INASAL & RESTAURANT
jcs music,0,0,0,0,0,0,2,0,0,0,2,1,False,False,JCS Music
retrosweets,0,2,0,0,0,0,0,0,0,0,2,1,False,False,RETROSWEETS
picole,0,0,0,0,0,0,1,1,0,0,2,2,False,True,Picole 0966 142 6389
mama empanada,0,0,0,0,0,0,2,0,0,0,2,1,False,False,MAMA EMPANADA
nesh fashion,0,1,0,0,0,1,0,0,0,0,2,2,False,True,NESH FASHION
mall ocean train,0,0,0,0,0,0,2,0,0,0,2,1,False,False,MALL OCEAN TRAIN
reviva luxury garment care,0,0,0,0,0,0,1,1,0,0,2,2,False,True,REVIVA LUXURY GARMENT CARE
jbl acoustical space,0,0,0,0,0,0,0,2,0,0,2,1,False,False,JBL ACOUSTICAL SPACE
jbl dare to listen,0,0,0,0,0,0,0,2,0,0,2,1,False,False,JBL DARE TO LISTEN
jbl store,0,0,0,0,0,0,2,0,0,0,2,1,False,False,JBL STORE
gemline,0,0,0,0,0,0,0,2,0,0,2,1,False,False,GEMLINE
lavie,0,0,0,0,0,0,0,2,0,0,2,1,False,False,LAVIE
starbike,0,0,1,0,0,0,0,1,0,0,2,2,False,True,Starbike
crystal vu optical,0,0,0,0,0,0,0,0,0,2,2,1,False,False,Crystal Vu Optical
crustasia,0,0,0,0,2,0,0,0,0,0,2,1,False,False,Crustasia
vipro,0,0,0,0,0,0,0,2,0,0,2,1,False,False,VIPRO
crunch boneless fried chicken,0,0,0,0,0,0,0,2,0,0,2,1,False,False,THE CRUNCH BONELESS FRIED CHICKEN
crown park restaurant,0,0,0,0,0,0,1,1,0,0,2,2,False,True,Crown Park Restaurant
avo bravo,0,0,0,0,0,0,0,2,0,0,2,1,False,False,AVO BRAVO
crescendo,0,0,0,0,0,0,0,2,0,0,2,1,False,False,CRESCENDO
starkey locksmith & watch repair,0,2,0,0,0,0,0,0,0,0,2,1,False,False,STARKEY LOCKSMITH & WATCH REPAIR
avon,1,0,0,0,0,0,1,0,0,0,2,2,False,True,Avon
cre8 salon premier,0,0,0,0,0,0,0,2,0,0,2,1,False,False,CRE8 SALON PREMIER
cre8 salon,0,1,0,0,0,0,1,0,0,0,2,2,False,True,CRE8 SALON
crazy curry,0,0,0,0,0,0,1,1,0,0,2,2,False,True,CRAZY CURRY
azb88 driving school,0,0,0,0,0,0,1,1,0,0,2,2,False,True,AZB88 Driving School
steak station,0,0,0,1,1,0,0,0,0,0,2,2,False,True,STEAK STATION
crate barrel,0,0,0,0,0,0,0,2,0,0,2,1,False,False,CRATE BARREL
craft coffee revolution,0,0,0,0,0,0,0,2,0,0,2,1,False,False,CRAFT COFFEE REVOLUTION
b braun dialysis center,0,0,1,0,1,0,0,0,0,0,2,2,False,True,B.braun Dialysis Center
stephens party depot,0,0,0,0,0,0,0,2,0,0,2,1,False,False,STEPHENS PARTY DEPOT
via venetto,0,1,0,0,0,0,0,1,0,0,2,2,False,True,VIA VENETTO
cotton on kids,0,1,0,0,0,0,1,0,0,0,2,2,False,True,COTTON ON KIDS
baan khun thai,0,0,0,0,1,0,0,1,0,0,2,2,False,True,Baan Khun Thai
cosmolash salon,0,0,0,0,0,0,0,2,0,0,2,1,False,False,COSMOLASH SALON
corrsys kitchen,0,0,0,0,0,0,0,2,0,0,2,1,False,False,CORRSYS KITCHEN
stop n smile dental clinic,0,0,0,0,0,0,0,2,0,0,2,1,False,False,STOP N SMILE DENTAL CLINIC
aurum,0,1,0,0,0,0,1,0,0,0,2,2,False,True,AURUM
csl cut shave lounge,0,0,0,0,0,0,0,2,0,0,2,1,False,False,CSL CUT SHAVE LOUNGE
vente,1,0,0,1,0,0,0,0,0,0,2,2,False,True,Vente
ct zone,0,0,0,0,0,0,0,2,0,0,2,1,False,False,CT ZONE
vpharma,0,0,0,0,0,0,1,1,0,0,2,2,False,True,VPHARMA
asina mart,0,2,0,0,0,0,0,0,0,0,2,1,False,False,ASINA MART
cyma,0,0,0,0,1,0,1,0,0,0,2,2,False,True,Cyma
squeezy lemon,0,0,0,1,0,0,0,1,0,0,2,2,False,True,Squeezy Lemon
cyberwidget,0,0,0,0,0,0,0,2,0,0,2,1,False,False,CYBERWIDGET
assi fresh,0,0,0,0,2,0,0,0,0,0,2,1,False,False,Assi Fresh
cybertech gaming,0,0,0,0,0,0,0,2,0,0,2,1,False,False,CYBERTECH GAMING
cyber center,0,0,0,0,0,0,0,2,0,0,2,1,False,False,CYBER CENTER
atc massage chair,0,0,0,0,0,0,2,0,0,0,2,1,False,False,ATC Massage Chair
srixon,0,0,0,0,0,2,0,0,0,0,2,1,False,False,Srixon
cv cebu,0,0,0,0,0,0,0,2,0,0,2,1,False,False,CV CEBU
cutting edge,0,2,0,0,0,0,0,0,0,0,2,1,False,False,CUTTING EDGE
viva massage center,0,1,0,0,0,0,0,1,0,0,2,2,False,True,VIVA MASSAGE CENTER
cuts for tots,0,0,0,0,2,0,0,0,0,0,2,1,False,False,Cuts For Tots
vitos bbq,0,0,0,0,1,0,0,1,0,0,2,2,False,True,Vito's BBQ
vitor tours and travel,0,0,0,0,0,0,0,2,0,0,2,1,False,False,VITOR TOURS AND TRAVEL
athletes foot,0,1,0,0,0,0,1,0,0,0,2,2,False,True,THE ATHLETE'S FOOT
atoms philippines specialties,0,0,0,0,0,0,0,0,0,2,2,1,False,False,Atom's Philippines Specialties
cupi,0,0,0,0,1,1,0,0,0,0,2,2,False,True,Cupi
st jude optical clinic,0,1,0,0,0,0,1,0,0,0,2,2,False,True,ST. JUDE OPTICAL CLINIC
augustus,0,0,0,0,0,0,2,0,0,0,2,1,False,False,Augustus
aula,0,0,0,0,0,0,0,2,0,0,2,1,False,False,AULA
aurea pearls,0,1,0,0,0,1,0,0,0,0,2,2,False,True,AUREA PEARLS
storage corner,0,0,0,0,0,0,0,2,0,0,2,1,False,False,STORAGE CORNER
venofye,0,0,0,0,0,0,0,2,0,0,2,1,False,False,VENOFYE
cleanbean laundry and lounge,0,0,0,0,0,0,0,2,0,0,2,1,False,False,CLEANBEAN LAUNDRY AND LOUNGE
suellas the shoe laundry,0,0,0,0,0,0,0,2,0,0,2,1,False,False,SUELLAS THE SHOE LAUNDRY
balayong bakery,0,0,0,0,0,0,1,1,0,0,2,2,False,True,Balayong Bakery
coffee spot,0,1,0,0,0,0,1,0,0,0,2,2,False,True,COFFEE SPOT
balikatan massage clinic,0,2,0,0,0,0,0,0,0,0,2,1,False,False,BALIKATAN MASSAGE CLINIC
coffee overdose,0,0,0,0,0,0,1,1,0,0,2,2,False,True,Coffee Overdose
sugbahan,0,0,0,0,0,0,2,0,0,0,2,1,False,False,SUGBAHAN 0943-802-4476
coffee drop,0,0,0,0,1,0,1,0,0,0,2,2,False,True,Coffee Drop
coffee dream plus,0,1,0,0,0,0,1,0,0,0,2,2,False,True,COFFEE DREAM PLUS
coffee corner,0,0,0,0,0,0,2,0,0,0,2,1,False,False,Coffee Corner
sumosam,0,1,0,0,0,0,1,0,0,0,2,2,False,True,SUMOSAM
cocoichibanya,0,0,0,0,0,2,0,0,0,0,2,1,False,False,Cocoichibanya
v,0,1,0,0,0,0,0,1,0,0,2,2,False,True,V!
clydes breads & pastries,0,0,1,0,0,0,1,0,0,0,2,2,False,True,Clyde’s Breads & Pastries
uy dental clinic,0,0,0,0,0,0,1,1,0,0,2,2,False,True,Uy Dental Clinic
sunnies cafe,0,1,0,0,0,0,0,1,0,0,2,2,False,True,SUNNIES CAFE
uv care,0,0,0,0,0,0,1,1,0,0,2,2,False,True,UV Care
club synergy,0,0,0,0,0,0,0,2,0,0,2,1,False,False,CLUB SYNERGY
usams,0,0,0,0,0,0,1,1,0,0,2,2,False,True,USAMS
sunnies studio,0,0,0,0,0,0,2,0,0,0,2,1,False,False,SUNNIES STUDIO
clinica manila,0,0,0,0,0,0,0,2,0,0,2,1,False,False,CLINICA MANILA
barcino wine resto bar,0,0,0,0,0,0,0,2,0,0,2,1,False,False,BARCINO WINE RESTO BAR
sunny smiles station dental clinic,0,0,0,0,0,0,0,2,0,0,2,1,False,False,SUNNY SMILES STATION DENTAL CLINIC
sunrays money exchange,0,1,0,0,0,0,1,0,0,0,2,2,False,True,SUNRAY'S MONEY EXCHANGE
sunspell,0,0,0,0,0,1,1,0,0,0,2,2,False,True,Sunspell
balay ilocos,0,0,0,0,0,0,0,2,0,0,2,1,False,False,BALAY ILOCOS
suds laundry & dry cleaning services,0,2,0,0,0,0,0,0,0,0,2,1,False,False,SUDS LAUNDRY & DRY CLEANING SERVICES
coopers coffee haus,0,2,0,0,0,0,0,0,0,0,2,1,False,False,COOPER'S COFFEE HAUS
vanguard,0,0,0,0,0,0,0,2,0,0,2,1,False,False,VANGUARD
bag o shrimps,0,0,0,0,1,0,0,1,0,0,2,2,False,True,Bag O' Shrimps
stride & stroke,0,2,0,0,0,0,0,0,0,0,2,1,False,False,STRIDE & STROKE
contis bakeshop,0,0,0,1,0,0,1,0,0,0,2,2,False,True,Contis Bakeshop
strip & browhaus,0,2,0,0,0,0,0,0,0,0,2,1,False,False,STRIP & BROWHAUS
consumer welfare desk,0,0,0,0,0,0,0,2,0,0,2,1,False,False,CONSUMER WELFARE DESK
strip ministry of waxing,0,0,0,0,0,0,0,2,0,0,2,1,False,False,STRIP MINISTRY OF WAXING
cong caphe,0,0,0,0,1,0,1,0,0,0,2,2,False,True,Cong Caphe
studio ceremonie,0,0,0,0,0,0,1,1,0,0,2,2,False,True,STUDIO CEREMONIE
concept computer,0,0,0,0,0,0,1,1,0,0,2,2,False,True,Concept Computer
bake my day,0,0,0,0,0,0,0,0,2,0,2,1,False,False,BAKE MY DAY
studiomatic,0,0,0,0,2,0,0,0,0,0,2,1,False,False,Studiomatic
compuware computer center,0,0,0,0,0,0,0,2,0,0,2,1,False,False,COMPUWARE COMPUTER CENTER
bakebe,0,0,0,0,0,0,0,2,0,0,2,1,False,False,BAKEBE
commonwealth,0,1,0,0,0,0,0,1,0,0,2,2,False,True,COMMONWEALTH
common ground,0,2,0,0,0,0,0,0,0,0,2,1,False,False,COMMON GROUND
stylash,0,0,0,1,0,0,1,0,0,0,2,2,False,True,Stylash
baked puff ph,0,0,0,0,0,0,0,2,0,0,2,1,False,False,BAKED PUFF PH
colours digital foto,0,2,0,0,0,0,0,0,0,0,2,1,False,False,COLOURS DIGITAL FOTO
vanity k,0,0,0,0,0,0,0,2,0,0,2,1,False,False,VANITY K
vanilla softi,0,0,0,0,0,0,0,1,0,1,2,2,False,True,VANILLA SOFTI
color bar,0,0,0,0,1,1,0,0,0,0,2,2,False,True,The Color Bar
subscribers place,0,0,0,0,0,0,1,0,0,1,2,2,False,True,Subscriber's Place
coleman,0,0,0,0,0,0,1,1,0,0,2,2,False,True,Coleman
asian eye institute,0,1,0,0,0,0,0,1,0,0,2,2,False,True,ASIAN EYE INSTITUTE
d kapitan sisig,0,1,0,0,0,0,0,1,0,0,2,2,False,True,‘D KAPITAN SISIG
spud diner,0,0,0,0,0,0,0,2,0,0,2,1,False,False,THE SPUD DINER
amave,0,0,0,0,0,0,0,2,0,0,2,1,False,False,AMAVE
smiles at 34th dental clinic,0,0,0,0,0,0,0,2,0,0,2,1,False,False,SMILES AT 34TH DENTAL CLINIC
american bazaar,0,1,0,0,0,0,0,0,0,1,2,2,False,True,AMERICAN BAZAAR
wonder nails,0,0,0,0,0,0,0,2,0,0,2,1,False,False,WONDER NAILS
american ribs and wings,0,0,0,0,0,0,0,2,0,0,2,1,False,False,AMERICAN RIBS AND WINGS
woffys fun express,0,0,0,0,0,0,2,0,0,0,2,1,False,False,Woffy's Fun Express
sneaker kyler,0,0,0,0,1,0,0,1,0,0,2,2,False,True,Sneaker Kyler
wk design,0,1,0,0,0,0,0,1,0,0,2,2,False,True,WK DESIGN
snooze,1,0,0,0,0,0,1,0,0,0,2,2,False,True,Snooze
wiwu,0,0,0,0,0,0,0,2,0,0,2,1,False,False,WIWU
snoq,0,0,0,0,0,0,0,2,0,0,2,1,False,False,SNOQ
snowplus,0,0,0,0,0,0,2,0,0,0,2,1,False,False,Snowplus
snowpy,0,0,0,0,0,0,2,0,0,0,2,1,False,False,Snowpy
dermorepubliq,0,0,0,0,0,0,0,2,0,0,2,1,False,False,DERMOREPUBLIQ
snowpy ice cream,0,0,0,0,0,0,2,0,0,0,2,1,False,False,SNOWPY ICE CREAM
soban,0,2,0,0,0,0,0,0,0,0,2,1,False,False,SOBAN
wingers unlimited,0,1,0,0,0,0,1,0,0,0,2,2,False,True,WINGERS UNLIMITED
social security system,0,1,0,0,0,0,1,0,0,0,2,2,False,True,SOCIAL SECURITY SYSTEM
social security system (sss),0,0,0,0,0,0,2,0,0,0,2,1,False,False,Social Security System (SSS)
deovir,0,0,0,0,0,0,0,2,0,0,2,1,False,False,DEOVIR
wild flour,0,0,0,0,0,1,0,1,0,0,2,2,False,True,Wild Flour
dentxp dental clinic,0,0,0,0,0,0,0,2,0,0,2,1,False,False,DENTXP DENTAL CLINIC
wiijump trampoline park,0,0,1,0,1,0,0,0,0,0,2,2,False,True,Wiijump Trampoline Park
dentista nina juan,0,0,0,0,0,0,0,2,0,0,2,1,False,False,DENTISTA NINA JUAN
amazfit,0,0,0,0,0,0,0,2,0,0,2,1,False,False,AMAZFIT
smile designs,0,0,0,0,0,0,0,2,0,0,2,1,False,False,SMILE DESIGNS
w express,0,0,0,0,0,0,2,0,0,0,2,1,False,False,W Express
digi store,0,0,0,0,0,0,2,0,0,0,2,1,False,False,DIGI-STORE
sledgers,0,1,0,0,0,0,0,1,0,0,2,2,False,True,SLEDGERS
slimmers world,0,1,1,0,0,0,0,0,0,0,2,2,False,True,SLIMMERS WORLD
allhome,0,0,0,0,0,0,0,0,2,0,2,1,False,False,ALLHOME
sm consumer welfare desk,0,0,0,0,0,0,0,2,0,0,2,1,False,False,SM CONSUMER WELFARE DESK
allsports,0,0,0,0,0,0,0,0,2,0,2,1,False,False,ALLSPORTS
sm development corporation,0,0,0,0,0,0,0,2,0,0,2,1,False,False,SM DEVELOPMENT CORPORATION
dj jewelry shop,0,0,0,0,0,0,2,0,0,0,2,1,False,False,DJ JEWELRY SHOP
alot barbero lokal,0,0,0,0,0,0,1,1,0,0,2,2,False,True,ALOT BARBERO LOKAL
dito,0,0,0,0,0,0,2,0,0,0,2,1,False,False,DITO
disneyworld travel & tours,0,0,0,0,0,0,0,0,0,2,2,1,False,False,DISNEYWORLD TRAVEL & TOURS
smart suite,0,0,0,0,0,0,0,2,0,0,2,1,False,False,SMART SUITE
dino paradise,0,0,0,0,0,0,2,0,0,0,2,1,False,False,Dino Paradise
wow mobile center,0,0,0,0,0,0,1,1,0,0,2,2,False,True,Wow Mobile Center
smashing lemons lam heung ling,0,0,0,0,0,0,0,2,0,0,2,1,False,False,SMASHING LEMONS LAM HEUNG LING
ding how,0,1,0,0,0,0,1,0,0,0,2,2,False,True,DING HOW
dimsum frito,0,0,0,0,0,0,0,2,0,0,2,1,False,False,DIMSUM FRITO
dimensione,0,1,0,0,0,0,0,1,0,0,2,2,False,True,DIMENSIONE
smdc showroom,0,0,0,0,0,0,0,2,0,0,2,1,False,False,SMDC SHOWROOM
digital tunnel,0,0,0,0,0,0,0,2,0,0,2,1,False,False,DIGITAL TUNNEL
digilock,0,1,0,0,0,0,0,1,0,0,2,2,False,True,DIGILOCK
workstation,0,2,0,0,0,0,0,0,0,0,2,1,False,False,WORKSTATION
amara shia jewelry,0,0,0,0,0,0,0,2,0,0,2,1,False,False,AMARA SHIA JEWELRY
amare la cucina,0,1,0,0,0,0,0,1,0,0,2,2,False,True,AMARE LA CUCINA
animal wellness,0,0,0,0,1,0,1,0,0,0,2,2,False,True,Animal Wellness
soi,0,0,0,0,0,0,0,2,0,0,2,1,False,False,SOI
dental world manila,0,0,0,0,0,0,0,2,0,0,2,1,False,False,DENTAL WORLD MANILA
white drip,0,0,0,0,0,0,0,2,0,0,2,1,False,False,THE WHITE DRIP
aqua smartguard,0,0,0,0,0,0,0,2,0,0,2,1,False,False,AQUA SMARTGUARD
aquaflask kids,0,0,1,0,0,0,1,0,0,0,2,2,False,True,Aquaflask Kids
aquazorb,0,0,0,0,0,0,1,1,0,0,2,2,False,True,Aquazorb
spa riviera,0,0,0,0,1,0,0,1,0,0,2,2,False,True,Spa Riviera
spa signature,0,0,0,0,0,0,0,2,0,0,2,1,False,False,SPA SIGNATURE
aranaz,0,1,0,0,0,0,1,0,0,0,2,2,False,True,ARANAZ
ari beauty spa,0,0,0,0,0,0,0,2,0,0,2,1,False,False,ARI BEAUTY SPA
ari nails and spa,0,0,0,0,0,0,0,2,0,0,2,1,False,False,ARI NAILS AND SPA
armani exchange,0,2,0,0,0,0,0,0,0,0,2,1,False,False,ARMANI EXCHANGE
wat pho thai massage,0,0,1,0,0,0,0,1,0,0,2,2,False,True,Wat Pho Thai Massage
washington,0,0,0,0,0,0,0,2,0,0,2,1,False,False,WASHINGTON
wash up laundry,0,0,0,0,0,0,2,0,0,0,2,1,False,False,Wash Up Laundry
art 68 coffee corner,0,0,0,0,0,0,0,2,0,0,2,1,False,False,ART 68 COFFEE CORNER
artisan emporium,0,0,0,0,0,1,0,1,0,0,2,2,False,True,Artisan Emporium
dalmore,0,0,0,0,2,0,0,0,0,0,2,1,False,False,The Dalmore
arya,0,0,0,0,0,1,1,0,0,0,2,2,False,True,Arya
as lemonade station,0,0,0,0,0,0,1,1,0,0,2,2,False,True,AS LEMONADE STATION
daily detox,0,0,0,0,0,0,0,2,0,0,2,1,False,False,THE DAILY DETOX
ash letrato,0,0,0,0,0,0,2,0,0,0,2,1,False,False,Ash Letrato
sports outlet,0,0,0,0,0,0,0,0,0,2,2,1,False,False,Sports Outlet
sports zone,0,0,0,0,0,0,2,0,0,0,2,1,False,False,SPORTS ZONE
waffle 101,0,0,1,0,0,0,0,1,0,0,2,2,False,True,Waffle 101
spruce,0,0,0,0,0,0,2,0,0,0,2,1,False,False,Spruce
dd store,0,0,0,0,0,0,0,2,0,0,2,1,False,False,DD STORE
aqua best,0,0,0,0,2,0,0,0,0,0,2,1,False,False,Aqua Best
de navelte,0,0,0,0,0,0,0,0,0,2,2,1,False,False,DE NAVELTE
sophia jewellry,0,0,0,0,0,0,2,0,0,0,2,1,False,False,SOPHIA JEWELLRY
annie young,0,0,0,0,0,0,2,0,0,0,2,1,False,False,ANNIE YOUNG
dental lounge,0,0,0,0,0,0,0,2,0,0,2,1,False,False,THE DENTAL LOUNGE
anta basketball,0,0,0,0,0,0,1,1,0,0,2,2,False,True,ANTA BASKETBALL
dental breath therapy clinic,0,0,0,0,0,0,0,2,0,0,2,1,False,False,DENTAL BREATH THERAPY CLINIC
antro,0,2,0,0,0,0,0,0,0,0,2,1,False,False,ANTRO
anything creation,0,0,0,0,0,0,0,2,0,0,2,1,False,False,ANYTHING CREATION
wellness plus,0,1,0,0,0,0,1,0,0,0,2,2,False,True,WELLNESS PLUS
denta care,0,0,0,0,2,0,0,0,0,0,2,1,False,False,Denta Care
denimhub,0,0,0,0,0,0,2,0,0,0,2,1,False,False,DENIMHUB
dencios kamayan,0,0,0,0,0,0,0,2,0,0,2,1,False,False,DENCIOS KAMAYAN
delos reyes optical,0,1,0,0,0,0,0,1,0,0,2,2,False,True,DELOS REYES OPTICAL
southern sky travel and tours,0,0,0,0,0,0,1,1,0,0,2,2,False,True,Southern Sky Travel and Tours
wellcare,0,0,0,0,0,0,0,0,0,2,2,1,False,False,Wellcare
well point medical clinic and diagnostic center,0,0,0,0,0,0,0,2,0,0,2,1,False,False,WELL POINT MEDICAL CLINIC AND DIAGNOSTIC CENTER
delco computer installation,0,0,0,0,0,0,0,0,0,2,2,1,False,False,Delco Computer Installation
aperitif cafe,0,0,0,0,2,0,0,0,0,0,2,1,False,False,Aperitif Cafe
del mundo eye clinic,0,2,0,0,0,0,0,0,0,0,2,1,False,False,DEL MUNDO EYE CLINIC
wealthbank,0,1,0,0,1,0,0,0,0,0,2,2,False,True,WEALTHBANK
appe thai zing,0,0,0,0,0,0,0,2,0,0,2,1,False,False,APPE THAI-ZING
apple & eve,0,1,0,0,0,0,0,1,0,0,2,2,False,True,APPLE & EVE
decor,0,1,0,0,0,0,0,1,0,0,2,2,False,True,DECOR
dear self self portrait studio,0,0,0,0,0,0,0,2,0,0,2,1,False,False,DEAR SELF SELF PORTRAIT STUDIO
urban roots,0,0,0,0,0,0,1,1,0,0,2,2,False,True,Urban Roots
clci cinemas,0,2,0,0,0,0,0,0,0,0,2,1,False,False,CLCI CINEMAS
x doria,0,0,0,0,0,0,0,2,0,0,2,1,False,False,X-DORIA
blk lifestyle & fashion boutique,0,0,0,0,2,0,0,0,0,0,2,1,False,False,BLK Lifestyle & Fashion Boutique
tenya,0,0,0,0,0,0,0,2,0,0,2,1,False,False,TENYA
blu nektar,0,0,0,0,0,0,0,2,0,0,2,1,False,False,BLU NEKTAR
blue lite,0,1,0,0,0,0,1,0,0,0,2,2,False,True,BLUE LITE
teppanya bar resto,0,0,0,0,0,0,0,2,0,0,2,1,False,False,TEPPANYA BAR RESTO
treat street cafe,0,2,0,0,0,0,0,0,0,0,2,1,False,False,TREAT STREET CAFE
blushing beauty,0,1,0,0,0,0,0,1,0,0,2,2,False,True,BLUSHING BEAUTY
tesda,0,0,0,0,0,0,2,0,0,0,2,1,False,False,TESDA
caps things,0,0,0,0,0,0,0,2,0,0,2,1,False,False,CAPS THINGS
caps & things,1,0,0,0,0,0,1,0,0,0,2,2,False,True,Caps & Things
travel pros,0,0,0,0,0,0,0,2,0,0,2,1,False,False,TRAVEL PROS
candyup cotton candy,0,0,0,0,0,0,0,2,0,0,2,1,False,False,CANDYUP COTTON CANDY
bodytech,0,0,0,0,0,0,2,0,0,0,2,1,False,False,Bodytech
boho dreams handcrafts,0,0,0,0,0,0,0,2,0,0,2,1,False,False,BOHO DREAMS HANDCRAFTS
tex mex,0,0,0,0,0,0,0,2,0,0,2,1,False,False,TEX MEX
candy castle,0,0,0,0,0,0,2,0,0,0,2,1,False,False,Candy Castle
bom gosto,0,0,0,0,1,0,0,1,0,0,2,2,False,True,Bom Gosto!
tff,0,0,0,0,0,0,2,0,0,0,2,1,False,False,TFF
bon banhmi,0,0,0,0,0,0,0,2,0,0,2,1,False,False,BON BANHMI
thai bbq,0,0,0,0,0,2,0,0,0,0,2,1,False,False,Thai BBQ
thaiwadee,0,0,0,0,0,0,1,1,0,0,2,2,False,True,THAIWADEE
traffic footwear,0,0,0,0,0,0,0,2,0,0,2,1,False,False,TRAFFIC FOOTWEAR
california nails & day spa,0,2,0,0,0,0,0,0,0,0,2,1,False,False,CALIFORNIA NAILS & DAY SPA
bong bongs,0,1,0,0,0,0,1,0,0,0,2,2,False,True,BONG BONGS
teng roma,0,0,1,0,0,0,0,1,0,0,2,2,False,True,Teng Roma
carry cellshop and accessories,0,0,0,0,0,0,0,0,0,2,2,1,False,False,Carry Cellshop And Accessories
bongbongs pasalubong,0,0,0,0,0,0,2,0,0,0,2,1,False,False,Bongbong's Pasalubong
cartel,0,0,0,0,1,0,1,0,0,0,2,2,False,True,Cartel
techlife by realme,0,0,0,0,0,0,0,2,0,0,2,1,False,False,TECHLIFE BY REALME
bingo republic,0,0,0,0,0,0,2,0,0,0,2,1,False,False,Bingo Republic
bioderma,0,0,0,0,0,0,0,2,0,0,2,1,False,False,BIODERMA
techno planet,0,0,0,0,0,0,0,2,0,0,2,1,False,False,TECHNO PLANET
ccaf gadget repair shop,0,0,0,0,0,0,0,2,0,0,2,1,False,False,CCAF GADGET REPAIR SHOP
tsokolateria,0,0,0,0,0,1,0,1,0,0,2,2,False,True,Tsokolateria
ccaf,0,0,0,0,0,0,0,0,0,2,2,1,False,False,CCAF
bistro charlemagne,0,2,0,0,0,0,0,0,0,0,2,1,False,False,BISTRO CHARLEMAGNE
bistro ocean city,0,0,0,0,1,0,0,1,0,0,2,2,False,True,Bistro Ocean City
bistro rosarios cake out counter,0,0,0,0,0,0,0,2,0,0,2,1,False,False,BISTRO ROSARIOS CAKE-OUT COUNTER
true vision,0,2,0,0,0,0,0,0,0,0,2,1,False,False,TRUE VISION
true religion,0,0,0,0,1,0,0,1,0,0,2,2,False,True,True Religion
tekpone,0,0,0,0,0,0,0,2,0,0,2,1,False,False,TEKPONE
tela fabrica,0,0,0,0,0,0,0,2,0,0,2,1,False,False,TELA FABRICA
black canyon coffee,0,2,0,0,0,0,0,0,0,0,2,1,False,False,BLACK CANYON COFFEE
black crust pizza co,0,0,0,0,0,0,0,2,0,0,2,1,False,False,BLACK CRUST PIZZA CO
casa verde,0,1,0,0,0,0,0,1,0,0,2,2,False,True,CASA VERDE
trollbeads,0,1,0,0,0,0,1,0,0,0,2,2,False,True,TROLLBEADS
tripologie,1,0,0,0,1,0,0,0,0,0,2,2,False,True,Tripologie
casa daza empanada,0,1,0,0,0,0,1,0,0,0,2,2,False,True,CASA DAZA EMPANADA
casa daza by chef sandy,0,1,0,0,0,0,1,0,0,0,2,2,False,True,CASA DAZA BY CHEF SANDY
blessings copy center bookbinding services,0,0,0,0,0,0,0,2,0,0,2,1,False,False,BLESSINGS COPY CENTER BOOKBINDING SERVICES
blissful bali spa and aesthetic center,0,0,0,0,0,0,0,2,0,0,2,1,False,False,BLISSFUL BALI SPA AND AESTHETIC CENTER
thinkingtoolsmall,0,0,0,0,0,0,0,2,0,0,2,1,False,False,THINKINGTOOLSMALL
toyota,0,0,0,0,0,0,0,2,0,0,2,1,False,False,TOYOTA
urban revivo,0,2,0,0,0,0,0,0,0,0,2,1,False,False,URBAN REVIVO
titanium mobile,0,0,0,0,0,0,0,2,0,0,2,1,False,False,TITANIUM MOBILE
bulgogi brothers,0,0,0,0,1,0,0,1,0,0,2,2,False,True,Bulgogi Brothers
bukoman refreshment zone,0,0,0,0,0,0,0,2,0,0,2,1,False,False,BUKOMAN REFRESHMENT ZONE
brickyard lils hobby center,0,2,0,0,0,0,0,0,0,0,2,1,False,False,THE BRICKYARD / LILS HOBBY CENTER
buko zone,0,0,0,0,0,0,1,1,0,0,2,2,False,True,BUKO ZONE
buko twist,0,0,0,0,0,0,2,0,0,0,2,1,False,False,BUKO TWIST
brilla,1,0,0,0,0,0,1,0,0,0,2,2,False,True,Brilla
buko rocks,0,0,0,0,0,0,2,0,0,0,2,1,False,False,Buko Rocks
tomoro coffee,0,0,0,0,0,0,1,1,0,0,2,2,False,True,TOMORO Coffee
buko republic,0,0,0,0,0,0,1,1,0,0,2,2,False,True,Buko Republic
brique,0,1,0,0,0,0,1,0,0,0,2,2,False,True,BRIQUE
tomiko mobile,0,0,0,0,0,0,0,2,0,0,2,1,False,False,TOMIKO MOBILE
buko island,0,0,0,0,0,0,2,0,0,0,2,1,False,False,Buko Island
buko frio,0,0,0,0,0,0,1,1,0,0,2,2,False,True,BUKO FRIO (NEW)
briquito silvanas,0,1,0,0,0,0,0,1,0,0,2,2,False,True,BRIQUITO SILVANAS
buko bar,0,0,0,0,0,0,0,1,0,1,2,2,False,True,BUKO BAR
buffalo wings n things,0,0,0,0,1,0,1,0,0,0,2,2,False,True,Buffalo Wings N' Things
brood,0,0,0,0,0,0,1,1,0,0,2,2,False,True,BROOD
brothers burger,0,2,0,0,0,0,0,0,0,0,2,1,False,False,BROTHER'S BURGER
toho restaurant,0,0,0,0,0,0,0,2,0,0,2,1,False,False,TOHO RESTAURANT
buenas sausages & fries,0,2,0,0,0,0,0,0,0,0,2,1,False,False,BUENAS SAUSAGES & FRIES
toll house,0,0,0,0,0,0,0,2,0,0,2,1,False,False,TOLL HOUSE
browhaus,0,2,0,0,0,0,0,0,0,0,2,1,False,False,BROWHAUS
token fun station,0,0,0,0,0,0,0,2,0,0,2,1,False,False,TOKEN FUN STATION
bum equipment,0,1,0,0,0,0,1,0,0,0,2,2,False,True,BUM EQUIPMENT
toni & guy,0,0,0,0,1,0,0,1,0,0,2,2,False,True,Toni & Guy
bonita,0,1,0,0,0,1,0,0,0,0,2,2,False,True,BONITA
tita paring,0,0,0,0,0,1,1,0,0,0,2,2,False,True,Tita Paring
thisplay inc,0,0,0,0,0,0,0,2,0,0,2,1,False,False,THISPLAY INC
towelite,0,0,0,0,0,0,0,2,0,0,2,1,False,False,TOWELITE
cafe janggeum,0,0,0,0,0,0,0,2,0,0,2,1,False,False,CAFE JANGGEUM
bootcamp,0,2,0,0,0,0,0,0,0,0,2,1,False,False,BOOTCAMP
bos bistro,0,0,1,0,0,0,1,0,0,0,2,2,False,True,Bo’s Bistro
tori yamu japanese bbq,0,0,0,0,0,0,0,2,0,0,2,1,False,False,TORI YAMU JAPANESE BBQ
ties that travel,0,0,0,0,0,0,0,2,0,0,2,1,False,False,TIES THAT TRAVEL
caerus specialty coffee bistro,0,0,0,0,0,0,0,2,0,0,2,1,False,False,CAERUS SPECIALTY COFFEE BISTRO
bos shoes bags repair shop,0,0,0,0,0,0,0,2,0,0,2,1,False,False,BOS SHOES BAGS REPAIR SHOP
bossman by dapper club,0,2,0,0,0,0,0,0,0,0,2,1,False,False,BOSSMAN BY DAPPER CLUB
time avenue,0,0,0,0,0,0,1,1,0,0,2,2,False,True,Time Avenue
bouldering hive,0,1,0,0,0,1,0,0,0,0,2,2,False,True,BOULDERING HIVE
time concept,0,0,0,0,0,0,1,0,0,1,2,2,False,True,Time Concept
byrons backribs,0,0,0,0,0,0,1,1,0,0,2,2,False,True,Byron's Backribs
bymp3 electronic gadget express,0,0,0,0,0,0,0,2,0,0,2,1,False,False,BYMP3 ELECTRONIC GADGET EXPRESS
buzzz cafe,0,0,0,0,0,0,1,1,0,0,2,2,False,True,The Buzzz Cafe
time square,0,0,0,0,1,0,1,0,0,0,2,2,False,True,Time Square
timecheck watch repair,0,0,0,0,0,0,2,0,0,0,2,1,False,False,Timecheck Watch Repair
tooth in style dental clinic,0,0,0,0,0,0,0,2,0,0,2,1,False,False,TOOTH IN STYLE DENTAL CLINIC
bread basket,0,0,0,0,0,0,1,1,0,0,2,2,False,True,Bread Basket
tonkotsu kazan ramen,0,0,1,0,0,0,0,1,0,0,2,2,False,True,Tonkotsu Kazan Ramen
breakfast at antonios,0,0,0,0,0,0,2,0,0,0,2,1,False,False,BREAKFAST AT ANTONIO'S
tipsy pig,0,0,0,0,1,1,0,0,0,0,2,2,False,True,Tipsy Pig
cebuana,0,0,0,0,0,1,1,0,0,0,2,2,False,True,Cebuana
cebuana lhuiller,0,0,0,0,0,0,2,0,0,0,2,1,False,False,CEBUANA LHUILLER
tudor,0,0,0,0,0,1,0,1,0,0,2,2,False,True,Tudor
chooks diner,0,0,0,0,1,0,1,0,0,0,2,2,False,True,Chooks Diner
chongs siomai rice,0,1,0,0,0,0,0,1,0,0,2,2,False,True,CHONG’S SIOMAI RICE
chocolates by nicole,0,0,0,0,0,0,0,2,0,0,2,1,False,False,CHOCOLATES BY NICOLE
unionbank atm,0,0,0,0,2,0,0,0,0,0,2,1,False,False,UnionBank ATM
beanbag coffee,0,0,0,0,0,0,1,1,0,0,2,2,False,True,Beanbag Coffee
sweet kitchen house of desserts,0,0,0,0,0,0,0,2,0,0,2,1,False,False,SWEET KITCHEN HOUSE OF DESSERTS
chocful of nuts,0,0,0,0,0,1,1,0,0,0,2,2,False,True,Chocful Of Nuts
chn cafe,0,0,0,0,0,0,0,2,0,0,2,1,False,False,CHN CAFÉ
sweet n fancy,0,0,0,0,0,0,0,2,0,0,2,1,False,False,SWEET N' FANCY
sweet spot,0,0,0,0,0,0,2,0,0,0,2,1,False,False,The Sweet Spot
chins express,0,0,0,1,0,0,0,1,0,0,2,2,False,True,CHIN'S EXPRESS
chins,0,0,0,0,0,0,0,2,0,0,2,1,False,False,CHINS
beauty and butter,0,0,0,0,0,0,0,2,0,0,2,1,False,False,BEAUTY AND BUTTER
beauty atelier,0,0,0,0,1,0,1,0,0,0,2,2,False,True,Beauty Atelier
sweetblooms,0,0,0,0,0,0,0,2,0,0,2,1,False,False,SWEETBLOOMS
sweetisan,0,0,0,0,0,0,0,2,0,0,2,1,False,False,SWEETISAN
chinese beef noodles house,0,0,0,0,0,2,0,0,0,0,2,1,False,False,Chinese Beef Noodles House
chinabank atm,0,0,0,0,1,0,1,0,0,0,2,2,False,True,Chinabank ATM
swirls,0,0,0,0,0,0,2,0,0,0,2,1,False,False,SWIRLS
bee choo origin,0,0,0,0,1,0,1,0,0,0,2,2,False,True,Bee Choo Origin
chimac chicken & beer,0,0,0,0,2,0,0,0,0,0,2,1,False,False,ChiMac Chicken & Beer
switch,0,1,0,0,0,0,0,1,0,0,2,2,False,True,SWITCH
bee choo origin wellness center,0,0,0,0,0,0,0,2,0,0,2,1,False,False,BEE CHOO ORIGIN WELLNESS CENTER
bee choo origins,0,2,0,0,0,0,0,0,0,0,2,1,False,False,BEE CHOO ORIGINS
united coconut planters bank,0,1,0,0,0,0,0,1,0,0,2,2,False,True,UNITED COCONUT PLANTERS BANK
chooks to go,0,1,0,0,0,0,0,0,0,1,2,2,False,True,CHOOKS TO GO
cebuana lhullier,0,0,0,0,0,0,2,0,0,0,2,1,False,False,CEBUANA LHULLIER
bbq nation by the epicurious gastropub,0,0,0,0,0,0,0,2,0,0,2,1,False,False,BBQ NATION BY THE EPICURIOUS GASTROPUB
urban outfits,0,1,0,0,0,0,1,0,0,0,2,2,False,True,URBAN OUTFITS
urban outfit,1,0,0,0,0,0,1,0,0,0,2,2,False,True,Urban Outfit
superpark,0,0,0,0,2,0,0,0,0,0,2,1,False,False,SuperPark
urban gadgets,0,1,0,0,0,0,0,1,0,0,2,2,False,True,URBAN GADGETS
supersam,0,0,0,0,1,1,0,0,0,0,2,2,False,True,Supersam
ck underwear,0,1,0,0,0,0,0,1,0,0,2,2,False,True,CK UNDERWEAR
baseus,0,0,0,0,0,0,0,2,0,0,2,1,False,False,BASEUS
basil,0,1,0,0,0,0,0,1,0,0,2,2,False,True,BASIL
bata,0,0,1,0,0,0,0,1,0,0,2,2,False,True,BATA
citybites,0,0,0,0,0,0,0,2,0,0,2,1,False,False,CITYBITES
city treasurers office,0,0,0,1,0,0,1,0,0,0,2,2,False,True,CITY TREASURER'S OFFICE
bata shoes,0,1,0,0,0,0,0,1,0,0,2,2,False,True,BATA SHOES
bath origins,0,0,0,0,0,0,0,2,0,0,2,1,False,False,BATH ORIGINS
bathroom,0,0,0,0,0,2,0,0,0,0,2,1,False,False,Bathroom
citrus quenchers,0,0,0,0,0,0,1,1,0,0,2,2,False,True,Citrus Quenchers
cignal,0,0,0,0,0,0,2,0,0,0,2,1,False,False,Cignal
churrostar,0,0,0,0,0,0,1,1,0,0,2,2,False,True,CHURROSTAR
chungchun rice corn dog,0,0,0,0,0,0,0,2,0,0,2,1,False,False,CHUNGCHUN RICE CORN DOG
bay tal mal,0,0,0,0,0,0,1,1,0,0,2,2,False,True,BAY TAL MAL (Soon to Open)
universal store front service,0,0,0,0,0,0,0,0,0,2,2,1,False,False,Universal Store Front Service
chrishas kitchen,0,2,0,0,0,0,0,0,0,0,2,1,False,False,CHRISHA'S KITCHEN
bbb car stickers,0,0,0,0,0,0,0,2,0,0,2,1,False,False,BBB CAR STICKERS
bbk bibingka & coffee,0,1,0,0,0,0,0,1,0,0,2,2,False,True,BBK: BIBINGKA & COFFEE
bee healthy lemon freshly squeezed juice,0,0,0,0,0,0,0,2,0,0,2,1,False,False,BEE HEALTHY LEMON FRESHLY SQUEEZED JUICE
chill bar,0,0,0,0,0,0,1,0,1,0,2,2,False,True,CHILL BAR
chikaan,0,1,0,0,0,0,1,0,0,0,2,2,False,True,CHIKAAN
synchronization,0,0,0,0,0,0,0,0,0,2,2,1,False,False,Synchronization
twinline trading,0,0,0,0,0,0,0,2,0,0,2,1,False,False,TWINLINE TRADING
champas mexican grill and taqueria,0,0,0,0,0,0,0,2,0,0,2,1,False,False,CHAMPAS MEXICAN GRILL AND TAQUERIA
tangfruits,0,0,0,0,1,1,0,0,0,0,2,2,False,True,TangFruits
certified calm,0,1,0,0,0,0,0,1,0,0,2,2,False,True,CERTIFIED CALM
tapawan dental clinic,0,0,0,0,0,0,1,1,0,0,2,2,False,True,Tapawan Dental Clinic
big brands,0,0,0,0,0,0,2,0,0,0,2,1,False,False,BIG BRANDS
turon express,0,0,0,0,0,0,2,0,0,0,2,1,False,False,Turon Express
taste of czaczacza cafe,0,0,0,0,0,0,0,2,0,0,2,1,False,False,THE TASTE OF CZACZACZA CAFE
tastes from the greens,0,0,0,0,0,0,0,2,0,0,2,1,False,False,TASTES FROM THE GREENS
cellpod,0,1,0,0,0,0,0,1,0,0,2,2,False,True,CELLPOD
big shop,0,0,0,0,0,0,0,2,0,0,2,1,False,False,THE BIG SHOP
cellnote,0,2,0,0,0,0,0,0,0,0,2,1,False,False,CELLNOTE
bigbucks money changer,0,0,0,0,0,0,0,0,0,2,2,1,False,False,Bigbucks Money Changer
bigbys restaurant,0,0,0,0,1,0,1,0,0,0,2,2,False,True,Bigby's Restaurant
biggs diner,0,1,0,0,0,0,1,0,0,0,2,2,False,True,BIGG'S DINER
cellcom world communications,0,0,0,0,0,0,0,2,0,0,2,1,False,False,CELLCOM WORLD COMMUNICATIONS
cellcom,0,0,0,0,0,0,2,0,0,0,2,1,False,False,Cellcom
tung lok seafood,0,0,0,0,0,1,0,1,0,0,2,2,False,True,TUNG LOK SEAFOOD
cell comport cellshop,0,0,0,0,0,0,0,2,0,0,2,1,False,False,CELL-COMPORT CELLSHOP
tech boy,0,0,0,0,0,0,0,2,0,0,2,1,False,False,TECH BOY
bingo bayan,0,1,0,1,0,0,0,0,0,0,2,2,False,True,BINGO BAYAN
cell act,0,0,0,0,0,0,0,2,0,0,2,1,False,False,CELL ACT
bingo extravaganza,0,0,0,0,0,0,0,2,0,0,2,1,False,False,BINGO EXTRAVAGANZA
takoyummy,0,0,1,0,0,0,1,0,0,0,2,2,False,True,Takoyummy
chapes keto cakes,0,1,0,0,0,0,0,1,0,0,2,2,False,True,CHAPES KETO CAKES
takoyatea,0,0,0,0,0,0,0,0,0,2,2,1,False,False,TakoyaTea
chef ala eh,0,0,0,0,0,0,1,1,0,0,2,2,False,True,Chef Ala Eh
chicken namnam,0,0,0,0,0,0,1,0,0,1,2,2,False,True,Chicken NamNam
chicha san chen,0,0,0,0,1,1,0,0,0,0,2,2,False,True,Chicha San Chen
chicago flame dog,0,0,0,0,1,0,1,0,0,0,2,2,False,True,Chicago Flame Dog
t f f tarsier fried food,0,0,0,0,1,0,1,0,0,0,2,2,False,True,T.F.F Tarsier Fried Food
ultimate sandwich station,0,2,0,0,0,0,0,0,0,0,2,1,False,False,ULTIMATE SANDWICH STATION
bench barbers,0,2,0,0,0,0,0,0,0,0,2,1,False,False,BENCH BARBERS
tactical specialist,0,1,0,0,0,0,1,0,0,0,2,2,False,True,TACTICAL SPECIALIST
bench fix,0,0,0,0,2,0,0,0,0,0,2,1,False,False,Bench Fix
bench fix lab,0,2,0,0,0,0,0,0,0,0,2,1,False,False,BENCH FIX LAB
taho boy,0,1,0,0,0,0,1,0,0,0,2,2,False,True,TAHO BOY
berntech,0,0,0,0,0,0,0,2,0,0,2,1,False,False,BERNTECH
chapters & pages,0,0,0,0,1,0,1,0,0,0,2,2,False,True,Chapters & Pages
berovan,0,0,1,0,0,0,1,0,0,0,2,2,False,True,Berovan
tako bros,0,0,0,0,0,0,0,0,0,2,2,1,False,False,Tako Bros
tako depot,0,1,0,0,0,0,0,0,0,1,2,2,False,True,TAKO DEPOT
u s polo assn,0,0,0,0,1,0,1,0,0,0,2,2,False,True,U.S. Polo Assn.
takoyaki,0,0,1,0,0,0,1,0,0,0,2,2,False,True,Takoyaki
best takoyaki,0,0,0,0,0,0,2,0,0,0,2,1,False,False,Best Takoyaki
takoyaki empress,0,0,0,0,0,0,2,0,0,0,2,1,False,False,TAKOYAKI EMPRESS
takoyaki king,0,0,0,1,0,0,1,0,0,0,2,2,False,True,Takoyaki King
better barbers,0,0,0,0,0,0,0,2,0,0,2,1,False,False,BETTER BARBERS
chapters and pages,0,0,0,0,0,0,2,0,0,0,2,1,False,False,CHAPTERS AND PAGES
skyzone,0,0,0,0,0,0,0,2,0,0,2,1,False,False,SKYZONE
bs mobile,0,0,0,0,0,0,1,1,0,0,2,2,False,True,BS Mobile
yoga,0,0,0,0,0,0,0,2,0,0,2,1,False,False,YOGA
shawarma king,0,0,0,0,0,0,1,1,0,0,2,2,False,True,SHAWARMA KING
esencia day spa,0,1,0,0,1,0,0,0,0,0,2,2,False,True,ESENCIA DAY SPA
skin by ledeecia,0,0,0,0,0,0,0,2,0,0,2,1,False,False,SKIN BY LEDEECIA
earl of sandwich,0,1,0,0,0,1,0,0,0,0,2,2,False,True,EARL OF SANDWICH
eggstacy,0,0,0,0,0,0,2,0,0,0,2,1,False,False,EGGSTACY
dream land,0,0,0,0,0,0,1,1,0,0,2,2,False,True,DREAM LAND
enchante nail spa,0,0,0,0,0,0,0,2,0,0,2,1,False,False,ENCHANTE NAIL SPA
skin center,0,0,0,0,0,0,0,2,0,0,2,1,False,False,THE SKIN CENTER
e restore leather works,0,0,0,0,0,0,0,2,0,0,2,1,False,False,E RESTORE LEATHER WORKS
e restore,0,0,0,0,0,1,0,1,0,0,2,2,False,True,E Restore
dough creamery,0,0,0,0,0,1,0,1,0,0,2,2,False,True,Dough Creamery
skinplicity,0,0,0,0,0,0,0,2,0,0,2,1,False,False,SKINPLICITY
a1 driving,0,0,0,0,0,0,1,1,0,0,2,2,False,True,A1 Driving
3f watch,0,0,0,0,0,0,2,0,0,0,2,1,False,False,3F Watch
aesthetiq wellness and spa,0,0,0,0,0,0,0,2,0,0,2,1,False,False,AESTHETIQ WELLNESS AND SPA
si gabrillo optical,0,0,0,0,0,0,2,0,0,0,2,1,False,False,Si-Gabrillo Optical
energea,0,0,0,0,0,0,0,2,0,0,2,1,False,False,ENERGEA
siklab,0,0,1,0,0,0,0,1,0,0,2,2,False,True,Siklab
360 barbers & beauty,0,0,0,1,0,0,1,0,0,0,2,2,False,True,360 BARBERS & BEAUTY
yococo,0,0,0,0,0,0,2,0,0,0,2,1,False,False,YOCOCO
esprit,0,0,0,0,0,0,0,2,0,0,2,1,False,False,ESPRIT
a&r beauty,0,0,0,0,1,0,0,1,0,0,2,2,False,True,A&R Beauty
yummy dumplings,0,0,0,0,0,0,0,2,0,0,2,1,False,False,YUMMY DUMPLINGS
yole,0,0,0,0,0,0,2,0,0,0,2,1,False,False,Yole
egg exciting gifts goodies,0,2,0,0,0,0,0,0,0,0,2,1,False,False,EGG [EXCITING GIFTS + GOODIES]
alert driving academy,0,0,0,0,0,0,1,1,0,0,2,2,False,True,ALERT DRIVING ACADEMY
siomai lab,0,0,0,0,0,0,1,1,0,0,2,2,False,True,SIOMAI LAB
dos pueblos,0,0,0,0,0,0,1,1,0,0,2,2,False,True,Dos Pueblos
aguahome,0,0,0,0,1,0,1,0,0,0,2,2,False,True,Aguahome
accessorium,0,0,0,0,0,0,0,2,0,0,2,1,False,False,ACCESSORIUM
aj thai street food,0,0,1,0,0,0,1,0,0,0,2,2,False,True,Aj Thai Street Food
egg house,0,0,0,0,1,1,0,0,0,0,2,2,False,True,Egg House
zoe scoop ice cream,0,0,0,0,0,0,0,2,0,0,2,1,False,False,ZOE SCOOP ICE CREAM
skin body face station,0,0,0,0,0,0,0,2,0,0,2,1,False,False,"SKIN, BODY FACE STATION"
agsa medical service,0,0,0,0,0,0,1,1,0,0,2,2,False,True,AGSA MEDICAL SERVICE
ac travel tours,0,0,0,0,0,0,0,2,0,0,2,1,False,False,AC TRAVEL TOURS
adventureland,0,0,0,0,0,0,0,2,0,0,2,1,False,False,ADVENTURELAND
eo active eyewear,0,2,0,0,0,0,0,0,0,0,2,1,False,False,EO ACTIVE EYEWEAR
skin breathe,1,0,0,0,0,0,1,0,0,0,2,2,False,True,The Skin Breathe
elevatione,0,2,0,0,0,0,0,0,0,0,2,1,False,False,ELEVATIONE
el bonitos pizza,0,0,0,0,1,0,1,0,0,0,2,2,False,True,El Bonito's Pizza
dough&grocer,0,0,0,0,0,2,0,0,0,0,2,1,False,False,Dough&Grocer
xtreme,0,0,0,0,0,0,2,0,0,0,2,1,False,False,XTREME
7c silver,0,0,0,0,0,0,2,0,0,0,2,1,False,False,7C Silver
dra des kids dental clinic,0,0,0,0,0,0,0,2,0,0,2,1,False,False,DRA DES KIDS DENTAL CLINIC
alberto shoes,0,0,0,0,0,0,2,0,0,0,2,1,False,False,Alberto Shoes
zia salon premier,0,0,0,0,0,0,0,2,0,0,2,1,False,False,ZIA SALON PREMIER
sisig sarap,0,1,0,0,0,0,1,0,0,0,2,2,False,True,SISIG SARAP
alberto g&g,0,1,0,0,0,0,1,0,0,0,2,2,False,True,ALBERTO / G&G
aficionado perfume,0,0,0,0,0,0,0,0,2,0,2,1,False,False,AFICIONADO PERFUME
shiahair salon,0,0,0,0,0,0,0,2,0,0,2,1,False,False,SHIAHAIR SALON
eo kids,0,0,0,0,0,0,2,0,0,0,2,1,False,False,EO Kids
ela wong gadgets shop,0,2,0,0,0,0,0,0,0,0,2,1,False,False,ELA WONG GADGETS SHOP
elait,0,0,0,0,1,0,0,1,0,0,2,2,False,True,Elait
dr j specs,0,0,1,0,1,0,0,0,0,0,2,2,False,True,Dr. J Specs
elars lechon,0,0,0,1,0,1,0,0,0,0,2,2,False,True,Elar's Lechon
xtreme one stop shop appliances,0,0,0,0,0,0,1,1,0,0,2,2,False,True,Xtreme One-Stop Shop Appliances
alba,0,0,0,0,0,2,0,0,0,0,2,1,False,False,ALBA
yaels bibingka,0,0,0,0,0,0,0,0,0,2,2,1,False,False,Yael's Bibingka
yeobo korean corndog,0,0,0,0,0,0,2,0,0,0,2,1,False,False,YEOBO KOREAN CORNDOG
529 polish nail studio,0,0,0,0,0,0,0,2,0,0,2,1,False,False,529 POLISH NAIL STUDIO
8 cuts burger blends,0,0,0,0,0,0,0,2,0,0,2,1,False,False,8 CUTS BURGER BLENDS
shield pro,0,0,0,0,0,0,0,2,0,0,2,1,False,False,SHIELD PRO
xtreme appliance,0,0,0,0,0,0,2,0,0,0,2,1,False,False,XTREME APPLIANCE
aetrex,0,1,0,0,0,0,0,1,0,0,2,2,False,True,AETREX
e phone,0,1,0,0,0,0,0,1,0,0,2,2,False,True,E-PHONE
skinlandia,0,0,0,0,1,0,0,1,0,0,2,2,False,True,SKINLANDIA
elephant grounds,0,1,0,0,0,0,0,1,0,0,2,2,False,True,ELEPHANT GROUNDS
sit relax,0,0,0,0,0,0,0,2,0,0,2,1,False,False,SIT RELAX
e & e takuyaki,0,0,0,0,0,0,2,0,0,0,2,1,False,False,E & E TAKUYAKI
abaca baking,0,2,0,0,0,0,0,0,0,0,2,1,False,False,ABACA BAKING
shilvys delicacies,0,0,0,1,0,0,0,1,0,0,2,2,False,True,Shilvy's Delicacies
528 ilawod cafe,0,0,0,0,0,0,0,2,0,0,2,1,False,False,528 ILAWOD CAFE
yakiniku like,0,0,0,0,0,0,0,2,0,0,2,1,False,False,YAKINIKU LIKE
yaki yaki sumo,0,0,1,0,0,0,0,1,0,0,2,2,False,True,Yaki Yaki Sumo
skin manila,0,0,0,0,1,0,0,1,0,0,2,2,False,True,Skin Manila
5 11 tactical series,0,2,0,0,0,0,0,0,0,0,2,1,False,False,5.11 TACTICAL SERIES
zig,0,0,0,0,0,0,1,1,0,0,2,2,False,True,ZIG
agara,0,0,0,0,0,0,2,0,0,0,2,1,False,False,AGARA
electric studio,0,0,0,0,1,0,0,1,0,0,2,2,False,True,Electric Studio
efren watch repair,0,0,0,0,0,0,2,0,0,0,2,1,False,False,Efren Watch Repair
e bingo,0,0,0,0,0,0,1,1,0,0,2,2,False,True,E-Bingo
yappari steak house,0,0,0,0,0,0,0,2,0,0,2,1,False,False,YAPPARI STEAK HOUSE
simply skin,0,0,1,0,0,0,0,1,0,0,2,2,False,True,Simply Skin
dong won garden,0,0,0,0,0,0,0,2,0,0,2,1,False,False,DONG WON GARDEN
silver king,0,0,0,0,0,0,0,0,0,2,2,1,False,False,Silver King
dondon yamagata,0,0,0,0,0,0,0,2,0,0,2,1,False,False,DONDON YAMAGATA
simple ride,0,0,0,0,0,0,0,2,0,0,2,1,False,False,SIMPLE RIDE
zubuchon,0,0,0,0,0,0,0,2,0,0,2,1,False,False,ZUBUCHON
ahkie swirl,0,0,0,0,0,0,0,0,0,2,2,1,False,False,Ahkie Swirl
adelings native delicacies,0,0,0,0,0,0,0,0,0,2,2,1,False,False,Adelings Native Delicacies
don don tei,0,0,0,0,0,1,1,0,0,0,2,2,False,True,Don Don Tei
yoressa,0,1,1,0,0,0,0,0,0,0,2,2,False,True,YORESSA
alexis,0,1,0,0,0,0,1,0,0,0,2,2,False,True,ALEXIS
share tea,0,0,0,0,1,0,0,1,0,0,2,2,False,True,Share Tea
dungan by kamay kainan,0,0,0,0,0,0,0,2,0,0,2,1,False,False,DUNGAN BY KAMAY KAINAN
ahkie swirl station,0,0,0,0,0,0,0,2,0,0,2,1,False,False,AHKIE SWIRL STATION
acom consumer finance corporation,0,0,0,0,0,0,1,0,0,1,2,2,False,True,ACOM Consumer Finance Corporation
shrimp shack,0,0,0,0,0,0,1,1,0,0,2,2,False,True,The Shrimp Shack
simply pretty,0,0,0,0,0,0,2,0,0,0,2,1,False,False,Simply Pretty
x11,0,0,1,0,0,0,1,0,0,0,2,2,False,True,X11
adidas brand center,0,2,0,0,0,0,0,0,0,0,2,1,False,False,ADIDAS BRAND CENTER
yugen,0,0,0,0,0,0,1,1,0,0,2,2,False,True,YUGEN (9773649805)
zouyo cellphone accessories,0,0,0,0,0,0,0,2,0,0,2,1,False,False,ZOUYO CELLPHONE ACCESSORIES
edia,0,1,0,0,0,0,0,1,0,0,2,2,False,True,EDIA
1984 barbershop & laser studio,0,2,0,0,0,0,0,0,0,0,2,1,False,False,1984 BARBERSHOP & LASER STUDIO
dons original spanish churros,0,0,0,1,0,0,1,0,0,0,2,2,False,True,Don's Original Spanish Churros
elyao frozen yogurt,0,0,0,0,0,0,0,2,0,0,2,1,False,False,ELYAO FROZEN YOGURT
2go travel,0,0,0,0,0,0,1,0,1,0,2,2,False,True,2GO TRAVEL
ebi10,0,0,0,0,0,2,0,0,0,0,2,1,False,False,EBI10
addas,0,0,0,0,0,0,0,1,0,1,2,2,False,True,ADDAS
all about you day spa,0,0,0,0,0,0,0,2,0,0,2,1,False,False,ALL ABOUT YOU DAY SPA
yards meters,0,0,0,0,0,0,0,2,0,0,2,1,False,False,YARDS METERS
aiko sushi,0,0,0,2,0,0,0,0,0,0,2,1,False,False,AIKO SUSHI
donna chang,0,0,1,0,1,0,0,0,0,0,2,2,False,True,Donna Chang
eds electrocomputer data system,0,0,0,0,0,0,2,0,0,0,2,1,False,False,EDS Electrocomputer Data System
silver works,0,0,1,0,0,0,1,0,0,0,2,2,False,True,Silver Works
skl touch,0,0,0,0,0,0,0,2,0,0,2,1,False,False,SKL TOUCH
u super service center,0,0,0,0,0,0,1,0,0,0,1,1,False,False,U SUPER SERVICE CENTER
zaki potato fries avenue,0,0,0,0,0,0,0,1,0,0,1,1,False,False,ZAKI POTATO FRIES AVENUE
zakka,0,0,1,0,0,0,0,0,0,0,1,1,False,False,Zakka
moressi,0,0,0,0,0,0,0,1,0,0,1,1,False,False,MORESSI
oxford scents,1,0,0,0,0,0,0,0,0,0,1,1,False,False,Oxford Scents
tuna express by holy halo,0,0,0,0,0,0,1,0,0,0,1,1,False,False,Tuna Express by Holy Halo
u green,0,0,0,0,0,0,1,0,0,0,1,1,False,False,U-GREEN
oxims,0,0,0,0,0,0,0,1,0,0,1,1,False,False,OXIM'S
tuna by chonas,0,0,0,0,0,0,0,1,0,0,1,1,False,False,TUNA BY CHONAS
oxord computer solutions & repair center,0,0,0,0,0,0,1,0,0,0,1,1,False,False,Oxord - Computer Solutions & Repair Center
palawan cart,0,1,0,0,0,0,0,0,0,0,1,1,False,False,PALAWAN CART
mossimo satellite selling,0,0,0,0,0,0,1,0,0,0,1,1,False,False,MOSSIMO SATELLITE SELLING
palawan cafe,0,0,0,0,0,0,1,0,0,0,1,1,False,False,Palawan Cafe
tuna republik,0,0,0,0,0,0,0,1,0,0,1,1,False,False,TUNA REPUBLIK
tyconnspa,0,0,0,0,0,0,1,0,0,0,1,1,False,False,Tyconnspa
palamuti jewelry and accessories shop,0,0,0,0,0,0,1,0,0,0,1,1,False,False,PALAMUTI JEWELRY AND ACCESSORIES SHOP
palamig kombucha,0,0,0,0,0,0,0,1,0,0,1,1,False,False,PALAMIG KOMBUCHA
palace,0,0,0,0,1,0,0,0,0,0,1,1,False,False,The Palace
mother base,0,0,0,0,0,1,0,0,0,0,1,1,False,False,Mother Base
mos simo,0,0,0,0,0,0,1,0,0,0,1,1,False,False,MOS SIMO
zaxy,0,0,0,0,0,0,0,1,0,0,1,1,False,False,ZAXY
u watch,0,0,0,0,0,0,0,1,0,0,1,1,False,False,U-WATCH
ugreen philippines,0,0,0,0,0,0,1,0,0,0,1,1,False,False,UGreen Philippines
palpitate ph,0,0,0,0,0,0,0,1,0,0,1,1,False,False,PALPITATE PH
mothers fried chicken,0,1,0,0,0,0,0,0,0,0,1,1,False,False,MOTHER'S FRIED CHICKEN
palpitate coffee,0,0,0,0,0,0,1,0,0,0,1,1,False,False,PALPITATE COFFEE
mothers cake house,0,0,0,0,0,0,0,1,0,0,1,1,False,False,MOTHERS CAKE HOUSE
tudor lucerne,0,1,0,0,0,0,0,0,0,0,1,1,False,False,TUDOR-LUCERNE
moostea cafe,0,0,0,0,0,0,0,0,1,0,1,1,False,False,MOOSTEA CAFE
palawan yogurt,0,0,0,0,0,0,1,0,0,0,1,1,False,False,PALAWAN YOGURT
ugbo,0,0,0,0,1,0,0,0,0,0,1,1,False,False,Ugbo
udc,0,0,0,0,0,0,0,1,0,0,1,1,False,False,UDC
palawan swing,0,0,0,0,0,0,1,0,0,0,1,1,False,False,PALAWAN SWING
ucpb atm,0,0,0,0,0,0,1,0,0,0,1,1,False,False,UCPB (ATM) TEMPORARILY CLOSED
ucc park cafe,0,0,0,0,0,0,1,0,0,0,1,1,False,False,UCC Park Cafe
palawan pearls & souvenirs,0,0,0,0,0,0,1,0,0,0,1,1,False,False,PALAWAN PEARLS & SOUVENIRS
ucc mentore,0,0,0,0,0,0,0,1,0,0,1,1,False,False,UCC MENTORE
over again,1,0,0,0,0,0,0,0,0,0,1,1,False,False,Over Again
zaine cosmetics,0,0,0,0,0,0,0,0,1,0,1,1,False,False,ZAINE COSMETICS
tuguegarao co events space,0,0,0,0,0,0,1,0,0,0,1,1,False,False,TUGUEGARAO CO-EVENTS SPACE
overbreak,0,0,0,0,1,0,0,0,0,0,1,1,False,False,Overbreak
mother hen,0,0,0,0,1,0,0,0,0,0,1,1,False,False,Mother Hen
overflow,0,0,0,0,0,0,1,0,0,0,1,1,False,False,Overflow
tulip garden showroom,0,0,0,0,1,0,0,0,0,0,1,1,False,False,Tulip Garden Showroom
more hair center,0,0,0,0,0,1,0,0,0,0,1,1,False,False,MoRe Hair Center
ucc cafe terrace,0,0,0,0,1,0,0,0,0,0,1,1,False,False,UCC Cafe Terrace
morellis gelato caffe,0,0,0,0,0,1,0,0,0,0,1,1,False,False,Morelli's Gelato Caffe
twu (things we use),0,0,0,0,1,0,0,0,0,0,1,1,False,False,TWU (Things We Use)
tulua cafe,0,0,0,0,0,0,0,1,0,0,1,1,False,False,TULUA CAFÉ
ucc cafe,0,0,1,0,0,0,0,0,0,0,1,1,False,False,Ucc Cafe
ubra,0,0,0,0,0,0,0,1,0,0,1,1,False,False,UBRA
mossimo (kids),0,0,0,0,0,0,1,0,0,0,1,1,False,False,Mossimo (Kids)
zamin,0,0,0,0,0,0,1,0,0,0,1,1,False,False,Zamin
twu,0,0,0,0,0,1,0,0,0,0,1,1,False,False,TWU
twin pines,0,0,1,0,0,0,0,0,0,0,1,1,False,False,Twin Pines
zarks,0,0,0,0,1,0,0,0,0,0,1,1,False,False,Zark's
twin dragon (in front of handyman),0,0,1,0,0,0,0,0,0,0,1,1,False,False,Twin Dragon (in Front Of Handyman)
pag ibig branch office,0,0,0,0,0,0,1,0,0,0,1,1,False,False,PAG-IBIG Branch Office
turks i,0,0,0,0,0,0,1,0,0,0,1,1,False,False,Turks I 0948-600-5548
twin dragon (beside medicard),0,0,1,0,0,0,0,0,0,0,1,1,False,False,Twin Dragon (beside Medicard)
pacsafe urbanize,0,0,0,0,0,0,1,0,0,0,1,1,False,False,Pacsafe/Urbanize
paengs midtown bowling and billiards,0,0,0,0,0,0,1,0,0,0,1,1,False,False,PAENG'S MIDTOWN BOWLING AND BILLIARDS
twin chocos,0,0,0,0,0,0,1,0,0,0,1,1,False,False,TWIN CHOCO'S
paculba flower shop,0,0,0,0,0,0,1,0,0,0,1,1,False,False,PACULBA FLOWER SHOP
pacundos,0,0,0,0,0,0,0,1,0,0,1,1,False,False,PACUNDOS
zandys goodies,0,0,0,0,0,0,1,0,0,0,1,1,False,False,ZANDY'S GOODIES 9685728514
twenty four bakeshop,0,0,0,0,0,1,0,0,0,0,1,1,False,False,Twenty Four Bakeshop
twelvebikes shop,0,0,1,0,0,0,0,0,0,0,1,1,False,False,Twelvebikes Shop
twelve plus,0,0,0,0,0,0,1,0,0,0,1,1,False,False,TWELVE PLUS
moshi gran cafe,0,1,0,0,0,0,0,0,0,0,1,1,False,False,MOSHI GRAN CAFE
twelve 28th cafe,0,0,0,0,0,1,0,0,0,0,1,1,False,False,The Twelve 28th Café
tw steel,0,1,0,0,0,0,0,0,0,0,1,1,False,False,TW STEEL
paengs freedom bowl,0,0,0,0,0,0,1,0,0,0,1,1,False,False,Paeng's Freedom Bowl
zaras travel & tour cebu pacific,0,0,0,0,0,0,1,0,0,0,1,1,False,False,Zara's Travel & Tour - Cebu pacific
tutti,0,0,0,0,0,0,0,1,0,0,1,1,False,False,TUTTI
mortons the steakhouse,0,0,0,0,1,0,0,0,0,0,1,1,False,False,Morton's The Steakhouse
tutanes dental,0,0,0,0,0,0,1,0,0,0,1,1,False,False,Tutanes Dental
turks sharwarma,0,0,0,0,0,0,1,0,0,0,1,1,False,False,TURKS SHARWARMA
zao,0,0,0,0,0,1,0,0,0,0,1,1,False,False,ZAO
padrinos way,0,1,0,0,0,0,0,0,0,0,1,1,False,False,PADRINO’S WAY
zarah juan,0,1,0,0,0,0,0,0,0,0,1,1,False,False,ZARAH JUAN
paengs,0,0,1,0,0,0,0,0,0,0,1,1,False,False,Paeng’s
turn on,0,0,0,0,0,0,1,0,0,0,1,1,False,False,Turn On
paengs eastwood bowling and billiards,0,0,0,0,0,0,1,0,0,0,1,1,False,False,PAENG'S EASTWOOD BOWLING AND BILLIARDS
pagibig fund,0,0,0,0,0,0,1,0,0,0,1,1,False,False,PAGIBIG FUND
zatazza cafe,0,0,0,0,0,0,1,0,0,0,1,1,False,False,Zatazza Cafe
pal,0,0,0,0,0,0,0,1,0,0,1,1,False,False,PAL
zamin exchange,0,0,0,0,0,0,1,0,0,0,1,1,False,False,Zamin Exchange
twintext,0,0,0,0,0,0,1,0,0,0,1,1,False,False,Twintext
mossimo (adults),0,0,0,0,0,0,1,0,0,0,1,1,False,False,Mossimo (Adults)
pajo optical,0,0,0,0,0,0,1,0,0,0,1,1,False,False,Pajo Optical
zakka life,0,1,0,0,0,0,0,0,0,0,1,1,False,False,ZAKKA LIFE
p and d cellphone and accessories,0,1,0,0,0,0,0,0,0,0,1,1,False,False,P AND D CELLPHONE AND ACCESSORIES
p e watch repair center,0,0,0,0,0,0,0,1,0,0,1,1,False,False,P E WATCH REPAIR CENTER
pain rehab care,0,0,0,0,0,0,0,1,0,0,1,1,False,False,PAIN REHAB CARE
p&a,0,0,0,0,0,0,1,0,0,0,1,1,False,False,P&A
moshi koshi,0,1,0,0,0,0,0,0,0,0,1,1,False,False,MOSHI KOSHI
paiks coffee and bakery,0,0,0,0,0,0,1,0,0,0,1,1,False,False,PAIK'S COFFEE AND BAKERY
p5 idrive driving school,0,0,0,0,0,0,1,0,0,0,1,1,False,False,P5 iDrive Driving School
tunes corner,0,0,0,0,0,0,1,0,0,0,1,1,False,False,TUNE'S CORNER (Soon to Open)
twins playhouse,0,0,0,0,0,0,1,0,0,0,1,1,False,False,Twin's Playhouse
pabder uomo,0,1,0,0,0,0,0,0,0,0,1,1,False,False,PABDER UOMO
pablings barbershop,0,0,0,0,1,0,0,0,0,0,1,1,False,False,Pablings Barbershop
pablo,0,1,0,0,0,0,0,0,0,0,1,1,False,False,PABLO
twinkle wellness spa,0,0,0,0,0,0,1,0,0,0,1,1,False,False,TWINKLE WELLNESS SPA
paglaum,0,0,0,0,0,0,0,1,0,0,1,1,False,False,PAGLAUM
morihs hair & beauty salon,0,0,0,0,0,0,1,0,0,0,1,1,False,False,MORIH'S HAIR & BEAUTY SALON
twinkle toes nail spa,0,0,0,0,0,0,1,0,0,0,1,1,False,False,TWINKLE TOES NAIL SPA
zawrap shawarma,0,0,0,0,0,0,0,0,0,1,1,1,False,False,Zawrap Shawarma
turkish grille plus,0,0,0,0,0,0,0,1,0,0,1,1,False,False,TURKISH GRILLE PLUS
twindragon (cinema),0,0,1,0,0,0,0,0,0,0,1,1,False,False,Twindragon (cinema)
twindragon (carousel),0,0,1,0,0,0,0,0,0,0,1,1,False,False,Twindragon (carousel)
pacific money exchange,0,0,0,0,0,0,1,0,0,0,1,1,False,False,Pacific Money Exchange
pagkaing pinoy,0,1,0,0,0,0,0,0,0,0,1,1,False,False,PAGKAING PINOY
morning after antro,0,0,0,0,0,1,0,0,0,0,1,1,False,False,The Morning After/Antro
pack your bags,0,0,0,0,0,0,1,0,0,0,1,1,False,False,Pack Your Bags
pack your bags travel and tours,0,0,0,0,0,0,1,0,0,0,1,1,False,False,PACK YOUR BAGS TRAVEL AND TOURS
x print,0,1,0,0,0,0,0,0,0,0,1,1,False,False,X-PRINT
ossam,0,0,0,0,1,0,0,0,0,0,1,1,False,False,OSSAM!
ukiyo beauty bar,0,0,0,0,0,0,0,1,0,0,1,1,False,False,UKIYO BEAUTY BAR
organiko beverage shop,0,0,0,0,0,0,0,1,0,0,1,1,False,False,ORGANIKO BEVERAGE SHOP
mr clive shoe repair shop,0,0,0,0,0,0,1,0,0,0,1,1,False,False,MR. CLIVE SHOE REPAIR SHOP
universal eye check optical,0,0,0,0,0,0,1,0,0,0,1,1,False,False,Universal Eye Check Optical
oriental treasures,0,1,0,0,0,0,0,0,0,0,1,1,False,False,ORIENTAL TREASURES
universal eyecheck,0,0,0,0,0,0,1,0,0,0,1,1,False,False,Universal Eyecheck
mr coco,0,0,0,0,0,0,0,1,0,0,1,1,False,False,MR COCO
yucca wellness spa,0,0,0,0,0,0,0,1,0,0,1,1,False,False,YUCCA WELLNESS SPA
oriental art home,0,1,0,0,0,0,0,0,0,0,1,1,False,False,ORIENTAL ART HOME
unlimited manila,0,0,0,0,0,0,1,0,0,0,1,1,False,False,UNLIMITED MANILA (9262228122)
united table tennis club,0,0,1,0,0,0,0,0,0,0,1,1,False,False,United Table Tennis Club
organail organic nail lounge spa,0,0,0,0,0,0,0,1,0,0,1,1,False,False,ORGANAIL ORGANIC NAIL LOUNGE SPA
orells banana thins,0,0,0,0,0,0,0,1,0,0,1,1,False,False,ORELLS BANANA THINS
ystilo,0,0,0,0,0,1,0,0,0,0,1,1,False,False,Ystilo
mr creamy station,0,0,0,0,0,0,1,0,0,0,1,1,False,False,MR. CREAMY STATION
orbisos buko shake and juice center,0,0,0,0,0,0,0,1,0,0,1,1,False,False,ORBISOS BUKO SHAKE AND JUICE CENTER
yssabelle aesthetics and wellness,0,1,0,0,0,0,0,0,0,0,1,1,False,False,YSSABELLE AESTHETICS AND WELLNESS
orange tea,0,0,1,0,0,0,0,0,0,0,1,1,False,False,Orange Tea
universal eye check,0,0,0,0,0,0,1,0,0,0,1,1,False,False,Universal Eye Check
united nude,0,0,0,0,1,0,0,0,0,0,1,1,False,False,United Nude
oui tacos,0,0,0,0,1,0,0,0,0,0,1,1,False,False,Oui Tacos
uniq dental clinic,0,0,0,0,0,0,1,0,0,0,1,1,False,False,UNIQ Dental Clinic
yuvolt,0,0,0,0,0,0,0,1,0,0,1,1,False,False,YUVOLT
yummy treats,0,0,0,0,0,0,1,0,0,0,1,1,False,False,YUMMY TREATS
uninice flower shop,0,0,1,0,0,0,0,0,0,0,1,1,False,False,Uninice Flower Shop
union bank,0,0,0,0,0,1,0,0,0,0,1,1,False,False,Union Bank
yummy panghimagas,0,0,0,0,0,0,0,1,0,0,1,1,False,False,YUMMY PANGHIMAGAS
mr b special puto bumbong,0,0,0,0,0,0,0,0,0,1,1,1,False,False,MR. B Special Puto Bumbong
original biscocho haus kiosk,0,0,0,0,0,0,1,0,0,0,1,1,False,False,Original Biscocho Haus Kiosk
yummy niku,0,0,0,0,0,0,0,1,0,0,1,1,False,False,YUMMY NIKU
mr chowfan,0,0,0,0,0,0,0,0,0,1,1,1,False,False,Mr. Chowfan
uniqlo coffee,0,1,0,0,0,0,0,0,0,0,1,1,False,False,UNIQLO COFFEE
original bakery,0,0,0,0,0,0,0,1,0,0,1,1,False,False,ORIGINAL BAKERY
original all american,0,0,0,0,0,0,1,0,0,0,1,1,False,False,Original All American
originails,0,1,0,0,0,0,0,0,0,0,1,1,False,False,ORIGINAILS
unit 605 coffee,0,0,0,0,0,0,0,1,0,0,1,1,False,False,UNIT 605 COFFEE
united colors of benetton,0,0,0,0,0,0,0,1,0,0,1,1,False,False,UNITED COLORS OF BENETTON
united global specialty center,0,0,0,0,0,0,1,0,0,0,1,1,False,False,UNITED GLOBAL SPECIALTY CENTER
unlimted laundry services,0,0,0,0,0,0,0,1,0,0,1,1,False,False,UNLIMTED LAUNDRY SERVICES
unnie manju,0,0,0,0,0,0,1,0,0,0,1,1,False,False,UNNIE MANJU
orange karenderia,0,0,0,0,0,0,0,1,0,0,1,1,False,False,ORANGE KARENDERIA
oppo kiosk,1,0,0,0,0,0,0,0,0,0,1,1,False,False,Oppo Kiosk
optical house,0,0,0,0,0,0,1,0,0,0,1,1,False,False,Optical House
uptown cinemas snackbar,0,0,0,0,1,0,0,0,0,0,1,1,False,False,Uptown Cinemas - Snackbar
ysa skin and body experts,0,0,1,0,0,0,0,0,0,0,1,1,False,False,Ysa Skin And Body Experts
oppo safariphone,0,0,0,0,0,0,1,0,0,0,1,1,False,False,Oppo/Safariphone
mr d cellphone store,0,0,0,0,0,0,1,0,0,0,1,1,False,False,Mr. D. Cellphone Store
ysa skin & body experts,0,0,0,0,0,0,1,0,0,0,1,1,False,False,Ysa Skin & Body Experts
oppo play telecom,0,0,0,0,0,0,1,0,0,0,1,1,False,False,Oppo/Play Telecom
oppo (techbox international inc ),0,0,0,0,0,0,0,0,1,0,1,1,False,False,OPPO (TECHBOX INTERNATIONAL INC.)
mr creamy station i,0,0,0,0,0,0,1,0,0,0,1,1,False,False,Mr. Creamy Station I 0927-848-6462
ysa dermatology & dentistry,0,0,0,0,0,0,1,0,0,0,1,1,False,False,Ysa Dermatology & Dentistry
yrys,0,0,0,0,0,0,0,1,0,0,1,1,False,False,YRYS
urban pawz,0,0,0,0,0,0,0,1,0,0,1,1,False,False,URBAN PAWZ
yoyis pastries and desserts,0,0,0,0,0,0,1,0,0,0,1,1,False,False,Yoyi's Pastries and Desserts
opis ni juan,0,0,0,0,0,0,1,0,0,0,1,1,False,False,Opis ni Juan
yoyis cakes & pastries,0,0,0,0,0,0,1,0,0,0,1,1,False,False,Yoyi's Cakes & Pastries
yoyi,0,0,0,0,0,0,0,1,0,0,1,1,False,False,YOYI
optical shop,0,0,0,0,0,0,0,1,0,0,1,1,False,False,THE OPTICAL SHOP
uptown cinemas,0,0,0,0,1,0,0,0,0,0,1,1,False,False,Uptown Cinemas
opticians by george,0,1,0,0,0,0,0,0,0,0,1,1,False,False,THE OPTICIANS BY GEORGE
uppercuts barbershop,0,0,0,0,0,0,0,1,0,0,1,1,False,False,UPPERCUTS BARBERSHOP
orange factorie,0,1,0,0,0,0,0,0,0,0,1,1,False,False,ORANGE FACTORIE
uno adventure & holidays,0,0,0,0,1,0,0,0,0,0,1,1,False,False,Uno  Adventure & Holidays
ysobel art gallery,0,1,0,0,0,0,0,0,0,0,1,1,False,False,YSOBEL ART GALLERY
oraderm care clinic,0,0,0,0,1,0,0,0,0,0,1,1,False,False,Oraderm Care Clinic
opulence cafe,0,0,0,0,0,1,0,0,0,0,1,1,False,False,Opulence Cafe
uno lifestyle cafe,0,0,0,0,0,0,0,1,0,0,1,1,False,False,UNO LIFESTYLE CAFÉ
upcycle manila,0,0,0,0,0,1,0,0,0,0,1,1,False,False,Upcycle Manila
ysa skin care center dermatology dentistry,0,0,0,0,1,0,0,0,0,0,1,1,False,False,Ysa Skin Care Center Dermatology - Dentistry
options studios,0,0,0,0,1,0,0,0,0,0,1,1,False,False,Options Studios
mr cutter,0,0,0,0,0,0,1,0,0,0,1,1,False,False,Mr Cutter
ysa skin care,0,0,0,0,0,0,1,0,0,0,1,1,False,False,Ysa Skin Care
options boutique,0,0,0,0,1,0,0,0,0,0,1,1,False,False,Options Boutique
options,0,0,0,0,0,0,0,1,0,0,1,1,False,False,OPTIONS
optimum skin,0,0,0,0,1,0,0,0,0,0,1,1,False,False,Optimum Skin
optimo global,0,0,1,0,0,0,0,0,0,0,1,1,False,False,Optimo Global
oris,1,0,0,0,0,0,0,0,0,0,1,1,False,False,Oris
orlina dental clinic,0,0,0,0,0,0,0,0,0,1,1,1,False,False,ORLINA DENTAL CLINIC
mps telcom,0,0,0,0,0,0,1,0,0,0,1,1,False,False,MPS Telcom
unang panahon,0,0,0,0,0,0,0,1,0,0,1,1,False,False,UNANG PANAHON
ossu,0,0,0,0,0,0,1,0,0,0,1,1,False,False,OSSU 8724-4591
zagu exterior,0,0,0,0,0,0,0,0,1,0,1,1,False,False,ZAGU EXTERIOR
pamela,0,0,0,0,0,1,0,0,0,0,1,1,False,False,Pamela
una casita,0,0,0,0,1,0,0,0,0,0,1,1,False,False,Una Casita
osmar led,0,0,1,0,0,0,0,0,0,0,1,1,False,False,Osmar Led
zachys sweetreats pastillas collection,0,0,0,0,0,0,0,1,0,0,1,1,False,False,ZACHYS SWEETREATS PASTILLAS COLLECTION
una konsulta riversides one stop health shop,0,0,0,0,0,0,0,1,0,0,1,1,False,False,UNA KONSULTA RIVERSIDES ONE-STOP HEALTH SHOP
unarosa,0,0,0,0,0,1,0,0,0,0,1,1,False,False,Unarosa
uncle brew,0,0,0,0,0,0,0,1,0,0,1,1,False,False,UNCLE BREW
oshiekun bites,0,0,0,0,1,0,0,0,0,0,1,1,False,False,Oshiekun Bites
zachasia,0,0,1,0,0,0,0,0,0,0,1,1,False,False,Zachasia
unbox,0,0,0,0,0,1,0,0,0,0,1,1,False,False,Unbox
osaka takoyaki house,0,1,0,0,0,0,0,0,0,0,1,1,False,False,OSAKA TAKOYAKI HOUSE
uncle bobs,0,0,0,0,1,0,0,0,0,0,1,1,False,False,Uncle Bob's
moto aqua flask,0,0,0,0,0,0,1,0,0,0,1,1,False,False,Moto/ Aqua Flask
os furniture furnishings by coast pacific,0,0,0,0,0,0,0,1,0,0,1,1,False,False,OS FURNITURE FURNISHINGS BY COAST PACIFIC
zagu foods gf,0,0,0,0,0,0,0,0,1,0,1,1,False,False,ZAGU FOODS GF
ot dei clinic,0,0,0,0,0,0,1,0,0,0,1,1,False,False,OT DEI CLINIC
umidigi,0,0,0,0,0,0,0,1,0,0,1,1,False,False,UMIDIGI
mothers touch hilot massage,0,0,0,0,0,0,0,1,0,0,1,1,False,False,MOTHER'S TOUCH HILOT + MASSAGE
ouch tattoo & body piercing studio,0,0,0,0,0,0,1,0,0,0,1,1,False,False,OUCH! TATTOO & BODY PIERCING STUDIO
ullis street of asia,0,1,0,0,0,0,0,0,0,0,1,1,False,False,ULLI'S STREET OF ASIA
ultima salon,0,0,0,0,0,1,0,0,0,0,1,1,False,False,Ultima Salon
zaigold,0,0,0,0,0,1,0,0,0,0,1,1,False,False,Zaigold
mothers touch (hilot massage),0,0,0,0,0,0,1,0,0,0,1,1,False,False,Mother's Touch (Hilot + Massage)
otto,0,0,0,0,0,0,1,0,0,0,1,1,False,False,Otto
ultra lagree,0,0,0,0,0,1,0,0,0,0,1,1,False,False,Ultra Lagree
uma uma,0,0,0,0,0,0,0,1,0,0,1,1,False,False,UMA UMA
umami,0,0,0,0,0,0,1,0,0,0,1,1,False,False,UMAMI
umeya,0,0,0,0,0,0,0,1,0,0,1,1,False,False,UMEYA
umi matsu,0,0,0,0,0,0,0,1,0,0,1,1,False,False,UMI MATSU
umi sushi,0,0,0,0,0,0,0,1,0,0,1,1,False,False,UMI SUSHI
otop philippines hub,0,1,0,0,0,0,0,0,0,0,1,1,False,False,OTOP PHILIPPINES HUB
otop ph hub butuan,0,0,0,0,0,0,0,1,0,0,1,1,False,False,OTOP PH HUB BUTUAN
oth tech,0,0,0,0,0,0,1,0,0,0,1,1,False,False,OTH Tech
motomarket,0,0,0,0,1,0,0,0,0,0,1,1,False,False,Motomarket
zabroso pizza & pasta,0,0,0,0,0,0,0,1,0,0,1,1,False,False,ZABROSO PIZZA & PASTA
unimart supermarket,0,0,0,0,0,1,0,0,0,0,1,1,False,False,Unimart Supermarket
unica i,0,0,0,0,0,0,1,0,0,0,1,1,False,False,Unica I 0951-032-9330
yves rocher france,0,0,1,0,0,0,0,0,0,0,1,1,False,False,Yves Rocher France
oro shawarma rice company,0,1,0,0,0,0,0,0,0,0,1,1,False,False,ORO SHAWARMA RICE COMPANY
yvan,0,0,0,0,0,0,1,0,0,0,1,1,False,False,YVAN
mountain express,0,0,0,0,0,0,1,0,0,0,1,1,False,False,MOUNTAIN EXPRESS
oro shawarma,0,0,0,0,0,0,1,0,0,0,1,1,False,False,ORO SHAWARMA
oro saudi gold,0,0,0,0,0,0,1,0,0,0,1,1,False,False,ORO SAUDI GOLD
move dance studio,0,0,0,0,0,0,0,1,0,0,1,1,False,False,MOVE DANCE STUDIO
uniclassy,0,0,0,0,0,0,1,0,0,0,1,1,False,False,Uniclassy
uncle fish balls,0,0,0,0,1,0,0,0,0,0,1,1,False,False,Uncle Fish Balls
oro china premier,0,0,0,0,0,0,0,1,0,0,1,1,False,False,ORO CHINA PREMIER
move it powered rental scooter,0,0,0,0,0,0,0,1,0,0,1,1,False,False,MOVE IT POWERED RENTAL SCOOTER
unigold jewelry,0,0,0,0,0,0,0,1,0,0,1,1,False,False,UNIGOLD JEWELRY
uniking,0,0,0,0,0,0,0,1,0,0,1,1,False,False,UNIKING
movieworld,0,0,0,0,0,0,1,0,0,0,1,1,False,False,MOVIEWORLD
unimart,0,0,0,0,0,1,0,0,0,0,1,1,False,False,Unimart
ormocnet i,0,0,0,0,0,0,1,0,0,0,1,1,False,False,Ormocnet I 0919-086-6069
mountain blend,0,0,0,0,0,0,0,1,0,0,1,1,False,False,MOUNTAIN BLEND
oro talia,0,0,0,0,0,0,1,0,0,0,1,1,False,False,Oro Talia
orocher jewellery store,0,0,0,0,0,0,0,1,0,0,1,1,False,False,OROCHER JEWELLERY STORE
unica by unica hija,0,1,0,0,0,0,0,0,0,0,1,1,False,False,UNICA BY UNICA HIJA
motorino,0,0,0,0,0,0,0,1,0,0,1,1,False,False,MOTORINO
motosport,0,0,0,0,0,0,1,0,0,0,1,1,False,False,Motosport
za wrap food express,0,0,0,0,0,0,0,1,0,0,1,1,False,False,ZA-WRAP FOOD EXPRESS
z and z print labs,0,0,0,0,0,0,0,1,0,0,1,1,False,False,Z AND Z PRINT LABS
motto,0,0,0,0,0,0,1,0,0,0,1,1,False,False,Motto
uncle juans iskrambol,0,0,0,0,0,0,0,1,0,0,1,1,False,False,UNCLE JUANS ISKRAMBOL
orthofix dental center,0,0,0,0,0,0,0,1,0,0,1,1,False,False,ORTHOFIX DENTAL CENTER
uncle moes,0,0,0,0,1,0,0,0,0,0,1,1,False,False,Uncle Moe's
uni barber,0,0,0,0,0,0,1,0,0,0,1,1,False,False,UNI BARBER
orogem jewelry,0,0,0,0,0,0,0,1,0,0,1,1,False,False,OROGEM JEWELRY
uni barber shop spa and salon,0,0,0,0,0,0,0,1,0,0,1,1,False,False,UNI BARBER SHOP SPA AND SALON
uni silver,0,0,1,0,0,0,0,0,0,0,1,1,False,False,Uni Silver
orodiam,0,0,1,0,0,0,0,0,0,0,1,1,False,False,Orodiam
uni silver time,0,0,1,0,0,0,0,0,0,0,1,1,False,False,Uni Silver Time
uniballsity,0,0,0,0,0,0,0,1,0,0,1,1,False,False,UNIBALLSITY
pamana,0,0,0,0,0,1,0,0,0,0,1,1,False,False,Pamana
monters siomai,0,0,0,0,0,0,1,0,0,0,1,1,False,False,MONTERS SIOMAI
pampanga bingo,0,0,0,0,0,0,0,1,0,0,1,1,False,False,PAMPANGA BINGO
top nails,0,0,0,0,1,0,0,0,0,0,1,1,False,False,Top Nails
pc ondemand,0,0,0,0,0,0,0,1,0,0,1,1,False,False,PC ONDEMAND
zippo,0,0,0,0,0,0,0,1,0,0,1,1,False,False,ZIPPO
pc office solution,0,0,0,0,0,0,1,0,0,0,1,1,False,False,PC OFFICE SOLUTION
top ten nails,0,0,0,0,0,0,1,0,0,0,1,1,False,False,Top Ten Nails
pc micro,0,0,0,0,0,0,0,1,0,0,1,1,False,False,PC MICRO
top trust,0,0,0,0,0,0,1,0,0,0,1,1,False,False,Top Trust
tophealth medical clinics part of keralty clinics,0,0,0,0,0,0,0,1,0,0,1,1,False,False,TOPHEALTH MEDICAL CLINICS PART OF KERALTY CLINICS
modern smiles,0,0,0,0,0,0,0,1,0,0,1,1,False,False,MODERN SMILES
topnet enterprise,0,0,0,0,0,0,0,1,0,0,1,1,False,False,TOPNET ENTERPRISE
zip & bottons,0,0,0,0,0,0,1,0,0,0,1,1,False,False,ZIP & Bottons
topokis,0,0,0,0,0,0,0,1,0,0,1,1,False,False,TOPOKIS
topokkiman,0,0,0,0,0,0,0,1,0,0,1,1,False,False,TOPOKKIMAN
toppoki man,0,1,0,0,0,0,0,0,0,0,1,1,False,False,TOPPOKI MAN
pc live,0,0,0,0,0,0,0,1,0,0,1,1,False,False,PC LIVE
moderna,0,0,0,0,1,0,0,0,0,0,1,1,False,False,Moderna
pc hub,0,0,0,0,0,0,0,1,0,0,1,1,False,False,PC HUB
pc gilmore,0,0,0,1,0,0,0,0,0,0,1,1,False,False,PC Gilmore
pc quarters,0,0,0,0,0,0,0,1,0,0,1,1,False,False,PC QUARTERS
modern shang and fish & co,0,0,0,0,0,0,1,0,0,0,1,1,False,False,Modern Shang and Fish & Co
molino grill,0,0,0,0,0,0,1,0,0,0,1,1,False,False,Molino Grill
top n dog,0,0,0,0,0,0,0,1,0,0,1,1,False,False,TOP N DOG
tool box,0,0,0,0,0,0,1,0,0,0,1,1,False,False,Tool Box
tools trading,0,0,0,0,0,0,1,0,0,0,1,1,False,False,Tool's Trading
tooth doctor,0,0,0,0,0,0,1,0,0,0,1,1,False,False,THE TOOTH DOCTOR
pcbs,0,0,0,0,0,0,1,0,0,0,1,1,False,False,PCBS
tooth fairies dental clinic,0,0,0,0,0,0,1,0,0,0,1,1,False,False,Tooth Fairies Dental Clinic (032)511-4518
pc worx tempo satellite,0,0,1,0,0,0,0,0,0,0,1,1,False,False,Pc Worx Tempo Satellite
tooth spa dental clinic,0,0,0,0,0,0,1,0,0,0,1,1,False,False,Tooth Spa Dental Clinic
toothfix,0,0,0,0,0,0,1,0,0,0,1,1,False,False,Toothfix
zn pearl shake,0,0,0,0,0,0,1,0,0,0,1,1,False,False,ZN Pearl Shake
toothville,0,0,0,0,0,0,1,0,0,0,1,1,False,False,TOOTHVILLE
top & bottom,0,1,0,0,0,0,0,0,0,0,1,1,False,False,TOP & BOTTOM
top brands,0,0,0,1,0,0,0,0,0,0,1,1,False,False,Top Brands
pc quickbuys computer sales and services,0,1,0,0,0,0,0,0,0,0,1,1,False,False,PC QUICKBUYS COMPUTER SALES AND SERVICES
top brands jag tribal lee us polo assn,0,0,0,0,0,0,0,1,0,0,1,1,False,False,TOP BRANDS JAG TRIBAL LEE US POLO ASSN
top breed,0,1,0,0,0,0,0,0,0,0,1,1,False,False,TOP BREED
top gadgets and gear hub,0,1,0,0,0,0,0,0,0,0,1,1,False,False,TOP GADGETS AND GEAR HUB
zl tax and accounting services,0,0,0,0,0,0,1,0,0,0,1,1,False,False,ZL Tax and Accounting Services
pc gadgets mobile hub,0,0,0,0,0,0,0,1,0,0,1,1,False,False,PC GADGETS MOBILE HUB
tops sizzling,0,0,0,0,0,0,0,1,0,0,1,1,False,False,TOPS SIZZLING
zayre medical supplies,0,0,0,0,0,0,1,0,0,0,1,1,False,False,Zayre Medical Supplies
touch & type,0,0,0,0,0,0,1,0,0,0,1,1,False,False,Touch & Type
touch of art photo printing,0,0,0,0,0,0,0,1,0,0,1,1,False,False,TOUCH OF ART PHOTO PRINTING
pawssentials pet store,0,0,0,0,0,0,0,1,0,0,1,1,False,False,PAWSSENTIALS PET STORE
paws unlimited,0,0,0,0,0,1,0,0,0,0,1,1,False,False,Paws Unlimited
paws fins & tails,0,0,0,0,1,0,0,0,0,0,1,1,False,False,Paws Fins & Tails
touch of thai,0,0,0,0,0,0,1,0,0,0,1,1,False,False,TOUCH OF THAI
pawchester,0,0,0,0,0,1,0,0,0,0,1,1,False,False,Pawchester
paw station,0,0,0,0,1,0,0,0,0,0,1,1,False,False,The Paw Station
paul smith,0,1,0,0,0,0,0,0,0,0,1,1,False,False,PAUL SMITH
touch with faith,0,0,0,0,0,0,1,0,0,0,1,1,False,False,Touch with Faith
paul,0,0,0,0,0,0,1,0,0,0,1,1,False,False,PAUL
tough unscratched,0,0,0,0,0,0,0,1,0,0,1,1,False,False,TOUGH UNSCRATCHED
towel republic,0,0,0,0,0,0,1,0,0,0,1,1,False,False,Towel Republic
patsada accessories,0,0,0,0,0,0,0,1,0,0,1,1,False,False,PATSADA ACCESSORIES
momo cart,0,0,0,0,0,0,1,0,0,0,1,1,False,False,Momo Cart
town orchids design & concepts,0,1,0,0,0,0,0,0,0,0,1,1,False,False,TOWN ORCHIDS DESIGN & CONCEPTS
toy nuts,0,0,0,0,0,1,0,0,0,0,1,1,False,False,Toy Nuts
patrick toy shop,0,0,0,0,0,1,0,0,0,0,1,1,False,False,Patrick Toy Shop
mommas fresh lumpia,0,0,0,0,0,0,0,1,0,0,1,1,False,False,MOMMAS FRESH LUMPIA
totu,0,0,0,0,0,0,0,1,0,0,1,1,False,False,TOTU
zion 1,0,0,0,0,1,0,0,0,0,0,1,1,False,False,Zion-1
mom ube choco champorado,0,0,0,0,0,0,1,0,0,0,1,1,False,False,MOM' UBE CHOCO CHAMPORADO
pc dynamic,0,0,0,0,0,0,0,1,0,0,1,1,False,False,PC DYNAMIC
pc depot,0,0,0,0,0,0,0,1,0,0,1,1,False,False,PC DEPOT
mom czes pares mami house,0,0,0,0,0,0,1,0,0,0,1,1,False,False,Mom Cze's Pares Mami House
torimomo,0,0,0,0,0,0,1,0,0,0,1,1,False,False,Torimomo
toris buco corner,0,0,0,0,0,0,0,1,0,0,1,1,False,False,TORIS BUCO CORNER
pc cartel,0,0,0,0,0,0,0,1,0,0,1,1,False,False,PC CARTEL
tortosa organic farm,0,1,0,0,0,0,0,0,0,0,1,1,False,False,TORTOSA ORGANIC FARM
tory burch,0,1,0,0,0,0,0,0,0,0,1,1,False,False,TORY BURCH
toryanos chicken haus,0,0,0,0,0,0,0,1,0,0,1,1,False,False,TORYANOS CHICKEN HAUS
pc broker,0,0,0,0,0,0,0,1,0,0,1,1,False,False,PC BROKER
tosh,0,0,0,0,0,0,1,0,0,0,1,1,False,False,TOSH
pazzion,0,1,0,0,0,0,0,0,0,0,1,1,False,False,PAZZION
pazu,0,0,0,0,0,0,0,1,0,0,1,1,False,False,PAZU
totobits streat food stall,0,0,0,0,0,0,0,1,0,0,1,1,False,False,TOTOBITS STREAT FOOD STALL
totongs delicacies,0,1,0,0,0,0,0,0,0,0,1,1,False,False,TOTONG’S DELICACIES
payless shoe store,0,0,0,0,0,0,1,0,0,0,1,1,False,False,Payless Shoe Store
payless shoe source,1,0,0,0,0,0,0,0,0,0,1,1,False,False,Payless Shoe Source
pcso outlet,0,0,0,0,0,0,1,0,0,0,1,1,False,False,PCSO OUTLET
modern pet,0,0,0,0,1,0,0,0,0,0,1,1,False,False,Modern Pet
toocki,0,0,0,0,0,0,0,1,0,0,1,1,False,False,TOOCKI
tom sawyers old fashioned krispy chicken,0,0,0,0,0,0,0,1,0,0,1,1,False,False,TOM SAWYER'S OLD FASHIONED KRISPY CHICKEN
mobteq,0,0,0,0,0,0,0,1,0,0,1,1,False,False,MOBTEQ
tomato time,0,0,0,1,0,0,0,0,0,0,1,1,False,False,Tomato Time
peoples palace,0,1,0,0,0,0,0,0,0,0,1,1,False,False,PEOPLE'S PALACE
peoples champorado,0,0,0,0,0,0,1,0,0,0,1,1,False,False,People's Champorado
zu boh ti,0,0,0,0,0,0,1,0,0,0,1,1,False,False,ZU BOH TI
mochi mama,0,0,0,0,0,0,0,1,0,0,1,1,False,False,MOCHI MAMA
mod audio ph,0,0,0,0,0,0,0,1,0,0,1,1,False,False,MOD AUDIO PH
zu,0,0,0,0,0,1,0,0,0,0,1,1,False,False,Zu
ztwo,0,0,0,0,0,0,1,0,0,0,1,1,False,False,Ztwo
penongs barbecue seafoods and grill,0,0,0,0,0,0,0,1,0,0,1,1,False,False,PENONGS BARBECUE SEAFOODS AND GRILL
tommy hilfiger by the watch store,0,0,0,0,0,0,0,1,0,0,1,1,False,False,TOMMY HILFIGER BY THE WATCH STORE
penn & paengs kakanin,0,0,0,0,0,0,1,0,0,0,1,1,False,False,PENN & PAENG'S KAKANIN
penguin,0,0,0,0,0,0,1,0,0,0,1,1,False,False,Penguin
pelican fresh farm produce,0,1,0,0,0,0,0,0,0,0,1,1,False,False,PELICAN FRESH FARM PRODUCE
peking garden,0,1,0,0,0,0,0,0,0,0,1,1,False,False,PEKING GARDEN
tommy jeans,0,0,0,0,0,0,1,0,0,0,1,1,False,False,Tommy Jeans
modbed,0,0,0,0,0,1,0,0,0,0,1,1,False,False,modbed
pepd pampanga,0,0,0,0,0,0,0,1,0,0,1,1,False,False,PEPD PAMPANGA
tom sawyers,0,0,0,0,0,1,0,0,0,0,1,1,False,False,Tom Sawyer's
pcworx,0,1,0,0,0,0,0,0,0,0,1,1,False,False,PCWORX
tom n toms coffee,0,0,0,0,1,0,0,0,0,0,1,1,False,False,Tom N Toms Coffee
perfect pixel,0,0,0,0,0,0,1,0,0,0,1,1,False,False,Perfect Pixel
tokyo milk cheese factory & cow cow ice,0,1,0,0,0,0,0,0,0,0,1,1,False,False,TOKYO MILK CHEESE FACTORY & COW COW ICE
tokyo milkcheese factory,0,0,0,0,0,1,0,0,0,0,1,1,False,False,Tokyo Milkcheese Factory
tokyo store,0,0,0,0,0,0,1,0,0,0,1,1,False,False,@TOKYO STORE
perfect image,0,0,0,0,0,0,1,0,0,0,1,1,False,False,Perfect Image
toledo medical clinic,0,0,0,0,1,0,0,0,0,0,1,1,False,False,Toledo Medical Clinic
tolentino law office,0,0,0,0,1,0,0,0,0,0,1,1,False,False,Tolentino Law Office
perene cakes and pastries,0,0,0,0,0,0,1,0,0,0,1,1,False,False,PERENE CAKES AND PASTRIES
pera mpc,0,0,0,0,0,0,1,0,0,0,1,1,False,False,Pera MPC
zydnieland ferielle,0,0,0,0,0,0,0,1,0,0,1,1,False,False,ZYDNIELAND FERIELLE
zyberone service center,0,0,0,0,0,0,0,1,0,0,1,1,False,False,ZYBERONE SERVICE CENTER
zyberauto,0,0,0,0,0,0,1,0,0,0,1,1,False,False,ZYBERAUTO
zya & knox home furniture,0,1,0,0,0,0,0,0,0,0,1,1,False,False,ZYA & KNOX HOME FURNITURE
zuriels gadget & accessories shop,0,0,0,0,0,0,1,0,0,0,1,1,False,False,Zuriel's Gadget & Accessories Shop
mobistar cellphone and accessories,0,0,0,0,0,0,1,0,0,0,1,1,False,False,MOBISTAR CELLPHONE AND ACCESSORIES
tollhouse,0,1,0,0,0,0,0,0,0,0,1,1,False,False,TOLLHOUSE
tom n toms,0,0,0,0,0,0,1,0,0,0,1,1,False,False,TOM N' TOMS
zte mobile,0,0,0,0,0,0,0,1,0,0,1,1,False,False,ZTE MOBILE
pedro the grocer,0,0,0,0,1,0,0,0,0,0,1,1,False,False,Pedro the Grocer
zozo frozen yogurt,0,0,0,0,0,0,0,1,0,0,1,1,False,False,ZOZO FROZEN YOGURT
toms playground,0,0,0,0,0,0,1,0,0,0,1,1,False,False,TOM'S PLAYGROUND
tong yang shabu shabu express,0,0,0,0,0,0,0,1,0,0,1,1,False,False,TONG YANG SHABU SHABU EXPRESS
tongara ramen,0,0,0,0,0,1,0,0,0,0,1,1,False,False,Tongara Ramen
toni & sergio,0,0,0,0,1,0,0,0,0,0,1,1,False,False,Toni & Sergio
toni and guy,0,1,0,0,0,0,0,0,0,0,1,1,False,False,TONI AND GUY
peak sport,0,0,1,0,0,0,0,0,0,0,1,1,False,False,Peak Sport
peak physical theraphy & scoliosis center,0,0,0,0,1,0,0,0,0,0,1,1,False,False,PEAK Physical Theraphy & Scoliosis Center
zoofari,0,0,0,0,0,0,0,1,0,0,1,1,False,False,ZOOFARI
toni guy,0,0,0,0,0,0,0,1,0,0,1,1,False,False,TONI GUY
pdos travel express,0,1,0,0,0,0,0,0,0,0,1,1,False,False,PDOS TRAVEL EXPRESS
pdf massage,0,0,0,0,0,0,1,0,0,0,1,1,False,False,PDF Massage
tonkatsu aoki,0,0,0,0,1,0,0,0,0,0,1,1,False,False,Tonkatsu Aoki
zojirushi,0,1,0,0,0,0,0,0,0,0,1,1,False,False,ZOJIRUSHI
modern optics and eye center,0,0,0,0,0,0,0,1,0,0,1,1,False,False,MODERN OPTICS AND EYE CENTER
pcx mobile,0,0,0,0,0,0,0,1,0,0,1,1,False,False,PCX MOBILE
tonton tei takoyaki,0,0,0,0,0,0,1,0,0,0,1,1,False,False,Tonton Tei Takoyaki
tony & jackey beauty salon,0,0,1,0,0,0,0,0,0,0,1,1,False,False,Tony & Jackey Beauty Salon
toob oh treats,0,0,0,0,0,0,1,0,0,0,1,1,False,False,TOOB OH TREATS
pearl body touch facial center,0,0,0,0,0,0,1,0,0,0,1,1,False,False,PEARL BODY TOUCH FACIAL CENTER
pearl dianne,0,1,0,0,0,0,0,0,0,0,1,1,False,False,PEARL DIANNE
pearl farm,0,1,0,0,0,0,0,0,0,0,1,1,False,False,PEARL FARM
modern optics,0,0,0,0,0,0,0,1,0,0,1,1,False,False,MODERN OPTICS
modern bamboo,0,0,0,0,0,0,0,1,0,0,1,1,False,False,MODERN BAMBOO
modern dental studio,0,0,0,0,1,0,0,0,0,0,1,1,False,False,Modern Dental Studio
pedritz sizzling hub,0,0,0,0,0,0,0,0,0,1,1,1,False,False,Pedritz Sizzling Hub
toms world mall train,0,0,0,0,0,0,1,0,0,0,1,1,False,False,TOM'S WORLD MALL TRAIN
modern gadgets,0,0,1,0,0,0,0,0,0,0,1,1,False,False,Modern Gadgets
toms world satelite,0,0,0,0,0,0,1,0,0,0,1,1,False,False,TOM'S WORLD SATELITE
ton ton thai massage,0,0,0,0,0,0,0,1,0,0,1,1,False,False,TON TON THAI MASSAGE
peculiar eyewear,0,0,0,0,0,0,0,1,0,0,1,1,False,False,PECULIAR EYEWEAR
pearl market,0,1,0,0,0,0,0,0,0,0,1,1,False,False,PEARL MARKET!
peavey,1,0,0,0,0,0,0,0,0,0,1,1,False,False,Peavey
peastry shop,0,0,1,0,0,0,0,0,0,0,1,1,False,False,The Peastry Shop
tong se,0,0,0,0,0,0,1,0,0,0,1,1,False,False,Tong Se
zorro boomz petshop,0,0,0,0,0,1,0,0,0,0,1,1,False,False,Zorro Boomz Petshop
tong yang grill shabu shabu,0,0,0,0,0,0,0,1,0,0,1,1,False,False,TONG YANG GRILL SHABU-SHABU
zoomoov,0,0,0,0,1,0,0,0,0,0,1,1,False,False,Zoomoov
pearl shop & precious stone village,0,0,1,0,0,0,0,0,0,0,1,1,False,False,Pearl Shop & Precious Stone Village
patricio dental plaza,0,0,0,0,0,0,0,1,0,0,1,1,False,False,THE PATRICIO DENTAL PLAZA
toy town,0,0,1,0,0,0,0,0,0,0,1,1,False,False,Toy Town
patek philippe,0,1,0,0,0,0,0,0,0,0,1,1,False,False,PATEK PHILIPPE
zencell telecom,0,0,0,0,0,0,0,1,0,0,1,1,False,False,ZENCELL TELECOM
papermoon,0,0,0,0,0,1,0,0,0,0,1,1,False,False,Papermoon
tropical hut,0,0,0,0,0,1,0,0,0,0,1,1,False,False,Tropical Hut
zen sushi,0,0,0,0,0,0,0,1,0,0,1,1,False,False,ZEN SUSHI
paper world,0,0,0,0,0,0,1,0,0,0,1,1,False,False,Paper World
tropics salad delights,0,0,0,0,0,0,0,1,0,0,1,1,False,False,TROPICS SALAD DELIGHTS
zen cell,0,0,1,0,0,0,0,0,0,0,1,1,False,False,Zen Cell
tru check medical and diagnostic center,0,0,0,0,0,0,1,0,0,0,1,1,False,False,TRU-Check Medical and Diagnostic Center
paper bunny,0,0,0,0,1,0,0,0,0,0,1,1,False,False,The Paper Bunny
true boss,0,0,0,0,0,0,0,1,0,0,1,1,False,False,TRUE BOSS
papelemento visual arts and scenography,0,0,0,0,0,0,0,1,0,0,1,1,False,False,PAPELEMENTO VISUAL ARTS AND SCENOGRAPHY
true lemon,0,0,0,0,1,0,0,0,0,0,1,1,False,False,True Lemon
papatoks food hub,0,0,0,0,0,0,0,1,0,0,1,1,False,False,PAPATOK'S FOOD HUB
papa kebs shawarma and kebab,0,0,0,0,0,0,0,1,0,0,1,1,False,False,PAPA KEBS SHAWARMA AND KEBAB
papa johns,0,0,0,0,0,0,0,0,0,1,1,1,False,False,Papa John's
true north empanada,0,0,0,0,0,0,0,1,0,0,1,1,False,False,TRUE NORTH EMPANADA
paolo sebastian,0,0,0,0,0,0,0,0,0,1,1,1,False,False,Paolo Sebastian
monstericed,0,0,0,0,0,0,0,0,0,1,1,1,False,False,Monstericed
zen zone massage chairs,0,1,0,0,0,0,0,0,0,0,1,1,False,False,ZEN-ZONE MASSAGE CHAIRS
zenith,0,0,0,0,1,0,0,0,0,0,1,1,False,False,Zenith
monki,0,0,0,0,0,0,0,1,0,0,1,1,False,False,MONKI
zensuals beauty & nail lounge,0,0,0,0,1,0,0,0,0,0,1,1,False,False,Zensuals Beauty & Nail Lounge
triboa bay living,0,0,0,0,0,0,0,1,0,0,1,1,False,False,TRIBOA BAY LIVING
paraiba,0,0,0,0,0,0,1,0,0,0,1,1,False,False,Paraiba 8425-677 / 09555695900
tribu,0,0,0,1,0,0,0,0,0,0,1,1,False,False,Tribu
tricels ensaymada,0,1,0,0,0,0,0,0,0,0,1,1,False,False,TRICEL'S ENSAYMADA
zenway health and beauty shop,0,0,0,0,0,0,0,1,0,0,1,1,False,False,ZENWAY HEALTH AND BEAUTY SHOP
paragon,0,0,0,0,1,0,0,0,0,0,1,1,False,False,Paragon
mono mansion,0,0,0,0,0,0,0,1,0,0,1,1,False,False,MONO MANSION
mons takuyaki japanese food cart,0,0,0,0,0,0,0,1,0,0,1,1,False,False,MONS TAKUYAKI JAPANESE FOOD CART
tricia fashion jewelry and accessories shop,0,0,0,0,0,0,1,0,0,0,1,1,False,False,Tricia Fashion Jewelry and Accessories Shop
paradise air freshener,0,0,0,0,0,0,0,1,0,0,1,1,False,False,PARADISE AIR FRESHENER
paradise air,0,0,0,0,0,0,0,1,0,0,1,1,False,False,PARADISE AIR
trip hub travel services,0,0,0,0,0,0,0,1,0,0,1,1,False,False,TRIP HUB TRAVEL SERVICES
triple fajitas,0,0,0,0,0,0,1,0,0,0,1,1,False,False,Triple Fajitas
papu panda captains cove,0,0,0,1,0,0,0,0,0,0,1,1,False,False,Papu Panda Captains Cove
paps cyclezone,0,0,0,0,0,0,1,0,0,0,1,1,False,False,Paps Cyclezone
zentea,0,0,0,0,0,0,1,0,0,0,1,1,False,False,Zentea
trish and trin,0,0,0,0,0,0,1,0,0,0,1,1,False,False,Trish and Trin
pao tsin specialties,0,0,0,0,0,0,0,1,0,0,1,1,False,False,PAO TSIN SPECIALTIES
pao tsin,0,0,0,0,0,0,1,0,0,0,1,1,False,False,PAO TSIN
zele wellness center,0,0,0,0,0,0,0,1,0,0,1,1,False,False,ZELE WELLNESS CENTER
mont blanc,0,0,0,0,0,0,1,0,0,0,1,1,False,False,Mont-Blanc
monza barcade concept,0,0,0,0,1,0,0,0,0,0,1,1,False,False,Monza / Barcade Concept
tteokis party needs,0,0,0,0,0,0,1,0,0,0,1,1,False,False,TTEOKI'S PARTY NEEDS
panaderro bakery,0,0,0,0,0,0,0,1,0,0,1,1,False,False,PANADERRO BAKERY
ttom travel services,0,0,0,0,0,0,1,0,0,0,1,1,False,False,TTOM TRAVEL SERVICES
panaderia pantoja,0,1,0,0,0,0,0,0,0,0,1,1,False,False,PANADERIA PANTOJA
tuan tuan chinese brasserie,0,1,0,0,0,0,0,0,0,0,1,1,False,False,TUAN TUAN CHINESE BRASSERIE
mood brows and lashes,0,0,0,0,0,0,0,1,0,0,1,1,False,False,MOOD BROWS AND LASHES
zedrick,0,0,0,0,0,0,1,0,0,0,1,1,False,False,Zedrick
pan de sal express,0,1,0,0,0,0,0,0,0,0,1,1,False,False,PAN DE SAL EXPRESS
tubo cane juice,0,0,1,0,0,0,0,0,0,0,1,1,False,False,Tubo Cane Juice
tubong banua jewelry services,0,0,0,0,0,0,0,0,0,1,1,1,False,False,Tubong Banua Jewelry Services
pampered & polished wellness & spa,0,1,0,0,0,0,0,0,0,0,1,1,False,False,PAMPERED & POLISHED WELLNESS & SPA
moonleaf,0,0,0,0,0,0,0,1,0,0,1,1,False,False,MOONLEAF
tuburan cafe,0,0,0,0,0,0,0,1,0,0,1,1,False,False,TUBURAN CAFE
moonleaf tea,0,0,0,0,0,0,1,0,0,0,1,1,False,False,MOONLEAF TEA
moonsky sunny,0,0,0,0,0,0,0,1,0,0,1,1,False,False,MOONSKY SUNNY
pampanga regional cart,0,1,0,0,0,0,0,0,0,0,1,1,False,False,PAMPANGA REGIONAL CART
zedrick cellshop and laptop accessories,0,0,0,0,0,0,1,0,0,0,1,1,False,False,Zedrick Cellshop and Laptop Accessories
pananom co,0,0,0,0,0,0,0,1,0,0,1,1,False,False,PANANOM CO
tsuru,0,1,0,0,0,0,0,0,0,0,1,1,False,False,TSURU
tsim sha tsui dimsum & tea,0,1,0,0,0,0,0,0,0,0,1,1,False,False,TSIM SHA TSUI DIMSUM & TEA
panulce,0,0,0,0,0,0,1,0,0,0,1,1,False,False,Panulce
trust trade,0,0,0,0,0,0,1,0,0,0,1,1,False,False,TRUST TRADE
tsboost beauty salon,0,0,0,0,0,0,1,0,0,0,1,1,False,False,TSBOOST BEAUTY SALON
panerai,0,1,0,0,0,0,0,0,0,0,1,1,False,False,PANERAI
zeiss vision center,0,0,0,0,0,1,0,0,0,0,1,1,False,False,Zeiss Vision Center
montblanc,0,1,0,0,0,0,0,0,0,0,1,1,False,False,MONTBLANC
tsim sha tsu,0,0,0,0,0,0,1,0,0,0,1,1,False,False,Tsim Sha Tsu
pandayan book shop,0,0,0,1,0,0,0,0,0,0,1,1,False,False,PANDAYAN BOOK SHOP
tsukemen,0,0,0,0,0,0,1,0,0,0,1,1,False,False,TSUKEMEN
tsim sha tsui dimsum tea bar,0,0,0,0,0,0,0,1,0,0,1,1,False,False,TSIM SHA TSUI DIMSUM TEA BAR
monteal money changer,0,0,0,0,1,0,0,0,0,0,1,1,False,False,Monteal Money Changer
yowell all you can,0,0,0,0,0,0,0,1,0,0,1,1,False,False,YOWELL ALL YOU CAN
panco cafe,0,0,0,0,0,0,0,1,0,0,1,1,False,False,PANCO CAFÉ
tsukada nojo,0,0,0,0,0,0,0,1,0,0,1,1,False,False,TSUKADA NOJO
montesa medical group aesthetic center,0,1,0,0,0,0,0,0,0,0,1,1,False,False,MONTESA MEDICAL GROUP AESTHETIC CENTER
tsuke men,0,0,0,0,0,0,0,1,0,0,1,1,False,False,TSUKE-MEN
tribal cuts,0,0,0,0,0,0,1,0,0,0,1,1,False,False,TRIBAL CUTS
monkey grounds coffee,0,0,0,0,1,0,0,0,0,0,1,1,False,False,Monkey Grounds Coffee
zids sticker shop,0,0,0,0,0,0,0,1,0,0,1,1,False,False,ZIDS STICKER SHOP
passion & health lines,0,0,0,0,0,0,1,0,0,0,1,1,False,False,Passion & Health Lines
moms ube choco champorado,0,0,0,0,0,0,1,0,0,0,1,1,False,False,MOMS UBE-CHOCO CHAMPORADO
pasig city hall annex 2,0,0,0,0,0,0,1,0,0,0,1,1,False,False,PASIG CITY HALL ANNEX 2
zhenti massage,0,0,0,0,0,0,0,1,0,0,1,1,False,False,ZHENTI MASSAGE
paseo art gallery,0,0,0,0,0,0,0,1,0,0,1,1,False,False,PASEO ART GALLERY
pasarabo ilocandia,0,0,0,0,0,0,1,0,0,0,1,1,False,False,PASARABO ILOCANDIA 0907-141-1116
transview,0,0,0,0,0,0,0,1,0,0,1,1,False,False,TRANSVIEW
pasalubong centrale,0,1,0,0,0,0,0,0,0,0,1,1,False,False,PASALUBONG CENTRALE
zh&k mobile,0,0,0,0,0,0,0,0,0,1,1,1,False,False,ZH&K Mobile
trattoria altrove,0,0,0,0,0,0,0,1,0,0,1,1,False,False,TRATTORIA ALTROVE
monarch montage skin science and medical aesthetics,0,0,1,0,0,0,0,0,0,0,1,1,False,False,Monarch Montage Skin Science And Medical Aesthetics
mondae,0,0,0,0,0,0,0,1,0,0,1,1,False,False,MONDAE
party house by michelle ballon shop,0,0,0,0,0,0,1,0,0,0,1,1,False,False,PARTY HOUSE BY MICHELLE BALLON SHOP
travel care,0,0,0,0,0,0,1,0,0,0,1,1,False,False,Travel Care
partners in child,0,0,0,0,0,0,0,0,0,1,1,1,False,False,Partners in Child
parties unlimited,0,0,0,0,0,0,0,1,0,0,1,1,False,False,PARTIES UNLIMITED
travel club & delsey,0,0,0,0,1,0,0,0,0,0,1,1,False,False,The Travel Club & Delsey
money changer,0,0,0,0,0,0,1,0,0,0,1,1,False,False,Money Changer
passenger seat,0,0,0,0,0,0,0,1,0,0,1,1,False,False,PASSENGER SEAT
tranis resto bar,0,0,0,0,0,0,0,1,0,0,1,1,False,False,TRANIS RESTO BAR
paramount life and general insurance,0,0,0,0,0,0,0,1,0,0,1,1,False,False,PARAMOUNT LIFE AND GENERAL INSURANCE
passionails nail salon and spa,0,1,0,0,0,0,0,0,0,0,1,1,False,False,PASSIONAILS NAIL SALON AND SPA
toyota mabolo cebu inc,0,0,0,0,0,0,1,0,0,0,1,1,False,False,"Toyota Mabolo Cebu, Inc."
pat & cameo,0,0,0,0,0,1,0,0,0,0,1,1,False,False,Pat & Cameo
pasty shop of bobs,0,0,0,0,0,0,1,0,0,0,1,1,False,False,THE PASTY SHOP OF BOB'S
pastry shop of bobs,0,0,0,0,0,0,1,0,0,0,1,1,False,False,The Pastry Shop Of Bob's
toys r us toy box,0,0,0,0,0,0,1,0,0,0,1,1,False,False,TOYS R US TOY BOX
pasto,0,0,0,0,1,0,0,0,0,0,1,1,False,False,Pasto
pastil nation,0,0,0,0,1,0,0,0,0,0,1,1,False,False,Pastil Nation
toytown,0,1,0,0,0,0,0,0,0,0,1,1,False,False,TOYTOWN
zhulin restaurant,0,0,0,0,0,0,1,0,0,0,1,1,False,False,ZHULIN RESTAURANT
tracy elaine silver,0,0,0,0,0,0,0,0,0,1,1,1,False,False,TRACY ELAINE Silver
traffic,0,0,0,0,0,1,0,0,0,0,1,1,False,False,Traffic
pasta dolce amore,0,0,0,0,0,0,1,0,0,0,1,1,False,False,PASTA DOLCE AMORE TEMPORARILY CLOSED
zhenzhu massage,0,0,0,0,0,0,1,0,0,0,1,1,False,False,Zhenzhu Massage
trail sign outdoor shop,0,0,0,0,0,0,0,1,0,0,1,1,False,False,TRAIL SIGN OUTDOOR SHOP
trajet travel agency,0,0,0,0,0,0,1,0,0,0,1,1,False,False,TRAJET TRAVEL AGENCY
passionnails,0,0,1,0,0,0,0,0,0,0,1,1,False,False,Passionnails
passionart gallery,0,0,0,0,0,0,0,1,0,0,1,1,False,False,PASSIONART GALLERY
money xpress,0,0,0,0,1,0,0,0,0,0,1,1,False,False,Money Xpress
travel lounge,0,0,0,0,0,0,1,0,0,0,1,1,False,False,TRAVEL LOUNGE
travel port travel and tours,0,1,0,0,0,0,0,0,0,0,1,1,False,False,TRAVEL PORT TRAVEL AND TOURS
parks bakery k mart,0,0,0,0,0,0,0,1,0,0,1,1,False,False,PARKS BAKERY K-MART
paref preschool rosefield south triangle,0,0,0,0,0,0,0,1,0,0,1,1,False,False,PAREF PRESCHOOL ROSEFIELD SOUTH TRIANGLE
monga & siobee roasters,0,0,0,0,0,0,0,0,0,1,1,1,False,False,Monga & Siobee Roasters
tres,0,0,0,0,0,0,0,1,0,0,1,1,False,False,TRES
tres filipino twist,0,0,0,0,0,0,1,0,0,0,1,1,False,False,TRES FILIPINO TWIST
treskuleros records trading,1,0,0,0,0,0,0,0,0,0,1,1,False,False,Treskuleros Records Trading
mongolian quick stop,0,0,0,0,0,0,0,0,0,1,1,1,False,False,Mongolian Quick Stop
tresor rare,0,0,0,0,0,0,1,0,0,0,1,1,False,False,TRESOR RARE
tri c jewelry,0,0,0,0,0,0,1,0,0,0,1,1,False,False,Tri-C Jewelry
parasat hd,0,1,0,0,0,0,0,0,0,0,1,1,False,False,PARASAT HD
monicas apartment laundry room,0,0,0,0,1,0,0,0,0,0,1,1,False,False,Monica's Apartment Laundry Room
monicas handicrafts,0,0,0,0,0,0,0,1,0,0,1,1,False,False,MONICAS HANDICRAFTS
paras alterstation,0,0,0,0,0,0,1,0,0,0,1,1,False,False,PARAS ALTERSTATION 0945-592-5424 (NEW)
paras alteration,0,0,0,0,0,0,1,0,0,0,1,1,False,False,Paras Alteration
tri c pawnshop,0,0,0,0,0,0,1,0,0,0,1,1,False,False,TRI-C PAWNSHOP
triangle,0,0,0,0,0,0,1,0,0,0,1,1,False,False,Triangle
zenzest,0,0,0,0,0,0,1,0,0,0,1,1,False,False,Zenzest
paramus,0,1,0,0,0,0,0,0,0,0,1,1,False,False,PARAMUS
pares at sizzling,0,0,0,0,1,0,0,0,0,0,1,1,False,False,Pares at Sizzling
pares at tendon,0,0,0,0,0,0,0,1,0,0,1,1,False,False,PARES AT TENDON
trendz,0,0,0,0,0,0,1,0,0,0,1,1,False,False,Trendz
paris esse parfum,0,0,1,0,0,0,0,0,0,0,1,1,False,False,Paris Esse Parfum
parklane,0,0,0,0,0,0,1,0,0,0,1,1,False,False,PARKLANE
parking,0,0,0,0,0,1,0,0,0,0,1,1,False,False,Parking
travel scoot,0,0,0,0,0,1,0,0,0,0,1,1,False,False,Travel Scoot
park avenue,0,0,0,0,0,1,0,0,0,0,1,1,False,False,Park Avenue
zero one story salon,0,0,0,0,1,0,0,0,0,0,1,1,False,False,Zero One Story Salon
travel time,0,0,1,0,0,0,0,0,0,0,1,1,False,False,Travel Time
travelease,0,0,0,0,0,0,0,1,0,0,1,1,False,False,TRAVELEASE
paris crepes,0,0,0,0,0,0,0,1,0,0,1,1,False,False,PARIS CREPES
trendy merch novelty shop,0,0,0,0,0,0,0,1,0,0,1,1,False,False,TRENDY MERCH NOVELTY SHOP
travelesque tours,0,0,0,0,0,0,0,1,0,0,1,1,False,False,TRAVELESQUE TOURS
travelgeeks co,0,0,0,0,0,0,0,1,0,0,1,1,False,False,TRAVELGEEKS CO
travelista tours and services,0,0,0,0,0,0,0,1,0,0,1,1,False,False,TRAVELISTA TOURS AND SERVICES
treasure box,0,0,0,0,0,0,0,1,0,0,1,1,False,False,TREASURE BOX
zero degree,0,0,0,0,0,0,0,1,0,0,1,1,False,False,ZERO DEGREE
parilya,0,0,1,0,0,0,0,0,0,0,1,1,False,False,Parilya
tree shade spa,0,1,0,0,0,0,0,0,0,0,1,1,False,False,TREE SHADE SPA
mr diecast & collectibles,0,0,0,0,0,0,1,0,0,0,1,1,False,False,Mr. Diecast & Collectibles
v store,0,0,0,0,0,0,0,1,0,0,1,1,False,False,V STORE
ophthal mix optical service,0,0,0,0,0,0,0,1,0,0,1,1,False,False,OPHTHAL-MIX OPTICAL SERVICE
new bombay restaurant,0,0,0,0,0,0,0,1,0,0,1,1,False,False,NEW BOMBAY RESTAURANT
music museum,0,0,0,0,0,1,0,0,0,0,1,1,False,False,Music Museum
wealth tea,0,0,0,0,0,0,0,1,0,0,1,1,False,False,WEALTH TEA
music school of ryan cayabyab,0,0,0,0,0,0,1,0,0,0,1,1,False,False,THE MUSIC SCHOOL OF RYAN CAYABYAB
neutral grounds spiel,0,0,0,0,0,0,0,1,0,0,1,1,False,False,NEUTRAL GROUNDS SPIEL
wearmilkshake,0,0,0,0,0,0,0,1,0,0,1,1,False,False,WEARMILKSHAKE
weaves & bows,0,0,0,0,0,0,1,0,0,0,1,1,False,False,Weaves & Bows
wedding library,0,0,0,0,0,0,0,1,0,0,1,1,False,False,THE WEDDING LIBRARY
ness press carwash,0,0,0,0,0,0,1,0,0,0,1,1,False,False,Ness Press Carwash
weeze,0,0,0,0,0,0,0,1,0,0,1,1,False,False,WEEZE
wego giftshop,0,0,0,0,0,0,0,1,0,0,1,1,False,False,WEGO GIFTSHOP
wei renal care,0,0,0,0,0,0,1,0,0,0,1,1,False,False,Wei Renal Care
musik wizzard,0,0,0,0,0,0,1,0,0,0,1,1,False,False,Musik Wizzard
yabu house of katsu,0,0,0,0,0,0,1,0,0,0,1,1,False,False,YABU: HOUSE OF KATSU
nephromed asia dialysis center,0,0,0,0,0,0,0,1,0,0,1,1,False,False,NEPHROMED ASIA DIALYSIS CENTER
wei wei cold store,0,1,0,0,0,0,0,0,0,0,1,1,False,False,WEI WEI COLD STORE
nephroasia dialysis center,0,0,0,0,0,0,1,0,0,0,1,1,False,False,Nephroasia Dialysis Center 0945 133 3131
mutt chery,0,0,0,0,0,0,0,1,0,0,1,1,False,False,MUTT CHERY
music mayhem,0,0,0,0,0,0,1,0,0,0,1,1,False,False,MUSIC MAYHEM
we the people coffee,0,0,0,0,0,0,1,0,0,0,1,1,False,False,WE THE PEOPLE COFFEE
whiten gluta lounge,0,0,0,0,0,0,0,1,0,0,1,1,False,False,WHITEN GLUTA LOUNGE
new generation dental premier,0,0,0,0,0,0,1,0,0,0,1,1,False,False,NEW GENERATION DENTAL PREMIER
newlife cellphone and accessories,0,0,0,0,0,0,0,1,0,0,1,1,False,False,NEWLIFE CELLPHONE AND ACCESSORIES
new your fries and dip,0,0,0,0,0,0,1,0,0,0,1,1,False,False,New Your Fries and Dip
waxcovado salon & spa,0,1,0,0,0,0,0,0,0,0,1,1,False,False,WAXCOVADO SALON & SPA
wb courtside,1,0,0,0,0,0,0,0,0,0,1,1,False,False,WB Courtside
new yorker pizza,0,0,0,0,0,1,0,0,0,0,1,1,False,False,New Yorker Pizza
yaki yaki,0,0,0,0,1,0,0,0,0,0,1,1,False,False,Yaki Yaki
new york supreme,0,0,0,0,0,0,0,1,0,0,1,1,False,False,NEW YORK SUPREME
new york cubao,0,0,0,0,0,0,1,0,0,0,1,1,False,False,"New York, Cubao"
yaels puto bumbong,0,0,0,0,0,0,0,0,0,1,1,1,False,False,YAEL'S PUTO BUMBONG
new york buffalo brads hot wings,0,0,0,0,0,0,0,1,0,0,1,1,False,False,NEW YORK BUFFALO BRADS HOT WINGS
new york bagels,0,0,0,0,0,0,1,0,0,0,1,1,False,False,New York Bagels
new sunbeam,0,0,0,0,0,1,0,0,0,0,1,1,False,False,New Sunbeam
we smile dental imaging,0,0,0,0,0,0,1,0,0,0,1,1,False,False,We Smile Dental Imaging
new nemar,0,0,0,0,0,0,0,1,0,0,1,1,False,False,NEW NEMAR
new life christian center,0,1,0,0,0,0,0,0,0,0,1,1,False,False,NEW LIFE CHRISTIAN CENTER
music house,0,0,0,0,0,1,0,0,0,0,1,1,False,False,The Music House
new innovation cellphone and accessories,0,0,0,0,0,0,0,1,0,0,1,1,False,False,NEW INNOVATION CELLPHONE AND ACCESSORIES
nephroasia clinic,0,0,0,0,0,0,1,0,0,0,1,1,False,False,Nephroasia Clinic
neola nails & spa,0,0,0,0,0,1,0,0,0,0,1,1,False,False,Neola Nails & Spa
nenita farms,0,1,0,0,0,0,0,0,0,0,1,1,False,False,NENITA FARMS
needles & threads,0,1,0,0,0,0,0,0,0,0,1,1,False,False,NEEDLES & THREADS
west elm,0,0,0,0,0,1,0,0,0,0,1,1,False,False,West Elm
nay linas homemade pies,0,0,0,0,0,0,0,1,0,0,1,1,False,False,NAY LINAS HOMEMADE PIES
west print,0,0,0,0,0,0,1,0,0,0,1,1,False,False,WEST PRINT
west smile dental,0,0,0,0,1,0,0,0,0,0,1,1,False,False,West Smile Dental
western,0,0,0,0,0,0,0,1,0,0,1,1,False,False,WESTERN
naughty nachos,0,0,0,0,1,0,0,0,0,0,1,1,False,False,Naughty Nachos
mxt restaurant,0,0,0,0,0,0,0,1,0,0,1,1,False,False,MXT RESTAURANT
wet park,0,0,0,0,1,0,0,0,0,0,1,1,False,False,Wet Park
wexpress dhl,0,0,0,0,0,0,1,0,0,0,1,1,False,False,WExpress/DHL
natures way aromatherapy,0,0,0,0,0,0,0,1,0,0,1,1,False,False,THE NATURES WAY AROMATHERAPY
my angels enterprise,0,1,0,0,0,0,0,0,0,0,1,1,False,False,MY ANGELS ENTERPRISE
natureal juice,0,0,0,0,0,0,0,1,0,0,1,1,False,False,NATUREAL JUICE
whimsical wonderland,0,0,0,0,1,0,0,0,0,0,1,1,False,False,Whimsical Wonderland
nature republic n cat,0,1,0,0,0,0,0,0,0,0,1,1,False,False,NATURE REPUBLIC / N.CAT
my choice i,0,0,0,0,0,0,1,0,0,0,1,1,False,False,MY CHOICE I 0918-525-3866
natividad,0,0,0,0,0,0,0,1,0,0,1,1,False,False,NATIVIDAD
native kopi & co,0,0,0,0,0,0,0,1,0,0,1,1,False,False,NATIVE KOPI & CO
wenourish,0,0,0,0,0,0,0,1,0,0,1,1,False,False,WENOURISH
naytess lutong bahay,0,1,0,0,0,0,0,0,0,0,1,1,False,False,NAYTESS LUTONG BAHAY
nazrea pearls,0,1,0,0,0,0,0,0,0,0,1,1,False,False,NAZREA PEARLS
ne bakeshop,0,0,0,0,0,0,1,0,0,0,1,1,False,False,NE BAKESHOP
need coffee,0,0,0,0,0,0,1,0,0,0,1,1,False,False,Need Coffee
mvp taekwando,0,0,0,0,1,0,0,0,0,0,1,1,False,False,MVP Taekwando
mvt mobile,0,0,0,0,1,0,0,0,0,0,1,1,False,False,MVT Mobile
neeco1,0,0,0,0,0,0,0,0,0,1,1,1,False,False,Neeco1
wellness and soft nail salon,0,0,0,0,0,0,0,1,0,0,1,1,False,False,WELLNESS AND SOFT NAIL SALON
near dental clinic,0,0,0,0,0,0,0,1,0,0,1,1,False,False,NEAR DENTAL CLINIC
ne bakeshop & restaurant,0,0,0,0,0,0,0,0,0,1,1,1,False,False,NE Bakeshop & Restaurant
wellness concepts,0,1,0,0,0,0,0,0,0,0,1,1,False,False,WELLNESS CONCEPTS
wemart convenience store and cafe,0,0,0,0,1,0,0,0,0,0,1,1,False,False,Wemart Convenience Store and Cafe
xtreme mobile,0,1,0,0,0,0,0,0,0,0,1,1,False,False,XTREME MOBILE
wellness sanctuary,0,0,0,0,1,0,0,0,0,0,1,1,False,False,Wellness Sanctuary
mwell primary care,0,0,1,0,0,0,0,0,0,0,1,1,False,False,Mwell Primary Care
wellnessfix,0,0,0,0,0,0,0,1,0,0,1,1,False,False,WELLNESSFIX
xtreme appliances,0,0,0,0,0,0,1,0,0,0,1,1,False,False,XTREME APPLIANCES
wellohas,0,0,0,0,0,0,0,1,0,0,1,1,False,False,WELLOHAS
wells,0,1,0,0,0,0,0,0,0,0,1,1,False,False,WELLS
newport cinemas,0,0,0,0,1,0,0,0,0,0,1,1,False,False,Newport Cinemas
newtopia,0,0,0,0,0,0,1,0,0,0,1,1,False,False,Newtopia
waxcovado,0,0,0,0,0,0,0,1,0,0,1,1,False,False,WAXCOVADO
wam skin clinic and medical spa,0,0,1,0,0,0,0,0,0,0,1,1,False,False,Wam Skin Clinic And Medical Spa
njb printing & souvenir shop,0,0,0,0,0,0,0,0,0,1,1,1,False,False,NJB PRINTING & SOUVENIR SHOP
yalo,0,0,0,0,0,1,0,0,0,0,1,1,False,False,Yalo
mundae,0,0,0,0,0,1,0,0,0,0,1,1,False,False,Mundae
niya claw machine,0,0,0,0,0,0,1,0,0,0,1,1,False,False,NIYA CLAW MACHINE
wafflehaus,0,0,0,0,0,0,1,0,0,0,1,1,False,False,Wafflehaus
wagas crafts,0,1,0,0,0,0,0,0,0,0,1,1,False,False,WAGAS CRAFTS
wagyu,0,0,0,0,1,0,0,0,0,0,1,1,False,False,Wagyu
wai ying dimsum,0,0,0,0,1,0,0,0,0,0,1,1,False,False,Wai Ying Dimsum
nitro 7 coffee tea bar,0,0,0,0,0,0,0,1,0,0,1,1,False,False,NITRO 7 COFFEE TEA BAR
nitro 7,0,0,0,0,0,0,0,1,0,0,1,1,False,False,NITRO 7
waling flowers,0,1,0,0,0,0,0,0,0,0,1,1,False,False,WALING FLOWERS
nitori,0,0,1,0,0,0,0,0,0,0,1,1,False,False,Nitori
walker,1,0,0,0,0,0,0,0,0,0,1,1,False,False,Walker
yakutako,0,0,0,0,0,0,1,0,0,0,1,1,False,False,YAKUTAKO
nissan showroom,0,0,0,0,0,0,1,0,0,0,1,1,False,False,NISSAN SHOWROOM
niseko coffee,0,0,0,0,0,1,0,0,0,0,1,1,False,False,Niseko Coffee
walkstar shop rtr (res toe run),0,0,0,0,0,0,1,0,0,0,1,1,False,False,Walkstar Shop RTR (Res-Toe-Run)
waffle time i,0,0,0,0,0,0,1,0,0,0,1,1,False,False,WAFFLE TIME I 0975-431-0182
mumin innovations,0,0,0,0,0,0,1,0,0,0,1,1,False,False,MUMIN INNOVATIONS
mumbaki,0,0,0,0,0,0,1,0,0,0,1,1,False,False,Mumbaki
no problem lets go bingo,0,0,0,0,0,0,1,0,0,0,1,1,False,False,No Problem Lets Go Bingo
vvt,0,0,0,0,0,0,1,0,0,0,1,1,False,False,VVT
vxi global holdings,0,0,0,0,0,0,1,0,0,0,1,1,False,False,VXI GLOBAL HOLDINGS
noahs petsmart,0,1,0,0,0,0,0,0,0,0,1,1,False,False,NOAH'S PETSMART
yam cosmetics,0,0,0,0,0,0,1,0,0,0,1,1,False,False,YAM COSMETICS
no strips salon,0,0,0,0,0,0,1,0,0,0,1,1,False,False,NO STRIPS SALON 0907-509-7345
no problem stk,0,0,0,0,0,0,0,1,0,0,1,1,False,False,NO PROBLEM STK
wacky photo studio,0,0,0,0,0,0,1,0,0,0,1,1,False,False,Wacky Photo Studio
no curfew,0,0,0,0,0,0,0,1,0,0,1,1,False,False,NO CURFEW
waffle mate,0,0,0,0,0,0,0,1,0,0,1,1,False,False,WAFFLE MATE
muju,0,0,0,0,0,0,1,0,0,0,1,1,False,False,Muju
no brand,0,1,0,0,0,0,0,0,0,0,1,1,False,False,NO BRAND
waffle,0,0,0,0,0,0,0,0,0,1,1,1,False,False,Waffle
multi time emporium,0,0,0,0,0,0,0,1,0,0,1,1,False,False,MULTI-TIME EMPORIUM
multisport hub,0,1,0,0,0,0,0,0,0,0,1,1,False,False,MULTISPORT HUB
waffle haus,0,0,0,0,0,0,1,0,0,0,1,1,False,False,WAFFLE HAUS
no bad days coffee,0,0,0,0,1,0,0,0,0,0,1,1,False,False,No Bad Days Coffee
waltermart cinema,0,0,0,0,0,0,0,0,0,1,1,1,False,False,WalterMart Cinema
nisce skin clinic,0,0,0,0,0,0,1,0,0,0,1,1,False,False,NISCE SKIN CLINIC (0930-648-9600)
ngenius it hub,0,0,0,0,0,0,0,1,0,0,1,1,False,False,NGENIUS IT HUB
wash & wear,0,0,0,0,0,0,1,0,0,0,1,1,False,False,WASH & WEAR
watchlink,0,0,0,0,0,0,0,1,0,0,1,1,False,False,WATCHLINK
nihonkai tsukiji,0,0,0,0,1,0,0,0,0,0,1,1,False,False,Nihonkai Tsukiji
nightshade cocktails & spirits,0,0,0,0,1,0,0,0,0,0,1,1,False,False,Nightshade Cocktails & Spirits
watsons beauty,0,0,0,0,0,0,0,1,0,0,1,1,False,False,WATSONS BEAUTY
nids binalot,0,0,0,0,0,0,1,0,0,0,1,1,False,False,Nid's Binalot
nicoletti home,0,0,0,0,1,0,0,0,0,0,1,1,False,False,Nicoletti Home
nicolette bakery cafe,0,0,0,0,0,0,0,1,0,0,1,1,False,False,NICOLETTE BAKERY CAFE
nicole gadgets,0,0,0,0,0,1,0,0,0,0,1,1,False,False,Nicole Gadgets
museo barbershop nail gallery spa,0,0,0,0,0,0,0,1,0,0,1,1,False,False,MUSEO BARBERSHOP NAIL GALLERY SPA
nicks,0,0,0,0,0,0,0,1,0,0,1,1,False,False,NICKS
museum of emotions,0,1,0,0,0,0,0,0,0,0,1,1,False,False,MUSEUM OF EMOTIONS
mushroom burger,0,0,0,0,0,0,0,0,0,1,1,1,False,False,Mushroom Burger
nice day carwash,0,0,0,0,0,0,0,0,1,0,1,1,False,False,NICE DAY CARWASH
ngohiong express,0,1,0,0,0,0,0,0,0,0,1,1,False,False,NGOHIONG EXPRESS
watsons drug,0,0,0,0,0,0,0,1,0,0,1,1,False,False,WATSONS DRUG
watsons i,0,0,0,0,0,0,1,0,0,0,1,1,False,False,Watsons I 0917-816-4821
yaku restaurant,0,0,0,0,0,0,0,1,0,0,1,1,False,False,YAKU RESTAURANT
nike outlet,0,0,0,0,0,1,0,0,0,0,1,1,False,False,Nike Outlet
musashi maru,0,1,0,0,0,0,0,0,0,0,1,1,False,False,MUSASHI MARU
watchline sales & services i,0,0,0,0,0,0,1,0,0,0,1,1,False,False,WATCHLINE SALES & SERVICES I 0915-365-4325
musar music,0,0,0,0,0,0,0,1,0,0,1,1,False,False,MUSAR MUSIC
ninetygo,0,0,0,0,0,0,0,1,0,0,1,1,False,False,NINETYGO
wash up,0,1,0,0,0,0,0,0,0,0,1,1,False,False,WASH UP
mundae soft serve ice cream,0,0,0,0,0,0,0,1,0,0,1,1,False,False,MUNDAE SOFT SERVE ICE CREAM
washin where,0,0,0,0,0,0,0,1,0,0,1,1,False,False,WASHIN WHERE
washore laundry shop,0,0,0,0,0,0,0,1,0,0,1,1,False,False,WASHORE LAUNDRY SHOP
nikola moto,0,0,0,0,0,0,0,1,0,0,1,1,False,False,NIKOLA MOTO
wat pho,0,0,0,0,0,0,1,0,0,0,1,1,False,False,WAT PHO
watami grill sushi bar,0,0,0,0,0,0,0,1,0,0,1,1,False,False,WATAMI GRILL SUSHI BAR
watchline,0,0,0,0,0,0,1,0,0,0,1,1,False,False,Watchline
watami japanese restaurant,0,0,0,0,0,0,0,1,0,0,1,1,False,False,WATAMI JAPANESE RESTAURANT
yakun kaya toast,0,1,0,0,0,0,0,0,0,0,1,1,False,False,YAKUN KAYA TOAST
watch ceantral,0,0,0,0,0,0,1,0,0,0,1,1,False,False,WATCH CEANTRAL
nikkei,0,0,0,0,0,0,0,1,0,0,1,1,False,False,NIKKEI
nike zone,0,0,0,0,0,0,1,0,0,0,1,1,False,False,Nike Zone
watch empire,0,0,0,0,0,1,0,0,0,0,1,1,False,False,Watch Empire
nike sports center,0,1,0,0,0,0,0,0,0,0,1,1,False,False,NIKE SPORTS CENTER
my chow (former hongkong noodles) i,0,0,0,0,0,0,1,0,0,0,1,1,False,False,MY CHOW (FORMER HONGKONG NOODLES) I 0998-181-9790
national university inc,0,0,0,0,0,0,0,1,0,0,1,1,False,False,NATIONAL UNIVERSITY INC
muji pop up store,1,0,0,0,0,0,0,0,0,0,1,1,False,False,Muji Pop-Up Store
world balance satellite,0,0,0,0,0,0,1,0,0,0,1,1,False,False,WORLD BALANCE SATELLITE
world chicken house,0,0,0,0,0,0,0,1,0,0,1,1,False,False,WORLD CHICKEN HOUSE
my nail society,0,0,0,0,0,0,0,1,0,0,1,1,False,False,MY NAIL SOCIETY
world coffee,0,0,1,0,0,0,0,0,0,0,1,1,False,False,World Coffee
world master international travel,0,0,0,0,0,0,1,0,0,0,1,1,False,False,WORLD MASTER INTERNATIONAL TRAVEL
xinyi chicken,0,0,0,0,0,0,0,1,0,0,1,1,False,False,XINYI CHICKEN
world watch gallery,0,0,0,0,0,0,1,0,0,0,1,1,False,False,World Watch Gallery
worlds finest liquor,0,0,0,0,1,0,0,0,0,0,1,1,False,False,The World's Finest Liquor
would u like,0,0,0,1,0,0,0,0,0,0,1,1,False,False,Would U Like
wow chow,0,1,0,0,0,0,0,0,0,0,1,1,False,False,WOW CHOW
xin chao vietnamese restaurant,0,0,0,0,0,0,0,1,0,0,1,1,False,False,XIN CHAO VIETNAMESE RESTAURANT
wow cow hot pot,0,0,0,0,0,0,0,1,0,0,1,1,False,False,WOW COW HOT POT
nai cha,0,0,0,0,0,0,0,1,0,0,1,1,False,False,NAI CHA
xie xie,0,0,0,0,0,0,0,1,0,0,1,1,False,False,XIE XIE
nagomi zakura,0,0,0,0,0,0,0,1,0,0,1,1,False,False,NAGOMI ZAKURA
naga optical,0,0,0,0,0,0,0,1,0,0,1,1,False,False,NAGA OPTICAL
xiao jiu noodle house,0,0,0,0,0,0,0,1,0,0,1,1,False,False,XIAO JIU NOODLE HOUSE
wow panda malatang,0,0,0,0,1,0,0,0,0,0,1,1,False,False,Wow Panda Malatang
nail corner spa,0,0,0,0,0,0,0,1,0,0,1,1,False,False,NAIL CORNER SPA
world balance & easy soft,0,1,0,0,0,0,0,0,0,0,1,1,False,False,WORLD BALANCE & EASY SOFT
my destination tours and travel,0,0,0,0,0,0,0,1,0,0,1,1,False,False,MY DESTINATION TOURS AND TRAVEL
workstation appliances,0,1,0,0,0,0,0,0,0,0,1,1,False,False,WORKSTATION APPLIANCES
wonder wharf train,0,0,0,0,0,0,1,0,0,0,1,1,False,False,WONDER WHARF TRAIN
wondercity,0,0,0,0,0,0,1,0,0,0,1,1,False,False,WONDERCITY
wonderhome naturals,0,0,0,0,0,0,1,0,0,0,1,1,False,False,WONDERHOME NATURALS
wondershake,0,0,0,0,0,0,1,0,0,0,1,1,False,False,Wondershake
xitrix,0,0,0,0,0,0,0,1,0,0,1,1,False,False,XITRIX
nail vitale,0,0,0,0,0,0,1,0,0,0,1,1,False,False,NAIL VITALE
my j & s,0,0,0,0,0,0,1,0,0,0,1,1,False,False,MY J & S
nail tropics body shop,0,0,0,0,0,0,0,1,0,0,1,1,False,False,NAIL TROPICS BODY SHOP
my jewellery box,0,0,0,0,0,1,0,0,0,0,1,1,False,False,My Jewellery Box
nail story,0,0,0,0,0,0,0,1,0,0,1,1,False,False,NAIL STORY
nail spa lounge by ellabell,0,0,0,0,0,0,1,0,0,0,1,1,False,False,NAIL SPA LOUNGE BY ELLABELL
wong place,0,0,0,0,0,1,0,0,0,0,1,1,False,False,Wong Place
wonton,0,0,0,0,0,1,0,0,0,0,1,1,False,False,Wonton
woodnymph korean restaurant,0,0,0,0,0,0,0,1,0,0,1,1,False,False,WOODNYMPH KOREAN RESTAURANT
workplace cafe,0,1,0,0,0,0,0,0,0,0,1,1,False,False,WORKPLACE CAFE
my jewelry box,0,0,0,0,0,1,0,0,0,0,1,1,False,False,My Jewelry Box
xinyx design consultancy and services inc,0,0,0,0,0,0,0,1,0,0,1,1,False,False,XINYX DESIGN CONSULTANCY AND SERVICES INC
naduma,0,0,0,0,0,0,0,1,0,0,1,1,False,False,NADUMA
xchange zamin foreign exchange,0,0,0,0,0,0,1,0,0,0,1,1,False,False,Xchange/Zamin Foreign Exchange
xcel driving school,0,0,0,1,0,0,0,0,0,0,1,1,False,False,Xcel Driving School
nadomi maki food house,0,0,0,0,0,0,0,1,0,0,1,1,False,False,NADOMI MAKI FOOD HOUSE
wristpod,0,0,0,0,0,0,1,0,0,0,1,1,False,False,Wristpod
mythai,0,0,0,0,0,1,0,0,0,0,1,1,False,False,Mythai
my south hall,0,0,0,0,0,0,0,1,0,0,1,1,False,False,MY SOUTH HALL
wristpod philip stein,0,1,0,0,0,0,0,0,0,0,1,1,False,False,WRISTPOD/PHILIP STEIN
wrld bbq,0,0,0,0,0,1,0,0,0,0,1,1,False,False,WRLD BBQ
my thai,0,0,0,0,1,0,0,0,0,0,1,1,False,False,My Thai
mystery manila,0,0,0,0,1,0,0,0,0,0,1,1,False,False,Mystery Manila
mystery case,0,0,0,0,0,0,0,1,0,0,1,1,False,False,MYSTERY CASE
wus kitchen,0,0,0,0,0,1,0,0,0,0,1,1,False,False,Wu's Kitchen
myrtelle fonebytes,0,0,0,0,0,0,1,0,0,0,1,1,False,False,Myrtelle Fonebytes
x site,0,0,1,0,0,0,0,0,0,0,1,1,False,False,X-site
wxwise,0,0,0,0,0,0,1,0,0,0,1,1,False,False,WXWISE
myrtelle fone bytes trading,0,0,0,0,0,0,0,1,0,0,1,1,False,False,MYRTELLE FONE BYTES TRADING
mylo speech therapy center,0,0,0,0,0,1,0,0,0,0,1,1,False,False,Mylo Speech Therapy Center
mylenes ensaymada & banana cake,0,1,0,0,0,0,0,0,0,0,1,1,False,False,MYLENE'S ENSAYMADA & BANANA CAKE
x sight,0,0,0,0,0,0,1,0,0,0,1,1,False,False,X-Sight
mygold,0,1,0,0,0,0,0,0,0,0,1,1,False,False,MYGOLD
myungrang hotdog,0,1,0,0,0,0,0,0,0,0,1,1,False,False,MYUNGRANG HOTDOG
wrc toys,0,0,0,0,0,1,0,0,0,0,1,1,False,False,WRC Toys
mywatch,1,0,0,0,0,0,0,0,0,0,1,1,False,False,MyWatch
wow travel more,0,0,0,0,0,0,0,1,0,0,1,1,False,False,WOW TRAVEL MORE
my skin clinic,0,0,1,0,0,0,0,0,0,0,1,1,False,False,My Skin Clinic
nadines medical clinic,0,0,0,0,0,0,1,0,0,0,1,1,False,False,Nadine's Medical Clinic
nadines a z driving academy,0,0,0,0,0,0,1,0,0,0,1,1,False,False,Nadine's A-Z Driving Academy
nadela dental clinic,0,0,0,0,0,0,0,1,0,0,1,1,False,False,NADELA DENTAL CLINIC
xaviers home of dialysis center,0,0,1,0,0,0,0,0,0,0,1,1,False,False,Xavier’s Home Of Dialysis Center
nadai fujisoba,0,0,0,0,0,0,0,1,0,0,1,1,False,False,NADAI FUJISOBA
wow travel,0,0,0,0,0,0,1,0,0,0,1,1,False,False,WOW Travel
nacho shack,0,0,0,0,0,0,0,1,0,0,1,1,False,False,NACHO SHACK
wrapnatics,0,0,0,0,0,0,1,0,0,0,1,1,False,False,WRAPNATICS
wrangler,0,0,0,0,0,0,1,0,0,0,1,1,False,False,Wrangler
wrap it,0,1,0,0,0,0,0,0,0,0,1,1,False,False,WRAP IT!
n1 coffee,0,0,0,0,0,0,1,0,0,0,1,1,False,False,N1 COFFEE
xamxen helmet depository,0,0,0,0,0,0,0,1,0,0,1,1,False,False,XAMXEN HELMET DEPOSITORY
my smile,0,0,0,0,0,0,1,0,0,0,1,1,False,False,My Smile
x8r scooter rental,0,0,1,0,0,0,0,0,0,0,1,1,False,False,X8r Scooter Rental
wrap shop,0,0,0,0,0,0,0,1,0,0,1,1,False,False,WRAP SHOP
wonder wharf dino rides,0,0,0,0,0,0,1,0,0,0,1,1,False,False,WONDER WHARF DINO RIDES
wonder rides,0,0,0,0,0,0,0,0,0,1,1,1,False,False,WONDER RIDES
wonder play,0,0,0,0,0,0,1,0,0,0,1,1,False,False,WONDER PLAY
wink laser stuido,0,0,0,0,0,0,1,0,0,0,1,1,False,False,Wink Laser Stuido
wiltelcom prestige,0,0,0,0,0,0,0,1,0,0,1,1,False,False,WILTELCOM PRESTIGE
nathaniels bakeshop,0,1,0,0,0,0,0,0,0,0,1,1,False,False,NATHANIEL'S BAKESHOP
wimpys,0,1,0,0,0,0,0,0,0,0,1,1,False,False,WIMPY’S
win makati church,0,1,0,0,0,0,0,0,0,0,1,1,False,False,WIN MAKATI CHURCH
win88win,0,0,0,0,0,0,0,1,0,0,1,1,False,False,WIN88WIN
my dollar store plus,1,0,0,0,0,0,0,0,0,0,1,1,False,False,My Dollar Store Plus
wine story,0,0,0,0,1,0,0,0,0,0,1,1,False,False,Wine Story
wing 2x korean chicken,0,0,0,0,0,0,0,1,0,0,1,1,False,False,WING 2X KOREAN CHICKEN
nasreyah cellphones & accessories,0,0,0,0,0,0,1,0,0,0,1,1,False,False,NASREYAH CELLPHONES & ACCESSORIES
wing bites,0,0,0,0,0,0,0,0,0,1,1,1,False,False,Wing Bites
wing it,0,1,0,0,0,0,0,0,0,0,1,1,False,False,WING IT
winged potato,0,0,0,0,0,0,0,1,0,0,1,1,False,False,WINGED POTATO
my falafel,0,0,0,0,1,0,0,0,0,0,1,1,False,False,My Falafel
wingers unlimited flavored wings,0,0,0,0,0,0,0,1,0,0,1,1,False,False,WINGERS UNLIMITED FLAVORED WINGS
nara thai cuisine,0,0,0,0,0,0,0,1,0,0,1,1,False,False,NARA THAI CUISINE
wings gate travel & tours,0,0,0,0,1,0,0,0,0,0,1,1,False,False,Wings Gate Travel & Tours
wings wraps by aviesha,0,0,0,0,0,0,0,1,0,0,1,1,False,False,WINGS WRAPS BY AVIESHA
nathans famous,0,0,0,0,0,0,0,1,0,0,1,1,False,False,NATHANS FAMOUS
wilson,0,0,1,0,0,0,0,0,0,0,1,1,False,False,Wilson
wildflour cafe,0,0,0,0,1,0,0,0,0,0,1,1,False,False,Wildflour Cafe
national home mortgage,0,0,0,0,0,0,1,0,0,0,1,1,False,False,National Home Mortgage 0920-911-6299
whiten premiere,0,0,0,0,0,1,0,0,0,0,1,1,False,False,WhiteN Premiere
whitestone animal clinic,0,0,0,0,1,0,0,0,0,0,1,1,False,False,Whitestone Animal Clinic
national police clearance system (npcs),0,0,0,0,0,0,1,0,0,0,1,1,False,False,NATIONAL POLICE CLEARANCE SYSTEM (NPCS)
wholesome table,0,1,0,0,0,0,0,0,0,0,1,1,False,False,THE WHOLESOME TABLE
national labor relations commission (nlrc),0,0,1,0,0,0,0,0,0,0,1,1,False,False,National Labor Relations Commission (nlrc)
whse1 marketing,0,1,0,0,0,0,0,0,0,0,1,1,False,False,WHSE1 MARKETING
widex,0,0,0,0,0,1,0,0,0,0,1,1,False,False,Widex
national geographic,0,0,0,0,0,0,0,1,0,0,1,1,False,False,NATIONAL GEOGRAPHIC
wildflour,0,0,0,0,0,0,1,0,0,0,1,1,False,False,WILDFLOUR
national everyday,0,0,0,0,1,0,0,0,0,0,1,1,False,False,National Everyday
national bureau of investigation (nbi),0,0,1,0,0,0,0,0,0,0,1,1,False,False,National Bureau Of Investigation (nbi)
national bookstore i,0,0,0,0,0,0,1,0,0,0,1,1,False,False,NATIONAL BOOKSTORE I 0951-828-7328
my diamond technomarine,0,0,0,0,0,0,1,0,0,0,1,1,False,False,MY DIAMOND / TECHNOMARINE
xt pro computer,0,0,0,0,0,1,0,0,0,0,1,1,False,False,Xt Pro Computer
wild west roadhouse grill,0,1,0,0,0,0,0,0,0,0,1,1,False,False,WILD WEST ROADHOUSE GRILL
wild wings unlimited wings rice and fries kyte,0,0,0,0,0,0,0,1,0,0,1,1,False,False,"WILD WINGS UNLIMITED WINGS, RICE AND FRIES KYTE"
wingyard,0,0,0,0,0,0,0,1,0,0,1,1,False,False,WINGYARD
wipe out carwash,0,0,0,0,0,0,1,0,0,0,1,1,False,False,WIPE OUT CARWASH
my is corn,0,0,0,0,0,0,1,0,0,0,1,1,False,False,My Is Corn
my gems,0,0,0,0,0,1,0,0,0,0,1,1,False,False,My Gems
xo46 heritage bistro,0,0,0,0,0,1,0,0,0,0,1,1,False,False,XO46 Heritage Bistro
xo 46 heritage bistro,0,0,0,0,0,0,0,1,0,0,1,1,False,False,XO 46 HERITAGE BISTRO
naki pica pica corner,0,0,0,0,0,0,0,1,0,0,1,1,False,False,NAKI PICA PICA CORNER
wlp lucky charms,0,0,1,0,0,0,0,0,0,0,1,1,False,False,Wlp Lucky Charms
wm gadget hub,0,0,0,0,0,0,0,1,0,0,1,1,False,False,WM GADGET HUB
nailtensity,0,0,0,0,0,0,1,0,0,0,1,1,False,False,Nailtensity
my health clinic quezon city,0,0,0,0,0,0,0,1,0,0,1,1,False,False,MY HEALTH CLINIC - QUEZON CITY
nails toes spa,0,0,0,0,0,0,0,1,0,0,1,1,False,False,NAILS TOES SPA
nails solutions,0,0,0,0,0,0,1,0,0,0,1,1,False,False,Nails Solutions
wok alley,0,0,0,0,0,0,0,1,0,0,1,1,False,False,WOK ALLEY
wok it food and beverage house,0,0,0,0,0,0,0,1,0,0,1,1,False,False,WOK IT FOOD AND BEVERAGE HOUSE
nails dot glow,0,0,0,0,1,0,0,0,0,0,1,1,False,False,Nails Dot Glow
wolflink,0,0,0,0,0,0,0,1,0,0,1,1,False,False,WOLFLINK
nailcrush,0,0,0,0,0,0,0,0,0,1,1,1,False,False,NailCrush
wolflink wood smoked sausage and meats,0,1,0,0,0,0,0,0,0,0,1,1,False,False,WOLFLINK WOOD SMOKED SAUSAGE AND MEATS
womb world of my baby,0,0,0,0,0,0,0,1,0,0,1,1,False,False,WOMB WORLD OF MY BABY
wonder city,0,0,0,0,0,0,1,0,0,0,1,1,False,False,WONDER CITY
wjf enterprise,0,0,1,0,0,0,0,0,0,0,1,1,False,False,Wjf Enterprise
nakpil eye clinic and vision therapy center,0,0,1,0,0,0,0,0,0,0,1,1,False,False,Nakpil Eye Clinic And Vision Therapy Center
wizards savory and sweet crepes,0,0,0,0,0,0,1,0,0,0,1,1,False,False,WIZARD'S SAVORY AND SWEET CREPES
my greek taverna,0,0,0,0,0,0,0,1,0,0,1,1,False,False,MY GREEK TAVERNA
wiredbox,0,0,0,0,0,1,0,0,0,0,1,1,False,False,Wiredbox
nanay ses pasalubong,0,0,0,0,0,0,1,0,0,0,1,1,False,False,NANAY SE'S PASALUBONG
nanay julings batangas cuisine,0,0,0,0,0,0,0,1,0,0,1,1,False,False,NANAY JULINGS BATANGAS CUISINE
my girl milktea & coffee,0,0,0,0,0,0,1,0,0,0,1,1,False,False,My Girl Milktea & Coffee
wireless,0,0,0,0,0,1,0,0,0,0,1,1,False,False,Wireless
xpresso to go,0,0,1,0,0,0,0,0,0,0,1,1,False,False,Xpresso To Go
nanay juliets eatery,0,1,0,0,0,0,0,0,0,0,1,1,False,False,NANAY JULIET'S EATERY
nanam iloco,0,0,0,0,0,0,0,1,0,0,1,1,False,False,NANAM ILOCO
namaste,0,0,0,0,0,0,1,0,0,0,1,1,False,False,Namaste
xpert key duplication,0,0,0,0,0,0,0,1,0,0,1,1,False,False,XPERT KEY DUPLICATION
wireless avenue,0,0,0,0,0,0,0,1,0,0,1,1,False,False,WIRELESS AVENUE
xooom auto spa,0,0,0,0,0,0,1,0,0,0,1,1,False,False,Xooom Auto Spa
witelcom,0,0,0,0,0,0,1,0,0,0,1,1,False,False,WITELCOM
my happy home,0,0,0,0,0,1,0,0,0,0,1,1,False,False,My Happy Home
my health,0,0,0,0,1,0,0,0,0,0,1,1,False,False,My Health
namaste skin care spa massage,0,0,0,0,0,0,0,1,0,0,1,1,False,False,NAMASTE SKIN CARE SPA MASSAGE
yamang bukid health products,0,0,0,0,0,0,0,0,0,1,1,1,False,False,Yamang Bukid Health Products
nomikai gastropub,0,0,0,0,0,0,1,0,0,0,1,1,False,False,Nomikai Gastropub
urban seoul,0,0,0,0,1,0,0,0,0,0,1,1,False,False,Urban Seoul
old town barber shop,0,1,0,0,0,0,0,0,0,0,1,1,False,False,OLD TOWN BARBER SHOP
old navy,0,1,0,0,0,0,0,0,0,0,1,1,False,False,OLD NAVY
vavavoom,0,1,0,0,0,0,0,0,0,0,1,1,False,False,VAVAVOOM
vaxcen bakuna center,0,0,0,0,0,0,0,1,0,0,1,1,False,False,VAXCEN BAKUNA CENTER
mr renes quick shoes and bags repair shop,0,0,0,0,0,0,0,1,0,0,1,1,False,False,MR RENES QUICK SHOES AND BAGS REPAIR SHOP
old manila coffee house,0,0,0,0,0,0,1,0,0,0,1,1,False,False,Old Manila Coffee House
mr shaw,0,0,0,0,1,0,0,0,0,0,1,1,False,False,Mr. Shaw
vcf,0,0,1,0,0,0,0,0,0,0,1,1,False,False,Vcf
vcf (kids area),0,0,1,0,0,0,0,0,0,0,1,1,False,False,Vcf (kids Area)
vcf kids church,0,0,1,0,0,0,0,0,0,0,1,1,False,False,Vcf Kids Church
ola by siesta,0,0,0,0,1,0,0,0,0,0,1,1,False,False,OLA by Siesta
okto,0,0,0,0,0,0,0,1,0,0,1,1,False,False,OKTO
vclub vending machine,0,0,0,0,1,0,0,0,0,0,1,1,False,False,VClub Vending Machine
ve eusebio skin center,0,0,0,0,0,0,0,1,0,0,1,1,False,False,VE EUSEBIO SKIN CENTER
veger,0,0,0,0,0,0,0,1,0,0,1,1,False,False,VEGER
velandres notary public,0,0,0,0,0,0,1,0,0,0,1,1,False,False,VELANDRES NOTARY PUBLIC 0918-3533511
mr sizzlers,0,0,0,0,0,0,0,1,0,0,1,1,False,False,MR SIZZLERS
vendo,0,0,0,1,0,0,0,0,0,0,1,1,False,False,VENDO
old soul bar beans,0,0,0,0,0,0,0,1,0,0,1,1,False,False,OLD SOUL BAR BEANS
yi technology,0,0,0,0,0,0,0,1,0,0,1,1,False,False,YI TECHNOLOGY
yeobos korean style corndog,0,0,0,0,0,0,0,1,0,0,1,1,False,False,YEOBOS KOREAN STYLE CORNDOG
vault card shop,0,1,0,0,0,0,0,0,0,0,1,1,False,False,VAULT CARD SHOP
yoh froz,0,0,0,0,0,0,0,1,0,0,1,1,False,False,YOH FROZ
vape warehouse,0,0,0,0,1,0,0,0,0,0,1,1,False,False,Vape Warehouse
yogi hotdog,0,0,0,0,0,0,0,1,0,0,1,1,False,False,YOGI HOTDOG
olleskin,0,0,0,0,0,0,0,1,0,0,1,1,False,False,OLLESKIN
olive garden,0,0,0,0,0,0,0,1,0,0,1,1,False,False,OLIVE GARDEN
olive fashion collection,0,0,0,0,0,0,1,0,0,0,1,1,False,False,Olive Fashion Collection
olfaction,0,1,0,0,0,0,0,0,0,0,1,1,False,False,OLFACTION
oldtown white coffee,0,0,0,0,1,0,0,0,0,0,1,1,False,False,OldTown White Coffee
vapor station,0,1,0,0,0,0,0,0,0,0,1,1,False,False,VAPOR STATION
mr pluffy the cotton candy company,0,0,0,0,0,0,0,1,0,0,1,1,False,False,MR PLUFFY THE COTTON CANDY COMPANY
mr potato,0,0,0,0,0,0,0,1,0,0,1,1,False,False,MR POTATO
ymca canteen,0,0,1,0,0,0,0,0,0,0,1,1,False,False,Ymca Canteen
varacco,0,0,0,0,0,0,0,1,0,0,1,1,False,False,VARACCO
old town barbrrshop,0,0,0,0,0,0,1,0,0,0,1,1,False,False,Old Town Barbrrshop
old town barbershop,0,0,0,0,0,0,1,0,0,0,1,1,False,False,Old Town Barbershop
mr quickie plus,0,0,0,0,0,0,1,0,0,0,1,1,False,False,MR. QUICKIE PLUS
varda flame grill,0,0,0,0,0,0,0,0,1,0,1,1,False,False,VARDA FLAME GRILL
okonomi takoyaki,0,0,0,0,0,0,1,0,0,0,1,1,False,False,OKONOMI TAKOYAKI
vengo,0,0,1,0,0,0,0,0,0,0,1,1,False,False,Vengo
venice cineplex,0,0,0,0,1,0,0,0,0,0,1,1,False,False,Venice Cineplex
venice cineplex snackbar,0,0,0,0,1,0,0,0,0,0,1,1,False,False,Venice Cineplex - Snackbar
oh my jeong corndog,0,0,0,0,0,0,1,0,0,0,1,1,False,False,Oh my Jeong Corndog
oh my goodies,0,0,0,1,0,0,0,0,0,0,1,1,False,False,Oh My Goodies!
verve,0,0,0,0,0,0,0,1,0,0,1,1,False,False,VERVE
very important pets,0,0,0,0,1,0,0,0,0,0,1,1,False,False,Very Important Pets
vespa,0,0,0,0,0,0,0,1,0,0,1,1,False,False,VESPA
yes gulu,0,0,0,0,0,0,0,1,0,0,1,1,False,False,YES GULU
oh holiday apothecary,0,0,0,0,0,0,0,1,0,0,1,1,False,False,OH HOLIDAY APOTHECARY
oh georg,0,1,0,0,0,0,0,0,0,0,1,1,False,False,OH GEORG!
oglimen dental clinic,0,0,0,0,0,0,0,0,0,1,1,1,False,False,Oglimen Dental Clinic
ogetsu hime,0,0,0,0,0,0,0,1,0,0,1,1,False,False,OGETSU HIME
vets in practice,0,0,0,0,1,0,0,0,0,0,1,1,False,False,Vets In Practice
ogawa japanese restaurant,0,0,0,0,1,0,0,0,0,0,1,1,False,False,Ogawa Japanese Restaurant
mr taco,0,0,0,0,0,0,0,1,0,0,1,1,False,False,MR TACO
mr taho,0,0,0,0,0,0,0,1,0,0,1,1,False,False,MR TAHO
ofixph,0,0,0,0,0,0,0,1,0,0,1,1,False,False,OFIXPH
officine universelle buly,0,1,0,0,0,0,0,0,0,0,1,1,False,False,OFFICINE UNIVERSELLE BULY
officepartners 360 inc,0,0,0,0,0,0,0,1,0,0,1,1,False,False,OFFICEPARTNERS 360 INC
yes land realty,0,0,0,0,0,0,1,0,0,0,1,1,False,False,Yes Land Realty 0917 133 6146
yes please,0,0,0,0,1,0,0,0,0,0,1,1,False,False,Yes Please
yeubo,0,0,0,0,0,0,1,0,0,0,1,1,False,False,YEUBO
verdiamonds,0,0,0,0,0,1,0,0,0,0,1,1,False,False,Verdiamonds
ojo signature & kids,0,0,1,0,0,0,0,0,0,0,1,1,False,False,Ojo Signature & Kids
venice creation,0,1,0,0,0,0,0,0,0,0,1,1,False,False,VENICE CREATION
oishi maki,0,0,0,0,0,0,0,0,0,1,1,1,False,False,Oishi Maki
venoyfe,0,0,1,0,0,0,0,0,0,0,1,1,False,False,Venoyfe
yhazer fudokato,0,0,0,0,0,0,1,0,0,0,1,1,False,False,YHAZER FUDOKATO
verde by villarosa,0,0,0,0,0,0,0,1,0,0,1,1,False,False,VERDE BY VILLAROSA
oil paint store,1,0,0,0,0,0,0,0,0,0,1,1,False,False,The Oil Paint Store
verite,0,1,0,0,0,0,0,0,0,0,1,1,False,False,VERITE
vertext handyphones,0,0,0,0,0,0,0,1,0,0,1,1,False,False,VERTEXT HANDYPHONES
verity restaurant,0,0,0,0,0,0,0,1,0,0,1,1,False,False,VERITY RESTAURANT
versaphone,0,0,0,0,0,0,1,0,0,0,1,1,False,False,Versaphone
ohtako takoyaki,0,0,1,0,0,0,0,0,0,0,1,1,False,False,Ohtako Takoyaki
versus barcade,0,0,0,0,1,0,0,0,0,0,1,1,False,False,Versus Barcade
oh waffles & crepes,0,0,0,0,0,0,1,0,0,0,1,1,False,False,OH! WAFFLES & CREPES
oh tanghulu,0,0,0,0,0,0,0,1,0,0,1,1,False,False,OH TANGHULU
vertext,0,0,0,0,0,0,1,0,0,0,1,1,False,False,Vertext
ollie bowls,0,0,0,0,0,0,1,0,0,0,1,1,False,False,OLLIE BOWLS (0921 843 2125)
olvis visa services,0,1,0,0,0,0,0,0,0,0,1,1,False,False,OLVIS VISA SERVICES
mr patatas,0,0,0,0,0,0,1,0,0,0,1,1,False,False,Mr. Patatas
valera dental center,0,0,0,0,0,0,0,1,0,0,1,1,False,False,VALERA DENTAL CENTER
yoshi meat su,0,0,0,0,0,1,0,0,0,0,1,1,False,False,Yoshi Meat-su
mr green,0,0,0,0,0,0,0,1,0,0,1,1,False,False,MR GREEN
uzumaki,0,0,1,0,0,0,0,0,0,0,1,1,False,False,Uzumaki
onisasa,0,0,0,0,1,0,0,0,0,0,1,1,False,False,Onisasa
onezo tapioca,0,0,0,0,0,0,0,1,0,0,1,1,False,False,ONEZO TAPIOCA
v abarintos vision center,0,0,0,0,0,0,0,1,0,0,1,1,False,False,V ABARINTOS VISION CENTER
v maison,0,0,1,0,0,0,0,0,0,0,1,1,False,False,V Maison
v spa,0,0,1,0,0,0,0,0,0,0,1,1,False,False,V Spa
x play,0,0,0,0,0,0,1,0,0,0,1,1,False,False,X Play
va bene pasta deli,0,1,0,0,0,0,0,0,0,0,1,1,False,False,VA BENE PASTA DELI
mr hongs unlimited samgyeopsal,0,0,0,0,0,0,0,0,1,0,1,1,False,False,MR. HONG'S UNLIMITED SAMGYEOPSAL
vacations to go,0,0,0,0,0,0,1,0,0,0,1,1,False,False,Vacations To Go
oneills irish pub,0,0,0,0,1,0,0,0,0,0,1,1,False,False,O'Neill's Irish Pub
vaccination site,0,0,0,0,1,0,0,0,0,0,1,1,False,False,Vaccination Site
one zo,0,0,0,0,0,1,0,0,0,0,1,1,False,False,One Zo
one world medical wellness center,0,0,0,0,0,0,0,0,0,1,1,1,False,False,One World Medical Wellness Center
vacheron constantin,0,1,0,0,0,0,0,0,0,0,1,1,False,False,VACHERON CONSTANTIN
online travel express,0,0,0,0,0,0,1,0,0,0,1,1,False,False,ONLINE TRAVEL EXPRESS
yoshimeatsu,0,0,0,0,1,0,0,0,0,0,1,1,False,False,Yoshimeatsu
ussc western union before,0,0,0,0,0,0,1,0,0,0,1,1,False,False,USSC -Western Union Before
your dental place,0,0,0,0,1,0,0,0,0,0,1,1,False,False,Your Dental Place
urban tech,0,0,0,0,0,0,1,0,0,0,1,1,False,False,Urban Tech
your eyewear specialist,0,0,0,1,0,0,0,0,0,0,1,1,False,False,Your Eyewear Specialist
mr doods laundry hub,0,0,0,0,0,0,0,1,0,0,1,1,False,False,MR DOODS LAUNDRY HUB
urbidontics,0,1,0,0,0,0,0,0,0,0,1,1,False,False,URBIDONTICS
mr dynamic,0,0,0,0,0,1,0,0,0,0,1,1,False,False,Mr Dynamic
urod barber shop,0,0,0,0,0,0,1,0,0,0,1,1,False,False,UROD BARBER SHOP
open kitchen,0,0,0,0,1,0,0,0,0,0,1,1,False,False,Open Kitchen
opatra,0,0,0,0,1,0,0,0,0,0,1,1,False,False,Opatra
ussc service store,0,0,0,0,0,0,1,0,0,0,1,1,False,False,USSC SERVICE STORE
ooma sushi bar,0,0,0,0,1,0,0,0,0,0,1,1,False,False,Ooma Sushi Bar
ursabia dance studio,0,1,0,0,0,0,0,0,0,0,1,1,False,False,URSABIA DANCE STUDIO
ookit enterprises,0,0,0,0,0,0,0,1,0,0,1,1,False,False,OOKIT ENTERPRISES
younglim,0,0,0,0,0,0,0,1,0,0,1,1,False,False,YOUNGLIM
ooh cha,0,0,0,0,0,0,1,0,0,0,1,1,False,False,Ooh Cha
uso fashion,0,0,0,0,0,0,1,0,0,0,1,1,False,False,USO FASHION
young artist studio,0,0,0,0,0,1,0,0,0,0,1,1,False,False,Young Artist Studio
vadas,0,0,0,0,0,0,1,0,0,0,1,1,False,False,VADAS (TEMPORARILY CLOSED )
one up (world balance),0,0,0,0,0,0,1,0,0,0,1,1,False,False,One Up (World Balance)
olympic outlet,0,0,0,0,0,0,1,0,0,0,1,1,False,False,Olympic Outlet
one stop food shop,0,1,0,0,0,0,0,0,0,0,1,1,False,False,ONE STOP FOOD SHOP
mr matakaw,0,0,0,0,0,0,1,0,0,0,1,1,False,False,MR MATAKAW
omniverse museum,0,1,0,0,0,0,0,0,0,0,1,1,False,False,OMNIVERSE MUSEUM
omg milk shake,0,0,1,0,0,0,0,0,0,0,1,1,False,False,Omg Milk Shake
omf literature,0,0,0,0,0,0,1,0,0,0,1,1,False,False,OMF LITERATURE 0925-722-9638
omf lit bookshop,0,0,0,0,0,0,0,1,0,0,1,1,False,False,OMF LIT BOOKSHOP
yoi yoi tei,0,0,0,0,0,0,0,1,0,0,1,1,False,False,YOI YOI TEI
ombre salon,0,1,0,0,0,0,0,0,0,0,1,1,False,False,OMBRE SALON
vanilla skin,0,0,0,0,0,0,1,0,0,0,1,1,False,False,Vanilla Skin 8293-0914 / 09171799064 TEMPORARILY CLOSED
mr ninja,0,1,0,0,0,0,0,0,0,0,1,1,False,False,MR. NINJA
omberry,0,0,0,0,0,0,1,0,0,0,1,1,False,False,Omberry
mr noodle,0,0,0,0,0,0,0,1,0,0,1,1,False,False,MR NOODLE
olympic village outlet,0,0,0,0,0,0,1,0,0,0,1,1,False,False,Olympic Village Outlet
yohans apparel,0,0,0,0,0,0,1,0,0,0,1,1,False,False,YOHANS APPAREL
vanity circle salon,0,0,0,0,0,0,1,0,0,0,1,1,False,False,Vanity Circle Salon 8293-0914 /
mr parks bread cake,0,0,0,0,0,0,0,1,0,0,1,1,False,False,MR PARKS BREAD CAKE
vans outlet,0,0,0,0,0,0,1,0,0,0,1,1,False,False,VANS OUTLET
vape depot philippines,0,0,0,0,0,0,1,0,0,0,1,1,False,False,VAPE DEPOT PHILIPPINES
vamos,0,0,0,0,1,0,0,0,0,0,1,1,False,False,VAMOS
yong studio,0,0,0,0,0,0,0,1,0,0,1,1,False,False,YONG STUDIO
mr mala hotpot,0,0,0,0,0,0,0,1,0,0,1,1,False,False,MR. MALA HOTPOT
valsinni,0,0,0,0,0,0,1,0,0,0,1,1,False,False,Valsinni 9174976004
valledens,0,0,0,0,0,0,1,0,0,0,1,1,False,False,Valleden's
one pot shabu shabu restaurant,0,0,0,0,0,0,0,1,0,0,1,1,False,False,ONE POT SHABU-SHABU RESTAURANT
mr kokio food cart,0,0,0,0,0,0,0,1,0,0,1,1,False,False,MR KOKIO FOOD CART
one life,0,0,0,0,0,1,0,0,0,0,1,1,False,False,One Life
one fine pictures,0,0,0,0,0,0,1,0,0,0,1,1,False,False,One Fine Pictures
one blue moo cafe,0,0,0,0,0,0,1,0,0,0,1,1,False,False,One Blue Moo Cafe
one audio acoustics,0,0,0,0,0,0,1,0,0,0,1,1,False,False,One Audio Acoustics
yoobao,0,0,0,0,0,0,0,1,0,0,1,1,False,False,YOOBAO
omotenashi ramen restaurant,0,1,0,0,0,0,0,0,0,0,1,1,False,False,OMOTENASHI RAMEN RESTAURANT
mr lee rrj,0,0,0,0,0,0,0,0,1,0,1,1,False,False,MR. LEE/RRJ
valsinni bridal salon,0,0,0,0,0,0,0,1,0,0,1,1,False,False,VALSINNI BRIDAL SALON
on the go shawarma & pies,0,0,0,0,0,0,1,0,0,0,1,1,False,False,ON THE GO SHAWARMA & PIES
value vision,0,1,0,0,0,0,0,0,0,0,1,1,False,False,VALUE VISION
on stage school for the arts,0,0,0,0,0,0,1,0,0,0,1,1,False,False,ON STAGE SCHOOL FOR THE ARTS
on stage,1,0,0,0,0,0,0,0,0,0,1,1,False,False,On Stage
on,0,0,0,0,0,0,0,1,0,0,1,1,False,False,ON
viande,0,0,0,0,0,1,0,0,0,0,1,1,False,False,Viande
office of the city prosecutor,0,0,1,0,0,0,0,0,0,0,1,1,False,False,Office Of The City Prosecutor
nomikashi,0,0,0,0,0,0,0,1,0,0,1,1,False,False,NOMIKASHI
vision express counter,0,0,1,0,0,0,0,0,0,0,1,1,False,False,Vision Express Counter
visionpro clinic,0,0,0,0,1,0,0,0,0,0,1,1,False,False,VisionPro Clinic
nu fairview inc,0,0,0,0,0,0,0,1,0,0,1,1,False,False,NU FAIRVIEW INC
nu bulacan inc,0,0,0,0,0,0,0,1,0,0,1,1,False,False,NU BULACAN INC
ntoys,0,0,0,0,0,1,0,0,0,0,1,1,False,False,Ntoys
nstyle nail beauty lounge,0,0,0,0,0,0,0,1,0,0,1,1,False,False,NSTYLE NAIL BEAUTY LOUNGE
nsn dentalworks,0,0,0,0,0,0,0,1,0,0,1,1,False,False,NSN DENTALWORKS
vital skin hub,0,0,0,0,0,0,0,1,0,0,1,1,False,False,THE VITAL SKIN HUB
nrl petgrooming pet shop,0,0,0,0,0,0,1,0,0,0,1,1,False,False,NRL PETGROOMING PET SHOP
yatai spa,0,0,0,0,1,0,0,0,0,0,1,1,False,False,Yatai Spa
yasuo,0,0,0,0,0,0,1,0,0,0,1,1,False,False,Yasuo
yassys kitchen,0,0,0,0,0,0,0,0,1,0,1,1,False,False,YASSY'S KITCHEN
yardstick coffee,0,0,0,0,0,0,0,1,0,0,1,1,False,False,YARDSTICK COFFEE
nova watch,0,0,0,0,0,0,0,0,0,1,1,1,False,False,Nova Watch
nova skin,0,0,0,0,0,1,0,0,0,0,1,1,False,False,Nova Skin
msr pro,0,0,0,0,0,0,0,1,0,0,1,1,False,False,MSR PRO
mt stomach,0,0,0,0,1,0,0,0,0,0,1,1,False,False,MT Stomach
nouveau skin clinic,0,1,0,0,0,0,0,0,0,0,1,1,False,False,NOUVEAU SKIN CLINIC
vision worx,0,0,0,0,0,0,0,1,0,0,1,1,False,False,VISION WORX
viseversa,0,1,0,0,0,0,0,0,0,0,1,1,False,False,VISEVERSA
office ergonomics,0,0,1,0,0,0,0,0,0,0,1,1,False,False,Office Ergonomics
nuat thai (massage & spa),0,0,0,0,0,0,1,0,0,0,1,1,False,False,NUAT THAI (MASSAGE & SPA)
nutcracker,0,0,0,0,0,0,0,1,0,0,1,1,False,False,THE NUTCRACKER
yellow sweets cafe,0,0,0,0,0,0,0,1,0,0,1,1,False,False,YELLOW SWEETS CAFE
virtual station,0,0,0,0,0,1,0,0,0,0,1,1,False,False,Virtual Station
virtual world,0,0,0,0,0,0,0,1,0,0,1,1,False,False,VIRTUAL WORLD
nurlikas pearl shoppe,0,1,0,0,0,0,0,0,0,0,1,1,False,False,NURLIKA'S PEARL SHOPPE
virtuous cafe,0,0,0,0,0,0,0,1,0,0,1,1,False,False,VIRTUOUS CAFE
number 1 barbeque,0,0,0,0,0,0,0,1,0,0,1,1,False,False,NUMBER 1 BARBEQUE
yellie & co,0,0,0,0,0,0,0,1,0,0,1,1,False,False,YELLIE & CO
nullspace,0,0,0,0,1,0,0,0,0,0,1,1,False,False,Nullspace
null,1,0,0,0,0,0,0,0,0,0,1,1,False,False,Null
nuggets foreign exchange services,0,0,0,0,0,0,1,0,0,0,1,1,False,False,NUGGETS FOREIGN EXCHANGE SERVICES
nude floor dance studio,0,1,0,0,0,0,0,0,0,0,1,1,False,False,NUDE FLOOR DANCE STUDIO
visa center towards a brighter future,0,0,0,0,0,0,0,1,0,0,1,1,False,False,THE VISA CENTER TOWARDS A BRIGHTER FUTURE
yedang,0,0,0,0,0,1,0,0,0,0,1,1,False,False,Yedang
nuat thai premier,0,0,0,0,0,0,0,1,0,0,1,1,False,False,NUAT THAI PREMIER
visa shawarma,0,0,0,0,0,0,1,0,0,0,1,1,False,False,VISA SHAWARMA
msc detour car care center,0,1,0,0,0,0,0,0,0,0,1,1,False,False,MSC DETOUR CAR CARE CENTER
nothing but laundry,0,0,0,0,1,0,0,0,0,0,1,1,False,False,Nothing But Laundry
notary public,0,0,0,0,0,0,1,0,0,0,1,1,False,False,Notary Public
not just silver,0,0,0,0,0,0,1,0,0,0,1,1,False,False,Not Just Silver
vivaia,0,0,1,0,0,0,0,0,0,0,1,1,False,False,Vivaia
noontalk nail lounge,0,0,0,0,0,0,1,0,0,0,1,1,False,False,NOONTALK NAIL LOUNGE
noonsaram korean cafe,0,0,0,0,0,0,0,1,0,0,1,1,False,False,NOONSARAM KOREAN CAFE
voice,0,0,0,0,0,0,1,0,0,0,1,1,False,False,Voice
voice solutions,0,0,0,0,0,0,0,0,1,0,1,1,False,False,VOICE SOLUTIONS
noon talk,0,0,0,0,0,0,0,1,0,0,1,1,False,False,NOON TALK
noodles everyday,0,0,0,0,1,0,0,0,0,0,1,1,False,False,Noodles Everyday
vonel salon and spa,0,1,0,0,0,0,0,0,0,0,1,1,False,False,VONEL SALON AND SPA
yao money changer,0,0,0,0,0,0,1,0,0,0,1,1,False,False,Yao Money Changer
vq smart,0,0,0,0,0,0,0,1,0,0,1,1,False,False,VQ - SMART
noodle house exhibit,0,0,0,0,0,0,0,1,0,0,1,1,False,False,NOODLE HOUSE EXHIBIT
vryrus gsm ent,0,0,0,0,0,0,1,0,0,0,1,1,False,False,Vryrus GSM Ent.
vsing philippines,0,0,0,0,1,0,0,0,0,0,1,1,False,False,VSing Philippines
nonnas pasta & pizzeria,0,1,0,0,0,0,0,0,0,0,1,1,False,False,NONNA'S PASTA & PIZZERIA
yankee candle,0,0,0,0,0,0,0,1,0,0,1,1,False,False,YANKEE CANDLE
nonki japanese restaurant,0,0,0,0,0,0,0,1,0,0,1,1,False,False,NONKI JAPANESE RESTAURANT
noms,0,0,0,0,0,0,0,1,0,0,1,1,False,False,NOMS
vuddy vuddy,0,0,0,0,0,0,0,1,0,0,1,1,False,False,VUDDY VUDDY
muhlachs ensaymada,0,0,0,0,0,0,1,0,0,0,1,1,False,False,Muhlach’s Ensaymada
vmaxx cellphone & accessories shop,0,0,0,0,0,0,0,0,0,1,1,1,False,False,VMAXX Cellphone & Accessories Shop
nora salon,0,0,0,0,0,0,1,0,0,0,1,1,False,False,Nora Salon
vivo i,0,0,0,0,0,0,1,0,0,0,1,1,False,False,Vivo I 0908-535-5625
mtmb,0,0,0,0,0,0,0,0,1,0,1,1,False,False,MTMB
nose boop,0,0,0,0,1,0,0,0,0,0,1,1,False,False,Nose Boop
north tech,0,0,0,0,0,0,0,1,0,0,1,1,False,False,NORTH TECH
mu lan general merchandise,0,0,0,0,0,0,1,0,0,0,1,1,False,False,MU LAN GENERAL MERCHANDISE
viviers blooms,0,0,0,0,0,0,0,1,0,0,1,1,False,False,VIVIERS BLOOMS
north dental clinic,0,0,0,0,0,0,0,1,0,0,1,1,False,False,NORTH DENTAL CLINIC
north brew,0,0,0,0,0,0,0,1,0,0,1,1,False,False,NORTH BREW
nors footwear,0,0,0,0,0,0,1,0,0,0,1,1,False,False,NORS FOOTWEAR
nords,0,0,0,0,0,0,0,0,0,1,1,1,False,False,NORD'S
vivre medical group,0,0,0,0,0,0,0,1,0,0,1,1,False,False,THE VIVRE MEDICAL GROUP
muebles italiano,0,0,0,0,0,0,0,1,0,0,1,1,False,False,MUEBLES ITALIANO
nori san,0,0,0,0,0,0,0,1,0,0,1,1,False,False,NORI-SAN
vloved,0,0,0,0,0,0,1,0,0,0,1,1,False,False,VLOVED
mugna,0,0,0,0,0,0,1,0,0,0,1,1,False,False,MUGNA
yardstick,0,0,0,0,0,0,1,0,0,0,1,1,False,False,YARDSTICK
nords bread hub,0,0,0,0,0,0,0,1,0,0,1,1,False,False,NORDS BREAD HUB
nutech,0,1,0,0,0,0,0,0,0,0,1,1,False,False,NUTECH
nutech solutions,0,0,0,0,0,0,0,1,0,0,1,1,False,False,NUTECH SOLUTIONS
nutri health and beauty products trading,1,0,0,0,0,0,0,0,0,0,1,1,False,False,Nutri Health And Beauty Products Trading
villalon padron dental clinic and dental laboratory,0,0,0,0,0,0,0,1,0,0,1,1,False,False,VILLALON-PADRON DENTAL CLINIC AND DENTAL LABORATORY
viewers mobile,0,0,0,0,0,0,0,0,0,1,1,1,False,False,Viewers Mobile
viewers telecom,0,0,0,0,0,0,0,1,0,0,1,1,False,False,VIEWERS TELECOM
vikings luxury buffet,0,0,0,0,0,0,1,0,0,0,1,1,False,False,VIKINGS LUXURY BUFFET (02) 8845-4647
octagon computer shop,0,0,0,0,0,0,1,0,0,0,1,1,False,False,OCTAGON COMPUTER SHOP
mr wippy,0,0,0,0,0,0,1,0,0,0,1,1,False,False,MR. WIPPY
vikings venue,0,0,0,0,0,0,0,1,0,0,1,1,False,False,VIKINGS VENUE
viktor jeans,0,1,0,0,0,0,0,0,0,0,1,1,False,False,VIKTOR JEANS
ochie,0,0,0,0,0,1,0,0,0,0,1,1,False,False,Ochie
ochado,0,0,1,0,0,0,0,0,0,0,1,1,False,False,Ochado
oceannail nail and lashes salon,0,1,0,0,0,0,0,0,0,0,1,1,False,False,OCEANNAIL NAIL AND LASHES SALON
ocean seafood restaurant,0,0,0,0,0,0,0,1,0,0,1,1,False,False,OCEAN SEAFOOD RESTAURANT
mrg law office,0,0,0,0,0,0,1,0,0,0,1,1,False,False,MRG Law Office
occupational safety and health center,0,1,0,0,0,0,0,0,0,0,1,1,False,False,OCCUPATIONAL SAFETY AND HEALTH CENTER
occassions,0,1,0,0,0,0,0,0,0,0,1,1,False,False,OCCASSIONS
vilcrafty handicraft,1,0,0,0,0,0,0,0,0,0,1,1,False,False,Vilcrafty Handicraft
occasion gift shop,1,0,0,0,0,0,0,0,0,0,1,1,False,False,Occasion Gift Shop
village art gallery,0,1,0,0,0,0,0,0,0,0,1,1,False,False,VILLAGE ART GALLERY
viennes treasure fine jewelry,0,0,0,0,0,0,0,1,0,0,1,1,False,False,VIENNES TREASURE FINE JEWELRY
victory of althea travels & tours,0,0,0,0,0,0,1,0,0,0,1,1,False,False,VICTORY OF ALTHEA TRAVELS & TOURS
victory churches of asia,0,0,0,0,0,0,0,0,1,0,1,1,False,False,VICTORY CHURCHES OF ASIA
oddballs,0,0,1,0,0,0,0,0,0,0,1,1,False,False,Oddballs
vicaria,0,0,0,0,0,1,0,0,0,0,1,1,False,False,Vicaria
office,0,0,0,0,0,1,0,0,0,0,1,1,False,False,The Office
odyssey driving school,0,0,0,0,0,0,0,1,0,0,1,1,False,False,ODYSSEY DRIVING SCHOOL
victoria farms,0,1,0,0,0,0,0,0,0,0,1,1,False,False,VICTORIA FARMS
yeobo korean style corndog,0,0,0,0,0,0,1,0,0,0,1,1,False,False,YEOBO KOREAN STYLE CORNDOG
victoria semi permanent makeup & beauty spa,0,1,0,0,0,0,0,0,0,0,1,1,False,False,VICTORIA SEMI PERMANENT MAKEUP & BEAUTY SPA
victorias secret,0,0,0,0,0,0,0,1,0,0,1,1,False,False,VICTORIAS SECRET
od cafe express,0,0,0,0,0,0,1,0,0,0,1,1,False,False,OD CAFE EXPRESS
octo takoyaki,0,0,0,0,0,0,1,0,0,0,1,1,False,False,OCTO TAKOYAKI
mr ube,0,1,0,0,0,0,0,0,0,0,1,1,False,False,MR. UBE
victory,0,0,0,0,0,0,1,0,0,0,1,1,False,False,VICTORY
od cafe,0,0,0,0,0,0,1,0,0,0,1,1,False,False,OD CAFE
octoboy unli wagyu and seafood grill,0,0,0,0,0,0,0,1,0,0,1,1,False,False,OCTOBOY UNLI WAGYU AND SEAFOOD GRILL
victory church,0,0,0,0,0,1,0,0,0,0,1,1,False,False,Victory Church
octoboy,0,1,0,0,0,0,0,0,0,0,1,1,False,False,OCTOBOY
mr unlocker,0,1,0,0,0,0,0,0,0,0,1,1,False,False,MR. UNLOCKER
ocampos fine jewellery,0,0,0,0,0,0,1,0,0,0,1,1,False,False,Ocampo's Fine Jewellery
obrang pilipino,0,0,0,0,0,0,0,1,0,0,1,1,False,False,OBRANG PILIPINO
yellowcab,0,0,0,0,0,0,1,0,0,0,1,1,False,False,Yellowcab
villarica,0,0,0,0,0,1,0,0,0,0,1,1,False,False,Villarica
yeobo corndog,0,0,0,0,0,0,1,0,0,0,1,1,False,False,YEOBO CORNDOG
viphone,0,1,0,0,0,0,0,0,0,0,1,1,False,False,VIPHONE
nyc studio salon,0,0,0,0,0,0,0,1,0,0,1,1,False,False,NYC STUDIO SALON
ny buffalo brads hot wings,0,1,0,0,0,0,0,0,0,0,1,1,False,False,NY BUFFALO BRADS HOT WINGS
ny bagel by kates,0,1,0,0,0,0,0,0,0,0,1,1,False,False,NY BAGEL BY KATE'S
nuvera aesthetic,0,0,0,0,1,0,0,0,0,0,1,1,False,False,Nuvera Aesthetic
yellowrap shawarma house,0,0,0,0,0,0,1,0,0,0,1,1,False,False,Yellowrap Shawarma House
nuts and bits,0,0,0,0,0,0,0,0,0,1,1,1,False,False,Nuts And Bits
mrz mobile repair zone,0,0,0,0,0,0,0,1,0,0,1,1,False,False,MRZ MOBILE REPAIR ZONE
viptek,0,0,0,0,0,0,0,1,0,0,1,1,False,False,VIPTEK
ms by marjories,0,0,0,0,0,0,0,1,0,0,1,1,False,False,MS BY MARJORIES
virgies homemade food products,0,1,0,0,0,0,0,0,0,0,1,1,False,False,VIRGIE'S HOMEMADE FOOD PRODUCTS
ms cellphone accessories,0,0,0,0,0,0,1,0,0,0,1,1,False,False,MS CELLPHONE ACCESSORIES
viro casa,0,1,0,0,0,0,0,0,0,0,1,1,False,False,VIRO CASA
nutriel,0,0,0,0,0,0,1,0,0,0,1,1,False,False,Nutriel
virtu salon,0,0,0,0,0,0,1,0,0,0,1,1,False,False,Virtu Salon
nutribullet,0,1,0,0,0,0,0,0,0,0,1,1,False,False,NUTRIBULLET
vip cinema,0,0,0,1,0,0,0,0,0,0,1,1,False,False,VIP Cinema
vintage vision optical,0,0,0,0,0,0,1,0,0,0,1,1,False,False,Vintage Vision Optical
nyfd premiere,0,1,0,0,0,0,0,0,0,0,1,1,False,False,NYFD PREMIERE
vinchechill pasalubong shop,0,0,0,0,0,0,0,0,0,1,1,1,False,False,Vinchechill Pasalubong Shop
mrs goodies,0,0,0,0,0,0,0,1,0,0,1,1,False,False,MRS GOODIES
villarosa creations,0,0,0,0,0,0,0,1,0,0,1,1,False,False,VILLAROSA CREATIONS
vincent hobby shop,0,0,1,0,0,0,0,0,0,0,1,1,False,False,Vincent Hobby Shop
vincents hobby shop,1,0,0,0,0,0,0,0,0,0,1,1,False,False,Vincent's Hobby Shop
oak bakery,0,0,0,0,1,0,0,0,0,0,1,1,False,False,Oak Bakery
o2 wellness k beauty,0,0,0,0,1,0,0,0,0,0,1,1,False,False,O2 Wellness K-Beauty
o noodle,0,0,0,0,0,0,1,0,0,0,1,1,False,False,O' Noodle
vinci medical aesthetics,0,0,1,0,0,0,0,0,0,0,1,1,False,False,Vinci Medical Aesthetics
vintage vision international,0,0,0,0,0,0,1,0,0,0,1,1,False,False,Vintage Vision International
vinfast,0,0,0,0,0,0,1,0,0,0,1,1,False,False,VINFAST
vintage photo booth,0,0,0,0,0,0,1,0,0,0,1,1,False,False,Vintage Photo Booth
o d c dental clinic co,0,1,0,0,0,0,0,0,0,0,1,1,False,False,O.D.C DENTAL CLINIC CO.
vintage restore,0,0,0,0,0,0,0,1,0,0,1,1,False,False,VINTAGE RESTORE
vintage vision,0,0,0,0,0,0,1,0,0,0,1,1,False,False,Vintage Vision
perfect shot,0,0,0,0,0,0,0,1,0,0,1,1,False,False,PERFECT SHOT
o banh mi,0,0,0,0,0,0,1,0,0,0,1,1,False,False,O BANH MI
shakeys pizza i,0,0,0,0,0,0,1,0,0,0,1,1,False,False,Shakey's Pizza I 09257-597-1161
tic toc doc,0,0,0,0,0,0,0,1,0,0,1,1,False,False,TIC TOC DOC
perfect sight eye center,0,0,0,0,0,0,0,1,0,0,1,1,False,False,PERFECT SIGHT EYE CENTER
sogo home & office furniture,0,1,0,0,0,0,0,0,0,0,1,1,False,False,SOGO HOME & OFFICE FURNITURE
robots & dolls salon,0,0,0,0,1,0,0,0,0,0,1,1,False,False,Robots & Dolls Salon
robots & dolls,0,0,0,0,1,0,0,0,0,0,1,1,False,False,Robots & Dolls
robisnons deparment store,0,0,0,0,0,0,1,0,0,0,1,1,False,False,ROBISNONS DEPARMENT STORE
sogo home,1,0,0,0,0,0,0,0,0,0,1,1,False,False,Sogo Home
sogo home & office center i,0,0,0,0,0,0,1,0,0,0,1,1,False,False,SOGO Home & Office Center I 0926-668-0727
robinsons supermaket,0,0,0,0,0,0,1,0,0,0,1,1,False,False,ROBINSONS SUPERMAKET
robinsons super market,0,0,0,0,0,0,1,0,0,0,1,1,False,False,ROBINSONS SUPER MARKET
sogo home & office centre,0,0,0,0,0,0,1,0,0,0,1,1,False,False,Sogo Home & Office Centre
robinsons residences,0,0,0,0,0,0,1,0,0,0,1,1,False,False,Robinsons Residences
robinsons movieworld ( 8397 1888 loc 36029,0,0,0,0,0,0,1,0,0,0,1,1,False,False,ROBINSONS MOVIEWORLD ( 8397-1888 loc.36029
robys sports,0,0,0,0,0,0,1,0,0,0,1,1,False,False,ROBY'S SPORTS
sogo home and office center,0,0,0,0,0,0,1,0,0,0,1,1,False,False,Sogo Home and Office Center
robinsons movie world,0,0,0,0,0,0,1,0,0,0,1,1,False,False,ROBINSONS MOVIE WORLD (OPEN) (02) 8887-0726
robinsons homes inc,0,0,0,0,0,0,1,0,0,0,1,1,False,False,Robinsons Homes Inc.
sogo office & home furniture,0,0,0,0,0,0,1,0,0,0,1,1,False,False,Sogo Office & Home Furniture
sohailyn cellphone accessories store,0,1,0,0,0,0,0,0,0,0,1,1,False,False,SOHAILYN CELLPHONE ACCESSORIES STORE
sole avenue,0,1,0,0,0,0,0,0,0,0,1,1,False,False,SOLE AVENUE
sole depot,0,1,0,0,0,0,0,0,0,0,1,1,False,False,SOLE DEPOT
sole destination travel services inc,0,0,0,0,0,0,1,0,0,0,1,1,False,False,Sole Destination Travel Services Inc
robinsons bank atm,0,0,0,0,0,0,1,0,0,0,1,1,False,False,Robinsons Bank (ATM)
robs,0,0,0,0,1,0,0,0,0,0,1,1,False,False,Rob's
rock island armory,0,0,1,0,0,0,0,0,0,0,1,1,False,False,Rock Island Armory
sophistique spa,0,0,0,0,0,0,1,0,0,0,1,1,False,False,SOPHISTIQUE SPA
socialite collecitons,0,0,0,0,1,0,0,0,0,0,1,1,False,False,Socialite Collecitons
roller fever,0,0,1,0,0,0,0,0,0,0,1,1,False,False,Roller Fever
sobra cafe,0,0,0,0,0,0,1,0,0,0,1,1,False,False,SOBRA CAFE
rolex washington watch group,0,1,0,0,0,0,0,0,0,0,1,1,False,False,ROLEX - WASHINGTON WATCH GROUP
social,0,1,0,0,0,0,0,0,0,0,1,1,False,False,THE SOCIAL
social donuts,0,0,0,0,0,0,1,0,0,0,1,1,False,False,The Social Donuts
social housing finance corp,0,0,1,0,0,0,0,0,0,0,1,1,False,False,Social Housing Finance Corp
rogue gaming,0,0,0,0,0,0,0,1,0,0,1,1,False,False,ROGUE GAMING
roger vivier,0,1,0,0,0,0,0,0,0,0,1,1,False,False,ROGER VIVIER
social technomatic save n earn,0,0,0,0,0,0,1,0,0,0,1,1,False,False,SOCIAL TECHNOMATIC / SAVE N' EARN
rocky mountain chocolate factory,0,0,0,0,0,0,0,1,0,0,1,1,False,False,ROCKY MOUNTAIN CHOCOLATE FACTORY
rock mobile hub,0,0,0,0,0,0,0,0,0,1,1,1,False,False,Rock Mobile Hub
rockstar by centerstage,0,0,0,0,0,0,0,1,0,0,1,1,False,False,ROCKSTAR BY CENTERSTAGE
society eight,0,0,0,0,0,0,1,0,0,0,1,1,False,False,Society Eight (Temporarily Closed)
sodam,0,0,0,0,0,0,1,0,0,0,1,1,False,False,SODAM
softawalk,0,0,0,0,0,0,1,0,0,0,1,1,False,False,Softawalk
softwash laundromat,0,0,0,0,0,0,0,1,0,0,1,1,False,False,SOFTWASH LAUNDROMAT
rock on boulder gym,0,1,0,0,0,0,0,0,0,0,1,1,False,False,ROCK ON BOULDER GYM
sogamiga,0,0,1,0,0,0,0,0,0,0,1,1,False,False,Sogamiga
rock n sole,0,0,0,0,0,1,0,0,0,0,1,1,False,False,Rock n Sole
sogeum by soban,0,0,0,0,0,0,1,0,0,0,1,1,False,False,SOGEUM BY SOBAN
sole game,0,0,1,0,0,0,0,0,0,0,1,1,False,False,Sole Game
robinsons bank 8702 9500 local 499 bpi,0,0,0,0,0,0,1,0,0,0,1,1,False,False,Robinsons Bank 8702-9500 local 499 BPI
robinsons bank (adriatico),0,0,0,0,0,0,1,0,0,0,1,1,False,False,Robinsons Bank (Adriatico)
sophia jewellery,0,0,0,0,0,0,0,1,0,0,1,1,False,False,SOPHIA JEWELLERY
rm cellshop,0,0,0,0,0,0,1,0,0,0,1,1,False,False,RM CELLSHOP
rk telecom,0,0,0,0,0,0,1,0,0,0,1,1,False,False,RK Telecom
rjs barbershop,0,0,0,0,0,0,0,1,0,0,1,1,False,False,RJS BARBERSHOP
sony centre by avid,1,0,0,0,0,0,0,0,0,0,1,1,False,False,Sony Centre By Avid
rizal dairy farms,0,1,0,0,0,0,0,0,0,0,1,1,False,False,RIZAL DAIRY FARMS
sonyda inchiban,0,0,0,0,0,0,1,0,0,0,1,1,False,False,SONYDA INCHIBAN
rizal commercial banking corp (rcbc),0,0,0,0,0,0,0,0,1,0,1,1,False,False,RIZAL COMMERCIAL BANKING CORP. (RCBC)
rivians special ice cream,0,0,0,0,0,0,1,0,0,0,1,1,False,False,RIVIAN'S SPECIAL ICE CREAM
sook thai,0,0,0,0,0,0,0,1,0,0,1,1,False,False,SOOK THAI
sophias cellphone accessories store,0,0,0,0,0,0,1,0,0,0,1,1,False,False,SOPHIA’S CELLPHONE ACCESSORIES STORE
sole game by the barbery,0,0,0,0,0,0,0,1,0,0,1,1,False,False,SOLE GAME BY THE BARBERY
rita optical,0,1,0,0,0,0,0,0,0,0,1,1,False,False,RITA OPTICAL
sophias hair and nail salon,0,0,0,0,0,0,0,1,0,0,1,1,False,False,SOPHIA'S HAIR AND NAIL SALON
rise,0,0,0,0,0,0,1,0,0,0,1,1,False,False,RISE
sophistikated,0,0,0,0,0,0,1,0,0,0,1,1,False,False,SOPHISTIKATED 9657396745
rink star,0,0,0,0,0,0,0,1,0,0,1,1,False,False,RINK STAR
ringside,0,0,0,0,0,0,1,0,0,0,1,1,False,False,Ringside
ringke,0,0,0,0,0,0,1,0,0,0,1,1,False,False,Ringke
rimowa,0,1,0,0,0,0,0,0,0,0,1,1,False,False,RIMOWA
rightech watch,0,0,0,0,0,0,0,0,0,1,1,1,False,False,RIGHTECH WATCH
rmg gadget shops,0,0,1,0,0,0,0,0,0,0,1,1,False,False,Rmg Gadget Shops
rmj flowers,0,0,0,0,0,0,1,0,0,0,1,1,False,False,RMJ Flowers
road house manila,0,0,0,0,0,0,0,1,0,0,1,1,False,False,ROAD HOUSE MANILA
sonakshi,0,0,0,0,0,0,1,0,0,0,1,1,False,False,SONAKSHI
sole mate,0,0,1,0,0,0,0,0,0,0,1,1,False,False,Sole Mate
sole surgeon,0,0,0,0,0,0,1,0,0,0,1,1,False,False,SOLE SURGEON
robinsons appliance center,0,0,0,0,0,0,1,0,0,0,1,1,False,False,Robinsons Appliance Center
roberts toys,0,0,0,0,0,1,0,0,0,0,1,1,False,False,Roberts Toys
solemn vows,0,1,0,0,0,0,0,0,0,0,1,1,False,False,SOLEMN VOWS
solid motors,0,0,0,0,0,0,0,1,0,0,1,1,False,False,SOLID MOTORS
robert chicken,0,0,0,0,0,0,1,0,0,0,1,1,False,False,ROBERT CHICKEN
robelo watch repair,0,0,0,0,0,0,0,0,0,1,1,1,False,False,ROBELO WATCH REPAIR
robata by chef alexander sebastian,0,0,0,0,0,0,0,1,0,0,1,1,False,False,ROBATA BY CHEF ALEXANDER SEBASTIAN
solidarity sticker,0,0,1,0,0,0,0,0,0,0,1,1,False,False,Solidarity Sticker
roasted duck express,0,0,0,0,0,1,0,0,0,0,1,1,False,False,Roasted Duck Express
soliman paroli eye care,0,0,0,0,0,0,0,1,0,0,1,1,False,False,SOLIMAN PAROLI EYE CARE
solinea showroom,0,1,0,0,0,0,0,0,0,0,1,1,False,False,SOLINEA SHOWROOM
solitas bakehouse,0,0,0,0,1,0,0,0,0,0,1,1,False,False,Solita's Bakehouse
roasted beans & coffee shop,0,0,0,0,0,0,1,0,0,0,1,1,False,False,ROASTED BEANS & COFFEE SHOP
roasted & grilled,0,0,0,0,0,0,1,0,0,0,1,1,False,False,Roasted & Grilled
solohod,0,0,0,0,0,0,0,1,0,0,1,1,False,False,SOLOHOD
solon flower shop,0,0,0,0,0,0,1,0,0,0,1,1,False,False,SOLON FLOWER SHOP
some thai,0,0,0,0,0,0,1,0,0,0,1,1,False,False,SOME THAI
so good gift shop,0,0,0,0,0,0,1,0,0,0,1,1,False,False,SO GOOD GIFT SHOP
roma wellness beauty centre,0,0,0,0,0,0,0,1,0,0,1,1,False,False,ROMA WELLNESS BEAUTY CENTRE
so be near,0,0,0,0,0,0,1,0,0,0,1,1,False,False,So Be Near
rsa music center,1,0,0,0,0,0,0,0,0,0,1,1,False,False,Rsa Music Center
rta castanas,0,0,0,0,0,0,1,0,0,0,1,1,False,False,RTA CASTANAS
rsr jewelry & repair shop,0,0,0,0,0,1,0,0,0,0,1,1,False,False,RSR Jewelry & Repair Shop
smart wheel,0,0,0,0,0,0,0,1,0,0,1,1,False,False,SMART WHEEL
smart wireless center,0,0,0,0,0,0,1,0,0,0,1,1,False,False,SMART WIRELESS CENTER
smartflight,0,1,0,0,0,0,0,0,0,0,1,1,False,False,SMARTFLIGHT
rsm watch repair,0,0,0,0,0,0,0,0,0,1,1,1,False,False,RSM Watch Repair
rsm watch,0,0,0,0,0,0,1,0,0,0,1,1,False,False,RSM Watch
smdc,0,0,0,0,0,0,0,1,0,0,1,1,False,False,SMDC
smdc field residences,0,0,0,0,0,0,0,1,0,0,1,1,False,False,SMDC FIELD RESIDENCES
rs tech,0,0,0,0,0,1,0,0,0,0,1,1,False,False,Rs Tech
smile bar,0,1,0,0,0,0,0,0,0,0,1,1,False,False,THE SMILE BAR
smdc green 2 residences,0,0,0,0,0,0,0,1,0,0,1,1,False,False,SMDC GREEN 2 RESIDENCES
rs jewels,0,0,0,0,0,0,1,0,0,0,1,1,False,False,RS JEWELS
rrk massage chair services,0,0,0,0,0,0,1,0,0,0,1,1,False,False,RRK Massage Chair Services
rrj mrlee,0,0,0,0,0,0,0,0,0,1,1,1,False,False,RRJ/MRLEE
smell chic,0,0,0,0,0,0,0,1,0,0,1,1,False,False,SMELL CHIC
smell me,0,0,0,0,0,0,1,0,0,0,1,1,False,False,Smell Me
rpm pilinut candies,0,0,0,0,0,0,0,1,0,0,1,1,False,False,RPM PILINUT CANDIES
rpm dental health care plus,0,0,0,0,0,0,0,1,0,0,1,1,False,False,RPM DENTAL HEALTH CARE PLUS
smile and beyond,0,0,0,0,0,0,1,0,0,0,1,1,False,False,SMILE AND BEYOND
smart fishtel,0,0,0,1,0,0,0,0,0,0,1,1,False,False,SMART FISHTEL
smart driving corporation,0,0,0,0,0,0,0,0,1,0,1,1,False,False,SMART DRIVING CORPORATION
rudys master key duplicating shop,0,0,0,0,0,0,0,1,0,0,1,1,False,False,RUDY'S MASTER KEY DUPLICATING SHOP
rue bourbon,0,0,0,0,1,0,0,0,0,0,1,1,False,False,Rue Bourbon
slimmers world elite,0,0,0,0,0,0,0,1,0,0,1,1,False,False,SLIMMERS WORLD ELITE
rustans,1,0,0,0,0,0,0,0,0,0,1,1,False,False,Rustan's
sloppy lemonade,0,0,0,0,0,0,1,0,0,0,1,1,False,False,Sloppy Lemonade
ruro martin pet accessories and supplies corp,0,0,0,0,0,0,1,0,0,0,1,1,False,False,Ruro Martin Pet Accessories and Supplies Corp.
ruro martin pet accessories & supplies,0,0,0,0,0,0,1,0,0,0,1,1,False,False,RURO MARTIN PET ACCESSORIES & SUPPLIES
sm business service center,0,0,0,0,0,0,0,1,0,0,1,1,False,False,SM BUSINESS SERVICE CENTER
sm by the bay,0,0,0,0,0,0,0,1,0,0,1,1,False,False,SM BY THE BAY
rulls satellite,0,0,1,0,0,0,0,0,0,0,1,1,False,False,Rulls Satellite
sm cinema regular cinema 1 4,0,0,0,0,0,0,0,1,0,0,1,1,False,False,SM CINEMA Regular Cinema 1-4
rulls cellphones accessories,0,0,0,0,0,0,0,1,0,0,1,1,False,False,RULLS CELLPHONES ACCESSORIES
sm department store,0,0,0,0,0,1,0,0,0,0,1,1,False,False,SM Department Store
sm game park,0,0,0,0,0,0,0,1,0,0,1,1,False,False,SM GAME PARK
sm hypermarket carts,0,0,0,0,0,0,0,1,0,0,1,1,False,False,SM HYPERMARKET CARTS
ruiz derma,0,0,0,0,0,0,1,0,0,0,1,1,False,False,Ruiz Derma
sm malls online fulfillment center,0,0,0,0,0,0,0,1,0,0,1,1,False,False,SM MALLS ONLINE FULFILLMENT CENTER
rufilitas cakes and pastries,0,0,0,0,0,0,0,1,0,0,1,1,False,False,RUFILITA’S CAKES AND PASTRIES
sma world of gems,0,0,0,0,0,0,1,0,0,0,1,1,False,False,SMA World of Gems (TEMPORARILY CLOSED)
smallville montessori,0,0,0,0,0,1,0,0,0,0,1,1,False,False,Smallville Montessori
smart business center,0,0,0,0,0,0,1,0,0,0,1,1,False,False,Smart - Business Center
royce chocolate,0,0,0,0,0,0,0,1,0,0,1,1,False,False,ROYCE CHOCOLATE
smile channel dental clinic,0,1,0,0,0,0,0,0,0,0,1,1,False,False,SMILE CHANNEL DENTAL CLINIC
romeos,0,0,0,0,0,1,0,0,0,0,1,1,False,False,Romeo's
rookie kids,0,0,0,0,0,1,0,0,0,0,1,1,False,False,Rookie Kids
rossini ristorante italiano,0,0,0,0,0,0,0,1,0,0,1,1,False,False,ROSSINI RISTORANTE ITALIANO
snacktime dc,0,0,0,0,0,0,0,1,0,0,1,1,False,False,SNACKTIME - DC
rosemed supplies,0,0,1,0,0,0,0,0,0,0,1,1,False,False,Rosemed Supplies
rosemed medical supplies,0,0,0,0,0,0,0,1,0,0,1,1,False,False,ROSEMED MEDICAL SUPPLIES
snacktime imax,0,0,0,0,0,0,0,1,0,0,1,1,False,False,SNACKTIME - IMAX
rorys billiard,0,0,0,0,1,0,0,0,0,0,1,1,False,False,Rory's Billiard
roots collective,0,0,0,0,1,0,0,0,0,0,1,1,False,False,Roots Collective
snakyard,0,0,0,0,0,0,1,0,0,0,1,1,False,False,SNAKYARD 9190893201
sneaker box,0,0,0,0,0,1,0,0,0,0,1,1,False,False,Sneaker Box
rookie,0,0,0,0,0,0,1,0,0,0,1,1,False,False,ROOKIE
smile city,0,0,0,0,0,0,1,0,0,0,1,1,False,False,SMILE CITY
rons flower garden,0,0,0,0,0,0,1,0,0,0,1,1,False,False,Ron's Flower Garden
sneakerbox manila,0,0,0,0,1,0,0,0,0,0,1,1,False,False,SneakerBox Manila
roninsons supermarket,0,0,0,0,0,0,1,0,0,0,1,1,False,False,RONINSONS SUPERMARKET
ron salon,0,0,0,0,0,0,0,1,0,0,1,1,False,False,RON SALON
ron mar handicraft,0,0,0,0,0,0,0,1,0,0,1,1,False,False,RON MAR HANDICRAFT
romulo cafe,0,1,0,0,0,0,0,0,0,0,1,1,False,False,ROMULO CAFE
snow clean laundry service,0,0,0,0,1,0,0,0,0,0,1,1,False,False,Snow Clean Laundry Service
romeos steak & spice,0,0,0,0,0,0,1,0,0,0,1,1,False,False,Romeo's Steak & Spice
romeos spice & steaks,0,0,0,0,0,0,1,0,0,0,1,1,False,False,Romeo’s Spice & Steaks
rossopomodoro,0,0,0,0,0,0,0,1,0,0,1,1,False,False,ROSSOPOMODORO
rotation inc,0,0,0,1,0,0,0,0,0,0,1,1,False,False,Rotation Inc.
rotech,0,0,0,0,0,0,0,1,0,0,1,1,False,False,ROTECH
round circle,0,0,1,0,0,0,0,0,0,0,1,1,False,False,Round Circle
smile city dental essentials,0,0,0,0,0,0,0,1,0,0,1,1,False,False,SMILE CITY DENTAL ESSENTIALS
royaltea,0,0,0,0,0,0,0,1,0,0,1,1,False,False,ROYALTEA
smile dental hub,0,1,0,0,0,0,0,0,0,0,1,1,False,False,SMILE DENTAL HUB
royale,0,0,0,0,0,0,1,0,0,0,1,1,False,False,Royale
smile in style dental clinic,0,0,0,0,0,0,0,1,0,0,1,1,False,False,SMILE IN STYLE DENTAL CLINIC
smile lounge,0,0,0,0,0,0,1,0,0,0,1,1,False,False,Smile Lounge
smile on dental clinic,0,0,0,0,0,1,0,0,0,0,1,1,False,False,Smile On Dental Clinic
smj gold,0,0,1,0,0,0,0,0,0,0,1,1,False,False,Smj Gold
royal panda,0,1,0,0,0,0,0,0,0,0,1,1,False,False,ROYAL PANDA
smokin toppings,0,0,0,0,0,0,0,1,0,0,1,1,False,False,SMOKIN TOPPINGS
sms technology,0,0,0,0,0,0,1,0,0,0,1,1,False,False,SMS Technology
smx convention center bacolod,0,0,0,0,0,0,0,1,0,0,1,1,False,False,SMX CONVENTION CENTER BACOLOD
snackbar,0,0,0,0,0,0,0,1,0,0,1,1,False,False,SNACKBAR
roy and popoys batchoy food house,0,0,0,0,0,0,0,1,0,0,1,1,False,False,ROY AND POPOYS BATCHOY FOOD HOUSE
snacks,0,0,0,0,0,0,0,1,0,0,1,1,False,False,SNACKS
snackshack burger,0,0,0,0,0,0,0,0,0,1,1,1,False,False,SNACKSHACK BURGER
rover system,0,0,0,0,0,1,0,0,0,0,1,1,False,False,Rover System
route 80,0,0,0,0,0,0,1,0,0,0,1,1,False,False,ROUTE 80
round the clock cafe and bakery,0,0,0,0,0,0,0,1,0,0,1,1,False,False,ROUND-THE-CLOCK CAFE AND BAKERY
riff center,0,0,0,0,0,0,1,0,0,0,1,1,False,False,RIFF CENTER
sorelle skin care and spa,0,0,0,0,0,0,0,1,0,0,1,1,False,False,SORELLE SKIN CARE AND SPA
rc skin lite face body center,0,0,0,0,0,0,0,1,0,0,1,1,False,False,RC SKIN LITE FACE BODY CENTER
squiggy food shop,0,0,0,0,0,0,0,1,0,0,1,1,False,False,SQUIGGY FOOD SHOP
square meal food services,0,0,0,0,0,0,1,0,0,0,1,1,False,False,Square Meal Food Services
red shop,1,0,0,0,0,0,0,0,0,0,1,1,False,False,The Red Shop
squeeze it,0,0,0,0,0,0,0,1,0,0,1,1,False,False,SQUEEZE IT
red robin kitchen,0,0,0,0,1,0,0,0,0,0,1,1,False,False,Red Robin Kitchen
squeeze it lemon,0,0,0,0,0,0,1,0,0,0,1,1,False,False,SQUEEZE IT LEMON
squeeze me,0,0,0,0,0,0,1,0,0,0,1,1,False,False,SQUEEZE ME
squeeze n twist,0,0,0,0,0,0,1,0,0,0,1,1,False,False,Squeeze N Twist 9953335509
red ribbon bakeshop inc,0,0,0,0,0,0,0,0,1,0,1,1,False,False,"RED RIBBON BAKESHOP, INC"
red ribbon bakeshop,0,0,0,0,0,0,1,0,0,0,1,1,False,False,RED RIBBON BAKESHOP
red monster shop,1,0,0,0,0,0,0,0,0,0,1,1,False,False,Red Monster Shop
red trendy,0,0,0,0,0,0,1,0,0,0,1,1,False,False,Red Trendy
red manila,0,0,0,0,1,0,0,0,0,0,1,1,False,False,Red Manila
squires bingham international,0,0,0,0,0,0,1,0,0,0,1,1,False,False,SQUIRES BINGHAM INTERNATIONAL
sr new york style pizza,0,0,0,0,0,0,0,1,0,0,1,1,False,False,SR NEW YORK STYLE PIZZA
red lotus,0,0,0,0,0,0,1,0,0,0,1,1,False,False,RED LOTUS
red house taiwan shabu shabu,0,0,1,0,0,0,0,0,0,0,1,1,False,False,Red House Taiwan Shabu-shabu
red hen restaurant,0,0,0,0,0,0,1,0,0,0,1,1,False,False,Red Hen Restaurant
red hen,0,0,0,0,1,0,0,0,0,0,1,1,False,False,Red Hen
red hat donut,0,0,0,0,0,0,0,1,0,0,1,1,False,False,RED HAT DONUT
red green pepper mexican grill,0,0,0,0,0,0,0,1,0,0,1,1,False,False,RED GREEN PEPPER MEXICAN GRILL
red table,0,0,0,0,0,0,0,1,0,0,1,1,False,False,RED TABLE
redhee gentext telecom,0,0,0,0,0,0,0,1,0,0,1,1,False,False,REDHEE GENTEXT TELECOM
soul potato,0,0,0,0,0,0,1,0,0,0,1,1,False,False,Soul Potato
regenesis,0,0,1,0,0,0,0,0,0,0,1,1,False,False,Regenesis
relaxia massage center,0,0,0,0,0,0,1,0,0,0,1,1,False,False,RELAXIA MASSAGE CENTER
spud boy,0,0,0,0,0,0,1,0,0,0,1,1,False,False,Spud Boy
relaxant shades of blonde,0,0,0,0,0,0,0,1,0,0,1,1,False,False,RELAXANT SHADES OF BLONDE
spud city,0,0,0,0,1,0,0,0,0,0,1,1,False,False,Spud City
relax haven,0,0,0,0,0,0,1,0,0,0,1,1,False,False,RELAX HAVEN
reinberry,0,0,0,0,0,0,0,1,0,0,1,1,False,False,REINBERRY
rein carl cafe,0,0,0,0,0,0,0,0,0,1,1,1,False,False,Rein Carl Cafe
rehabwise pain and mobility clinic,0,0,0,0,0,0,0,1,0,0,1,1,False,False,REHABWISE PAIN AND MOBILITY CLINIC
regus,0,0,0,0,0,0,0,1,0,0,1,1,False,False,REGUS
reformer revolution,0,0,0,0,1,0,0,0,0,0,1,1,False,False,Reformer Revolution
square meal,0,0,0,0,0,0,1,0,0,0,1,1,False,False,Square Meal
sqeeze n twist,0,0,0,0,0,0,1,0,0,0,1,1,False,False,Sqeeze N Twist
sqj pasalubong,0,0,0,0,0,0,1,0,0,0,1,1,False,False,SQJ PASALUBONG
redteck inc,0,0,0,0,0,0,1,0,0,0,1,1,False,False,Redteck Inc
redtech,0,0,0,0,0,0,0,1,0,0,1,1,False,False,REDTECH
squad skates,0,0,0,0,0,0,0,1,0,0,1,1,False,False,SQUAD SKATES
redshop,0,0,0,0,0,0,0,0,0,1,1,1,False,False,The Redshop
squad skates roller rink,0,0,0,0,0,0,0,1,0,0,1,1,False,False,SQUAD SKATES ROLLER RINK
redsas flower shop,0,1,0,0,0,0,0,0,0,0,1,1,False,False,REDSA'S FLOWER SHOP
redragon,0,0,0,0,0,0,0,1,0,0,1,1,False,False,REDRAGON
sr watch repair shop,0,0,0,0,0,0,1,0,0,0,1,1,False,False,SR Watch Repair Shop
red dot,0,0,0,0,0,0,1,0,0,0,1,1,False,False,RED DOT
srl panoceph dental diagnostic clinic,0,0,0,0,0,0,1,0,0,0,1,1,False,False,Srl Panoceph Dental Diagnostic Clinic 0917-8557566
re find,0,0,1,0,0,0,0,0,0,0,1,1,False,False,Re-find
realme (cellboy),0,0,0,0,0,0,0,0,1,0,1,1,False,False,REALME (CELLBOY)
real me service center,0,0,0,0,0,0,1,0,0,0,1,1,False,False,Real Me Service Center
st joseph religious items shop,0,0,0,0,0,0,1,0,0,0,1,1,False,False,St. Joseph Religious items Shop
st louis house of fine ice cream & desserts,0,1,0,0,0,0,0,0,0,0,1,1,False,False,ST. LOUIS HOUSE OF FINE ICE CREAM & DESSERTS
st marc cafe,0,0,0,0,0,0,0,1,0,0,1,1,False,False,ST MARC CAFE
sta barbara,0,0,0,0,0,0,1,0,0,0,1,1,False,False,Sta. Barbara
real lux,0,0,0,0,0,0,1,0,0,0,1,1,False,False,REAL LUX
sta lucia holdings,0,0,0,0,0,0,1,0,0,0,1,1,False,False,STA. LUCIA HOLDINGS
ready set relax,0,0,0,0,0,0,1,0,0,0,1,1,False,False,READY-SET-RELAX
rds tru,0,0,0,0,0,0,1,0,0,0,1,1,False,False,RDS TRU
red crab alimango house,0,0,0,0,1,0,0,0,0,0,1,1,False,False,The Red Crab Alimango House
rds trendy 2024,0,0,0,0,0,0,1,0,0,0,1,1,False,False,RDS TRENDY 2024
sta lucia land inc,0,0,0,0,0,0,1,0,0,0,1,1,False,False,Sta. Lucia Land Inc.
rds home outlet,0,0,0,0,0,0,1,0,0,0,1,1,False,False,RDS HOME OUTLET
rds business center,0,0,0,0,0,0,1,0,0,0,1,1,False,False,RDS Business Center
rcg watch service,0,0,0,0,0,0,0,0,0,1,1,1,False,False,RCG Watch Service
rcd sticker,0,0,0,0,0,0,1,0,0,0,1,1,False,False,RCD Sticker
sta teresa resto,0,0,0,0,0,0,1,0,0,0,1,1,False,False,STA. TERESA RESTO 9177931584
stacks,0,0,0,0,0,0,0,1,0,0,1,1,False,False,STACKS
stallion fashion house,0,0,0,0,0,0,1,0,0,0,1,1,False,False,Stallion Fashion House
st joseph,0,0,0,0,0,0,1,0,0,0,1,1,False,False,St. Joseph
st john,0,0,1,0,0,0,0,0,0,0,1,1,False,False,St. John
realme concept store,0,0,0,0,0,0,0,1,0,0,1,1,False,False,REALME CONCEPT STORE
st clare of asissi,0,0,0,0,0,0,1,0,0,0,1,1,False,False,ST. CLARE OF ASISSI
red crab,0,0,0,0,1,0,0,0,0,0,1,1,False,False,The Red Crab
red corner burger cafe,0,0,0,0,0,0,0,1,0,0,1,1,False,False,RED CORNER BURGER CAFE
red clay,0,0,0,0,0,0,0,1,0,0,1,1,False,False,RED CLAY
ssamjang express,0,0,0,0,0,0,0,1,0,0,1,1,False,False,SSAMJANG EXPRESS
red basket,0,1,0,0,0,0,0,0,0,0,1,1,False,False,RED BASKET
recoverylimjoe lemony juice station,0,0,0,0,0,0,0,1,0,0,1,1,False,False,RecoveryLIMJOE LEMONY JUICE STATION
ssamjang korean restaurant,0,0,0,0,0,0,0,1,0,0,1,1,False,False,SSAMJANG KOREAN RESTAURANT
ssr household,0,0,0,0,0,0,1,0,0,0,1,1,False,False,SSR Household
reclaim health care administrative services corporation,0,0,0,0,0,0,0,1,0,0,1,1,False,False,RECLAIM HEALTH CARE ADMINISTRATIVE SERVICES CORPORATION
sst gadgets repair,0,0,0,0,0,0,1,0,0,0,1,1,False,False,SST GADGETS REPAIR
sst laptop & computer repair services i,0,0,0,0,0,0,1,0,0,0,1,1,False,False,SST LAPTOP & COMPUTER REPAIR SERVICES I 0923-424-9601
recess (inside maisonette),0,0,0,0,0,0,1,0,0,0,1,1,False,False,RECESS (INSIDE MAISONETTE)
sst laptop & gadget repair shop,0,0,0,0,0,0,1,0,0,0,1,1,False,False,SST LAPTOP & GADGET REPAIR SHOP 9438205423
reame,0,0,0,0,0,0,1,0,0,0,1,1,False,False,REAME
realmeabc mart,0,0,0,0,0,0,1,0,0,0,1,1,False,False,REALMEABC MART
realme service center,0,0,0,0,0,0,0,1,0,0,1,1,False,False,REALME SERVICE CENTER
sst laptop & pc shop,0,0,1,0,0,0,0,0,0,0,1,1,False,False,Sst Laptop & Pc Shop
st ali,0,0,0,0,0,0,1,0,0,0,1,1,False,False,ST. ALI
st ali coffee,0,0,0,0,0,0,1,0,0,0,1,1,False,False,ST. ALI COFFEE
sprinto i,0,0,0,0,0,0,1,0,0,0,1,1,False,False,Sprinto I 0945-264-7629
spring rolls,0,0,0,0,0,0,1,0,0,0,1,1,False,False,SPRING ROLLS
sports shop ph,0,0,0,0,0,0,0,1,0,0,1,1,False,False,SPORTS SHOP PH
rfone solutions gadgets & repair shop,0,1,0,0,0,0,0,0,0,0,1,1,False,False,RFONE SOLUTIONS GADGETS & REPAIR SHOP
souv by cyma,0,0,0,0,0,0,0,1,0,0,1,1,False,False,SOUV By Cyma
sowing life,0,0,0,0,0,0,0,1,0,0,1,1,False,False,SOWING LIFE
rgz beauty and wellness products shop,0,0,0,0,0,0,1,0,0,0,1,1,False,False,RGZ Beauty and Wellness Products Shop
soy & bean,0,0,0,0,0,0,0,0,0,1,1,1,False,False,Soy & Bean
rgm i care,0,0,0,0,0,0,0,0,0,1,1,1,False,False,RGM I-CARE
rgentee,0,0,0,0,0,0,1,0,0,0,1,1,False,False,Rgentee
soy bean,0,0,0,0,0,0,0,1,0,0,1,1,False,False,SOY BEAN
rgbtoyzone,0,0,0,0,0,1,0,0,0,0,1,1,False,False,RGBToyzone
soy bueno,0,0,0,0,0,1,0,0,0,0,1,1,False,False,Soy Bueno
rfg watch service center,0,0,0,0,0,0,0,1,0,0,1,1,False,False,RFG WATCH SERVICE CENTER
spark tech mobile,0,0,0,0,0,0,0,1,0,0,1,1,False,False,SPARK TECH MOBILE
reymel canteen,0,1,0,0,0,0,0,0,0,0,1,1,False,False,REYMEL CANTEEN
reyes haircutters,0,0,0,0,0,0,0,0,0,1,1,1,False,False,Reyes Haircutters
reyes barbeque,0,0,0,0,0,0,1,0,0,0,1,1,False,False,REYES BARBEQUE
space and style furnishing and interiors,0,0,0,0,0,0,0,1,0,0,1,1,False,False,SPACE AND STYLE FURNISHING AND INTERIORS
space arcade,0,0,0,0,0,0,0,1,0,0,1,1,False,False,SPACE ARCADE
space time cube,0,0,0,0,0,0,0,1,0,0,1,1,False,False,SPACE TIME CUBE
space touch,0,0,0,0,1,0,0,0,0,0,1,1,False,False,Space Touch
reycon watch repair center,0,0,0,0,0,0,0,0,0,1,1,1,False,False,REYCON WATCH REPAIR CENTER
space x time cube,0,0,0,0,0,0,0,1,0,0,1,1,False,False,SPACE X TIME CUBE
rianne,0,0,0,0,0,0,1,0,0,0,1,1,False,False,Rianne
ribs bibs,0,0,0,0,0,0,0,1,0,0,1,1,False,False,RIBS BIBS
ribs n bibs restaurant,0,1,0,0,0,0,0,0,0,0,1,1,False,False,RIBS N BIBS RESTAURANT
southwoods mall,0,0,0,0,1,0,0,0,0,0,1,1,False,False,Southwoods Mall
ride revolution,0,1,0,0,0,0,0,0,0,0,1,1,False,False,RIDE REVOLUTION
ricsjen beauty & wellness shop,0,0,0,0,0,0,1,0,0,0,1,1,False,False,Ricsjen Beauty & Wellness Shop
soundroom,0,0,0,0,0,0,0,1,0,0,1,1,False,False,SOUNDROOM
souper hot,0,0,0,0,0,0,0,1,0,0,1,1,False,False,SOUPER HOT
south bay dental,0,0,1,0,0,0,0,0,0,0,1,1,False,False,South Bay Dental
richyu fashion,0,0,0,0,0,0,1,0,0,0,1,1,False,False,Richyu Fashion
south salon,0,1,0,0,0,0,0,0,0,0,1,1,False,False,SOUTH SALON
richmond medical,0,0,0,0,1,0,0,0,0,0,1,1,False,False,Richmond Medical
south star drugs,0,0,0,0,0,0,1,0,0,0,1,1,False,False,SOUTH STAR DRUGS
richielda cabucos lao,0,0,0,0,0,0,1,0,0,0,1,1,False,False,Richielda Cabucos - Lao (032)238-1567/0925-706-8455
richchad coffee shop,0,0,0,0,0,0,1,0,0,0,1,1,False,False,Richchad Coffee Shop
southbank cafe lounge,0,0,0,0,0,1,0,0,0,0,1,1,False,False,Southbank Café Lounge
southeast dermatology,0,0,0,0,1,0,0,0,0,0,1,1,False,False,Southeast Dermatology
southern grind bistro,0,0,0,0,0,0,1,0,0,0,1,1,False,False,Southern Grind Bistro
rice at your doorstep,0,0,0,0,1,0,0,0,0,0,1,1,False,False,Rice at Your Doorstep
rice & rolls,0,0,0,0,1,0,0,0,0,0,1,1,False,False,Rice & Rolls
southstar drugstore,0,0,0,0,0,0,1,0,0,0,1,1,False,False,SOUTHSTAR DRUGSTORE
southwoods cinemas,0,0,0,0,1,0,0,0,0,0,1,1,False,False,Southwoods Cinemas
southwoods cinemas snackbar,0,0,0,0,1,0,0,0,0,0,1,1,False,False,Southwoods Cinemas - Snackbar
rexcue fone,0,1,0,0,0,0,0,0,0,0,1,1,False,False,REXCUE FONE
sparkk,0,0,0,0,0,0,0,1,0,0,1,1,False,False,SPARKK
reli tours & travel company,0,0,0,0,0,0,1,0,0,0,1,1,False,False,RELI TOURS & TRAVEL COMPANY
sploop,0,0,0,0,0,0,1,0,0,0,1,1,False,False,SPLOOP
spex appeal repair services,0,0,0,0,0,0,0,1,0,0,1,1,False,False,SPEX APPEAL REPAIR SERVICES
spice fusion,0,1,0,0,0,0,0,0,0,0,1,1,False,False,SPICE FUSION
repair advise,0,0,0,0,0,1,0,0,0,0,1,1,False,False,Repair Advise
renovar wellness,0,0,1,0,0,0,0,0,0,0,1,1,False,False,Renovar Wellness
spigen ph,0,0,0,0,0,0,1,0,0,0,1,1,False,False,Spigen Ph
renergy dermspa,0,1,0,0,0,0,0,0,0,0,1,1,False,False,RENERGY DERMSPA
spinkie,0,0,0,0,0,0,0,1,0,0,1,1,False,False,SPINKIE
splash,0,0,0,0,0,1,0,0,0,0,1,1,False,False,Splash
reneelen,0,0,0,0,0,1,0,0,0,0,1,1,False,False,Reneelen
rene mouris,0,0,0,0,0,0,0,1,0,0,1,1,False,False,RENE MOURIS
reva footwear,0,0,0,0,0,0,1,0,0,0,1,1,False,False,Reva Footwear
spoofs,0,1,0,0,0,0,0,0,0,0,1,1,False,False,SPOOFS
renaissance art gallery,0,0,0,0,0,0,0,1,0,0,1,1,False,False,RENAISSANCE ART GALLERY
remnants thrift shop,1,0,0,0,0,0,0,0,0,0,1,1,False,False,Remnants Thrift Shop
sport b,0,0,0,0,1,0,0,0,0,0,1,1,False,False,Sport B
sport shop ph,0,0,0,0,1,0,0,0,0,0,1,1,False,False,Sport Shop Ph
sports basics,0,0,0,0,0,0,1,0,0,0,1,1,False,False,Sports Basics
sports direct,0,0,1,0,0,0,0,0,0,0,1,1,False,False,Sports Direct
relojes mundo,0,1,0,0,0,0,0,0,0,0,1,1,False,False,RELOJES MUNDO
religioso,0,1,0,0,0,0,0,0,0,0,1,1,False,False,RELIGIOSO
repair me,0,0,0,0,0,0,1,0,0,0,1,1,False,False,Repair Me
repertory philippines,0,0,0,0,1,0,0,0,0,0,1,1,False,False,Repertory Philippines
spex appeal,0,0,0,0,0,0,1,0,0,0,1,1,False,False,Spex Appeal
sperry keds,0,1,0,0,0,0,0,0,0,0,1,1,False,False,SPERRY / KEDS
spatio,0,0,0,0,0,0,1,0,0,0,1,1,False,False,SPATIO
rev,0,0,0,0,0,0,0,1,0,0,1,1,False,False,REV
special toy center,0,0,1,0,0,0,0,0,0,0,1,1,False,False,Special Toy Center
retro,0,0,0,0,0,0,1,0,0,0,1,1,False,False,RETRO
specialized,0,0,0,0,0,0,0,1,0,0,1,1,False,False,SPECIALIZED
retokelly salon & spa,0,0,0,0,0,0,1,0,0,0,1,1,False,False,RETOKELLY SALON & SPA
retokelly group of salon,0,0,0,0,0,0,0,1,0,0,1,1,False,False,RETOKELLY GROUP OF SALON
retail lab,0,0,0,0,0,1,0,0,0,0,1,1,False,False,Retail Lab
restoerun,0,0,0,0,0,1,0,0,0,0,1,1,False,False,Restoerun
specialty cakes by hearts bells,0,0,0,0,0,0,0,1,0,0,1,1,False,False,SPECIALTY CAKES BY HEARTS BELLS
rest and go,0,0,0,0,0,0,1,0,0,0,1,1,False,False,Rest and Go
spectacles by sarabia,0,1,0,0,0,0,0,0,0,0,1,1,False,False,SPECTACLES BY SARABIA
spectrum,0,0,0,0,0,0,0,1,0,0,1,1,False,False,SPECTRUM
rest & go,0,0,0,0,0,0,1,0,0,0,1,1,False,False,Rest & Go (OPEN)
reshape,0,1,0,0,0,0,0,0,0,0,1,1,False,False,RESHAPE
reserve,0,0,0,0,1,0,0,0,0,0,1,1,False,False,Reserve
speed circuit,0,0,0,0,0,0,1,0,0,0,1,1,False,False,Speed Circuit
res,0,0,0,1,0,0,0,0,0,0,1,1,False,False,Res|Toe|Run
spenders trading & cellphone repair services,0,0,0,0,0,0,1,0,0,0,1,1,False,False,Spenders Trading & Cellphone Repair Services
rustic box steakhouse,0,0,0,0,0,0,0,1,0,0,1,1,False,False,RUSTIC BOX STEAKHOUSE
rustic seafood,0,0,0,0,0,1,0,0,0,0,1,1,False,False,Rustic Seafood
slers,0,1,0,0,0,0,0,0,0,0,1,1,False,False,SLERS
scs,0,1,0,0,0,0,0,0,0,0,1,1,False,False,SCS
siargao de palmas,0,0,0,0,0,0,0,1,0,0,1,1,False,False,SIARGAO DE PALMAS
seafood island,0,0,0,0,1,0,0,0,0,0,1,1,False,False,Seafood Island
seafood fiesta,0,0,0,0,0,0,1,0,0,0,1,1,False,False,Seafood Fiesta (OPEN)
seafood and steaks,0,0,0,0,0,0,1,0,0,0,1,1,False,False,Seafood and Steaks
sea shack,0,0,0,0,0,0,0,1,0,0,1,1,False,False,SEA SHACK
sibyullee,0,0,0,0,0,1,0,0,0,0,1,1,False,False,Sibyullee
sicilian roast,0,0,0,0,0,0,0,1,0,0,1,1,False,False,SICILIAN ROAST
sea of spa,0,0,0,0,0,0,0,1,0,0,1,1,False,False,SEA OF SPA
side quest,0,0,0,0,0,1,0,0,0,0,1,1,False,False,Side Quest
sidechick,0,0,0,0,0,0,0,1,0,0,1,1,False,False,SIDECHICK
seahorse houseboats & yachts,0,0,0,0,1,0,0,0,0,0,1,1,False,False,Seahorse Houseboats & Yachts
scribe,0,0,0,0,1,0,0,0,0,0,1,1,False,False,Scribe
siennalos,0,0,0,0,0,0,0,1,0,0,1,1,False,False,SIENNALOS
scratch smashburgers,0,0,0,0,1,0,0,0,0,0,1,1,False,False,Scratch Smashburgers
scouts honor,0,0,0,0,1,0,0,0,0,0,1,1,False,False,Scout's Honor
sier,0,0,0,0,0,0,1,0,0,0,1,1,False,False,SIER
scooping bar,0,0,0,0,0,0,0,1,0,0,1,1,False,False,THE SCOOPING BAR
sifra,0,1,0,0,0,0,0,0,0,0,1,1,False,False,SIFRA
sift laureana,0,0,0,0,1,0,0,0,0,0,1,1,False,False,Sift Laureana
scoop pilates studio,0,0,0,0,0,0,1,0,0,0,1,1,False,False,SCOOP PILATES STUDIO
siam thai,0,0,0,0,0,1,0,0,0,0,1,1,False,False,Siam Thai
sealy,0,1,0,0,0,0,0,0,0,0,1,1,False,False,SEALY
slap stack burger,0,0,0,0,0,1,0,0,0,0,1,1,False,False,Slap Stack Burger
sebastians ice cream station,0,0,0,0,0,0,0,1,0,0,1,1,False,False,SEBASTIANS ICE CREAM STATION
shoesalon,0,0,1,0,0,0,0,0,0,0,1,1,False,False,Shoesalon
shokudo,0,0,0,0,0,0,0,1,0,0,1,1,False,False,SHOKUDO
shokuji,0,0,0,0,0,1,0,0,0,0,1,1,False,False,Shokuji
secret recipe,0,0,0,0,0,0,0,1,0,0,1,1,False,False,SECRET RECIPE
shomai heart,0,0,0,0,0,0,1,0,0,0,1,1,False,False,Shomai Heart
secosana,0,1,0,0,0,0,0,0,0,0,1,1,False,False,SECOSANA
second corner clothing store,0,1,0,0,0,0,0,0,0,0,1,1,False,False,SECOND CORNER CLOTHING STORE
shopitude,0,0,0,0,0,0,1,0,0,0,1,1,False,False,Shopitude (Temporarily Closed)
shopwise,0,1,0,0,0,0,0,0,0,0,1,1,False,False,SHOPWISE
shopwise international grocery,1,0,0,0,0,0,0,0,0,0,1,1,False,False,Shopwise International Grocery
seashack,0,0,0,0,0,0,1,0,0,0,1,1,False,False,Seashack
shopwise supermarket,0,0,1,0,0,0,0,0,0,0,1,1,False,False,Shopwise Supermarket
shou la mien hand pulled noodles,0,1,0,0,0,0,0,0,0,0,1,1,False,False,SHOU LA MIEN HAND-PULLED NOODLES
shui head spa,0,0,0,0,0,0,0,1,0,0,1,1,False,False,SHUI HEAD SPA
shukey key duplicator,0,0,0,0,0,0,1,0,0,0,1,1,False,False,Shukey Key Duplicator
sebamed,0,0,0,0,0,0,0,1,0,0,1,1,False,False,Sebamed
shuyi,0,0,0,0,1,0,0,0,0,0,1,1,False,False,Shuyi
shuyi grass jelly,0,0,0,0,1,0,0,0,0,0,1,1,False,False,Shuyi Grass Jelly
seawadeeka,0,0,0,0,0,0,0,1,0,0,1,1,False,False,SEAWADEEKA
shylaer sizzling steak,0,0,0,0,0,0,0,1,0,0,1,1,False,False,SHYLAER SIZZLING STEAK
scoop it up,0,0,0,0,0,0,0,0,0,1,1,1,False,False,Scoop It Up
scoobys,0,0,0,0,0,0,1,0,0,0,1,1,False,False,SCOOBY'S
school bus internet,0,0,0,0,0,0,1,0,0,0,1,1,False,False,School Bus Internet
sarahs bakeshop,0,0,0,0,0,0,0,1,0,0,1,1,False,False,SARAH'S BAKESHOP
saucony,0,1,0,0,0,0,0,0,0,0,1,1,False,False,SAUCONY
silver gadget tech & services,0,0,0,0,0,0,1,0,0,0,1,1,False,False,Silver Gadget Tech & Services
silver gadget tech and services,0,0,0,0,0,0,0,1,0,0,1,1,False,False,SILVER GADGET TECH AND SERVICES
satchmisatchmi cafe,0,0,0,0,0,0,0,1,0,0,1,1,False,False,SATCHMISATCHMI CAFE
sassa,0,0,1,0,0,0,0,0,0,0,1,1,False,False,Sassa
silver gadgets tech and services,0,0,0,0,0,0,1,0,0,0,1,1,False,False,SILVER GADGETS TECH AND SERVICES
silver gems,0,0,0,0,0,0,1,0,0,0,1,1,False,False,SILVER GEMS
mobility scooter kiosk,0,0,0,0,0,0,1,0,0,0,1,1,False,False,MOBILITY SCOOTER KIOSK
sariwon,0,1,0,0,0,0,0,0,0,0,1,1,False,False,SARIWON
silverbest,0,0,0,0,0,0,0,0,0,1,1,1,False,False,Silverbest
scholl,0,0,0,0,0,1,0,0,0,0,1,1,False,False,Scholl
sarah lea travel and tours,0,0,0,0,0,0,1,0,0,0,1,1,False,False,SARAH LEA TRAVEL AND TOURS
sarah fashion,0,0,0,0,0,0,1,0,0,0,1,1,False,False,SARAH FASHION
sarah & sophie trading,0,1,0,0,0,0,0,0,0,0,1,1,False,False,SARAH & SOPHIE TRADING
silverholic,0,0,0,0,0,0,0,1,0,0,1,1,False,False,SILVERHOLIC
sarabia optical world,0,1,0,0,0,0,0,0,0,0,1,1,False,False,SARABIA OPTICAL WORLD
silvertec,0,0,0,0,0,0,0,1,0,0,1,1,False,False,SILVERTEC
silverworks satellite,0,0,1,0,0,0,0,0,0,0,1,1,False,False,Silverworks Satellite
simon designs,0,0,0,0,0,0,0,1,0,0,1,1,False,False,SIMON DESIGNS
sapatero plus,0,1,0,0,0,0,0,0,0,0,1,1,False,False,SAPATERO PLUS
saudi gold 18k,0,0,0,0,0,0,1,0,0,0,1,1,False,False,SAUDI GOLD 18K
silver collections,0,0,0,0,0,0,1,0,0,0,1,1,False,False,Silver Collections
silver best,1,0,0,0,0,0,0,0,0,0,1,1,False,False,Silver Best
savemore supermarket,0,0,1,0,0,0,0,0,0,0,1,1,False,False,Savemore Supermarket
schola de vita progressive school,0,0,0,0,0,0,1,0,0,0,1,1,False,False,SCHOLA DE VITA PROGRESSIVE SCHOOL
scfv internet services,0,0,1,0,0,0,0,0,0,0,1,1,False,False,Scfv Internet Services
scentswatch,0,0,1,0,0,0,0,0,0,0,1,1,False,False,Scentswatch
signet,0,0,0,0,0,0,1,0,0,0,1,1,False,False,SIGNET
sikwate house,0,0,0,0,0,0,1,0,0,0,1,1,False,False,SIKWATE HOUSE
scents and sensibilities,0,0,0,0,0,0,0,1,0,0,1,1,False,False,SCENTS AND SENSIBILITIES
scents and blends,0,0,1,0,0,0,0,0,0,0,1,1,False,False,Scents And Blends
silantro,0,0,0,0,1,0,0,0,0,0,1,1,False,False,Silantro
scentaur essentials,0,0,0,0,0,0,1,0,0,0,1,1,False,False,SCENTAUR ESSENTIALS
scent studio by bc fragrance,0,0,0,0,0,0,0,1,0,0,1,1,False,False,SCENT STUDIO BY BC FRAGRANCE
silantro fil mex cantina,0,1,0,0,0,0,0,0,0,0,1,1,False,False,SILANTRO FIL-MEX CANTINA
silman money changer,0,0,0,0,0,0,0,0,0,1,1,1,False,False,Silman Money Changer
sbarro satellite,0,0,1,0,0,0,0,0,0,0,1,1,False,False,Sbarro Satellite
sbarro earl of sandwich,0,1,0,0,0,0,0,0,0,0,1,1,False,False,SBARRO / EARL OF SANDWICH
silog express,0,0,1,0,0,0,0,0,0,0,1,1,False,False,Silog Express
sawada ichigo cafe,0,0,0,0,0,0,1,0,0,0,1,1,False,False,SAWADA ICHIGO CAFE
savoura,0,0,0,0,0,0,1,0,0,0,1,1,False,False,Savoura
savouge aesthetic and wellness center,0,0,0,0,0,0,0,1,0,0,1,1,False,False,SAVOUGE AESTHETIC AND WELLNESS CENTER
savore kitchen,0,0,0,0,0,0,1,0,0,0,1,1,False,False,SAVORE KITCHEN
seek and shine,0,0,0,0,1,0,0,0,0,0,1,1,False,False,Seek and Shine
shoefix master shoes and bags repair & key duplication,0,0,0,0,0,0,1,0,0,0,1,1,False,False,SHOEFIX MASTER SHOES AND BAGS REPAIR & KEY DUPLICATION
shoebox,0,0,0,0,0,0,1,0,0,0,1,1,False,False,SHOEBOX
shawarma craze,0,0,0,0,0,0,1,0,0,0,1,1,False,False,SHAWARMA CRAZE
sew it right,0,0,0,0,0,0,0,0,0,1,1,1,False,False,Sew It Right
sew fit upcycling alterations,0,0,0,0,0,0,0,1,0,0,1,1,False,False,SEW FIT UPCYCLING ALTERATIONS
sew and fit alterations,0,0,0,0,1,0,0,0,0,0,1,1,False,False,Sew and Fit Alterations
sharmainescakes and patries,0,0,0,0,0,0,1,0,0,0,1,1,False,False,Sharmaines'Cakes and Patries
seventh j,0,0,0,0,0,1,0,0,0,0,1,1,False,False,Seventh J
seven seven,0,0,0,0,0,0,1,0,0,0,1,1,False,False,Seven Seven
seven gems jewelry,0,0,0,0,0,0,0,1,0,0,1,1,False,False,SEVEN GEMS JEWELRY
setsuna japanese restaurant,0,0,0,0,0,0,0,0,0,1,1,1,False,False,SETSUNA JAPANESE RESTAURANT
shawarma,0,1,0,0,0,0,0,0,0,0,1,1,False,False,SHAWARMA
sesou,0,0,0,0,0,0,0,1,0,0,1,1,False,False,SESOU
serenes hair extension and spa,0,0,0,0,0,0,0,1,0,0,1,1,False,False,SERENES HAIR EXTENSION AND SPA
servicio,0,0,0,0,0,0,0,1,0,0,1,1,False,False,SERVICIO
serta,0,1,0,0,0,0,0,0,0,0,1,1,False,False,SERTA
shawarma lover,0,0,0,0,0,0,1,0,0,0,1,1,False,False,SHAWARMA LOVER
shawarma shack i,0,0,0,0,0,0,1,0,0,0,1,1,False,False,SHAWARMA SHACK I 0907-209-7215
shawarma snack center,0,0,0,0,0,0,0,0,0,1,1,1,False,False,SHAWARMA SNACK CENTER
serious player only,0,0,0,0,0,1,0,0,0,0,1,1,False,False,Serious Player Only
shawie nails spa,0,1,0,0,0,0,0,0,0,0,1,1,False,False,SHAWIE NAILS SPA
serinas fashion jewelry,0,0,0,0,0,0,1,0,0,0,1,1,False,False,SERINA'S FASHION JEWELRY
serinas,0,0,0,0,0,0,1,0,0,0,1,1,False,False,SERINA'S
sew terrific,0,0,0,0,0,1,0,0,0,0,1,1,False,False,Sew Terrific
sewing bar,0,1,0,0,0,0,0,0,0,0,1,1,False,False,SEWING BAR
shark ninja,0,0,1,0,0,0,0,0,0,0,1,1,False,False,Shark Ninja
sharetea,0,0,0,0,0,0,1,0,0,0,1,1,False,False,Sharetea
shams,0,0,0,0,0,0,1,0,0,0,1,1,False,False,Shams
shandie,0,0,0,0,0,0,1,0,0,0,1,1,False,False,Shandie
shaka cafes,0,0,0,0,0,0,0,1,0,0,1,1,False,False,SHAKA CAFES
shanghai express,0,0,0,0,1,0,0,0,0,0,1,1,False,False,Shanghai Express
shanghai saloon,0,0,0,0,0,0,0,1,0,0,1,1,False,False,SHANGHAI SALOON
shaka cafe,0,0,0,0,1,0,0,0,0,0,1,1,False,False,Shaka Cafe
shadows & patterns,0,0,0,0,0,1,0,0,0,0,1,1,False,False,Shadows & Patterns
shaburi kintan,0,1,0,0,0,0,0,0,0,0,1,1,False,False,SHABURI KINTAN
sha xian snack,0,0,0,0,1,0,0,0,0,0,1,1,False,False,Sha-Xian Snack
sgroppino italia coffee shop,0,0,0,0,0,0,0,1,0,0,1,1,False,False,SGROPPINO ITALIA COFFEE SHOP
shanylle p h,0,0,0,0,0,1,0,0,0,0,1,1,False,False,Shanylle P.h
sg urban empanada,0,0,0,0,0,0,1,0,0,0,1,1,False,False,SG Urban Empanada
sg dermatology and surgical aesthetic clinic,0,0,1,0,0,0,0,0,0,0,1,1,False,False,Sg Dermatology And Surgical Aesthetic Clinic
shaolin siomai,0,0,0,0,0,0,0,0,0,1,1,1,False,False,SHAOLIN SIOMAI
sg clinic,0,0,0,0,0,0,1,0,0,0,1,1,False,False,SG Clinic
sfx porcelain trading,1,0,0,0,0,0,0,0,0,0,1,1,False,False,SFX Porcelain Trading
shapes and sizes,0,1,0,0,0,0,0,0,0,0,1,1,False,False,SHAPES AND SIZES
sfdc ngipin station,0,0,1,0,0,0,0,0,0,0,1,1,False,False,Sfdc Ngipin Station
sewing room and alterations specialist,0,0,0,0,1,0,0,0,0,0,1,1,False,False,The Sewing Room And Alterations Specialist
shaxia snack house,0,0,0,0,1,0,0,0,0,0,1,1,False,False,Shaxia Snack House
shearmahz,0,0,0,0,0,0,0,1,0,0,1,1,False,False,SHEARMAHZ
seekshine,0,0,1,0,0,0,0,0,0,0,1,1,False,False,Seekshine
shirts & tee,0,0,0,0,0,0,1,0,0,0,1,1,False,False,Shirts & Tee
shine korean salon,0,0,0,0,1,0,0,0,0,0,1,1,False,False,Shine Korean Salon
shing fang,0,0,0,0,0,0,0,1,0,0,1,1,False,False,SHING FANG
shinju massage clinic,0,0,0,0,0,0,0,1,0,0,1,1,False,False,SHINJU MASSAGE CLINIC
shiotis,0,0,0,0,0,1,0,0,0,0,1,1,False,False,Shiotis
selera sets,0,0,0,0,0,0,0,1,0,0,1,1,False,False,SELERA SETS
selah dental clinic,0,0,0,0,1,0,0,0,0,0,1,1,False,False,Selah Dental Clinic
seiko vision specialist,0,0,0,0,0,0,0,1,0,0,1,1,False,False,SEIKO VISION SPECIALIST
shipshape,0,0,0,0,1,0,0,0,0,0,1,1,False,False,Shipshape
shirt circuit,0,1,0,0,0,0,0,0,0,0,1,1,False,False,SHIRT CIRCUIT
shitako takoyaki and pita wrap express,0,1,0,0,0,0,0,0,0,0,1,1,False,False,SHITAKO TAKOYAKI AND PITA WRAP EXPRESS
serafina,0,0,0,0,0,0,0,1,0,0,1,1,False,False,SERAFINA
segunda mana outlet store,1,0,0,0,0,0,0,0,0,0,1,1,False,False,Segunda Mana Outlet Store
shizuru,0,0,0,0,0,0,0,1,0,0,1,1,False,False,SHIZURU
shoe crew ph,0,0,0,0,0,0,0,1,0,0,1,1,False,False,SHOE CREW PH
segovias cakes and recipes,0,0,0,0,0,0,0,1,0,0,1,1,False,False,SEGOVIAS CAKES AND RECIPES
segovia strength,0,1,0,0,0,0,0,0,0,0,1,1,False,False,SEGOVIA STRENGTH
shoe game,0,0,0,0,0,0,0,1,0,0,1,1,False,False,SHOE GAME
shoe game manila,0,0,0,0,1,0,0,0,0,0,1,1,False,False,Shoe Game Manila
segoi yugo japanese fusion teppan sushi bar,0,0,0,0,0,0,0,1,0,0,1,1,False,False,SEGOI YUGO JAPANESE FUSION TEPPAN SUSHI BAR
segnatempo,0,0,0,0,1,0,0,0,0,0,1,1,False,False,Segnatempo
sendem,0,1,0,0,0,0,0,0,0,0,1,1,False,False,SENDEM
senor barbershop,0,0,0,0,1,0,0,0,0,0,1,1,False,False,Señor Barbershop
senor pollo,0,0,0,0,0,1,0,0,0,0,1,1,False,False,Senor Pollo
senor sabores tacos nachos wings,0,0,0,0,0,0,0,1,0,0,1,1,False,False,SEÑOR SABORES TACOS NACHOS WINGS
shee bakes,0,0,0,0,0,0,1,0,0,0,1,1,False,False,SHEE BAKES
sheeha money changer,0,0,0,0,1,0,0,0,0,0,1,1,False,False,Sheeha Money Changer
sheenas sleek,1,0,0,0,0,0,0,0,0,0,1,1,False,False,Sheena's Sleek
seoul station,0,0,0,0,1,0,0,0,0,0,1,1,False,False,Seoul Station
shell ev charging station,0,0,0,0,0,0,1,0,0,0,1,1,False,False,Shell EV Charging Station
shi ki sai,0,0,0,0,1,0,0,0,0,0,1,1,False,False,Shi Ki Sai
seoul mate home kitchen,0,0,0,0,1,0,0,0,0,0,1,1,False,False,Seoul Mate Home Kitchen
seoul korean grill cuisine,0,1,0,0,0,0,0,0,0,0,1,1,False,False,SEOUL KOREAN GRILL + CUISINE
shi shi noodle house,0,0,0,0,0,0,0,1,0,0,1,1,False,False,SHI SHI NOODLE HOUSE
shi takoyaki,0,0,0,0,0,0,0,1,0,0,1,1,False,False,SHI' TAKOYAKI
seoul food house,0,0,0,0,0,0,1,0,0,0,1,1,False,False,Seoul Food House
sentro cafe,0,0,0,0,0,0,0,1,0,0,1,1,False,False,SENTRO CAFE
shibuya ramen food house,0,0,0,0,0,0,0,1,0,0,1,1,False,False,SHIBUYA RAMEN FOOD HOUSE
shielas fashion,0,0,0,0,0,0,1,0,0,0,1,1,False,False,SHIELA'S FASHION
senses,0,0,0,0,0,0,1,0,0,0,1,1,False,False,SENSES
sensei exhibit,0,0,0,0,0,0,1,0,0,0,1,1,False,False,SENSEI EXHIBIT
sensei,0,0,1,0,0,0,0,0,0,0,1,1,False,False,Sensei
senorita de bacolod,0,0,0,0,0,0,0,1,0,0,1,1,False,False,SEÑORITA DE BACOLOD
shimmian,0,0,0,0,0,0,0,1,0,0,1,1,False,False,SHIMMIAN
simple & whole,0,0,0,0,0,0,0,1,0,0,1,1,False,False,SIMPLE & WHOLE
sanyang home,0,0,0,0,0,0,1,0,0,0,1,1,False,False,SANYANG HOME
sanyang furniture,0,0,0,0,0,0,1,0,0,0,1,1,False,False,Sanyang Furniture
skin trends,0,0,0,0,1,0,0,0,0,0,1,1,False,False,Skin Trends
sales rain bpo,0,0,0,0,0,0,1,0,0,0,1,1,False,False,SALES RAIN BPO
skin story beauty lounge,0,0,0,0,0,0,0,1,0,0,1,1,False,False,SKIN STORY BEAUTY LOUNGE
salem,0,0,0,0,0,0,0,1,0,0,1,1,False,False,SALEM
skin studio,0,0,0,0,0,0,1,0,0,0,1,1,False,False,Skin Studio
salaryman,0,0,0,0,1,0,0,0,0,0,1,1,False,False,Salaryman
salamangka,0,0,0,0,1,0,0,0,0,0,1,1,False,False,Salamangka
salah cellphone & accessories,0,0,0,0,0,0,1,0,0,0,1,1,False,False,SALAH CELLPHONE & ACCESSORIES
skin touch,0,0,1,0,0,0,0,0,0,0,1,1,False,False,Skin Touch
salads and wraps by healthy kitchen,0,0,0,0,0,0,0,1,0,0,1,1,False,False,SALADS AND WRAPS BY HEALTHY KITCHEN
skin u love,0,0,0,0,0,0,0,1,0,0,1,1,False,False,SKIN U LOVE
saint jo flowers,0,1,0,0,0,0,0,0,0,0,1,1,False,False,SAINT JO FLOWERS
sala thai kitchen,0,0,0,0,0,1,0,0,0,0,1,1,False,False,Sala Thai Kitchen
skincare rx,0,0,0,0,0,1,0,0,0,0,1,1,False,False,Skincare Rx
sala bistro,0,1,0,0,0,0,0,0,0,0,1,1,False,False,SALA BISTRO
skincell advanced aesthetic clinics,0,1,0,0,0,0,0,0,0,0,1,1,False,False,SKINCELL ADVANCED AESTHETIC CLINICS
skines,0,0,0,1,0,0,0,0,0,0,1,1,False,False,Skines
sakura restaurant,0,0,0,0,0,0,0,1,0,0,1,1,False,False,SAKURA RESTAURANT
skinology spa wellness center,0,0,0,0,0,0,0,1,0,0,1,1,False,False,SKINOLOGY SPA WELLNESS CENTER
sajang chicken,0,0,0,0,1,0,0,0,0,0,1,1,False,False,Sajang Chicken
saizen,0,1,0,0,0,0,0,0,0,0,1,1,False,False,SAIZEN
salih cosmetics shop,0,0,0,0,0,0,1,0,0,0,1,1,False,False,SALIH COSMETICS SHOP
skin republic,0,0,0,0,1,0,0,0,0,0,1,1,False,False,Skin Republic
sallys homemade kakanin,0,0,0,0,0,0,0,1,0,0,1,1,False,False,SALLYS HOMEMADE KAKANIN
skin rejuve,0,0,0,0,0,0,0,1,0,0,1,1,False,False,SKIN REJUVE
skin 911 facial and slimming centre,0,1,0,0,0,0,0,0,0,0,1,1,False,False,SKIN 911 FACIAL AND SLIMMING CENTRE
skin adept,0,0,0,0,0,1,0,0,0,0,1,1,False,False,Skin Adept
skin bar,0,0,0,0,0,1,0,0,0,0,1,1,False,False,Skin Bar
sals restaurant,0,0,0,0,0,0,1,0,0,0,1,1,False,False,Sals Restaurant
salonga music,1,0,0,0,0,0,0,0,0,0,1,1,False,False,Salonga Music
salon360,0,0,0,0,0,0,1,0,0,0,1,1,False,False,SALON360
skin care solutions,0,0,0,0,0,0,0,1,0,0,1,1,False,False,SKIN CARE SOLUTIONS
skin cell,0,0,0,0,1,0,0,0,0,0,1,1,False,False,Skin Cell
salon de poseur,0,0,0,0,0,0,0,1,0,0,1,1,False,False,SALON DE POSEUR
skin centraal dermatology clinic,0,1,0,0,0,0,0,0,0,0,1,1,False,False,SKIN CENTRAAL DERMATOLOGY CLINIC
salon de konad,0,0,0,0,0,0,0,0,0,1,1,1,False,False,SALON DE KONAD
salon de elegancia,0,0,0,0,0,0,1,0,0,0,1,1,False,False,Salon De Elegancia
salon de berns,0,1,0,0,0,0,0,0,0,0,1,1,False,False,SALON DE BERNS
skin files beauty lounge,0,0,0,0,0,0,0,1,0,0,1,1,False,False,SKIN FILES BEAUTY LOUNGE
skin hub aesthetic laser center,0,0,0,0,0,0,0,1,0,0,1,1,False,False,SKIN HUB AESTHETIC LASER CENTER
salon de belleza,0,0,0,0,1,0,0,0,0,0,1,1,False,False,Salon De Belleza
salon 360,0,0,0,0,0,0,1,0,0,0,1,1,False,False,Salon 360
skin plus,0,0,0,0,0,0,0,1,0,0,1,1,False,False,SKIN PLUS
salma tago,0,0,0,0,0,1,0,0,0,0,1,1,False,False,Salma Tago
saint jude optical clinic,0,0,0,0,0,0,0,1,0,0,1,1,False,False,SAINT JUDE OPTICAL CLINIC
saint camillus premium healthcare inc,0,0,0,0,0,0,1,0,0,0,1,1,False,False,"SAINT CAMILLUS PREMIUM HEALTHCARE, INC"
salt & stone,0,0,0,0,0,0,1,0,0,0,1,1,False,False,SALT & STONE
skyland,0,0,0,0,0,0,1,0,0,0,1,1,False,False,Skyland
skoops ice cream,0,0,0,0,0,0,1,0,0,0,1,1,False,False,SKOOPS ICE CREAM
saad gems,0,0,0,0,0,1,0,0,0,0,1,1,False,False,Saad Gems
sks massage,0,0,0,0,0,0,0,1,0,0,1,1,False,False,SKS MASSAGE
sa poste cafe,0,0,0,0,1,0,0,0,0,0,1,1,False,False,Sa Poste Cafe
s8 concept district,0,1,0,0,0,0,0,0,0,0,1,1,False,False,S8 CONCEPT DISTRICT
sky hall,0,0,0,0,0,0,0,1,0,0,1,1,False,False,SKY HALL
sky lounge travel and tours,0,1,0,0,0,0,0,0,0,0,1,1,False,False,THE SKY LOUNGE TRAVEL AND TOURS
s&r,0,0,0,0,0,0,1,0,0,0,1,1,False,False,S&R
s toy c,0,0,1,0,0,0,0,0,0,0,1,1,False,False,S-toy C
skylight cellphone accessories,0,0,0,0,0,0,1,0,0,0,1,1,False,False,SKYLIGHT CELLPHONE ACCESSORIES
saigosan,0,0,0,0,1,0,0,0,0,0,1,1,False,False,Saigosan
s b a shoes shop,0,0,0,0,0,0,1,0,0,0,1,1,False,False,S B A SHOES SHOP
skymall,0,0,0,0,0,0,1,0,0,0,1,1,False,False,Skymall
s & j cellphone and accessories,0,0,0,0,0,0,1,0,0,0,1,1,False,False,S & J CELLPHONE AND ACCESSORIES
rzkh pet supplies & grooming,0,0,0,0,0,0,0,0,0,1,1,1,False,False,RZKH Pet Supplies & Grooming
skymc travel and tours,0,0,0,0,0,0,1,0,0,0,1,1,False,False,SKYMC TRAVEL AND TOURS
ryu ramen and curry,0,0,0,0,0,0,0,1,0,0,1,1,False,False,RYU RAMEN AND CURRY
skytower dental clinic,0,0,0,0,0,0,0,1,0,0,1,1,False,False,SKYTOWER DENTAL CLINIC
ryllies kimchi sushi express,0,0,0,0,0,0,0,1,0,0,1,1,False,False,RYLLIES KIMCHI SUSHI EXPRESS
rydax,0,1,0,0,0,0,0,0,0,0,1,1,False,False,RYDAX
sabater optical,0,0,0,0,0,0,1,0,0,0,1,1,False,False,Sabater Optical
skoops ice ceam,0,0,0,0,0,0,1,0,0,0,1,1,False,False,SKOOPS ICE CEAM
skoop,0,0,0,0,0,1,0,0,0,0,1,1,False,False,Skoop
sabater paredes optical,1,0,0,0,0,0,0,0,0,0,1,1,False,False,Sabater-Paredes Optical
saibachi,0,0,1,0,0,0,0,0,0,0,1,1,False,False,Saibachi
skinrev aesthetic clinic,0,0,0,0,0,0,0,1,0,0,1,1,False,False,SKINREV AESTHETIC CLINIC
skintech,0,1,0,0,0,0,0,0,0,0,1,1,False,False,SKINTECH
sagye,0,0,0,0,0,0,0,1,0,0,1,1,False,False,SAGYE
sage garden,0,0,1,0,0,0,0,0,0,0,1,1,False,False,The Sage Garden
sagat crust,0,0,0,0,0,0,1,0,0,0,1,1,False,False,Sagat Crust
skintech face & beauty center,0,0,1,0,0,0,0,0,0,0,1,1,False,False,Skintech Face & Beauty Center
saffron sips,0,0,0,0,0,0,1,0,0,0,1,1,False,False,SAFFRON SIPS
safa fashion accessories,0,0,0,0,0,0,1,0,0,0,1,1,False,False,SAFA FASHION ACCESSORIES
skinthetics,0,0,0,0,0,0,1,0,0,0,1,1,False,False,SKINTHETICS
skintrends,0,0,0,0,0,0,0,1,0,0,1,1,False,False,SKINTRENDS
skintrends the acne authority,0,0,0,0,0,0,0,0,0,1,1,1,False,False,SkinTrends The Acne Authority
skl printing services,0,0,0,0,0,0,1,0,0,0,1,1,False,False,SKL PRINTING SERVICES
sachi ramen,0,1,0,0,0,0,0,0,0,0,1,1,False,False,SACHI RAMEN
sac people,0,0,0,0,0,0,0,1,0,0,1,1,False,False,SAC PEOPLE
saboten,0,1,0,0,0,0,0,0,0,0,1,1,False,False,SABOTEN
sabinas cravings,0,0,0,0,0,0,1,0,0,0,1,1,False,False,SABINA'S CRAVING'S
sabie bakes,0,0,0,0,0,0,0,1,0,0,1,1,False,False,SABIE BAKES
sabella,0,0,0,0,0,0,0,1,0,0,1,1,False,False,SABELLA
salt & ice,0,0,0,0,1,0,0,0,0,0,1,1,False,False,Salt & Ice
salt & stone wellness spa,0,0,0,0,0,0,0,1,0,0,1,1,False,False,SALT & STONE WELLNESS SPA
simple jump,0,0,0,0,0,0,0,1,0,0,1,1,False,False,SIMPLE JUMP
sisig hooray gourmet express,0,0,0,0,0,0,0,1,0,0,1,1,False,False,SISIG HOORAY GOURMET EXPRESS
sip and gogh,0,0,0,0,1,0,0,0,0,0,1,1,False,False,Sip And Gogh
sip n stack,0,0,1,0,0,0,0,0,0,0,1,1,False,False,Sip N Stack
sandztel mobile,0,0,0,0,0,0,0,1,0,0,1,1,False,False,SANDZTEL MOBILE
sir george salon,0,0,0,0,1,0,0,0,0,0,1,1,False,False,Sir George Salon
sir george salon aurom,0,0,0,0,0,0,0,1,0,0,1,1,False,False,SIR GEORGE SALON AUROM
sir sisig,0,0,0,0,0,0,1,0,0,0,1,1,False,False,SIR SISIG
sandok ni teng,0,0,1,0,0,0,0,0,0,0,1,1,False,False,Sandok Ni Teng
sir tseff,0,0,0,0,1,0,0,0,0,0,1,1,False,False,Sir Tseff'
sisig express,0,0,1,0,0,0,0,0,0,0,1,1,False,False,Sisig Express
sandobox,0,0,0,0,0,0,1,0,0,0,1,1,False,False,SANDOBOX
sisig station,0,0,0,0,0,0,1,0,0,0,1,1,False,False,SISIG STATION
sandbox clinic,0,0,0,0,0,0,1,0,0,0,1,1,False,False,SANDBOX CLINIC (0917-118-9289)
sanbry mens grooming house,0,0,0,0,1,0,0,0,0,0,1,1,False,False,Sanbry Men's Grooming House
sanbry,0,0,0,0,0,1,0,0,0,0,1,1,False,False,Sanbry
sana lamig,0,0,1,0,0,0,0,0,0,0,1,1,False,False,Sana Lamig
san yang home,0,0,1,0,0,0,0,0,0,0,1,1,False,False,San-yang Home
sisig project,0,0,0,0,0,0,0,0,0,1,1,1,False,False,The Sisig Project
san salvador dental clinic,0,0,0,1,0,0,0,0,0,0,1,1,False,False,San Salvador Dental Clinic
san roque retrouvaille center,0,0,0,0,0,0,0,1,0,0,1,1,False,False,SAN ROQUE RETROUVAILLE CENTER
san guo la mien,0,0,0,0,1,0,0,0,0,0,1,1,False,False,San Guo La Mien
sangyupsal house,0,0,0,0,0,0,1,0,0,0,1,1,False,False,Sangyupsal House 9121180732/09654654670
sanitize us,0,0,1,0,0,0,0,0,0,0,1,1,False,False,Sanitize Us
siomai sa tisa,0,0,0,0,0,0,1,0,0,0,1,1,False,False,SIOMAI SA TISA
sankyodai sushi bar,0,1,0,0,0,0,0,0,0,0,1,1,False,False,SANKYODAI SUSHI BAR
santorini dental digital express,0,0,0,0,0,0,0,1,0,0,1,1,False,False,SANTORINI DENTAL DIGITAL EXPRESS
simplicitea place,0,0,0,0,0,0,0,1,0,0,1,1,False,False,SIMPLICITEA PLACE
santis deli,0,1,0,0,0,0,0,0,0,0,1,1,False,False,SANTI'S DELI
simplicity crafts frames county,0,0,0,0,0,0,0,1,0,0,1,1,False,False,SIMPLICITY CRAFTS FRAMES COUNTY
santinos supreme slice,0,0,0,0,0,0,0,0,1,0,1,1,False,False,SANTINO'S SUPREME SLICE
santinos supreme italian pizza,0,1,0,0,0,0,0,0,0,0,1,1,False,False,SANTINO'S SUPREME ITALIAN PIZZA
santibanez flower shop,0,1,0,0,0,0,0,0,0,0,1,1,False,False,SANTIBAÑEZ FLOWER SHOP
simula ph,0,1,0,0,0,0,0,0,0,0,1,1,False,False,SIMULA PH
sincerity,0,0,0,0,1,0,0,0,0,0,1,1,False,False,Sincerity
sio cha,0,0,0,0,1,0,0,0,0,0,1,1,False,False,Sio-Cha
santa barbara,0,0,0,0,1,0,0,0,0,0,1,1,False,False,Santa Barbara
sio republic,0,0,0,0,0,0,0,1,0,0,1,1,False,False,SIO REPUBLIC
sio yummy,0,1,0,0,0,0,0,0,0,0,1,1,False,False,SIO-YUMMY
sans rival cake and pastries,0,0,0,0,0,0,1,0,0,0,1,1,False,False,SANS RIVAL CAKE AND PASTRIES
sans rival bistro,0,0,1,0,0,0,0,0,0,0,1,1,False,False,Sans Rival Bistro
siomai district,0,0,0,0,0,0,0,1,0,0,1,1,False,False,SIOMAI DISTRICT
siomai express,0,0,0,0,0,0,1,0,0,0,1,1,False,False,Siomai Express
siomai house exterior,0,0,0,0,0,0,0,0,1,0,1,1,False,False,SIOMAI HOUSE EXTERIOR
siomai house unlimited,0,0,1,0,0,0,0,0,0,0,1,1,False,False,Siomai House Unlimited
san diegos fab,0,1,0,0,0,0,0,0,0,0,1,1,False,False,SAN DIEGO'S FAB
san augusto driving school,0,0,0,0,0,0,0,1,0,0,1,1,False,False,SAN AUGUSTO DRIVING SCHOOL
skin & body,0,0,1,0,0,0,0,0,0,0,1,1,False,False,Skin & Body
samgyeop masarap,0,0,0,0,0,1,0,0,0,0,1,1,False,False,Samgyeop Masarap
samgyup korean restaurant,0,0,0,0,0,0,0,1,0,0,1,1,False,False,SAMGYUP KOREAN RESTAURANT
samgyup 31,0,1,0,0,0,0,0,0,0,0,1,1,False,False,THE SAMGYUP 31
sizzlers steaks and chops,0,0,0,0,0,0,1,0,0,0,1,1,False,False,SIZZLERS STEAKS AND CHOPS 0928-559-0043
sizzlig,0,0,0,0,0,0,1,0,0,0,1,1,False,False,Sizzlig
samgyuniku unlimited japanese korean bbq,0,0,1,0,0,0,0,0,0,0,1,1,False,False,Samgyuniku Unlimited Japanese Korean Bbq
sizzling city,0,0,0,0,0,0,0,1,0,0,1,1,False,False,SIZZLING CITY
samgyniku,0,0,0,0,0,0,1,0,0,0,1,1,False,False,SAMGYNIKU
sizzling cuisine,0,0,0,0,0,0,1,0,0,0,1,1,False,False,Sizzling Cuisine
sizzling seafoods,0,0,0,0,0,0,1,0,0,0,1,1,False,False,Sizzling Seafoods
sameer,0,0,0,0,0,0,1,0,0,0,1,1,False,False,SAMEER
samyan thai street food,0,0,0,0,0,0,1,0,0,0,1,1,False,False,SAMYAN THAI STREET FOOD
sizzling smoque,0,0,0,0,0,0,0,1,0,0,1,1,False,False,SIZZLING SMOQUE
sambokojin,0,0,0,0,0,0,0,1,0,0,1,1,False,False,SAMBOKOJIN
samathas steamboat,0,0,0,0,0,0,1,0,0,0,1,1,False,False,Samatha's Steamboat
sj lifestyle,0,0,1,0,0,0,0,0,0,0,1,1,False,False,Sj Lifestyle
sjm watch services,0,0,0,0,0,0,0,1,0,0,1,1,False,False,SJM WATCH SERVICES
sam stew,0,1,0,0,0,0,0,0,0,0,1,1,False,False,SAM STEW
salvatore cuomo cafe,0,0,0,0,0,0,0,1,0,0,1,1,False,False,SALVATORE CUOMO CAFE
skewd,0,0,0,0,0,0,1,0,0,0,1,1,False,False,SKEW'D
skin,0,1,0,0,0,0,0,0,0,0,1,1,False,False,SKIN +
samgyup rice bowl,0,0,0,0,0,0,1,0,0,0,1,1,False,False,Samgyup Rice Bowl
samgyup sa bahay,0,0,0,0,0,0,0,0,0,1,1,1,False,False,Samgyup Sa Bahay
sizzlers steak and chops,0,0,0,0,0,0,1,0,0,0,1,1,False,False,Sizzlers Steak and Chops
samgyupchill,0,0,0,0,0,0,1,0,0,0,1,1,False,False,SAMGYUPCHILL
samui,0,0,0,0,0,0,0,1,0,0,1,1,False,False,SAMUI
samsung optical,1,0,0,0,0,0,0,0,0,0,1,1,False,False,Samsung Optical
samsung mobile,0,0,0,0,0,0,0,1,0,0,1,1,False,False,SAMSUNG MOBILE
samsung i,0,0,0,0,0,0,1,0,0,0,1,1,False,False,Samsung I 0998-538-3657
sit & rest massage station,0,0,0,0,0,0,1,0,0,0,1,1,False,False,SIT & REST MASSAGE STATION
samsung experience store,0,0,0,0,0,0,1,0,0,0,1,1,False,False,Samsung Experience Store
samsung concept store,0,0,0,0,0,0,1,0,0,0,1,1,False,False,Samsung Concept Store
samsung (satellite),0,0,1,0,0,0,0,0,0,0,1,1,False,False,Samsung (satellite)
sit rest massage station,0,0,0,0,0,0,0,1,0,0,1,1,False,False,SIT REST MASSAGE STATION
site for eyes optical clinic,0,0,0,0,0,0,0,1,0,0,1,1,False,False,SITE FOR EYES OPTICAL CLINIC
sams everthing on sticks,0,0,0,0,0,0,1,0,0,0,1,1,False,False,SAM'S EVERTHING ON STICKS
sitsirya,0,0,0,0,0,1,0,0,0,0,1,1,False,False,Sitsirya
sitting massage clinic,0,0,0,0,0,0,1,0,0,0,1,1,False,False,Sitting Massage Clinic
six doors buffet,0,0,0,0,1,0,0,0,0,0,1,1,False,False,Six Doors Buffet
sizzle corner,0,0,0,0,0,0,1,0,0,0,1,1,False,False,SIZZLE CORNER
sams,0,0,0,0,0,0,1,0,0,0,1,1,False,False,Sam's
sizzle mania,0,0,0,0,0,0,1,0,0,0,1,1,False,False,SIZZLE MANIA
samgyupsal,0,0,0,0,0,0,1,0,0,0,1,1,False,False,THE SAMGYUPSAL
sizzlers steak & chops,0,0,0,0,1,0,0,0,0,0,1,1,False,False,Sizzlers Steak & Chops
stamp attack,0,0,0,0,0,0,0,1,0,0,1,1,False,False,STAMP ATTACK
stamp shop fashion boutique,0,1,0,0,0,0,0,0,0,0,1,1,False,False,STAMP SHOP FASHION BOUTIQUE
tokyo milk cheese cafe,0,1,0,0,0,0,0,0,0,0,1,1,False,False,TOKYO MILK CHEESE CAFE
telecom world,0,0,0,0,0,0,1,0,0,0,1,1,False,False,Telecom World
play works,0,0,0,0,0,0,0,1,0,0,1,1,False,False,PLAY WORKS
teethcetera montemayor dental clinic,0,0,0,0,0,0,1,0,0,0,1,1,False,False,TEETHCETERA - MONTEMAYOR DENTAL CLINIC
teito fries,0,0,0,0,0,0,1,0,0,0,1,1,False,False,Teito Fries
play studio,0,0,0,0,0,0,1,0,0,0,1,1,False,False,Play Studio
play n learn kids playroom childcare center,0,0,0,0,0,0,0,1,0,0,1,1,False,False,PLAY N LEARN KIDS PLAYROOM CHILDCARE CENTER
play giant,0,1,0,0,0,0,0,0,0,0,1,1,False,False,PLAY GIANT
play book store,0,1,0,0,0,0,0,0,0,0,1,1,False,False,THE PLAY BOOK STORE
play 2 learn,0,1,0,0,0,0,0,0,0,0,1,1,False,False,PLAY 2 LEARN
telco hub,0,1,0,0,0,0,0,0,0,0,1,1,False,False,TELCO HUB
telego,0,0,0,0,0,0,0,1,0,0,1,1,False,False,TELEGO
teeth avenue by cailles dental clinic,0,0,0,0,0,0,0,1,0,0,1,1,False,False,TEETH AVENUE by CAILLES DENTAL CLINIC
telesin,0,0,0,0,0,0,0,1,0,0,1,1,False,False,TELESIN
teletek point,0,0,0,0,0,0,0,1,0,0,1,1,False,False,TELETEK POINT
platinium karaoke,0,0,0,0,0,0,1,0,0,0,1,1,False,False,PLATINIUM KARAOKE
telus,0,0,0,0,1,0,0,0,0,0,1,1,False,False,Telus
telus international philippines,0,1,0,0,0,0,0,0,0,0,1,1,False,False,TELUS INTERNATIONAL PHILIPPINES
plantsnilloids,0,1,0,0,0,0,0,0,0,0,1,1,False,False,PLANTSNILLOIDS
temple garden spa,0,0,0,0,0,0,0,1,0,0,1,1,False,False,TEMPLE GARDEN SPA
plantmate plants shop,0,0,0,0,0,0,0,1,0,0,1,1,False,False,PLANTMATE PLANTS SHOP
planet sports asia,0,0,0,0,0,1,0,0,0,0,1,1,False,False,Planet Sports Asia
teeth clinic,0,0,0,0,0,0,0,1,0,0,1,1,False,False,TEETH CLINIC
playcafe,0,0,0,0,1,0,0,0,0,0,1,1,False,False,Playcafe
pink dot,0,1,0,0,0,0,0,0,0,0,1,1,False,False,PINK DOT
techrui,0,0,0,0,0,0,0,1,0,0,1,1,False,False,TECHRUI
pmc watchstore,0,0,0,0,0,0,1,0,0,0,1,1,False,False,PMC Watchstore
pluto photo,0,0,1,0,0,0,0,0,0,0,1,1,False,False,Pluto Photo
plusmakeover,0,0,0,0,0,1,0,0,0,0,1,1,False,False,Plusmakeover
plum roast,0,0,0,0,0,0,1,0,0,0,1,1,False,False,Plum Roast
pley tito,0,0,0,0,0,0,0,1,0,0,1,1,False,False,PLEY-TITO
technosuit,0,0,0,0,0,0,1,0,0,0,1,1,False,False,TECHNOSUIT
pldt smart 1888,0,0,0,0,0,0,1,0,0,0,1,1,False,False,PLDT-SMART *1888 532 0018
techplus service center,0,0,0,0,0,0,0,1,0,0,1,1,False,False,TECHPLUS SERVICE CENTER
techpro unlimited,0,1,0,0,0,0,0,0,0,0,1,1,False,False,TECHPRO UNLIMITED
techs hub cellphone accessories store,0,0,0,0,0,0,1,0,0,0,1,1,False,False,TECH'S HUB CELLPHONE ACCESSORIES STORE
playground,0,0,0,0,0,0,1,0,0,0,1,1,False,False,Playground 9232881783
techtronix,0,0,0,0,0,0,1,0,0,0,1,1,False,False,Techtronix
techwarez computer center,0,0,0,0,0,0,0,1,0,0,1,1,False,False,TECHWAREZ COMPUTER CENTER
playstation,0,0,0,0,0,0,0,1,0,0,1,1,False,False,PLAYSTATION
playnation,0,1,0,0,0,0,0,0,0,0,1,1,False,False,PLAYNATION
playland (ws5 ws8),0,0,0,1,0,0,0,0,0,0,1,1,False,False,PLAYLAND (WS5-WS8)
playland (l1 l2),0,0,0,1,0,0,0,0,0,0,1,1,False,False,PLAYLAND (L1-L2)
playland,0,0,0,1,0,0,0,0,0,0,1,1,False,False,Playland
teeth avenue,0,1,0,0,0,0,0,0,0,0,1,1,False,False,TEETH AVENUE
playhub & co,0,0,0,0,1,0,0,0,0,0,1,1,False,False,Playhub & Co.
templora dermatologica,0,0,0,1,0,0,0,0,0,0,1,1,False,False,TEMPLORA DERMATOLOGICA
tempura go,0,0,0,0,0,0,0,1,0,0,1,1,False,False,TEMPURA GO
tempura spot,0,0,0,0,0,0,1,0,0,0,1,1,False,False,TEMPURA SPOT
pixel point by photoline,0,0,0,0,0,0,0,1,0,0,1,1,False,False,PIXEL POINT BY PHOTOLINE
pizza hut food cart,0,0,0,0,0,0,1,0,0,0,1,1,False,False,Pizza Hut Food Cart
teresita razons halo halo and palabok,0,0,0,0,0,0,0,1,0,0,1,1,False,False,TERESITA RAZONS HALO HALO AND PALABOK
terracotta berde plant and garden supplies,0,0,0,0,1,0,0,0,0,0,1,1,False,False,Terracotta Berde Plant and Garden Supplies
pizza haus,0,0,0,0,0,0,1,0,0,0,1,1,False,False,Pizza Haus
pizza boy,0,0,0,0,0,0,1,0,0,0,1,1,False,False,Pizza boy 9778098547
pixie forest,0,0,1,0,0,0,0,0,0,0,1,1,False,False,Pixie Forest
terrafit,0,0,0,0,0,0,1,0,0,0,1,1,False,False,Terrafit
terrie botique,0,0,0,0,0,1,0,0,0,0,1,1,False,False,Terrie Botique
pixelport,0,0,0,0,0,0,0,1,0,0,1,1,False,False,PIXELPORT
pirazzo,0,0,0,0,0,0,1,0,0,0,1,1,False,False,PIRAZZO
planet sport,0,0,0,0,0,0,1,0,0,0,1,1,False,False,PLANET SPORT
terry selection,0,0,0,0,0,0,0,1,0,0,1,1,False,False,TERRY SELECTION
pinoy pyesta,0,0,0,0,0,0,0,1,0,0,1,1,False,False,PINOY PYESTA
pinoy krispy sisig,0,0,0,0,0,0,1,0,0,0,1,1,False,False,Pinoy Krispy Sisig
tesla,0,0,0,0,1,0,0,0,0,0,1,1,False,False,Tesla
pink2pink body & face skin,0,1,0,0,0,0,0,0,0,0,1,1,False,False,PINK2PINK BODY & FACE SKIN
tesla supercharger,0,0,0,0,0,0,1,0,0,0,1,1,False,False,TESLA SUPERCHARGER
tesoros,0,1,0,0,0,0,0,0,0,0,1,1,False,False,TESORO'S
tessera,0,0,0,0,0,0,1,0,0,0,1,1,False,False,TESSERA
test kitchen,0,1,0,0,0,0,0,0,0,0,1,1,False,False,TEST KITCHEN
teresita razon,0,0,0,1,0,0,0,0,0,0,1,1,False,False,Teresita Razon
pizza hut kiosk,0,0,0,0,0,0,1,0,0,0,1,1,False,False,PIZZA HUT KIOSK
teresita r razons,0,0,0,0,0,0,1,0,0,0,1,1,False,False,TERESITA R. RAZON'S
terannova,0,0,0,0,0,0,1,0,0,0,1,1,False,False,Terannova
plains prints lifestyle,0,0,0,0,0,0,0,1,0,0,1,1,False,False,PLAINS PRINTS LIFESTYLE
tempus,0,0,0,0,0,0,0,1,0,0,1,1,False,False,TEMPUS
ten yen king,0,0,0,0,1,0,0,0,0,0,1,1,False,False,Ten Yen King
tender beef shop,0,0,0,0,0,0,1,0,0,0,1,1,False,False,TENDER BEEF SHOP
plain & prints,0,0,0,0,0,0,1,0,0,0,1,1,False,False,PLAIN & PRINTS
pks phones,0,0,0,0,0,0,1,0,0,0,1,1,False,False,PKS Phones
pks phone,0,0,0,0,0,0,1,0,0,0,1,1,False,False,PKS Phone
tender juicy hotdog i,0,0,0,0,0,0,1,0,0,0,1,1,False,False,TENDER JUICY HOTDOG I 0999-888-9702
pjs sleepwear,0,0,0,0,0,0,1,0,0,0,1,1,False,False,PJs Sleepwear 9237431998
pj lhuillier inc (cebuana),0,0,0,0,0,0,0,0,1,0,1,1,False,False,PJ LHUILLIER INC. (CEBUANA)
teofys,0,0,0,0,0,0,1,0,0,0,1,1,False,False,Teofy's
teofys palamig,0,0,0,0,0,0,1,0,0,0,1,1,False,False,Teofy's Palamig
teofys special palamig,0,0,0,0,0,0,0,1,0,0,1,1,False,False,TEOFYS SPECIAL PALAMIG
pizzakaya,0,0,0,0,0,0,1,0,0,0,1,1,False,False,Pizzakaya
pizzahut,0,0,0,0,0,0,1,0,0,0,1,1,False,False,PIZZAHUT
pizza volante,0,0,0,0,0,0,0,1,0,0,1,1,False,False,PIZZA VOLANTE
pizza to go,0,0,0,0,0,0,0,1,0,0,1,1,False,False,PIZZA TO GO
teppan teppan,0,0,1,0,0,0,0,0,0,0,1,1,False,False,Teppan Teppan
teppen,0,0,0,0,1,0,0,0,0,0,1,1,False,False,Teppen
pmz melon station,0,0,0,0,0,0,0,1,0,0,1,1,False,False,PMZ MELON STATION
technopop,0,0,0,0,1,0,0,0,0,0,1,1,False,False,Technopop
technofinds,0,0,0,0,0,1,0,0,0,0,1,1,False,False,Technofinds
taste & tell,0,0,0,0,0,1,0,0,0,0,1,1,False,False,Taste & Tell
taqueria chupacabra,0,0,0,0,0,0,0,1,0,0,1,1,False,False,TAQUERIA CHUPACABRA
positive living,0,0,0,0,0,0,1,0,0,0,1,1,False,False,Positive Living
posh nails hand and foot spa,0,0,0,0,0,0,0,1,0,0,1,1,False,False,POSH NAILS HAND AND FOOT SPA
tarlac electric inc,0,0,0,0,0,0,0,1,0,0,1,1,False,False,TARLAC ELECTRIC INC
tarsier fried food,0,0,0,0,0,1,0,0,0,0,1,1,False,False,Tarsier Fried Food
tartufo ristorante,0,1,0,0,0,0,0,0,0,0,1,1,False,False,TARTUFO RISTORANTE
port mango,0,0,0,0,0,0,1,0,0,0,1,1,False,False,PORT MANGO
porsche design,0,0,0,0,1,0,0,0,0,0,1,1,False,False,Porsche Design
tasa barbershop,0,0,0,0,0,1,0,0,0,0,1,1,False,False,Tasa Barbershop
porky best,0,1,0,0,0,0,0,0,0,0,1,1,False,False,PORKY BEST
tc travel and tours,0,0,0,0,1,0,0,0,0,0,1,1,False,False,TC Travel and Tours
tasty habit,0,0,0,0,0,1,0,0,0,0,1,1,False,False,Tasty Habit
pops all filipino buffet,0,0,0,0,0,0,0,1,0,0,1,1,False,False,POPS ALL FILIPINO BUFFET
tatays inato,0,0,0,0,0,0,1,0,0,0,1,1,False,False,Tatay's Inato
taters kiosk,0,0,0,0,0,0,1,0,0,0,1,1,False,False,Tater's Kiosk
tavolata,0,1,0,0,0,0,0,0,0,0,1,1,False,False,TAVOLATA
taylor living,0,0,0,0,0,0,1,0,0,0,1,1,False,False,TAYLOR LIVING
popoys batchoy since 1978,0,0,0,0,0,0,1,0,0,0,1,1,False,False,POPOY'S BATCHOY SINCE 1978
taylors play cafe,0,0,0,0,0,1,0,0,0,0,1,1,False,False,Taylor’s Play Café
poplife,0,0,0,0,0,0,1,0,0,0,1,1,False,False,POPLIFE
post shop,0,0,0,0,0,0,0,1,0,0,1,1,False,False,POST SHOP
tappil flowers,0,0,0,0,0,0,0,1,0,0,1,1,False,False,TAPPIL FLOWERS
potato corner (2),0,0,0,0,0,0,1,0,0,0,1,1,False,False,POTATO CORNER (2)
potato corner (az),0,0,1,0,0,0,0,0,0,0,1,1,False,False,Potato Corner (az)
power gadgets,0,0,0,0,0,0,0,1,0,0,1,1,False,False,POWER GADGETS
pound for pound fitness,0,0,0,0,0,0,1,0,0,0,1,1,False,False,POUND FOR POUND FITNESS
takuyaki,0,0,0,0,0,0,1,0,0,0,1,1,False,False,TAKUYAKI
takuyaki go,0,0,0,0,0,0,1,0,0,0,1,1,False,False,TAKUYAKI GO
tamago,0,0,0,0,1,0,0,0,0,0,1,1,False,False,Tamago
pottery barn,0,0,0,0,0,1,0,0,0,0,1,1,False,False,Pottery Barn
poto poto,0,0,0,0,1,0,0,0,0,0,1,1,False,False,Poto Poto
tambilawan kamayan restaurant,0,0,0,0,0,0,1,0,0,0,1,1,False,False,TAMBILAWAN KAMAYAN RESTAURANT
tambunting pawnshop,0,0,0,0,0,0,0,0,0,1,1,1,False,False,Tambunting Pawnshop
potato hub,0,0,0,0,0,0,1,0,0,0,1,1,False,False,Potato Hub
tamoya udon,0,0,0,0,0,1,0,0,0,0,1,1,False,False,Tamoya Udon
tan dermatology center for asia,0,0,0,0,0,0,0,1,0,0,1,1,False,False,TAN DERMATOLOGY CENTER FOR ASIA
tan yan shi fu,0,0,0,0,0,0,0,1,0,0,1,1,False,False,TAN YAN SHI FU
tandoor by rich,0,0,0,0,0,0,0,1,0,0,1,1,False,False,TANDOOR BY RICH
potato fries station,0,0,0,0,0,0,1,0,0,0,1,1,False,False,POTATO FRIES STATION
tao yuan,0,0,0,0,1,0,0,0,0,0,1,1,False,False,Tao Yuan
tapang realty,0,0,0,0,0,0,1,0,0,0,1,1,False,False,Tapang Realty
potato corner i,0,0,0,0,0,0,1,0,0,0,1,1,False,False,POTATO CORNER I 0907-209-7215
potato corner (tw),0,0,1,0,0,0,0,0,0,0,1,1,False,False,Potato Corner (tw)
popique beauty,0,0,0,0,1,0,0,0,0,0,1,1,False,False,Popique Beauty
tca digital square,0,0,0,0,0,0,0,1,0,0,1,1,False,False,TCA DIGITAL SQUARE
pnb allianz,0,0,0,0,0,0,1,0,0,0,1,1,False,False,PNB ALLIANZ
pockets waffles cream,0,0,0,0,0,0,0,1,0,0,1,1,False,False,POCKETS WAFFLES CREAM
polland,0,0,0,0,0,1,0,0,0,0,1,1,False,False,Polland
polk home theater hifi,0,0,0,0,0,0,0,1,0,0,1,1,False,False,POLK HOME THEATER HIFI
tech republic,0,0,0,0,0,0,0,1,0,0,1,1,False,False,TECH REPUBLIC
tech stnergy,0,0,0,0,0,0,1,0,0,0,1,1,False,False,TECH STNERGY
tech21,0,0,0,0,0,0,0,1,0,0,1,1,False,False,TECH21
point and dots,0,0,0,0,0,0,0,1,0,0,1,1,False,False,POINT AND DOTS
techie mobile zone,0,0,0,0,0,0,1,0,0,0,1,1,False,False,Techie Mobile Zone
pocofino,0,0,0,0,0,1,0,0,0,0,1,1,False,False,Pocofino
poco deli,0,0,0,0,0,1,0,0,0,0,1,1,False,False,Poco Deli
pocket gears,0,0,0,0,0,0,0,1,0,0,1,1,False,False,POCKET GEARS
tco,0,0,0,0,0,0,0,1,0,0,1,1,False,False,TCO
pobros house of chicken n waffles,0,0,0,0,0,0,0,1,0,0,1,1,False,False,POBROS HOUSE OF CHICKEN N WAFFLES
pnp police clearance,0,0,0,0,0,0,1,0,0,0,1,1,False,False,PNP Police Clearance
techmate,0,0,0,0,0,1,0,0,0,0,1,1,False,False,Techmate
techno geek,0,0,0,0,0,0,0,1,0,0,1,1,False,False,TECHNO GEEK
pnp clearance,0,0,0,0,0,0,1,0,0,0,1,1,False,False,PNP Clearance
pnp,0,0,0,0,0,0,1,0,0,0,1,1,False,False,PNP
pngb gold buyer,0,0,0,0,0,0,1,0,0,0,1,1,False,False,PNGB Gold Buyer
techno moto,0,0,0,0,0,0,1,0,0,0,1,1,False,False,Techno Moto
technocare accessories,0,0,0,0,0,0,0,1,0,0,1,1,False,False,TECHNOCARE ACCESSORIES
tech mobile,0,0,0,0,0,0,1,0,0,0,1,1,False,False,Tech Mobile
tech maven,0,0,0,0,0,0,0,1,0,0,1,1,False,False,TECH MAVEN
polo ralph lauren,0,1,0,0,0,0,0,0,0,0,1,1,False,False,POLO RALPH LAUREN
tech know,0,0,0,0,0,0,1,0,0,0,1,1,False,False,TECH KNOW
popcycle at elektrik avenue,0,0,0,0,0,1,0,0,0,0,1,1,False,False,Popcycle at Elektrik Avenue
pop up kidzoona,0,0,0,0,0,0,1,0,0,0,1,1,False,False,Pop Up! Kidzoona
te quiero davao,0,0,0,0,0,0,0,1,0,0,1,1,False,False,TE QUIERO DAVAO
tea 101,0,0,0,0,0,0,0,1,0,0,1,1,False,False,TEA 101
tea house kitchen by chona,0,0,0,0,0,0,0,1,0,0,1,1,False,False,TEA HOUSE KITCHEN BY CHONA
pop socket,0,0,0,0,0,0,1,0,0,0,1,1,False,False,POP SOCKET
team barista cafe,0,0,0,0,0,0,0,1,0,0,1,1,False,False,TEAM BARISTA CAFÉ
pop junk love go lokal,0,1,0,0,0,0,0,0,0,0,1,1,False,False,POP JUNK LOVE GO LOKAL
teas and toast,0,0,0,0,1,0,0,0,0,0,1,1,False,False,Teas and Toast
pop enthusiast,0,0,0,0,0,1,0,0,0,0,1,1,False,False,Pop Enthusiast
tease blow hair and face beauty lounge,0,0,0,0,0,0,0,1,0,0,1,1,False,False,TEASE BLOW HAIR AND FACE BEAUTY LOUNGE
pop culture,0,0,0,0,1,0,0,0,0,0,1,1,False,False,Pop Culture
poopers pop,0,0,0,0,0,0,1,0,0,0,1,1,False,False,POOPER'S POP
tebanz batchoy and tapsilogan,0,0,0,0,1,0,0,0,0,0,1,1,False,False,Tebanz Batchoy And Tapsilogan
pong pongs pasalubong store,0,0,0,0,0,0,1,0,0,0,1,1,False,False,PONG PONG'S PASALUBONG STORE
pomelo,0,0,0,0,0,0,1,0,0,0,1,1,False,False,POMELO
polyglot international academy,0,0,0,0,1,0,0,0,0,0,1,1,False,False,Polyglot International Academy
tech hub,0,0,1,0,0,0,0,0,0,0,1,1,False,False,Tech Hub
polyeast,0,0,0,1,0,0,0,0,0,0,1,1,False,False,Polyeast
pink dough,0,0,0,0,1,0,0,0,0,0,1,1,False,False,Pink Dough
tetsu teppan yaki,0,0,0,0,0,0,0,1,0,0,1,1,False,False,TETSU TEPPAN-YAKI
rc management and medical services,0,0,0,0,0,0,0,1,0,0,1,1,False,False,RC MANAGEMENT AND MEDICAL SERVICES
tita beths pancit malabon haus,0,1,0,0,0,0,0,0,0,0,1,1,False,False,TITA BETH'S PANCIT MALABON HAUS
tiny town,0,0,0,0,0,0,0,1,0,0,1,1,False,False,TINY TOWN
phiil health,0,0,0,0,0,0,1,0,0,0,1,1,False,False,PHIIL HEALTH
phia footwear,0,0,0,0,0,0,1,0,0,0,1,1,False,False,PHIA FOOTWEAR
tiny twinkle,0,0,0,0,0,1,0,0,0,0,1,1,False,False,Tiny Twinkle
tipness gym,0,1,0,0,0,0,0,0,0,0,1,1,False,False,TIPNESS GYM
tips n toes,0,1,0,0,0,0,0,0,0,0,1,1,False,False,TIPS 'N TOES
phad thai,0,0,0,0,0,0,1,0,0,0,1,1,False,False,Phad Thai
pgp ticketing office outlet,0,0,0,0,0,0,0,1,0,0,1,1,False,False,PGP TICKETING OFFICE OUTLET
tips n toes nail salon,0,0,0,0,0,0,0,1,0,0,1,1,False,False,TIPS N TOES NAIL SALON
tita dinas restaurant,0,0,0,0,0,0,1,0,0,0,1,1,False,False,Tita Dina's Restaurant
philgin travel and tours (2go),0,0,0,0,0,0,0,0,1,0,1,1,False,False,PHILGIN TRAVEL AND TOURS (2GO)
petropolis animal clinic,0,1,0,0,0,0,0,0,0,0,1,1,False,False,PETROPOLIS ANIMAL CLINIC
petron car care center,0,0,0,0,0,0,0,1,0,0,1,1,False,False,PETRON CAR CARE CENTER
petron,0,0,0,0,0,0,0,0,1,0,1,1,False,False,PETRON
tita yayoys,0,0,0,0,0,0,0,0,0,1,1,1,False,False,TITA YAYOY'S
petite graine preschool,0,0,0,0,1,0,0,0,0,0,1,1,False,False,Petite Graine Preschool
petes place,0,0,0,0,0,0,0,1,0,0,1,1,False,False,Pete's Place
peter john arts,0,0,0,0,0,0,0,1,0,0,1,1,False,False,PETER JOHN ARTS
tita yummys burger,0,0,0,0,0,0,1,0,0,0,1,1,False,False,Tita Yummy's Burger
petco,0,0,0,0,0,0,0,1,0,0,1,1,False,False,PETCO
philcopy,0,0,0,0,0,0,0,1,0,0,1,1,False,False,PHILCOPY
tiny teapot,0,0,0,0,0,0,1,0,0,0,1,1,False,False,Tiny Teapot
teva,1,0,0,0,0,0,0,0,0,0,1,1,False,False,Teva
timecheck,0,0,0,0,0,0,1,0,0,0,1,1,False,False,Timecheck
time express watch repair and key duplication services,0,0,0,0,1,0,0,0,0,0,1,1,False,False,Time Express Watch Repair and Key Duplication Services
time gallery,0,0,0,0,0,1,0,0,0,0,1,1,False,False,Time Gallery
philips easy key,0,1,0,0,0,0,0,0,0,0,1,1,False,False,PHILIPS EASY KEY
philipppine statistics authority,0,0,0,0,0,0,1,0,0,0,1,1,False,False,PHILIPPPINE STATISTICS AUTHORITY ( TEMPORARILY CLOSED )
time trend center,0,0,0,0,0,0,0,1,0,0,1,1,False,False,TIME TREND CENTER
philippine savings bank atm,0,0,0,0,0,0,0,0,0,1,1,1,False,False,Philippine Savings Bank ATM
philippine racing club inc,0,1,0,0,0,0,0,0,0,0,1,1,False,False,PHILIPPINE RACING CLUB INC.
philippine national police (pnp),0,0,1,0,0,0,0,0,0,0,1,1,False,False,Philippine National Police (pnp)
time zone,0,0,0,0,0,0,1,0,0,0,1,1,False,False,TIME ZONE (TEMPORARILY CLOSED)
timeshoppe,0,0,0,0,0,0,0,1,0,0,1,1,False,False,TIMESHOPPE
tinker club,0,0,0,0,0,0,1,0,0,0,1,1,False,False,Tinker Club
timezone carousel,0,1,0,0,0,0,0,0,0,0,1,1,False,False,TIMEZONE CAROUSEL
philippine business savings bank,0,0,0,0,1,0,0,0,0,0,1,1,False,False,Philippine Business Savings Bank
philippine airlines golden jc holiday travel,0,0,0,0,0,0,0,1,0,0,1,1,False,False,PHILIPPINE AIRLINES GOLDEN JC HOLIDAY TRAVEL
timhowan,0,0,0,0,0,1,0,0,0,0,1,1,False,False,TimHowan
philippine airlines,0,0,0,0,0,0,0,1,0,0,1,1,False,False,PHILIPPINE AIRLINES
tina berin fresh flowers,0,1,0,0,0,0,0,0,0,0,1,1,False,False,TINA BERIN FRESH FLOWERS
philippe charriol,0,0,0,0,0,0,0,1,0,0,1,1,False,False,PHILIPPE CHARRIOL
philip steinl time studio,0,0,0,0,0,0,0,1,0,0,1,1,False,False,PHILIP STEINL TIME STUDIO
philip stein tw steel wenger luminox,0,0,0,0,0,0,0,1,0,0,1,1,False,False,PHILIP STEIN TW STEEL WENGER LUMINOX
titan barbershop,0,0,0,0,0,0,0,1,0,0,1,1,False,False,TITAN BARBERSHOP
titas bags and accessories,1,0,0,0,0,0,0,0,0,0,1,1,False,False,Tita's Bags And Accessories
titter tatter playhouse,0,0,0,0,0,0,1,0,0,0,1,1,False,False,TITTER TATTER PLAYHOUSE
perftech,0,0,0,0,0,0,0,1,0,0,1,1,False,False,PERFTECH
tobys sport,0,0,0,0,0,0,1,0,0,0,1,1,False,False,Toby's Sport
toco berry,0,0,0,0,0,1,0,0,0,0,1,1,False,False,Toco Berry
todays photographic studio,0,0,0,0,0,0,1,0,0,0,1,1,False,False,TODAY'S PHOTOGRAPHIC STUDIO
todays photoph,0,0,0,0,1,0,0,0,0,0,1,1,False,False,Today's Photoph
tods,0,1,0,0,0,0,0,0,0,0,1,1,False,False,TOD'S
toho antigua,0,0,1,0,0,0,0,0,0,0,1,1,False,False,Toho Antigua
perfumista,0,0,1,0,0,0,0,0,0,0,1,1,False,False,Perfumista
perfumery bar,0,0,0,1,0,0,0,0,0,0,1,1,False,False,The Perfumery Bar
perfume house,0,0,0,0,1,0,0,0,0,0,1,1,False,False,Perfume House
perfectly polished nail salon and spa,0,0,0,0,0,0,0,1,0,0,1,1,False,False,PERFECTLY POLISHED NAIL SALON AND SPA
pet spot supplies and grooming center,0,0,0,0,0,0,0,1,0,0,1,1,False,False,PET SPOT SUPPLIES AND GROOMING CENTER
tokki tokki,0,0,0,0,1,0,0,0,0,0,1,1,False,False,Tokki Tokki
perfectly polished,0,0,0,0,0,0,1,0,0,0,1,1,False,False,Perfectly Polished
perfect zone cellphone and accessories,0,0,0,0,0,0,1,0,0,0,1,1,False,False,PERFECT ZONE CELLPHONE AND ACCESSORIES 9564672085
tokyo bubble tea,0,1,0,0,0,0,0,0,0,0,1,1,False,False,TOKYO BUBBLE TEA
tokyo g shock,0,0,0,0,0,0,1,0,0,0,1,1,False,False,@ TOKYO / G-SHOCK
tokyo glam eyelash & nail salon,0,1,0,0,0,0,0,0,0,0,1,1,False,False,TOKYO GLAM EYELASH & NAIL SALON
perfect smile dental clinic,0,0,0,0,0,0,1,0,0,0,1,1,False,False,Perfect Smile Dental Clinic
tokyo joe japanese fastfood,0,0,0,0,0,0,0,1,0,0,1,1,False,False,TOKYO JOE JAPANESE FASTFOOD
perfect smile,0,0,0,0,0,0,0,1,0,0,1,1,False,False,PERFECT SMILE
peri peri charcoal chiken & sauce bar,0,0,0,1,0,0,0,0,0,0,1,1,False,False,Peri-peri Charcoal Chiken & Sauce Bar
perk up coffee,0,0,0,0,0,0,1,0,0,0,1,1,False,False,Perk Up Coffee
tobys estate,0,0,0,0,0,0,0,1,0,0,1,1,False,False,TOBY'S ESTATE
perpetual help community cooperative,0,0,0,0,0,0,1,0,0,0,1,1,False,False,PERPETUAL HELP COMMUNITY COOPERATIVE
pet perks,0,0,0,0,0,0,0,1,0,0,1,1,False,False,PET PERKS
tittos bbq,0,0,0,0,0,1,0,0,0,0,1,1,False,False,Tittos BBQ
tlida,0,0,0,0,0,0,0,1,0,0,1,1,False,False,TLIDA
tlm yema buko pie,0,0,0,0,0,0,0,1,0,0,1,1,False,False,TLM YEMA BUKO PIE
pet lovers center,0,1,0,0,0,0,0,0,0,0,1,1,False,False,PET LOVERS CENTER
tm lewin,0,0,0,0,0,0,1,0,0,0,1,1,False,False,TM Lewin
pet lover centre,0,0,0,0,0,0,1,0,0,0,1,1,False,False,Pet Lover Centre
pet family,0,0,1,0,0,0,0,0,0,0,1,1,False,False,Pet Family
tmj print avenue,0,0,0,0,0,0,0,1,0,0,1,1,False,False,TMJ PRINT AVENUE
pet corner,0,0,0,0,0,0,0,1,0,0,1,1,False,False,PET CORNER
pet bowtique and salon,0,0,0,0,0,0,1,0,0,0,1,1,False,False,Pet Bowtique And Salon
tnalak home,0,1,0,0,0,0,0,0,0,0,1,1,False,False,T'NALAK HOME
pet alley lounge,0,1,0,0,0,0,0,0,0,0,1,1,False,False,PET ALLEY LOUNGE
persian palate,0,1,0,0,0,0,0,0,0,0,1,1,False,False,PERSIAN PALATE
tnd bazaar,0,0,0,0,1,0,0,0,0,0,1,1,False,False,TND Bazaar
to kho ngan,0,0,0,0,0,0,1,0,0,0,1,1,False,False,To-Kho-Ngan 9395573510
toby sports i,0,0,0,0,0,0,1,0,0,0,1,1,False,False,TOBY SPORTS I 0945-973-1131
tobys arena,0,1,0,0,0,0,0,0,0,0,1,1,False,False,TOBY'S ARENA
perple yam,0,0,0,0,0,0,1,0,0,0,1,1,False,False,PERPLE YAM
philsys (national id),0,0,1,0,0,0,0,0,0,0,1,1,False,False,Philsys (national Id)
philsys step 2 registration,0,0,0,0,0,0,1,0,0,0,1,1,False,False,PHILSYS STEP 2 REGISTRATION
philux,0,0,0,0,0,0,0,1,0,0,1,1,False,False,PHILUX
thirsty i,0,0,0,0,0,0,1,0,0,0,1,1,False,False,Thirsty I 0917-310-9416
therapy time,0,0,0,0,1,0,0,0,0,0,1,1,False,False,Therapy Time
pickleball court,0,0,1,0,0,0,0,0,0,0,1,1,False,False,Pickleball Court
pick up stix,0,0,0,0,0,0,0,1,0,0,1,1,False,False,PICK-UP-STIX
think pink salon,0,1,0,0,0,0,0,0,0,0,1,1,False,False,THINK PINK SALON
thinking out love flower shop,0,0,0,0,0,0,0,1,0,0,1,1,False,False,THINKING OUT LOVE FLOWER SHOP
thinkpad,0,0,0,0,0,0,0,1,0,0,1,1,False,False,THINKPAD
pick up at sm supermalls,0,0,0,0,0,0,0,1,0,0,1,1,False,False,PICK UP AT SM SUPERMALLS
thinne almedas home collezione,0,0,0,0,0,0,0,1,0,0,1,1,False,False,THINNE ALMEDAS HOME COLLEZIONE
thirdys boutique,0,1,0,0,0,0,0,0,0,0,1,1,False,False,THIRDY'S BOUTIQUE
thirsty juices and shakes,0,0,0,0,0,0,1,0,0,0,1,1,False,False,THIRSTY JUICES AND SHAKES
pic n print,0,0,0,0,0,1,0,0,0,0,1,1,False,False,Pic N Print
thisplay,0,0,0,0,0,0,0,1,0,0,1,1,False,False,THISPLAY
pick mix,0,0,0,0,0,0,0,1,0,0,1,1,False,False,PICK MIX
pick a trip travel and tours,0,0,0,0,0,0,0,1,0,0,1,1,False,False,PICK A TRIP TRAVEL AND TOURS
pick & save,0,0,0,0,0,0,1,0,0,0,1,1,False,False,PICK & SAVE
picanti,0,1,0,0,0,0,0,0,0,0,1,1,False,False,PICANTI
picabean,0,1,0,0,0,0,0,0,0,0,1,1,False,False,PICABEAN
pica pica by slers,0,0,0,0,0,0,0,1,0,0,1,1,False,False,PICA PICA BY SLERS
thomson road kitchen,0,0,0,0,0,0,1,0,0,0,1,1,False,False,THOMSON ROAD KITCHEN
three dots,0,0,0,0,0,1,0,0,0,0,1,1,False,False,Three Dots
therapeutic masseur blind massage,0,0,0,0,0,0,1,0,0,0,1,1,False,False,THERAPEUTIC MASSEUR BLIND MASSAGE
theranaturals,0,1,0,0,0,0,0,0,0,0,1,1,False,False,THERANATURALS
picture books,0,0,0,0,0,0,0,1,0,0,1,1,False,False,PICTURE BOOKS
theos flower shop,0,0,0,0,0,0,0,1,0,0,1,1,False,False,THEOS FLOWER SHOP
pink belles fashion,0,0,0,0,0,0,1,0,0,0,1,1,False,False,Pink Belle's Fashion
teviant,0,0,0,0,0,0,1,0,0,0,1,1,False,False,TEVIANT
pings eatabols,0,1,0,0,0,0,0,0,0,0,1,1,False,False,PING’S EATABOLS
pines telecom,0,0,0,0,0,0,1,0,0,0,1,1,False,False,Pines Telecom
text terminal,0,0,0,0,0,0,0,1,0,0,1,1,False,False,TEXT TERMINAL
pina seoul,0,0,0,0,0,0,1,0,0,0,1,1,False,False,PINA SEOUL
pimp kicks,0,0,0,0,0,1,0,0,0,0,1,1,False,False,Pimp Kicks
pili ani,0,0,0,0,0,1,0,0,0,0,1,1,False,False,Pili Ani
pieza de mano art ang frames,0,0,0,0,0,0,1,0,0,0,1,1,False,False,PIEZA DE MANO ART ANG FRAMES
tff tarsier fried food,0,0,0,0,0,0,0,1,0,0,1,1,False,False,TFF TARSIER FRIED FOOD
pieza de mano,0,0,0,0,0,0,1,0,0,0,1,1,False,False,Pieza De Mano
thai bbq original restaurant,0,1,0,0,0,0,0,0,0,0,1,1,False,False,THAI BBQ ORIGINAL RESTAURANT
thai boran phils inc,0,1,0,0,0,0,0,0,0,0,1,1,False,False,THAI BORAN PHILS. INC.
thai guy,0,0,0,0,0,0,0,1,0,0,1,1,False,False,THE THAI GUY
thates gadget emporium,0,0,0,0,0,0,1,0,0,0,1,1,False,False,THATE'S GADGET EMPORIUM
pidoks,0,1,0,0,0,0,0,0,0,0,1,1,False,False,PIDOKS
thats d pointe,0,0,0,1,0,0,0,0,0,0,1,1,False,False,That's D Pointe
thcil blind massage,0,0,0,0,0,0,1,0,0,0,1,1,False,False,THCIL Blind Massage
theo & miguel,0,0,0,0,0,0,1,0,0,0,1,1,False,False,THEO & MIGUEL
three hearts jewelry shoppe,0,0,0,0,0,0,0,1,0,0,1,1,False,False,THREE HEARTS JEWELRY SHOPPE
pibu aesthetics,0,1,0,0,0,0,0,0,0,0,1,1,False,False,PIBU AESTHETICS
phlippine national bank (pnb),0,0,1,0,0,0,0,0,0,0,1,1,False,False,Phlippine National Bank (pnb)
tile express shop,0,0,0,0,0,0,0,1,0,0,1,1,False,False,TILE EXPRESS SHOP
tidex carwash,0,0,0,0,0,0,1,0,0,0,1,1,False,False,TIDEX CARWASH
phone gallery,0,0,0,0,0,0,0,0,0,1,1,1,False,False,The Phone Gallery
tien ma s,0,0,0,0,0,0,0,0,0,1,1,1,False,False,TIEN MA`S
phone care cellphone accessories,0,0,0,0,0,0,0,1,0,0,1,1,False,False,PHONE CARE CELLPHONE ACCESSORIES
tienda street food,0,0,0,0,0,0,1,0,0,0,1,1,False,False,Tienda Street Food
phone avenue,0,0,0,0,0,1,0,0,0,0,1,1,False,False,Phone Avenue
phoenix dragon,0,0,0,0,1,0,0,0,0,0,1,1,False,False,Phoenix Dragon
phoenix bazaar,0,0,0,0,0,0,1,0,0,0,1,1,False,False,Phoenix Bazaar
phoenix,0,0,0,0,0,0,1,0,0,0,1,1,False,False,Phoenix
tili dhali,0,0,0,0,0,0,1,0,0,0,1,1,False,False,TILI DHALI TEMPORARILY CLOSED
pias gadget store,0,0,0,0,0,0,1,0,0,0,1,1,False,False,PIA'S GADGET STORE
phobac vietnamese specialties,0,0,0,0,1,0,0,0,0,0,1,1,False,False,Phobac Vietnamese Specialties
timber toys,1,0,0,0,0,0,0,0,0,0,1,1,False,False,Timber Toys
phobac vietnamese specialist,0,1,0,0,0,0,0,0,0,0,1,1,False,False,PHOBAC VIETNAMESE SPECIALIST
pho hoa my thai jacks loft,0,0,1,0,0,0,0,0,0,0,1,1,False,False,Pho Hoa / My Thai / Jack’s Loft
timcheck watch repair,0,0,0,0,0,0,1,0,0,0,1,1,False,False,TIMCHECK WATCH REPAIR
time & gems,0,0,0,0,0,1,0,0,0,0,1,1,False,False,Time & Gems
pho co,0,0,0,0,0,0,0,1,0,0,1,1,False,False,PHO.CO
time check watch service,0,0,0,0,0,0,1,0,0,0,1,1,False,False,Time Check Watch Service
phlips,0,0,0,0,0,0,1,0,0,0,1,1,False,False,Phlips
phone max,0,0,0,0,0,0,0,1,0,0,1,1,False,False,PHONE MAX
tickettime travel & tours,0,0,0,0,0,0,1,0,0,0,1,1,False,False,Tickettime Travel & Tours
phone partz,0,0,0,0,0,0,0,1,0,0,1,1,False,False,PHONE PARTZ
phone shop,0,1,0,0,0,0,0,0,0,0,1,1,False,False,THE PHONE SHOP
threema,0,0,0,0,0,1,0,0,0,0,1,1,False,False,Threema
physiare,0,0,1,0,0,0,0,0,0,0,1,1,False,False,Physiare
photovoltaic,0,0,0,0,0,0,1,0,0,0,1,1,False,False,Photovoltaic
thrillist grill & restaurant,0,0,0,0,0,0,1,0,0,0,1,1,False,False,THRILLIST GRILL & RESTAURANT
photoline digital,0,0,0,0,0,0,1,0,0,0,1,1,False,False,Photoline Digital
tia titas restaurant,0,0,0,0,0,0,1,0,0,0,1,1,False,False,Tia Tita's Restaurant
tian mansion hotpot,0,0,0,0,0,0,0,1,0,0,1,1,False,False,TIAN MANSION HOTPOT
tianlala,0,0,0,0,0,0,0,1,0,0,1,1,False,False,TIANLALA
photo trend,0,0,1,0,0,0,0,0,0,0,1,1,False,False,Photo Trend
photo tech,0,0,1,0,0,0,0,0,0,0,1,1,False,False,Photo Tech
photo image,0,0,0,0,0,0,1,0,0,0,1,1,False,False,PHOTO IMAGE
shama,0,0,0,0,0,0,1,0,0,0,1,1,False,False,SHAMA 0946-604-7577 (NEW)
ticket,0,0,0,0,0,0,1,0,0,0,1,1,False,False,TICKET 1 9171094611
ticket 1,0,0,0,0,0,0,1,0,0,0,1,1,False,False,TICKET 1
ticket royale,0,0,0,0,0,0,1,0,0,0,1,1,False,False,Ticket Royale
phoneville mobile,0,0,0,0,0,0,0,1,0,0,1,1,False,False,PHONEVILLE MOBILE
phonemax,1,0,0,0,0,0,0,0,0,0,1,1,False,False,Phonemax
ticketport travel and tours,0,0,0,0,0,0,0,1,0,0,1,1,False,False,TICKETPORT TRAVEL AND TOURS
phonebay,0,0,0,0,0,0,0,1,0,0,1,1,False,False,PHONEBAY
takoyaki taste,0,0,0,0,0,0,1,0,0,0,1,1,False,False,TAKOYAKI TASTE
power house,0,0,0,0,1,0,0,0,0,0,1,1,False,False,Power House
power mac center & mobile care,0,0,1,0,0,0,0,0,0,0,1,1,False,False,Power Mac Center & Mobile Care
studio fix,0,1,0,0,0,0,0,0,0,0,1,1,False,False,STUDIO FIX
qv salon,0,0,0,0,0,0,1,0,0,0,1,1,False,False,QV Salon
strip,0,1,0,0,0,0,0,0,0,0,1,1,False,False,STRIP
quinque,0,0,0,0,0,0,0,1,0,0,1,1,False,False,QUINQUE
quinos cafe,0,0,0,0,0,0,0,1,0,0,1,1,False,False,QUINOS CAFE
quinon ticketing services,0,0,0,0,0,0,1,0,0,0,1,1,False,False,Quiñon Ticketing Services
stroop & zo,0,0,0,0,0,0,1,0,0,0,1,1,False,False,Stroop & Zo
stud & sassy,0,0,0,0,1,0,0,0,0,0,1,1,False,False,Stud & Sassy
studio 28,0,0,0,0,1,0,0,0,0,0,1,1,False,False,Studio 28
quickstop,0,0,0,0,0,0,1,0,0,0,1,1,False,False,Quickstop
quickpeek,0,0,0,0,0,0,1,0,0,0,1,1,False,False,QUICKPEEK
r a d tattoo studio,0,0,0,0,0,0,0,1,0,0,1,1,False,False,R.A.D. TATTOO STUDIO
studio m salon and spa,0,1,0,0,0,0,0,0,0,0,1,1,False,False,STUDIO M SALON AND SPA
quickly refreshment,0,0,0,0,0,0,1,0,0,0,1,1,False,False,Quickly Refreshment
study,0,0,0,0,1,0,0,0,0,0,1,1,False,False,The Study
quickline micro,0,0,0,0,0,0,0,1,0,0,1,1,False,False,QUICKLINE MICRO
study enderun tutorial and language center,0,0,0,0,0,0,0,1,0,0,1,1,False,False,THE STUDY ENDERUN TUTORIAL AND LANGUAGE CENTER
study of enderun,0,0,0,0,0,1,0,0,0,0,1,1,False,False,Study of Enderun
study room,0,0,1,0,0,0,0,0,0,0,1,1,False,False,Study Room
quicklean laundry,0,0,0,0,0,0,0,1,0,0,1,1,False,False,QUICKLEAN LAUNDRY
style hunter boutique,0,1,0,0,0,0,0,0,0,0,1,1,False,False,STYLE HUNTER BOUTIQUE
stretch center salon,0,0,0,0,0,0,0,1,0,0,1,1,False,False,STRETCH CENTER SALON
streetyard,0,0,0,0,0,0,0,1,0,0,1,1,False,False,STREETYARD
power mac center (training center),0,1,0,0,0,0,0,0,0,0,1,1,False,False,POWER MAC CENTER (TRAINING CENTER)
r lapids chicharon & bbq,0,0,0,0,0,0,0,0,0,1,1,1,False,False,R. Lapid's Chicharon & BBQ
r&c motors,0,0,0,0,0,0,0,0,0,1,1,1,False,False,R&C MOTORS
storm tech,0,0,0,0,0,0,1,0,0,0,1,1,False,False,Storm Tech
straight forward,0,0,0,0,0,0,1,0,0,0,1,1,False,False,STRAIGHT FORWARD
r star white dental clinic,0,0,0,0,0,0,1,0,0,0,1,1,False,False,R Star White Dental Clinic
straight naturelle,0,0,0,0,0,0,0,1,0,0,1,1,False,False,STRAIGHT NATURELLE
r sarabia optical,0,0,0,0,0,0,0,1,0,0,1,1,False,False,R SARABIA OPTICAL
straightfroward,0,0,0,0,0,0,1,0,0,0,1,1,False,False,Straightfroward
strands salon,0,0,0,0,1,0,0,0,0,0,1,1,False,False,Strands Salon
r n r beauty products,0,0,0,0,0,0,1,0,0,0,1,1,False,False,R N R BEAUTY PRODUCTS
r lapids,0,0,0,0,0,0,1,0,0,0,1,1,False,False,R. LAPIDS
r a f,0,0,0,0,0,0,1,0,0,0,1,1,False,False,R.A.F.
r l ponti dental,0,0,0,0,0,0,0,1,0,0,1,1,False,False,R L PONTI DENTAL
strap shop delscollection,1,0,0,0,0,0,0,0,0,0,1,1,False,False,Strap Shop / Delscollection
r florete,0,0,0,0,0,0,0,1,0,0,1,1,False,False,R FLORETE
r cayabyab dc musical instruments trading,0,0,0,0,0,0,0,1,0,0,1,1,False,False,R CAYABYAB DC MUSICAL INSTRUMENTS TRADING
streat balls,0,0,0,0,0,0,1,0,0,0,1,1,False,False,STREAT BALLS
r appliance s,0,0,0,0,0,0,1,0,0,0,1,1,False,False,R APPLIANCE S
r a taho,0,0,0,0,0,0,1,0,0,0,1,1,False,False,R.A TAHO
r a f (inside maisonette),0,0,0,0,0,0,1,0,0,0,1,1,False,False,R.A.F (INSIDE MAISONETTE)
street pro,0,0,0,0,0,0,1,0,0,0,1,1,False,False,STREET PRO
style n comfort,1,0,0,0,0,0,0,0,0,0,1,1,False,False,Style N' Comfort
quick peek studio,0,0,0,0,0,0,1,0,0,0,1,1,False,False,QUICK PEEK STUDIO
styles asia home,0,0,0,0,0,1,0,0,0,0,1,1,False,False,Styles Asia Home
suki gyouza,0,1,0,0,0,0,0,0,0,0,1,1,False,False,SUKI-GYOUZA
sugarcane beyond,0,0,0,0,0,0,0,1,0,0,1,1,False,False,SUGARCANE BEYOND
sugarhouse,0,1,0,0,0,0,0,0,0,0,1,1,False,False,SUGARHOUSE
sugbahan food corner,0,1,0,0,0,0,0,0,0,0,1,1,False,False,SUGBAHAN FOOD CORNER
sugbo fairs event management,0,0,0,0,0,0,1,0,0,0,1,1,False,False,Sugbo Fairs Event Management
suhailas cellphone accessories,0,0,0,0,0,0,1,0,0,0,1,1,False,False,SUHAILA'S CELLPHONE ACCESSORIES
qsi panay perfumery shop,0,0,0,0,0,0,1,0,0,0,1,1,False,False,QSI Panay Perfumery Shop
suisse cakery,0,0,0,0,0,0,1,0,0,0,1,1,False,False,SUISSE CAKERY
suki,0,0,0,0,0,1,0,0,0,0,1,1,False,False,Suki
qmx money changing services,0,1,0,0,0,0,0,0,0,0,1,1,False,False,QMX MONEY CHANGING SERVICES
suki ya,0,1,0,0,0,0,0,0,0,0,1,1,False,False,SUKI-YA
quezon city hall satellite office,0,1,0,0,0,0,0,0,0,0,1,1,False,False,QUEZON CITY HALL SATELLITE OFFICE
suman latik & native delicacies,0,1,0,0,0,0,0,0,0,0,1,1,False,False,SUMAN LATIK & NATIVE DELICACIES
qmx money changer,0,0,0,0,0,0,1,0,0,0,1,1,False,False,QMX Money Changer
qirin vape,0,0,0,0,0,0,1,0,0,0,1,1,False,False,QIRIN VAPE
summer house,0,0,0,0,1,0,0,0,0,0,1,1,False,False,Summer House
summit hotel,0,0,0,0,0,0,1,0,0,0,1,1,False,False,Summit Hotel
qcd technology,0,0,0,0,0,0,1,0,0,0,1,1,False,False,QCD Technology
summit world,0,0,0,0,0,0,0,1,0,0,1,1,False,False,SUMMIT WORLD
sumo niku unlimited japanese barbecue,0,0,0,0,0,0,0,1,0,0,1,1,False,False,SUMO NIKU UNLIMITED JAPANESE BARBECUE
qcbc,0,0,0,0,0,0,1,0,0,0,1,1,False,False,QCBC
sugarbee,0,0,0,0,0,0,0,1,0,0,1,1,False,False,SUGARBEE
qsl,0,0,0,0,0,0,1,0,0,0,1,1,False,False,QSL
qtickles,0,0,0,0,0,1,0,0,0,0,1,1,False,False,Qtickles
quad b health services inc,0,0,0,0,0,0,0,1,0,0,1,1,False,False,QUAD B HEALTH SERVICES INC
quezon city government city treasurers office,0,0,0,0,0,0,0,1,0,0,1,1,False,False,QUEZON CITY GOVERNMENT CITY TREASURERS OFFICE
quezon city business centre,0,0,0,0,0,0,1,0,0,0,1,1,False,False,QUEZON CITY BUSINESS CENTRE (OPEN)
quezon city business center,0,0,0,0,0,0,1,0,0,0,1,1,False,False,QUEZON CITY BUSINESS CENTER 9189430200
styles n smiles salon,0,0,0,0,0,0,1,0,0,0,1,1,False,False,Styles N Smiles Salon
suarez bros,0,0,0,0,0,0,0,1,0,0,1,1,False,False,SUAREZ BROS
suarez sons metal artsjewelry,0,0,0,0,0,0,0,1,0,0,1,1,False,False,SUAREZ SONS METAL ARTSJEWELRY
queens toys & candy store,0,0,0,0,0,0,1,0,0,0,1,1,False,False,QUEEN'S TOYS & CANDY STORE
sucheri,0,0,0,0,0,1,0,0,0,0,1,1,False,False,Sucheri
queen sweets,0,0,0,1,0,0,0,0,0,0,1,1,False,False,Queen Sweets
suds go hydro core water filling station,0,0,0,0,0,0,0,1,0,0,1,1,False,False,SUDS GO HYDRO CORE WATER FILLING STATION
queen mother,0,0,0,1,0,0,0,0,0,0,1,1,False,False,QUEEN MOTHER
qube,0,1,0,0,0,0,0,0,0,0,1,1,False,False,QUBE
quantum i,0,0,0,0,0,0,1,0,0,0,1,1,False,False,Quantum I 0917-625-9346
quantum carousel,0,0,0,0,0,0,1,0,0,0,1,1,False,False,Quantum Carousel 9178004531
quantum amusement,0,0,0,0,0,0,1,0,0,0,1,1,False,False,QUANTUM AMUSEMENT
sugar daddy,0,0,0,0,0,0,0,1,0,0,1,1,False,False,SUGAR DADDY
quan native delicacies,0,1,0,0,0,0,0,0,0,0,1,1,False,False,QUAN NATIVE DELICACIES
qualfon,0,0,0,0,0,0,1,0,0,0,1,1,False,False,Qualfon
sugar munch,0,1,0,0,0,0,0,0,0,0,1,1,False,False,SUGAR MUNCH
r&n trading,0,0,0,0,0,0,1,0,0,0,1,1,False,False,R&N Trading
ra beauty touch facial spa center,0,0,0,0,0,0,0,1,0,0,1,1,False,False,RA BEAUTY TOUCH FACIAL SPA CENTER
ra digital by robinsons appliances,0,0,0,0,0,0,1,0,0,0,1,1,False,False,RA DIGITAL BY ROBINSONS APPLIANCES
stardust fine jewelry,0,0,0,0,0,1,0,0,0,0,1,1,False,False,Stardust Fine Jewelry
randys donut,0,1,0,0,0,0,0,0,0,0,1,1,False,False,RANDY’S DONUT
randy ortiz dental clinic,0,0,0,1,0,0,0,0,0,0,1,1,False,False,RANDY ORTIZ DENTAL CLINIC
ramous region,0,0,0,0,0,0,1,0,0,0,1,1,False,False,RAMOUS REGION
ramirez printing services,0,0,1,0,0,0,0,0,0,0,1,1,False,False,Ramirez Printing Services
ramenco,0,1,0,0,0,0,0,0,0,0,1,1,False,False,RAMENCO
ramen yushoken,0,0,0,0,0,1,0,0,0,0,1,1,False,False,Ramen Yushoken
starcon fitness gym,0,0,0,0,1,0,0,0,0,0,1,1,False,False,Starcon Fitness Gym
ramen ton ichi express,0,0,0,0,0,0,1,0,0,0,1,1,False,False,Ramen Ton-Ichi Express
ramen tetora,0,0,0,0,0,0,1,0,0,0,1,1,False,False,RAMEN TETORA
ramen naijiro,0,0,0,0,0,0,1,0,0,0,1,1,False,False,RAMEN NAIJIRO
ramen bari uma jr,0,0,0,0,0,0,0,1,0,0,1,1,False,False,RAMEN BARI-UMA JR
ramen nagi to go,0,0,0,0,0,0,1,0,0,0,1,1,False,False,Ramen Nagi To-Go
starmall cinemas,0,0,0,0,0,0,0,0,1,0,1,1,False,False,STARMALL CINEMAS
starphone,0,0,0,0,0,0,0,1,0,0,1,1,False,False,STARPHONE
starrbites,0,0,0,0,0,0,1,0,0,0,1,1,False,False,STARRBITES
statement theory,0,0,0,0,0,0,0,1,0,0,1,1,False,False,STATEMENT THEORY
statesman barbershop,0,0,0,0,0,0,1,0,0,0,1,1,False,False,Statesman Barbershop
status hair salon,0,0,0,0,0,0,1,0,0,0,1,1,False,False,Status Hair Salon
ramen keisuke tori king,0,0,0,0,0,0,0,1,0,0,1,1,False,False,RAMEN KEISUKE TORI KING
ramen ibuki,0,0,0,0,1,0,0,0,0,0,1,1,False,False,Ramen Ibuki
starbucks 032 8896 2755,0,0,0,0,0,0,1,0,0,0,1,1,False,False,STARBUCKS 032.8896.2755
rangoon ruby,0,0,1,0,0,0,0,0,0,0,1,1,False,False,Rangoon Ruby
raphas corner,0,0,0,0,0,0,0,1,0,0,1,1,False,False,RAPHAS CORNER
rapide,0,0,0,0,1,0,0,0,0,0,1,1,False,False,Rapide
stamp studio,0,0,0,0,0,0,0,1,0,0,1,1,False,False,STAMP STUDIO
rbx (rice in a box),0,0,0,0,0,0,1,0,0,0,1,1,False,False,RBX (Rice in a Box)
stampede,1,0,0,0,0,0,0,0,0,0,1,1,False,False,Stampede
razons halo halo & palabok,0,1,0,0,0,0,0,0,0,0,1,1,False,False,RAZON'S HALO HALO & PALABOK
star finder optical,0,0,0,0,0,0,0,1,0,0,1,1,False,False,STAR-FINDER OPTICAL
star finder optical shop,0,0,0,0,0,0,1,0,0,0,1,1,False,False,Star Finder Optical Shop 0949-430-5969
razons halo halo,0,0,0,0,0,0,1,0,0,0,1,1,False,False,Razon's Halo Halo
star frappe,0,0,0,0,0,0,1,0,0,0,1,1,False,False,Star Frappe
razons by glen,0,0,0,0,0,0,0,0,0,1,1,1,False,False,RAZON'S BY GLEN
star mobile,0,0,0,0,0,0,0,1,0,0,1,1,False,False,STAR MOBILE
rayos dental,0,0,0,0,0,0,1,0,0,0,1,1,False,False,RAYOS DENTAL
star sports,0,0,1,0,0,0,0,0,0,0,1,1,False,False,Star Sports
rave studio,0,1,0,0,0,0,0,0,0,0,1,1,False,False,RAVE STUDIO
starbucks (midtown),0,0,0,0,0,0,1,0,0,0,1,1,False,False,STARBUCKS (MIDTOWN)
rari,0,0,0,0,0,0,0,1,0,0,1,1,False,False,RARI
rarepair,0,0,0,0,0,0,0,1,0,0,1,1,False,False,RAREPAIR
rare collective,0,0,0,0,1,0,0,0,0,0,1,1,False,False,Rare Collective
raptor,0,0,1,0,0,0,0,0,0,0,1,1,False,False,Raptor
rapidfix,0,0,0,0,0,0,0,1,0,0,1,1,False,False,RAPIDFIX
steak & gravy,0,0,0,0,0,0,0,1,0,0,1,1,False,False,STEAK & GRAVY
ramen bari uma,0,0,0,0,0,0,0,1,0,0,1,1,False,False,RAMEN BARI-UMA
ra taho,0,0,0,0,0,0,0,1,0,0,1,1,False,False,RA TAHO
radius telecom,0,1,0,0,0,0,0,0,0,0,1,1,False,False,RADIUS TELECOM
rafaels tapas bar & restaurant,0,0,0,0,1,0,0,0,0,0,1,1,False,False,Rafael's Tapas Bar & Restaurant
steveston pizza,0,0,0,0,0,0,0,1,0,0,1,1,False,False,STEVESTON PIZZA
stick on me,0,0,0,0,0,0,0,1,0,0,1,1,False,False,STICK ON ME
rado frederique constant,0,0,0,0,0,0,0,1,0,0,1,1,False,False,RADO FREDERIQUE CONSTANT
rado atelier,0,1,0,0,0,0,0,0,0,0,1,1,False,False,THE RADO ATELIER
sticks & strings,0,0,0,0,0,0,1,0,0,0,1,1,False,False,Sticks & Strings
stickylicious,0,0,0,0,0,0,1,0,0,0,1,1,False,False,Stickylicious
rado,0,1,0,0,0,0,0,0,0,0,1,1,False,False,RADO
stitch and sole,0,0,0,0,1,0,0,0,0,0,1,1,False,False,Stitch and Sole
rad tattoo studio,0,0,0,0,0,0,0,1,0,0,1,1,False,False,RAD TATTOO STUDIO
ramboys,0,0,0,0,0,0,0,1,0,0,1,1,False,False,RAMBOYS
stockwell cafe lounge,0,0,0,0,0,0,0,1,0,0,1,1,False,False,STOCKWELL CAFE LOUNGE
racquels bakeshop & catering services,0,0,0,0,0,0,1,0,0,0,1,1,False,False,Racquel's Bakeshop & Catering Services
racks restaurant,0,0,1,0,0,0,0,0,0,0,1,1,False,False,Racks Restaurant
stop and style,0,0,0,0,0,0,1,0,0,0,1,1,False,False,Stop and Style
rachelles alteration services,0,0,0,0,0,0,0,1,0,0,1,1,False,False,RACHELLES ALTERATION SERVICES
rachelle anns flower,0,1,0,0,0,0,0,0,0,0,1,1,False,False,RACHELLE ANN'S FLOWER
racell,0,0,0,0,0,0,0,1,0,0,1,1,False,False,RACELL
store 2823,0,0,0,0,0,0,0,1,0,0,1,1,False,False,STORE 2823
rab telecom,0,0,0,0,0,0,0,0,0,1,1,1,False,False,Rab Telecom
raffas treats on stix,0,0,0,0,0,0,1,0,0,0,1,1,False,False,Raffa's Treats on Stix
stephen o bullo,0,0,0,0,0,0,1,0,0,0,1,1,False,False,Stephen O. Bullo 0919-228-1010
step up boutique,0,1,0,0,0,0,0,0,0,0,1,1,False,False,STEP-UP BOUTIQUE
step by step,0,0,0,0,0,1,0,0,0,0,1,1,False,False,Step by Step
steak & sushi,0,1,0,0,0,0,0,0,0,0,1,1,False,False,STEAK & SUSHI
ramar ticketing,0,0,0,0,0,0,1,0,0,0,1,1,False,False,RAMAR TICKETING
ralph sports,0,0,0,0,0,1,0,0,0,0,1,1,False,False,Ralph Sports
rakuzen food house,0,0,0,0,0,0,1,0,0,0,1,1,False,False,RAKUZEN FOOD HOUSE
rakso air travel & tours,0,0,0,0,0,0,1,0,0,0,1,1,False,False,Rakso Air Travel & Tours
rakshionista,0,0,0,0,0,0,1,0,0,0,1,1,False,False,RAKSHIONISTA
steak gravy,0,0,0,0,0,0,0,1,0,0,1,1,False,False,STEAK GRAVY
rakis food service,0,0,0,0,0,0,0,0,0,1,1,1,False,False,RAKI'S FOOD SERVICE
rakimah,0,0,0,0,0,1,0,0,0,0,1,1,False,False,Rakimah
raki yata ramen house,0,1,0,0,0,0,0,0,0,0,1,1,False,False,RAKI-YATA RAMEN HOUSE
raki yata ramen,0,0,0,0,0,0,0,1,0,0,1,1,False,False,RAKI-YATA RAMEN
rajah palabok plus,0,0,0,0,0,0,1,0,0,0,1,1,False,False,RAJAH PALABOK PLUS
steamworks,0,0,0,0,0,0,1,0,0,0,1,1,False,False,STEAMWORKS
steelcad,0,0,0,0,0,0,1,0,0,0,1,1,False,False,STEELCAD
rainbow asia logistics services inc,0,0,0,0,0,1,0,0,0,0,1,1,False,False,Rainbow Asia Logistics Services Inc.
stellamari spa,0,0,0,0,0,0,1,0,0,0,1,1,False,False,STELLAMARI SPA
rage room and coffee,0,1,0,0,0,0,0,0,0,0,1,1,False,False,THE RAGE ROOM AND COFFEE
stemz healthcare philippines private inc,0,0,0,0,0,0,0,1,0,0,1,1,False,False,STEMZ HEALTHCARE PHILIPPINES PRIVATE INC
raffy cellphone & accessories,0,0,0,0,1,0,0,0,0,0,1,1,False,False,Raffy Cellphone & Accessories
sun life of canada,0,1,0,0,0,0,0,0,0,0,1,1,False,False,SUN LIFE OF CANADA
sun money changer,0,0,0,0,0,0,1,0,0,0,1,1,False,False,Sun Money Changer
qavalo,0,0,0,0,0,0,1,0,0,0,1,1,False,False,QAVALO 0917-506-6867
symphony,0,0,0,0,0,0,0,1,0,0,1,1,False,False,SYMPHONY
press play pictures phils inc,0,0,0,0,0,0,0,1,0,0,1,1,False,False,PRESS PLAY PICTURES PHILS INC
press citycycle,0,0,0,0,0,0,0,1,0,0,1,1,False,False,PRESS CITYCYCLE
swiss gear philip stein,0,0,0,0,0,0,0,1,0,0,1,1,False,False,SWISS GEAR PHILIP STEIN
swisstech,0,0,0,0,0,0,1,0,0,0,1,1,False,False,Swisstech
swt ave,0,0,0,0,0,0,0,1,0,0,1,1,False,False,SWT AVE
prep center,0,0,0,0,0,1,0,0,0,0,1,1,False,False,PREP Center
premiumbikes,0,0,0,0,0,0,1,0,0,0,1,1,False,False,PREMIUMBIKES
sylpauljoyce,1,0,0,0,0,0,0,0,0,0,1,1,False,False,Sylpauljoyce
symmetry lab,0,0,0,0,0,0,1,0,0,0,1,1,False,False,Symmetry Lab
premium technology,0,0,0,0,0,0,0,1,0,0,1,1,False,False,PREMIUM TECHNOLOGY
prego jeans,0,1,0,0,0,0,0,0,0,0,1,1,False,False,PREGO JEANS
symphony by prestige,0,0,0,0,0,0,0,1,0,0,1,1,False,False,SYMPHONY BY PRESTIGE
sync,0,0,0,0,0,0,0,1,0,0,1,1,False,False,SYNC
premium caritas,0,1,0,0,0,0,0,0,0,0,1,1,False,False,PREMIUM CARITAS
syncom,0,0,0,0,0,1,0,0,0,0,1,1,False,False,Syncom
premier samgyupsal,0,0,0,0,1,0,0,0,0,0,1,1,False,False,Premier Samgyupsal
premier hair and nails salon,0,0,0,0,1,0,0,0,0,0,1,1,False,False,Premier Hair and Nails Salon
syncrho,0,0,0,0,0,0,1,0,0,0,1,1,False,False,SYNCRHO
prego trattoria,0,0,0,0,0,0,0,1,0,0,1,1,False,False,PREGO TRATTORIA
prego outlet,0,0,0,0,0,0,0,0,1,0,1,1,False,False,PREGO OUTLET
swiss gear,0,0,0,0,0,0,0,1,0,0,1,1,False,False,SWISS GEAR
swiss baker,0,0,0,0,0,0,0,1,0,0,1,1,False,False,SWISS BAKER
pressnet,0,0,0,0,0,0,0,0,0,1,1,1,False,False,Pressnet
swirls jr,0,0,0,0,0,0,1,0,0,0,1,1,False,False,Swirls Jr.
sweet scape salon spa aesthetic center,0,0,0,0,0,0,0,1,0,0,1,1,False,False,SWEET SCAPE SALON SPA AESTHETIC CENTER
prime key,0,0,0,0,0,0,0,1,0,0,1,1,False,False,PRIME KEY
prime care,0,0,0,0,0,0,0,1,0,0,1,1,False,False,PRIME CARE
sweet stems flowershop,0,0,0,0,0,0,0,1,0,0,1,1,False,False,SWEET STEMS FLOWERSHOP
prima medica health clinic,0,0,0,0,0,0,0,1,0,0,1,1,False,False,PRIMA MEDICA HEALTH CLINIC
sweet taste buds,0,0,0,0,0,0,1,0,0,0,1,1,False,False,SWEET TASTE BUDS
sweet things,0,0,0,0,0,0,0,1,0,0,1,1,False,False,SWEET THINGS
prima gold,0,0,0,0,0,0,1,0,0,0,1,1,False,False,PRIMA GOLD
sweet things cakes and cups,0,1,0,0,0,0,0,0,0,0,1,1,False,False,SWEET THINGS CAKES AND CUPS
prettyvibe,0,0,0,0,0,0,1,0,0,0,1,1,False,False,PRETTYVIBE
prettylooks,0,0,0,0,1,0,0,0,0,0,1,1,False,False,Prettylooks
sweet treats by chill cafe,0,0,0,0,0,0,1,0,0,0,1,1,False,False,Sweet Treats by Chill Café
pretty nest,0,0,0,0,0,0,1,0,0,0,1,1,False,False,Pretty Nest
swim,0,0,0,0,0,1,0,0,0,0,1,1,False,False,Swim
pretty little lashes & nail studio,0,0,0,0,0,0,0,0,1,0,1,1,False,False,PRETTY LITTLE LASHES & NAIL STUDIO
pretea,0,0,0,0,0,0,1,0,0,0,1,1,False,False,PRETEA
prestige trading,0,0,0,0,0,0,0,1,0,0,1,1,False,False,PRESTIGE TRADING
swirl studio yogurt your style,0,0,0,0,0,0,0,1,0,0,1,1,False,False,SWIRL STUDIO YOGURT YOUR STYLE
prestea,0,0,0,0,0,0,1,0,0,0,1,1,False,False,Prestea
t & j prime salon,0,0,0,0,0,0,1,0,0,0,1,1,False,False,T & J Prime Salon
t bone king premium,0,0,0,0,1,0,0,0,0,0,1,1,False,False,T-Bone King Premium
sweet lemon,0,0,0,0,0,0,1,0,0,0,1,1,False,False,Sweet Lemon
power touch wellness massage,0,0,0,1,0,0,0,0,0,0,1,1,False,False,Power Touch Wellness Massage
taho soy avenue,0,0,0,0,0,0,0,1,0,0,1,1,False,False,TAHO SOY AVENUE
tai koo hk roast,0,0,0,0,0,0,0,1,0,0,1,1,False,False,TAI KOO HK ROAST
taiyen,0,0,0,0,0,1,0,0,0,0,1,1,False,False,Taiyen
taj,0,0,0,0,0,0,0,1,0,0,1,1,False,False,TAJ
powerclick,0,0,0,0,0,0,0,1,0,0,1,1,False,False,POWERCLICK
takeme coffee,0,0,0,0,0,0,0,1,0,0,1,1,False,False,TAKEME COFFEE
powerbooks noteworthy,0,0,0,0,0,0,0,1,0,0,1,1,False,False,POWERBOOKS NOTEWORTHY
takkra,0,0,0,0,0,0,1,0,0,0,1,1,False,False,TAKKRA
power up,0,0,1,0,0,0,0,0,0,0,1,1,False,False,Power Up
power switch,0,0,1,0,0,0,0,0,0,0,1,1,False,False,Power Switch
t m lewin,0,1,0,0,0,0,0,0,0,0,1,1,False,False,T.M. LEWIN
tako kaizen,0,0,0,0,0,0,1,0,0,0,1,1,False,False,TAKO KAIZEN
power smile dental clinic,0,0,0,0,0,0,0,1,0,0,1,1,False,False,POWER SMILE DENTAL CLINIC
takoyadon prime,0,0,0,0,0,0,0,1,0,0,1,1,False,False,TAKOYADON PRIME
power premium gadget,0,0,0,0,0,0,1,0,0,0,1,1,False,False,Power Premium Gadget
takoyaki ban chan,0,0,0,1,0,0,0,0,0,0,1,1,False,False,Takoyaki Ban Chan
power play,0,1,0,0,0,0,0,0,0,0,1,1,False,False,POWER PLAY
power mac service center,0,1,0,0,0,0,0,0,0,0,1,1,False,False,POWER MAC SERVICE CENTER
power mac i,0,0,0,0,0,0,1,0,0,0,1,1,False,False,POWER MAC I 0917-847-8557
power mac center spotlight,0,1,0,0,0,0,0,0,0,0,1,1,False,False,POWER MAC CENTER SPOTLIGHT
powerhouse pilates,0,1,0,0,0,0,0,0,0,0,1,1,False,False,POWERHOUSE PILATES
powerhouse tools,0,0,0,0,0,0,0,1,0,0,1,1,False,False,POWERHOUSE TOOLS
taho ni mang andres,0,0,0,0,0,0,0,1,0,0,1,1,False,False,TAHO NI MANG ANDRES
taho manila,0,0,0,0,0,0,0,1,0,0,1,1,False,False,TAHO MANILA
ta ke ho me sushi stand,0,0,0,0,0,0,0,1,0,0,1,1,False,False,TA KE HO ME SUSHI STAND
predire wellness,0,0,0,0,1,0,0,0,0,0,1,1,False,False,Predire Wellness
predire,0,0,0,0,0,0,1,0,0,0,1,1,False,False,Predire
tabas barbershop,0,0,0,0,0,1,0,0,0,0,1,1,False,False,Tabas Barbershop
tabas barbershop and haberdashery,0,0,0,0,0,0,0,1,0,0,1,1,False,False,TABAS BARBERSHOP AND HABERDASHERY
precision driving school,0,0,0,0,0,0,1,0,0,0,1,1,False,False,PRECISION DRIVING SCHOOL
tabbs barbershop,0,0,1,0,0,0,0,0,0,0,1,1,False,False,Tabbs Barbershop
table tennis,0,0,0,0,0,0,1,0,0,0,1,1,False,False,Table Tennis
precious teeth,0,0,0,0,0,0,1,0,0,0,1,1,False,False,PRECIOUS TEETH
precious asher trading corp,0,0,0,0,0,0,1,0,0,0,1,1,False,False,Precious Asher Trading Corp
tactical corner,1,0,0,0,0,0,0,0,0,0,1,1,False,False,Tactical Corner
prawn house seafood restaurant,0,0,0,0,0,0,1,0,0,0,1,1,False,False,Prawn House Seafood Restaurant
prada,0,1,0,0,0,0,0,0,0,0,1,1,False,False,PRADA
tactics,0,0,0,0,0,0,1,0,0,0,1,1,False,False,Tactics
tadakuma,0,0,0,0,0,0,0,1,0,0,1,1,False,False,TADAKUMA
tadzmaki sushi restaurant,0,0,0,0,0,0,0,1,0,0,1,1,False,False,TADZMAKI SUSHI RESTAURANT
powerstation,0,0,0,0,0,0,0,1,0,0,1,1,False,False,POWERSTATION
tagoros abuhan,0,0,0,0,0,0,1,0,0,0,1,1,False,False,Tagoro's Abuhan
taguig crocheters,0,0,0,0,1,0,0,0,0,0,1,1,False,False,Taguig Crocheters
prime silver,0,0,0,0,0,0,1,0,0,0,1,1,False,False,Prime Silver
sweet ideas,0,0,0,0,0,0,0,1,0,0,1,1,False,False,SWEET IDEAS
qatar visa center qvc,0,0,0,0,0,0,0,1,0,0,1,1,False,False,QATAR VISA CENTER QVC
puffys hk egg waffle,0,0,0,0,0,0,0,1,0,0,1,1,False,False,PUFFYS HK EGG WAFFLE
sunstar jewelry,0,0,0,0,0,1,0,0,0,0,1,1,False,False,Sunstar Jewelry
super metro,0,0,1,0,0,0,0,0,0,0,1,1,False,False,Super Metro
super pollo,0,0,0,0,0,0,0,1,0,0,1,1,False,False,SUPER POLLO
purefoods tender juicy,0,0,0,0,0,0,1,0,0,0,1,1,False,False,PUREFOODS TENDER JUICY
pupsi ultrasound & lab,0,1,0,0,0,0,0,0,0,0,1,1,False,False,PUPSI ULTRASOUND & LAB
punong bayan,0,0,0,0,0,0,1,0,0,0,1,1,False,False,Punong Bayan
punch out,0,0,0,0,0,1,0,0,0,0,1,1,False,False,Punch Out
super uncle claypot,0,0,0,0,0,1,0,0,0,0,1,1,False,False,Super Uncle Claypot
superlicious bakeshop,0,0,0,0,0,0,0,1,0,0,1,1,False,False,SUPERLICIOUS BAKESHOP
puff and plug vape shop,0,0,0,0,1,0,0,0,0,0,1,1,False,False,Puff and Plug Vape Shop
surefix,0,0,0,0,0,0,1,0,0,0,1,1,False,False,Surefix
puerto electronico,0,0,0,0,0,0,0,1,0,0,1,1,False,False,PUERTO ELECTRONICO
superwasher,0,0,0,0,0,0,0,1,0,0,1,1,False,False,SUPERWASHER
pub express,0,0,0,0,0,0,0,1,0,0,1,1,False,False,PUB EXPRESS
psbank atm,0,0,0,0,1,0,0,0,0,0,1,1,False,False,PSBank ATM
supreme hotdogs,0,0,0,0,0,0,0,1,0,0,1,1,False,False,SUPREME HOTDOGS
supreme tactical shop,0,0,0,0,0,0,0,1,0,0,1,1,False,False,SUPREME TACTICAL SHOP
psalm diagnostic center,0,0,0,0,0,0,1,0,0,0,1,1,False,False,Psalm Diagnostic Center
psa philsys natl id registration,0,0,0,0,0,0,1,0,0,0,1,1,False,False,PSA PHILSYS NAT'L ID REGISTRATION
sure vision,0,0,0,0,0,0,1,0,0,0,1,1,False,False,Sure Vision
sunset dry goods,0,0,0,0,1,0,0,0,0,0,1,1,False,False,Sunset Dry Goods
purefoods tj hotdogs,0,0,0,0,0,0,1,0,0,0,1,1,False,False,Purefoods TJ Hotdogs
sunrise bloom plants & flowers,0,1,0,0,0,0,0,0,0,0,1,1,False,False,SUNRISE BLOOM PLANTS & FLOWERS
purple groom pet salon,0,0,0,0,1,0,0,0,0,0,1,1,False,False,The Purple Groom Pet Salon
sun shop,0,0,0,1,0,0,0,0,0,0,1,1,False,False,The Sun Shop
sunika manila,0,0,1,0,0,0,0,0,0,0,1,1,False,False,Sunika Manila
suniway group of companies inc,0,0,0,0,0,0,0,1,0,0,1,1,False,False,SUNIWAY GROUP OF COMPANIES INC
sunkissed cafe,0,0,0,0,0,0,1,0,0,0,1,1,False,False,SUNKISSED CAFE
q linx,0,0,0,0,0,0,0,1,0,0,1,1,False,False,Q-LINX
q hub,0,0,0,0,0,0,1,0,0,0,1,1,False,False,Q-Hub
q dees philippines,0,0,0,0,1,0,0,0,0,0,1,1,False,False,Q-dees Philippines
q dees international preschool enrichment center,0,0,0,0,0,0,0,1,0,0,1,1,False,False,Q-DEES INTERNATIONAL PRESCHOOL ENRICHMENT CENTER
sunnies coffee,0,0,0,0,0,0,1,0,0,0,1,1,False,False,SUNNIES COFFEE (9178293590)
pyt,0,0,0,0,0,0,1,0,0,0,1,1,False,False,PYT
py,0,0,0,0,0,0,1,0,0,0,1,1,False,False,PY
putien,0,0,0,0,0,0,0,1,0,0,1,1,False,False,PUTIEN
purplebox technologies inc,0,1,0,0,0,0,0,0,0,0,1,1,False,False,PURPLEBOX TECHNOLOGIES INC.
purple yam homemade cakes and pastries,0,0,0,0,0,0,0,1,0,0,1,1,False,False,PURPLE YAM HOMEMADE CAKES AND PASTRIES
purple yam,0,0,0,0,0,0,1,0,0,0,1,1,False,False,PURPLE YAM 0915 907 3127
sunnies specs sunnies studios,0,0,0,0,0,0,0,1,0,0,1,1,False,False,SUNNIES SPECS SUNNIES STUDIOS
sunnies studio i,0,0,0,0,0,0,1,0,0,0,1,1,False,False,SUNNIES STUDIO I 0917-840-14872
purple haze designs,0,0,0,0,0,0,0,1,0,0,1,1,False,False,PURPLE HAZE DESIGNS
purple groom petshop,0,0,0,0,0,1,0,0,0,0,1,1,False,False,The Purple Groom Petshop
sure vision optical,0,0,0,0,0,0,0,0,0,1,1,1,False,False,SURE VISION OPTICAL
surefix gadget repair center,0,0,0,0,0,0,0,0,0,1,1,1,False,False,Surefix Gadget Repair Center
primera jewelry,0,1,0,0,0,0,0,0,0,0,1,1,False,False,PRIMERA JEWELRY
pritong manok,0,0,0,0,0,0,1,0,0,0,1,1,False,False,PRITONG MANOK
sweet cloth,0,0,0,0,0,0,0,1,0,0,1,1,False,False,THE SWEET CLOTH
procare cellphone accessories,0,0,0,0,0,0,0,1,0,0,1,1,False,False,PROCARE CELLPHONE ACCESSORIES
sweet corner,0,0,0,0,0,0,0,1,0,0,1,1,False,False,SWEET CORNER
pro parking,0,0,0,0,0,0,1,0,0,0,1,1,False,False,Pro Parking
sweet dentist,0,0,0,0,0,0,1,0,0,0,1,1,False,False,THE SWEET DENTIST
pro gear,0,0,0,0,0,0,0,0,0,1,1,1,False,False,Pro Gear
pro ech,0,0,0,0,0,0,0,1,0,0,1,1,False,False,PRO+ECH
sweet ecstacy,0,0,0,0,0,1,0,0,0,0,1,1,False,False,Sweet Ecstacy
privon patiserrie,0,0,0,0,0,0,0,1,0,0,1,1,False,False,PRIVON PATISERRIE
sweet ecstasy,0,0,0,0,0,0,0,1,0,0,1,1,False,False,SWEET ECSTASY
prudential guarantee and assurance inc,0,0,0,0,0,0,0,1,0,0,1,1,False,False,PRUDENTIAL GUARANTEE AND ASSURANCE INC
printemps,0,0,0,0,0,0,0,1,0,0,1,1,False,False,PRINTEMPS
print layout,0,0,0,0,0,0,1,0,0,0,1,1,False,False,Print Layout
princess sugar rush,0,0,0,0,0,0,0,0,0,1,1,1,False,False,Princess Sugar Rush
princegadgets marketing cellphone,1,0,0,0,0,0,0,0,0,0,1,1,False,False,Princegadgets Marketing Cellphone
sweet escakes,0,0,0,0,0,0,0,1,0,0,1,1,False,False,SWEET ESCAKES
primewell city,0,0,0,0,0,0,0,1,0,0,1,1,False,False,THE PRIMEWELL CITY
primetime,0,0,0,0,0,0,1,0,0,0,1,1,False,False,Primetime
primesteak house,0,0,0,0,0,0,1,0,0,0,1,1,False,False,PRIMESTEAK HOUSE
primeros sizzling steaks,0,0,0,0,0,0,0,1,0,0,1,1,False,False,PRIMEROS SIZZLING STEAKS
produktong tanauan,0,0,0,0,0,0,0,0,0,1,1,1,False,False,Produktong Tanauan
professional regulation commission (prc),0,0,0,0,0,0,1,0,0,0,1,1,False,False,PROFESSIONAL REGULATION COMMISSION (PRC)
sweet buds,0,0,0,0,0,0,0,1,0,0,1,1,False,False,SWEET BUDS
sweet blossoms,0,0,0,0,0,0,0,1,0,0,1,1,False,False,SWEET BLOSSOMS
proxpert,0,0,0,0,0,0,0,1,0,0,1,1,False,False,PROXPERT
protect connect,0,0,0,0,0,0,0,1,0,0,1,1,False,False,PROTECT CONNECT
surge fitness gym,0,0,0,0,0,0,0,1,0,0,1,1,False,False,SURGE FITNESS GYM
surge fitness lifestyle,0,0,1,0,0,0,0,0,0,0,1,1,False,False,Surge Fitness + Lifestyle
surplus,0,0,0,0,0,0,0,0,0,1,1,1,False,False,Surplus
susan milan,0,1,0,0,0,0,0,0,0,0,1,1,False,False,SUSAN MILAN
sushi bake,0,0,0,0,0,0,1,0,0,0,1,1,False,False,SUSHI BAKE
protagonist cafe and cocktail lounge,0,0,0,0,1,0,0,0,0,0,1,1,False,False,Protagonist Cafe and Cocktail Lounge
promate technologies,0,0,0,0,0,0,0,1,0,0,1,1,False,False,PROMATE TECHNOLOGIES
sushi bar by jiro,0,0,0,0,0,0,0,1,0,0,1,1,False,False,SUSHI BAR BY JIRO
sushi in the box,0,0,0,0,0,0,0,0,0,1,1,1,False,False,Sushi In The Box
sushi sor,0,0,0,0,0,0,0,1,0,0,1,1,False,False,SUSHI SOR
sushi station,0,0,0,0,0,0,0,1,0,0,1,1,False,False,SUSHI STATION
susies cuisine,0,0,0,0,0,0,0,1,0,0,1,1,False,False,SUSIES CUISINE
progressive orthodontics,0,0,0,0,0,0,0,1,0,0,1,1,False,False,PROGRESSIVE ORTHODONTICS
progear timepieces center,0,0,0,0,0,0,0,1,0,0,1,1,False,False,PROGEAR TIMEPIECES CENTER
profile dental,0,0,0,0,0,0,1,0,0,0,1,1,False,False,Profile Dental
profetas,0,0,0,0,0,0,0,0,0,1,1,1,False,False,Profeta’s
svy domingo,0,0,0,0,0,1,0,0,0,0,1,1,False,False,Svy Domingo
sasa cafe,0,0,0,0,0,0,1,0,0,0,1,1,False,False,SASA CAFE
0402 coffee,0,0,0,0,0,0,1,0,0,0,1,1,False,False,0402 Coffee
mobilinks,0,0,0,0,0,0,1,0,0,0,1,1,False,False,MOBILINKS
complex lifestyle,0,0,0,0,0,0,1,0,0,0,1,1,False,False,COMPLEX LIFESTYLE
common room,0,1,0,0,0,0,0,0,0,0,1,1,False,False,COMMON ROOM
comme des garcons,0,1,0,0,0,0,0,0,0,0,1,1,False,False,COMME DES GARCONS
commatics,0,0,1,0,0,0,0,0,0,0,1,1,False,False,Commatics
comic oddysey,0,0,0,0,0,0,1,0,0,0,1,1,False,False,Comic Oddysey
comic alley,0,0,0,0,0,0,0,1,0,0,1,1,False,False,COMIC ALLEY
combo de luxe,0,0,0,0,0,0,1,0,0,0,1,1,False,False,COMBO DE LUXE
colourette,0,0,0,0,0,0,0,1,0,0,1,1,False,False,COLOURETTE
colorado photo,0,0,0,0,0,0,0,1,0,0,1,1,False,False,COLORADO PHOTO
color my hair,0,0,0,0,0,0,0,1,0,0,1,1,False,False,COLOR MY HAIR
color me mine,0,0,0,0,1,0,0,0,0,0,1,1,False,False,Color Me Mine
colonial creamery,0,0,0,0,0,0,0,1,0,0,1,1,False,False,COLONIAL CREAMERY
collective base,0,0,0,0,0,1,0,0,0,0,1,1,False,False,Collective Base
collage,0,1,0,0,0,0,0,0,0,0,1,1,False,False,COLLAGE
cole haan grandshop,0,0,0,0,0,0,0,1,0,0,1,1,False,False,COLE HAAN GRANDSHOP
coldee coffee,0,0,1,0,0,0,0,0,0,0,1,1,False,False,Coldee Coffee
cold zone,0,0,0,0,0,0,0,1,0,0,1,1,False,False,COLD ZONE
cold plate rolled ice cream,0,0,0,0,0,0,0,1,0,0,1,1,False,False,COLD PLATE ROLLED ICE CREAM
cold layers,0,0,0,1,0,0,0,0,0,0,1,1,False,False,Cold Layers
cold cups,0,0,0,0,0,0,1,0,0,0,1,1,False,False,Cold Cups
col financial philippines davao,0,0,0,0,0,0,1,0,0,0,1,1,False,False,Col Financial Philippines Davao
coi,0,0,0,0,0,0,1,0,0,0,1,1,False,False,COI
coffeebreak nxt,0,0,0,0,0,0,1,0,0,0,1,1,False,False,Coffeebreak NXT
coffee shop,0,0,0,0,0,1,0,0,0,0,1,1,False,False,The Coffee Shop
coffee lounge,0,0,0,0,0,0,0,1,0,0,1,1,False,False,THE COFFEE LOUNGE
coffee library,0,0,0,0,0,0,0,1,0,0,1,1,False,False,THE COFFEE LIBRARY
coffee guys coffee shop,0,0,0,0,0,0,0,1,0,0,1,1,False,False,COFFEE GUYS COFFEE SHOP
coffee garden,0,0,0,0,0,0,0,1,0,0,1,1,False,False,THE COFFEE GARDEN
coffee for peace,0,1,0,0,0,0,0,0,0,0,1,1,False,False,COFFEE FOR PEACE
coffee dream,0,0,0,0,0,0,0,1,0,0,1,1,False,False,COFFEE DREAM
communicare therapy center,0,0,0,0,0,0,0,1,0,0,1,1,False,False,COMMUNICARE THERAPY CENTER
comprehensive dermatology center,0,0,0,0,0,0,1,0,0,0,1,1,False,False,Comprehensive Dermatology Center
coffee buddy,0,0,0,0,0,0,1,0,0,0,1,1,False,False,COFFEE BUDDY
computer aniq service center,0,0,0,0,0,0,1,0,0,0,1,1,False,False,Computer Aniq Service Center
corndog28,0,0,0,0,1,0,0,0,0,0,1,1,False,False,Corndog28
corn dog,0,0,0,0,0,0,1,0,0,0,1,1,False,False,CORN DOG
coreen razons halo halo,0,0,0,0,0,0,0,1,0,0,1,1,False,False,COREEN RAZONS HALO-HALO
core pacific exchange,0,0,0,0,0,0,1,0,0,0,1,1,False,False,Core Pacific Exchange
cordon dragon management and development corp,0,1,0,0,0,0,0,0,0,0,1,1,False,False,CORDON DRAGON MANAGEMENT AND DEVELOPMENT CORP.
corc,0,0,0,0,0,1,0,0,0,0,1,1,False,False,CORC
coras food house,0,0,0,0,0,0,0,0,0,1,1,1,False,False,Cora's Food House
corals candy bar,0,0,0,0,0,0,0,1,0,0,1,1,False,False,CORALS CANDY BAR
copytown,0,0,0,0,0,0,1,0,0,0,1,1,False,False,COPYTOWN
coopertech,0,0,0,0,0,0,0,1,0,0,1,1,False,False,COOPERTECH
coola,0,0,0,0,0,0,0,1,0,0,1,1,False,False,COOLA
cool vision,0,0,0,0,0,0,1,0,0,0,1,1,False,False,Cool Vision
cookpub,0,0,0,0,0,0,0,1,0,0,1,1,False,False,COOKPUB
cook coffee,0,0,0,0,0,0,0,1,0,0,1,1,False,False,COOK COFFEE
cook & coffee,0,1,0,0,0,0,0,0,0,0,1,1,False,False,COOK & COFFEE
contis takeout nook,0,0,0,0,0,0,1,0,0,0,1,1,False,False,Conti's Takeout Nook
contis island kiosk,0,0,0,0,0,0,0,1,0,0,1,1,False,False,CONTI'S ISLAND KIOSK
contis (take out nook),0,0,0,0,0,0,1,0,0,0,1,1,False,False,CONTI'S (TAKE OUT NOOK)
continkuous,0,0,0,0,0,0,0,1,0,0,1,1,False,False,CONTINKUOUS
consuelos,0,0,0,0,0,0,1,0,0,0,1,1,False,False,CONSUELO'S
conquer outdoor equipment,0,0,0,0,1,0,0,0,0,0,1,1,False,False,Conquer Outdoor Equipment
connect pilates,0,0,0,0,0,1,0,0,0,0,1,1,False,False,Connect Pilates
congo grille,0,0,0,0,0,0,0,1,0,0,1,1,False,False,CONGO GRILLE
confluence health and wellness products,0,0,0,0,0,0,1,0,0,0,1,1,False,False,Confluence Health And Wellness Products
concorde car accessories center,0,1,0,0,0,0,0,0,0,0,1,1,False,False,CONCORDE CAR ACCESSORIES CENTER
concon,0,0,0,0,0,1,0,0,0,0,1,1,False,False,Concon
concept gaming hub,0,0,0,0,0,0,0,1,0,0,1,1,False,False,CONCEPT GAMING HUB
comworks multibrand,0,0,0,1,0,0,0,0,0,0,1,1,False,False,Comworks-Multibrand
comworks inc,0,0,0,0,0,0,0,0,0,1,1,1,False,False,Comworks Inc.
coffee but better,0,0,0,0,0,0,0,1,0,0,1,1,False,False,COFFEE BUT BETTER
coffee break premier,0,0,0,0,1,0,0,0,0,0,1,1,False,False,Coffee Break Premier
dannys delicacies,0,0,0,0,0,0,1,0,0,0,1,1,False,False,Danny's Delicacies
clickstore,0,0,0,1,0,0,0,0,0,0,1,1,False,False,CLICKSTORE
clearcom merchandising,0,0,0,0,0,0,0,1,0,0,1,1,False,False,CLEARCOM MERCHANDISING
clear view 3d ultrasound,0,0,0,0,0,0,1,0,0,0,1,1,False,False,Clear View 3D Ultrasound
cleaning crew,0,0,0,0,1,0,0,0,0,0,1,1,False,False,Cleaning Crew
clean & bright professional carwash,0,0,0,0,0,0,1,0,0,0,1,1,False,False,Clean & Bright Professional Carwash
cle de peau beaute,0,1,0,0,0,0,0,0,0,0,1,1,False,False,CLE DE PEAU BEAUTE
claw cafe,0,0,0,0,0,1,0,0,0,0,1,1,False,False,Claw Cafe
classique home interior,0,0,1,0,0,0,0,0,0,0,1,1,False,False,Classique Home Interior
classic hifi,0,1,0,0,0,0,0,0,0,0,1,1,False,False,CLASSIC HIFI
clarkie,0,0,0,0,1,0,0,0,0,0,1,1,False,False,Clarkie
clarisse,0,0,0,0,0,0,0,1,0,0,1,1,False,False,CLARISSE
clara scents,0,0,0,0,0,0,0,1,0,0,1,1,False,False,CLARA SCENTS
claire & carlos,0,0,0,0,0,1,0,0,0,0,1,1,False,False,Claire & Carlos
cku digital supplies,0,0,0,0,0,0,1,0,0,0,1,1,False,False,CKU Digital Supplies
ckk mobile,0,0,0,0,0,0,1,0,0,0,1,1,False,False,CKK Mobile
cjj,1,0,0,0,0,0,0,0,0,0,1,1,False,False,CJJ
cj home,0,0,0,0,0,0,1,0,0,0,1,1,False,False,CJ Home
cj five,1,0,0,0,0,0,0,0,0,0,1,1,False,False,CJ Five
civina healthline,0,0,0,0,0,0,1,0,0,0,1,1,False,False,Civina Healthline
civet coffee roasters,0,0,0,0,0,0,0,1,0,0,1,1,False,False,THE CIVET COFFEE ROASTERS
citydent dental specialty,0,0,0,0,0,0,0,1,0,0,1,1,False,False,CITYDENT DENTAL SPECIALTY
citycomputer,0,0,0,0,0,0,1,0,0,0,1,1,False,False,CITYCOMPUTER
city time,0,0,0,0,0,0,0,1,0,0,1,1,False,False,CITY TIME
city smiles dental services,0,0,0,0,0,0,1,0,0,0,1,1,False,False,City Smiles Dental Services
city smiles,0,0,0,0,0,0,1,0,0,0,1,1,False,False,City Smiles
city md,0,0,0,0,0,0,1,0,0,0,1,1,False,False,City MD
city light,0,0,0,1,0,0,0,0,0,0,1,1,False,False,City Light
city government of taguig satellite office,0,0,0,0,0,0,0,1,0,0,1,1,False,False,CITY GOVERNMENT OF TAGUIG SATELLITE OFFICE
city government of pasig city,0,1,0,0,0,0,0,0,0,0,1,1,False,False,CITY GOVERNMENT OF PASIG CITY
city government of bacoor regional trial court,0,0,1,0,0,0,0,0,0,0,1,1,False,False,"City Government Of Bacoor Regional Trial Court (branch 114, 115, 116, 117, 118 And 119)"
click & prints,0,0,0,0,0,0,1,0,0,0,1,1,False,False,Click & Prints
clinic for dental concerns,0,0,0,0,0,0,1,0,0,0,1,1,False,False,Clinic For Dental Concerns
coffee break elite,0,0,0,0,1,0,0,0,0,0,1,1,False,False,Coffee Break Elite
clinica comfy dental,0,1,0,0,0,0,0,0,0,0,1,1,False,False,CLINICA COMFY DENTAL
coffee bean & tea leaf (padre faura),0,0,0,0,0,0,1,0,0,0,1,1,False,False,The Coffee Bean & Tea Leaf (Padre Faura)
coffee bean & tea leaf (midtown),0,0,0,0,0,0,1,0,0,0,1,1,False,False,The Coffee Bean & Tea Leaf (Midtown)
coffee bay,0,0,0,0,0,0,0,1,0,0,1,1,False,False,COFFEE BAY
coffee and you coffee house,0,0,0,0,0,0,0,1,0,0,1,1,False,False,COFFEE AND YOU COFFEE HOUSE
coffee academics cafe,0,0,0,0,0,0,0,1,0,0,1,1,False,False,THE COFFEE ACADEMICS CAFE
coffee academics,0,0,0,0,0,0,1,0,0,0,1,1,False,False,THE COFFEE ACADEMICS 9209733716
coffee & pine,0,0,0,0,0,0,0,1,0,0,1,1,False,False,COFFEE & PINE
coconut club and family & friends,0,1,0,0,0,0,0,0,0,0,1,1,False,False,COCONUT CLUB AND FAMILY & FRIENDS
cocolicious,0,0,0,0,0,0,1,0,0,0,1,1,False,False,COCOLICIOUS
coco life,0,0,0,0,0,0,1,0,0,0,1,1,False,False,COCO LIFE
coco lab,0,0,0,0,0,0,0,1,0,0,1,1,False,False,COCO LAB
coco corner,0,0,0,0,0,0,0,1,0,0,1,1,False,False,COCO CORNER
coco circle,0,0,0,0,0,0,1,0,0,0,1,1,False,False,COCO CIRCLE
cocktails md,0,0,1,0,0,0,0,0,0,0,1,1,False,False,Cocktails Md
cobo tea beverages,0,0,0,0,0,0,0,1,0,0,1,1,False,False,COBO TEA BEVERAGES
coach,0,1,0,0,0,0,0,0,0,0,1,1,False,False,COACH
co limited,0,0,0,0,0,0,0,1,0,0,1,1,False,False,CO LIMITED
cnt lechon,0,1,0,0,0,0,0,0,0,0,1,1,False,False,CNT LECHON
cna sjd beauty shop,0,0,0,0,0,0,0,0,1,0,1,1,False,False,CNA-SJD BEAUTY SHOP
cma cgm philippines inc,0,0,0,0,0,0,0,1,0,0,1,1,False,False,CMA CGM PHILIPPINES INC
clydes breads,0,0,0,0,1,0,0,0,0,0,1,1,False,False,Clyde's Breads
clydes bread and pastries,0,0,0,0,0,0,1,0,0,0,1,1,False,False,CLYDE'S BREAD AND PASTRIES
club lux,0,0,0,0,1,0,0,0,0,0,1,1,False,False,Club Lux
clt cafe,0,0,0,0,0,0,1,0,0,0,1,1,False,False,CLT CAFE
cloudys chicken hub,0,0,0,0,0,0,0,1,0,0,1,1,False,False,CLOUDYS CHICKEN HUB
cloud eats,0,0,0,0,1,0,0,0,0,0,1,1,False,False,Cloud Eats
clothes by jah,0,1,0,0,0,0,0,0,0,0,1,1,False,False,CLOTHES BY JAH
clinipath,0,0,0,0,0,0,1,0,0,0,1,1,False,False,Clinipath
clinica esthetica,0,0,0,0,0,0,1,0,0,0,1,1,False,False,Clinica Esthetica 0917-8557566
corner market,0,0,0,0,0,0,0,1,0,0,1,1,False,False,CORNER MARKET
cornerstone animal clinic,0,0,0,0,0,1,0,0,0,0,1,1,False,False,Cornerstone Animal Clinic
cos,0,0,0,0,0,0,0,1,0,0,1,1,False,False,COS
d&d backyard hydroponic farm,0,0,0,0,0,0,0,1,0,0,1,1,False,False,D&D BACKYARD HYDROPONIC FARM
d westside,0,0,0,0,0,0,0,1,0,0,1,1,False,False,D WESTSIDE
d vj jewellers,0,0,0,0,0,0,1,0,0,0,1,1,False,False,D' VJ Jewellers
d vendo,0,0,0,0,0,0,1,0,0,0,1,1,False,False,D' Vendo
d soul express,0,0,0,0,0,0,1,0,0,0,1,1,False,False,D-Soul Express
d rebonding center,0,0,0,0,0,0,1,0,0,0,1,1,False,False,D' Rebonding Center
d nail haus,0,0,0,0,0,0,1,0,0,0,1,1,False,False,D' Nail Haus
d i y hardware & japan home centre,0,0,0,0,1,0,0,0,0,0,1,1,False,False,D.I.Y. Hardware & Japan Home Centre
d froyo mart,0,0,0,0,1,0,0,0,0,0,1,1,False,False,D' Froyo Mart
d cream,0,0,0,0,0,0,0,1,0,0,1,1,False,False,D' CREAM
d changing style,0,0,0,0,0,0,0,0,0,1,1,1,False,False,D' Changing Style
d cell city,0,0,0,0,0,0,1,0,0,0,1,1,False,False,D' Cell City
d amazing patricias pizza,0,0,0,0,0,0,1,0,0,0,1,1,False,False,D' AMAZING PATRICIA'S PIZZA
czarina exchange,0,0,0,0,0,0,1,0,0,0,1,1,False,False,CZARINA EXCHANGE
cyrille pasalubong,0,0,0,0,0,0,1,0,0,0,1,1,False,False,Cyrille Pasalubong
cyma greek taverna,0,1,0,0,0,0,0,0,0,0,1,1,False,False,CYMA GREEK TAVERNA
cycles & cradles,0,0,0,0,1,0,0,0,0,0,1,1,False,False,Cycles & Cradles
cycle shack,0,0,0,0,0,0,1,0,0,0,1,1,False,False,Cycle Shack
cybertech multibrand,0,0,0,0,0,0,1,0,0,0,1,1,False,False,Cybertech Multibrand
cyber excalades,0,0,0,0,0,0,1,0,0,0,1,1,False,False,Cyber Excalades
cy7 cellphone & accessories,0,0,0,0,0,0,1,0,0,0,1,1,False,False,CY7 Cellphone & Accessories
cxf design center,0,0,0,0,0,1,0,0,0,0,1,1,False,False,CXF Design Center
cvc repair,0,0,0,0,0,0,0,1,0,0,1,1,False,False,CVC REPAIR
cvc casing,0,0,0,0,0,0,0,1,0,0,1,1,False,False,CVC CASING
cuttin loose,0,0,0,0,0,0,1,0,0,0,1,1,False,False,Cuttin' Loose
cuts 4 tots,0,0,1,0,0,0,0,0,0,0,1,1,False,False,Cuts 4 Tots
cut salon,0,0,0,0,0,1,0,0,0,0,1,1,False,False,Cut Salon
cut n polish,0,0,0,0,0,0,0,1,0,0,1,1,False,False,CUT N POLISH
cut encarnacion,0,0,0,0,0,0,0,0,1,0,1,1,False,False,CUT ENCARNACION
cut 4 tots,0,0,1,0,0,0,0,0,0,0,1,1,False,False,Cut 4 Tots
d&d backyard hydrophonics farm,0,0,0,0,0,0,0,1,0,0,1,1,False,False,D&D BACKYARD HYDROPHONICS FARM
d&d guitar,0,0,0,0,0,0,1,0,0,0,1,1,False,False,D&D GUITAR
cosmic kidz,0,0,0,0,0,0,0,1,0,0,1,1,False,False,COSMIC KIDZ
d&d hydroponics,0,0,0,0,0,0,1,0,0,0,1,1,False,False,D&D Hydroponics
daneco inc,0,0,0,0,0,0,1,0,0,0,1,1,False,False,DANECO INC.
danbhels fitness gym,0,0,0,0,0,0,0,1,0,0,1,1,False,False,DANBHELS FITNESS GYM
dalubhasa,0,0,0,0,0,1,0,0,0,0,1,1,False,False,Dalubhasa
dalton jewelry,0,0,0,0,0,0,1,0,0,0,1,1,False,False,Dalton Jewelry
dalmore cigar lounge,0,0,0,0,1,0,0,0,0,0,1,1,False,False,Dalmore Cigar Lounge
dallida korean mart,0,0,0,0,0,0,0,1,0,0,1,1,False,False,DALLIDA KOREAN MART
dakasi hot star,0,0,0,0,0,0,0,1,0,0,1,1,False,False,DAKASI HOT STAR
dakasi & hot star,0,0,0,0,1,0,0,0,0,0,1,1,False,False,Dakasi & Hot Star
daiso saizen,0,0,0,0,0,0,1,0,0,0,1,1,False,False,Daiso/Saizen
daiso japan temporary space,0,0,0,0,0,0,1,0,0,0,1,1,False,False,DAISO JAPAN TEMPORARY SPACE
daisees bakeshop,0,0,0,0,0,0,0,1,0,0,1,1,False,False,DAISEE'S BAKESHOP
dairy queen cart,0,0,1,0,0,0,0,0,0,0,1,1,False,False,Dairy Queen Cart
dainty tea house and cafe,0,0,0,0,0,0,0,1,0,0,1,1,False,False,DAINTY TEA HOUSE AND CAFE
dainty restaurant,0,0,0,0,0,0,0,1,0,0,1,1,False,False,DAINTY RESTAURANT
daily tech,0,0,0,0,0,0,0,0,0,1,1,1,False,False,DAILY TECH
daily lemon,0,0,0,0,0,0,1,0,0,0,1,1,False,False,The Daily Lemon
daily joe coffee shop,0,0,0,0,0,0,0,1,0,0,1,1,False,False,DAILY JOE COFFEE SHOP
daily drive,0,0,0,0,1,0,0,0,0,0,1,1,False,False,The Daily Drive
daily cut,0,0,0,0,0,0,0,1,0,0,1,1,False,False,THE DAILY CUT
daily bread,0,0,0,0,0,0,0,1,0,0,1,1,False,False,DAILY BREAD
daily beer,0,0,0,0,1,0,0,0,0,0,1,1,False,False,Daily Beer
daiesumi digital cafe,0,0,0,0,0,0,0,1,0,0,1,1,False,False,DAIESUMI DIGITAL CAFE
dai pai dong,0,0,0,0,0,0,1,0,0,0,1,1,False,False,Dai Pai Dong
dagataraw i,0,0,0,0,0,0,1,0,0,0,1,1,False,False,DAGATARAW I 0927-775-2880
dae joa gem,0,0,0,0,0,0,0,1,0,0,1,1,False,False,DAE JOA GEM
dadskamayansaisaki,0,0,0,0,0,0,0,1,0,0,1,1,False,False,DADSKAMAYANSAISAKI
daddys toasted siopao,0,0,0,0,0,0,0,1,0,0,1,1,False,False,DADDYS TOASTED SIOPAO
d&j hair salon,0,0,0,0,0,1,0,0,0,0,1,1,False,False,D&J Hair Salon
d&j barber shop,0,0,0,0,0,1,0,0,0,0,1,1,False,False,D&J Barber Shop
customistation,0,0,0,0,0,1,0,0,0,0,1,1,False,False,Customistation
custom mate,0,1,0,0,0,0,0,0,0,0,1,1,False,False,CUSTOM MATE
custodio medical clinic,0,0,0,0,0,0,0,1,0,0,1,1,False,False,CUSTODIO MEDICAL CLINIC
curves beauty and wellness spa,0,0,0,0,0,0,0,1,0,0,1,1,False,False,CURVES BEAUTY AND WELLNESS SPA
crismalee,0,0,0,0,0,0,1,0,0,0,1,1,False,False,Crismalee
criscom telecom,0,0,0,0,0,0,0,0,0,1,1,1,False,False,Criscom Telecom
crepe glazik,0,0,0,0,1,0,0,0,0,0,1,1,False,False,Crepe Glazik
crepe espresso and kuroda,0,0,0,0,1,0,0,0,0,0,1,1,False,False,"Crepe, Espresso and Kuroda"
creativity lounge,0,1,0,0,0,0,0,0,0,0,1,1,False,False,CREATIVITY LOUNGE
creative play corner school,0,0,0,0,1,0,0,0,0,0,1,1,False,False,Creative Play Corner School
creations lourd ramos salon,0,0,0,0,0,0,0,1,0,0,1,1,False,False,CREATIONS LOURD RAMOS SALON
creamy cups,0,0,0,0,0,0,0,1,0,0,1,1,False,False,CREAMY CUPS
creamee d lite,0,0,0,0,0,0,1,0,0,0,1,1,False,False,CREAMEE D-LITE
cream n bake,0,0,0,0,0,0,1,0,0,0,1,1,False,False,CREAM N' BAKE 0932-775-3987
crazy maki,0,0,1,0,0,0,0,0,0,0,1,1,False,False,Crazy Maki
crazy lemons,0,0,0,0,0,0,0,1,0,0,1,1,False,False,CRAZY LEMONS
craze mango,0,0,0,0,0,0,0,1,0,0,1,1,False,False,CRAZE MANGO
crawling dinosaurs,0,0,0,0,0,0,1,0,0,0,1,1,False,False,Crawling Dinosaurs
crawling animals,0,0,0,0,0,0,1,0,0,0,1,1,False,False,Crawling Animals
crave,0,1,0,0,0,0,0,0,0,0,1,1,False,False,CRAVE
craft lounge,0,0,0,0,0,0,0,1,0,0,1,1,False,False,CRAFT LOUNGE
craft central cafe,0,1,0,0,0,0,0,0,0,0,1,1,False,False,THE CRAFT CENTRAL CAFÉ
crackles,0,0,0,0,0,0,0,1,0,0,1,1,False,False,CRACKLES
cppc fix,0,0,0,0,0,0,0,1,0,0,1,1,False,False,CPPC FIX
cpm drug testing & medical center,0,0,0,0,0,0,1,0,0,0,1,1,False,False,CPM DRUG TESTING & MEDICAL CENTER
cowrie grill,0,0,0,0,0,1,0,0,0,0,1,1,False,False,Cowrie Grill
countryside steakhouse & cafe,0,0,0,0,0,0,1,0,0,0,1,1,False,False,Countryside Steakhouse & Cafe
country basket pastries more,0,0,0,0,0,0,0,1,0,0,1,1,False,False,COUNTRY BASKET PASTRIES MORE
cougar,0,0,0,0,0,0,0,1,0,0,1,1,False,False,COUGAR
cotton kendi,0,0,0,0,0,0,0,1,0,0,1,1,False,False,COTTON KENDI
cotton depot,0,0,1,0,0,0,0,0,0,0,1,1,False,False,Cotton Depot
cotton candy,0,0,1,0,0,0,0,0,0,0,1,1,False,False,Cotton Candy(timezone)
costal & co,0,0,0,0,0,1,0,0,0,0,1,1,False,False,Costal & Co
crisostomo restaurant,0,0,0,0,0,0,1,0,0,0,1,1,False,False,Crisostomo Restaurant
crispy popiah,0,0,0,0,0,0,0,1,0,0,1,1,False,False,CRISPY POPIAH
crissa fubu international,1,0,0,0,0,0,0,0,0,0,1,1,False,False,Crissa / Fubu International
ct mobile solution,0,0,0,0,0,0,0,1,0,0,1,1,False,False,CT MOBILE SOLUTION
curry angel,0,0,0,0,0,0,1,0,0,0,1,1,False,False,CURRY ANGEL
curried away,0,0,0,0,0,1,0,0,0,0,1,1,False,False,Curried Away
curated skin lifestyle collective,0,0,0,0,1,0,0,0,0,0,1,1,False,False,Curated.Skin + Lifestyle Collective
cuppa,0,0,0,0,0,0,0,1,0,0,1,1,False,False,CUPPA
cupcakes by sonja,0,0,0,0,0,0,0,1,0,0,1,1,False,False,CUPCAKES BY SONJA
cup poteto,0,0,0,0,0,0,1,0,0,0,1,1,False,False,CUP POTET'O
cul de sac,0,0,0,0,0,0,0,1,0,0,1,1,False,False,CUL-DE-SAC
cuesina,0,0,0,0,0,0,0,1,0,0,1,1,False,False,CUESINA
cubyx collective,0,0,0,0,0,0,1,0,0,0,1,1,False,False,CUBYX Collective
cube bazaar,0,1,0,0,0,0,0,0,0,0,1,1,False,False,THE CUBE BAZAAR
cualoping securities corporation,0,1,0,0,0,0,0,0,0,0,1,1,False,False,CUALOPING SECURITIES CORPORATION
cuadro specialists,0,1,0,0,0,0,0,0,0,0,1,1,False,False,CUADRO SPECIALISTS
ctines gadget shop,0,0,0,0,0,0,1,0,0,0,1,1,False,False,CTINES GADGET SHOP 9616040564
csl cut & shave lounge,0,1,0,0,0,0,0,0,0,0,1,1,False,False,CSL CUT & SHAVE LOUNGE
croffle store,0,0,0,0,0,0,1,0,0,0,1,1,False,False,The Croffle Store ( TEMPORARILY CLOSED )
cs by lfisher,0,0,0,0,0,0,0,1,0,0,1,1,False,False,CS BY LFISHER
crystalderm,0,0,0,0,0,0,0,1,0,0,1,1,False,False,CRYSTALDERM
crystal cdr world,0,0,0,0,0,1,0,0,0,0,1,1,False,False,Crystal Cdr World
crushh landing korean dog,0,0,0,0,0,0,1,0,0,0,1,1,False,False,CRUSHH LANDING KOREAN DOG
crunchy corner,0,0,0,0,0,0,1,0,0,0,1,1,False,False,CRUNCHY CORNER
crunch boneless chicken,0,0,0,0,1,0,0,0,0,0,1,1,False,False,The Crunch Boneless Chicken
crucible,0,0,0,0,0,0,0,1,0,0,1,1,False,False,THE CRUCIBLE
crown royale,0,0,0,0,0,0,0,1,0,0,1,1,False,False,CROWN ROYALE
crown dental,0,0,0,0,1,0,0,0,0,0,1,1,False,False,Crown Dental
crosta,0,0,0,0,0,1,0,0,0,0,1,1,False,False,Crosta
crossway kidney care,0,0,0,0,1,0,0,0,0,0,1,1,False,False,Crossway Kidney Care
crossroads church,0,0,0,0,0,0,1,0,0,0,1,1,False,False,Crossroads Church
cropp,0,0,0,0,0,0,0,1,0,0,1,1,False,False,CROPP
city cycle,0,0,0,0,1,0,0,0,0,0,1,1,False,False,City Cycle
city buffet,0,0,0,0,0,0,0,1,0,0,1,1,False,False,CITY BUFFET
city best dental clinic,0,0,0,0,0,0,0,1,0,0,1,1,False,False,CITY BEST DENTAL CLINIC
celebrity jam cake and pastry shop,0,0,0,0,0,0,0,1,0,0,1,1,False,False,CELEBRITY JAM CAKE AND PASTRY SHOP
cedric time enterprises,0,1,0,0,0,0,0,0,0,0,1,1,False,False,CEDRIC TIME ENTERPRISES
cecils snack inn,0,1,0,0,0,0,0,0,0,0,1,1,False,False,CECIL'S SNACK INN
cebus tasty lechon,0,0,0,0,0,0,0,1,0,0,1,1,False,False,CEBUS TASTY LECHON
cebus best ricos lechon,0,0,0,0,0,0,0,1,0,0,1,1,False,False,Cebu's Best Rico's Lechon
cebuana lhuillier pera padala,0,1,0,0,0,0,0,0,0,0,1,1,False,False,CEBUANA LHUILLIER PERA PADALA
cebuana lhuillier jewelry premium,0,0,0,0,0,0,0,1,0,0,1,1,False,False,CEBUANA LHUILLIER JEWELRY PREMIUM
cebuana lhuillier financial,0,0,0,0,0,0,1,0,0,0,1,1,False,False,Cebuana Lhuillier Financial
cebuana lhuiller financial,0,0,0,0,0,0,1,0,0,0,1,1,False,False,Cebuana Lhuiller Financial
cebu sweet candy store,0,0,0,0,0,0,0,1,0,0,1,1,False,False,CEBU SWEET CANDY STORE
cebu smiles doctors clinic,0,0,0,0,0,0,1,0,0,0,1,1,False,False,Cebu Smiles Doctors Clinic 9173204651
cebu smiles dentistry co,0,0,0,0,0,0,0,1,0,0,1,1,False,False,CEBU SMILES DENTISTRY CO
cebu smile studio,0,0,0,0,0,0,1,0,0,0,1,1,False,False,Cebu Smile Studio 0908-254-2305
cebu products,0,1,0,0,0,0,0,0,0,0,1,1,False,False,CEBU PRODUCTS
cebu pardis aka spineman chiropractic,0,0,0,0,0,0,1,0,0,0,1,1,False,False,Cebu Pardis AKA Spineman Chiropractic
cebu pacific air,0,0,0,0,0,0,1,0,0,0,1,1,False,False,Cebu Pacific Air
cebu orthopaedic institute l,0,0,0,0,0,0,1,0,0,0,1,1,False,False,Cebu Orthopaedic Institute L4 0943-072-4856
cebu fiesta island of the south restaurant,0,0,0,0,0,0,0,1,0,0,1,1,False,False,CEBU FIESTA ISLAND OF THE SOUTH RESTAURANT
cdo skin health experts dermatology laser clinic,0,0,0,0,0,0,0,1,0,0,1,1,False,False,CDO SKIN HEALTH EXPERTS DERMATOLOGY LASER CLINIC
cdo skin experts dermatology & laser clinic,0,1,0,0,0,0,0,0,0,0,1,1,False,False,THE CDO SKIN EXPERTS DERMATOLOGY & LASER CLINIC
cdms hair gallery & spa,0,0,0,0,0,0,1,0,0,0,1,1,False,False,CDM'S HAIR GALLERY & SPA
cd options,0,0,0,0,0,0,0,1,0,0,1,1,False,False,CD OPTIONS
ccf,0,0,0,0,1,0,0,0,0,0,1,1,False,False,CCF
cbc tellercard,0,0,0,0,0,0,0,1,0,0,1,1,False,False,CBC TELLERCARD
cbc teller card,0,0,0,0,0,0,0,0,0,1,1,1,False,False,CBC Teller Card
cayettas pasalubong,0,0,0,1,0,0,0,0,0,0,1,1,False,False,Cayetta's Pasalubong
cavitechon lechon house,0,0,0,0,0,0,0,1,0,0,1,1,False,False,CAVITECHON LECHON HOUSE
catholic trade,1,0,0,0,0,0,0,0,0,0,1,1,False,False,Catholic Trade
caterpillar room,0,0,0,0,1,0,0,0,0,0,1,1,False,False,The Caterpillar Room
casy,0,0,0,0,0,0,1,0,0,0,1,1,False,False,Casy
celebrations,0,0,1,0,0,0,0,0,0,0,1,1,False,False,Celebrations
celestial,0,0,0,0,0,0,1,0,0,0,1,1,False,False,Celestial
cena golden free fashion shop,0,1,0,0,0,0,0,0,0,0,1,1,False,False,CENA GOLDEN FREE FASHION SHOP
celine,0,1,0,0,0,0,0,0,0,0,1,1,False,False,CELINE
cellware telecom supplies trading,0,0,0,0,0,0,1,0,0,0,1,1,False,False,Cellware Telecom Supplies Trading
celltime co,0,0,0,0,0,0,0,1,0,0,1,1,False,False,CELLTIME CO
celltech,0,0,0,0,0,0,1,0,0,0,1,1,False,False,Celltech
cellstreet,0,0,0,0,0,0,1,0,0,0,1,1,False,False,Cellstreet
cellsite mobile center,0,0,0,0,0,0,0,1,0,0,1,1,False,False,CELLSITE MOBILE CENTER
cellshoppe,0,0,0,0,0,0,0,1,0,0,1,1,False,False,CELLSHOPPE
cellphone republic,0,0,0,0,0,1,0,0,0,0,1,1,False,False,Cellphone Republic
cellphone plus,0,0,0,0,0,0,0,1,0,0,1,1,False,False,CELLPHONE PLUS
cellnote laptop repair services,0,0,0,0,0,0,1,0,0,0,1,1,False,False,Cellnote Laptop Repair Services
cellmax,0,0,0,0,0,0,1,0,0,0,1,1,False,False,Cellmax
cellmates cellphone accessories,0,0,0,0,0,0,1,0,0,0,1,1,False,False,Cellmates Cellphone Accessories
cellfad mobile accessories,0,0,0,0,0,0,0,1,0,0,1,1,False,False,CELLFAD MOBILE ACCESSORIES
cellections,0,1,0,0,0,0,0,0,0,0,1,1,False,False,CELLECTIONS
celldome cellphone accessories,0,0,0,0,0,0,1,0,0,0,1,1,False,False,Celldome Cellphone Accessories
cellcomm i,0,0,0,0,0,0,1,0,0,0,1,1,False,False,Cellcomm I 0919-072-7316
cellboy fix center,0,0,0,0,0,0,0,1,0,0,1,1,False,False,CELLBOY FIX CENTER
cellboy fix,0,0,0,0,0,0,0,1,0,0,1,1,False,False,CELLBOY FIX
cellbox,0,1,0,0,0,0,0,0,0,0,1,1,False,False,CELLBOX
cell teck cellphone accessories,0,0,0,0,0,0,1,0,0,0,1,1,False,False,Cell Teck Cellphone Accessories
cell station,0,0,0,0,0,0,0,1,0,0,1,1,False,False,CELL STATION
cell kid,0,0,0,0,0,0,0,1,0,0,1,1,False,False,CELL-KID
cell interface,0,0,0,0,0,0,0,1,0,0,1,1,False,False,CELL INTERFACE
cell decor,0,1,0,0,0,0,0,0,0,0,1,1,False,False,CELL DECOR
cell corner,0,0,0,0,0,0,1,0,0,0,1,1,False,False,Cell Corner
cell axis,0,1,0,0,0,0,0,0,0,0,1,1,False,False,CELL AXIS
cell active cellphone repair,0,0,0,0,0,0,0,1,0,0,1,1,False,False,CELL ACTIVE CELLPHONE REPAIR
cell active,0,0,0,0,0,0,1,0,0,0,1,1,False,False,Cell Active
celines gems jewels,0,0,0,0,0,0,0,1,0,0,1,1,False,False,CELINES GEMS JEWELS
celine (cln),0,0,1,0,0,0,0,0,0,0,1,1,False,False,Celine (cln)
castle candy,0,0,0,0,0,0,1,0,0,0,1,1,False,False,CASTLE CANDY
castel scrub,0,0,0,0,0,1,0,0,0,0,1,1,False,False,Castel Scrub
cassalu,0,0,1,0,0,0,0,0,0,0,1,1,False,False,Cassalu
cassaleyah beauty hub,0,0,0,0,0,0,1,0,0,0,1,1,False,False,Cassaleyah Beauty Hub
carelon,0,0,0,0,0,0,1,0,0,0,1,1,False,False,Carelon
carelab,0,0,0,0,0,0,1,0,0,0,1,1,False,False,Carelab
carehealth plus,0,0,0,0,0,0,0,0,1,0,1,1,False,False,CAREHEALTH PLUS
carehealth,0,0,0,0,0,0,1,0,0,0,1,1,False,False,Carehealth
care to bear skin and body clinic,0,1,0,0,0,0,0,0,0,0,1,1,False,False,CARE TO BEAR SKIN AND BODY CLINIC
care and cure hub,0,1,0,0,0,0,0,0,0,0,1,1,False,False,CARE AND CURE HUB
cardinal santos kidney care center,0,0,0,0,0,0,0,1,0,0,1,1,False,False,CARDINAL SANTOS KIDNEY CARE CENTER
cardinal eyecare clinic,0,0,0,0,0,0,0,1,0,0,1,1,False,False,CARDINAL EYECARE CLINIC
caravel global travelware,0,0,0,0,0,1,0,0,0,0,1,1,False,False,Caravel Global Travelware
caramia cakes gelato,0,0,0,0,0,0,0,1,0,0,1,1,False,False,CARAMIA CAKES GELATO
caramel cafe,0,0,0,0,0,0,0,1,0,0,1,1,False,False,CARAMEL CAFE
caracole,0,0,0,0,0,1,0,0,0,0,1,1,False,False,Caracole
cara mia cakes & gelato,0,0,0,0,0,0,0,1,0,0,1,1,False,False,CARA MIA CAKES & GELATO
cara laser skin care,0,1,0,0,0,0,0,0,0,0,1,1,False,False,CARA LASER SKIN CARE
car fads,0,1,0,0,0,0,0,0,0,0,1,1,False,False,CAR FADS
captain lemon,0,0,0,0,0,0,1,0,0,0,1,1,False,False,Captain Lemon
captain gadget,0,0,0,0,0,0,0,1,0,0,1,1,False,False,CAPTAIN GADGET
captain barber,0,0,0,0,0,0,0,1,0,0,1,1,False,False,CAPTAIN BARBER
capricho jewelry,0,0,0,1,0,0,0,0,0,0,1,1,False,False,CAPRICHO JEWELRY
caprice,0,0,0,0,0,0,0,1,0,0,1,1,False,False,CAPRICE
canvasse skin,0,0,0,0,0,1,0,0,0,0,1,1,False,False,Canvásse Skin
cangrejos locos,0,0,0,0,1,0,0,0,0,0,1,1,False,False,Cangrejos Locos
candys cafe & restaurant,0,1,0,0,0,0,0,0,0,0,1,1,False,False,CANDY'S CAFE & RESTAURANT
candy up,0,0,0,0,0,0,1,0,0,0,1,1,False,False,Candy Up
candy mania,0,0,0,0,0,0,0,1,0,0,1,1,False,False,CANDY MANIA
candy land,0,0,0,0,0,0,1,0,0,0,1,1,False,False,CANDY LAND
candy jar,0,0,0,0,0,0,1,0,0,0,1,1,False,False,CANDY JAR
candid,0,0,0,0,0,1,0,0,0,0,1,1,False,False,Candid
candava,0,0,0,0,0,0,1,0,0,0,1,1,False,False,Candava
cargofish & burnt bamboo,0,0,0,0,1,0,0,0,0,0,1,1,False,False,CargoFish & Burnt Bamboo
carl care services,0,0,0,0,0,0,1,0,0,0,1,1,False,False,Carl Care Services
carlins flowershop,0,0,0,0,0,0,0,1,0,0,1,1,False,False,CARLINS FLOWERSHOP
casa norte,0,0,0,0,0,0,0,1,0,0,1,1,False,False,CASA NORTE
cassa calle,0,0,0,0,0,0,0,0,0,1,1,1,False,False,Cassa Calle
casipit dental group,0,0,0,0,0,0,1,0,0,0,1,1,False,False,Casipit Dental Group
casipit dental center,0,0,0,0,0,0,0,1,0,0,1,1,False,False,CASIPIT DENTAL CENTER
casio asprey,0,0,0,0,0,0,0,0,0,1,1,1,False,False,Casio/Asprey
caseu,0,0,0,0,1,0,0,0,0,0,1,1,False,False,CaseU
caseology,0,0,0,0,0,0,0,1,0,0,1,1,False,False,CASEOLOGY
case to case,0,0,0,1,0,0,0,0,0,0,1,1,False,False,Case to Case
case 4 u,0,0,0,0,0,0,1,0,0,0,1,1,False,False,CASE 4 U
casaje optical,0,0,0,0,0,1,0,0,0,0,1,1,False,False,Casaje Optical
casa velyn,0,0,0,0,0,0,0,1,0,0,1,1,False,False,CASA VELYN
casa sofrea,0,0,1,0,0,0,0,0,0,0,1,1,False,False,Casa Sofrea
casa romantica,0,1,0,0,0,0,0,0,0,0,1,1,False,False,CASA ROMANTICA
casa reyes,0,0,0,0,0,1,0,0,0,0,1,1,False,False,Casa Reyes
casa medica,0,0,0,0,0,0,0,1,0,0,1,1,False,False,CASA MEDICA
carlos primo velayo,0,1,0,0,0,0,0,0,0,0,1,1,False,False,CARLOS PRIMO VELAYO
casa euro,0,0,0,0,0,0,0,1,0,0,1,1,False,False,CASA EURO
casa elegante,0,0,0,0,0,0,1,0,0,0,1,1,False,False,Casa Elegante
casa derma,0,1,0,0,0,0,0,0,0,0,1,1,False,False,CASA DERMA
casa blanca,0,0,1,0,0,0,0,0,0,0,1,1,False,False,Casa Blanca
cas pace,0,0,0,0,1,0,0,0,0,0,1,1,False,False,Cas:Pace
cartrick,0,0,0,0,0,0,1,0,0,0,1,1,False,False,Cartrick
cartier,0,1,0,0,0,0,0,0,0,0,1,1,False,False,CARTIER
carters osh kosh b gosh,0,0,0,0,0,0,1,0,0,0,1,1,False,False,Carter's Osh Kosh B' Gosh
carters,0,0,0,0,0,0,0,1,0,0,1,1,False,False,CARTERS
carrensline,0,0,0,0,0,1,0,0,0,0,1,1,False,False,Carrensline
carolinas lace shoppe,0,1,0,0,0,0,0,0,0,0,1,1,False,False,CAROLINA'S LACE SHOPPE
carolina herrera,0,1,0,0,0,0,0,0,0,0,1,1,False,False,CAROLINA HERRERA
carmelas home favourite,0,0,0,0,0,0,1,0,0,0,1,1,False,False,CARMELAS HOME FAVOURITE
cellxesorya,0,0,0,0,0,0,1,0,0,0,1,1,False,False,Cellxesorya
cencom cellphone and accessories,1,0,0,0,0,0,0,0,0,0,1,1,False,False,Cencom Cellphone And Accessories
citrus pulp detox,0,0,0,0,0,0,0,1,0,0,1,1,False,False,CITRUS PULP DETOX
chingu buko,0,0,0,0,0,0,1,0,0,0,1,1,False,False,Chingu Buko
chinese mandarin,0,0,0,0,0,1,0,0,0,0,1,1,False,False,Chinese Mandarin
chinatown cafe,0,0,0,0,0,0,0,1,0,0,1,1,False,False,CHINATOWN CAFE
china mommy,0,0,0,0,0,0,1,0,0,0,1,1,False,False,China Mommy
china bank savings,0,0,0,0,0,0,0,1,0,0,1,1,False,False,CHINA BANK SAVINGS
china bank atm,0,0,0,0,0,0,1,0,0,0,1,1,False,False,CHINA BANK - ATM
chin sticks food corner,0,0,0,0,0,0,1,0,0,0,1,1,False,False,Chin Sticks Food Corner
chin sticks,0,0,0,0,0,0,1,0,0,0,1,1,False,False,CHIN STICKS 9154049029
chin medical clinic,0,0,0,0,0,0,1,0,0,0,1,1,False,False,CHIN MEDICAL CLINIC
chin chins jewelry,0,0,0,0,0,0,1,0,0,0,1,1,False,False,CHIN CHINS JEWELRY
chimes,0,1,0,0,0,0,0,0,0,0,1,1,False,False,CHIMES
chilx,0,0,0,0,0,0,1,0,0,0,1,1,False,False,CHILX
chill top,0,0,0,0,0,1,0,0,0,0,1,1,False,False,Chill Top
chill hub,0,1,0,0,0,0,0,0,0,0,1,1,False,False,CHILL HUB
chill cafe,0,0,0,0,0,0,1,0,0,0,1,1,False,False,Chill Cafe
chikten wings,0,0,0,0,0,0,1,0,0,0,1,1,False,False,ChikTEN Wings
chikaan sa cebu,0,1,0,0,0,0,0,0,0,0,1,1,False,False,CHIKAAN SA CEBU
chika an,0,0,0,0,0,0,1,0,0,0,1,1,False,False,Chika-an
chigue house of kimchi,0,1,0,0,0,0,0,0,0,0,1,1,False,False,CHIGUE HOUSE OF KIMCHI
chiggys kesaku,0,0,0,0,0,0,1,0,0,0,1,1,False,False,CHIGGY'S KESAKU
chido donuts,0,0,0,0,1,0,0,0,0,0,1,1,False,False,Chido Donuts
chickin,0,0,0,0,1,0,0,0,0,0,1,1,False,False,Chickin
chick net,0,0,1,0,0,0,0,0,0,0,1,1,False,False,Chick Net
chicberry,0,0,0,0,0,0,1,0,0,0,1,1,False,False,Chicberry
chibis fried chicken,0,0,0,0,0,0,0,0,0,1,1,1,False,False,CHIBIS FRIED CHICKEN
chias letchon house,0,0,0,0,0,0,1,0,0,0,1,1,False,False,CHIA'S LETCHON HOUSE
chi luxury,0,0,0,0,1,0,0,0,0,0,1,1,False,False,Chi Luxury
chi cha san chen,0,0,0,0,0,0,1,0,0,0,1,1,False,False,Chi Cha San Chen
chez rose,0,0,0,0,0,0,1,0,0,0,1,1,False,False,Chez Rose
chesterup gadget solution,0,0,0,0,0,0,0,1,0,0,1,1,False,False,CHESTERUP GADGET SOLUTION
chingkeetea,0,1,0,0,0,0,0,0,0,0,1,1,False,False,CHINGKEETEA
chingus buko house,0,0,0,0,0,0,1,0,0,0,1,1,False,False,Chingus Buko House
center for advanced dentistry (cad),0,0,0,0,0,1,0,0,0,0,1,1,False,False,Center for Advanced Dentistry (CAD)
chino latino (food truck),0,0,0,0,0,0,1,0,0,0,1,1,False,False,CHINO LATINO (FOOD TRUCK) (NEW)
citrus blend,0,0,0,0,0,0,0,0,0,1,1,1,False,False,Citrus Blend
citrus and shakes,0,0,0,0,0,0,1,0,0,0,1,1,False,False,CITRUS AND SHAKES
citrus & chips,0,0,0,0,0,0,1,0,0,0,1,1,False,False,Citrus & Chips
citi bites pizza & pasta,0,0,0,0,0,0,1,0,0,0,1,1,False,False,Citi Bites Pizza & Pasta
cisco systems management b v,0,0,0,0,0,0,0,1,0,0,1,1,False,False,CISCO SYSTEMS MANAGEMENT B V
cindys bakery,0,0,0,0,0,0,1,0,0,0,1,1,False,False,Cindy's Bakery
ciao mango,0,0,0,0,0,0,1,0,0,0,1,1,False,False,CIAO MANGO
chunky boss,0,0,0,0,0,0,0,1,0,0,1,1,False,False,CHUNKY BOSS
chronomile watch store,0,0,0,0,0,0,1,0,0,0,1,1,False,False,CHRONOMILE WATCH STORE
chroma men,0,0,0,0,0,0,1,0,0,0,1,1,False,False,CHROMA MEN
christs commission fellowship (ccf),0,0,0,0,0,0,1,0,0,0,1,1,False,False,CHRIST'S COMMISSION FELLOWSHIP (CCF)
christine llhuilier,0,0,0,0,0,1,0,0,0,0,1,1,False,False,Christine Llhuilier
christine lhuillier perfumerie,0,0,0,0,0,0,1,0,0,0,1,1,False,False,CHRISTINE LHUILLIER PERFUMERIE
christine lhuillere parfumerie,1,0,0,0,0,0,0,0,0,0,1,1,False,False,Christine Lhuillere Parfumerie
christian dior,0,1,0,0,0,0,0,0,0,0,1,1,False,False,CHRISTIAN DIOR
chow dynasty,0,0,0,0,0,1,0,0,0,0,1,1,False,False,Chow Dynasty
chotto matcha,0,0,0,0,1,0,0,0,0,0,1,1,False,False,Chotto Matcha
chops children park,0,0,0,0,0,0,1,0,0,0,1,1,False,False,Chops Children Park
chooks i,0,0,0,0,0,0,1,0,0,0,1,1,False,False,CHOOKS I 0992-826-2245
choo choo train,0,0,0,0,0,0,1,0,0,0,1,1,False,False,THE CHOO CHOO TRAIN
choi garden,0,0,0,0,0,1,0,0,0,0,1,1,False,False,Choi Garden
chocolate chamber,0,0,0,0,0,0,1,0,0,0,1,1,False,False,The Chocolate Chamber
chocfull of nuts,0,0,0,0,0,0,1,0,0,0,1,1,False,False,Chocfull of Nuts
chlosam laundry services,0,0,0,0,0,0,0,1,0,0,1,1,False,False,CHLOSAM LAUNDRY SERVICES
chizmoza,0,0,0,0,0,1,0,0,0,0,1,1,False,False,Chizmoza
chiropractor inc,0,0,0,0,1,0,0,0,0,0,1,1,False,False,"The Chiropractor, Inc."
chippens,0,0,0,0,0,0,1,0,0,0,1,1,False,False,CHIPPENS
chins express inihaw express,0,0,1,0,0,0,0,0,0,0,1,1,False,False,Chin’s Express / Inihaw Express
chinooks roast and fried chicken,0,0,0,0,0,0,1,0,0,0,1,1,False,False,CHINOOKS ROAST AND FRIED CHICKEN
chester enterprises inc,0,0,0,0,0,0,0,1,0,0,1,1,False,False,CHESTER ENTERPRISES INC
cheskaffe,0,0,0,0,0,0,0,1,0,0,1,1,False,False,CHESKAFFE
cherys jewelry,0,0,0,0,0,1,0,0,0,0,1,1,False,False,Chery's Jewelry
cherrys stitches,0,0,0,0,0,0,0,0,0,1,1,1,False,False,Cherrys Stitches
charlene clothing,0,1,0,0,0,0,0,0,0,0,1,1,False,False,CHARLENE CLOTHING
charitos delights,0,0,0,0,0,0,1,0,0,0,1,1,False,False,Charito's Delights
charina sarte,0,1,0,0,0,0,0,0,0,0,1,1,False,False,CHARINA SARTE
charging station (ugf),0,0,0,1,0,0,0,0,0,0,1,1,False,False,Charging Station (UGF)
charging station (lgf),0,0,0,1,0,0,0,0,0,0,1,1,False,False,Charging Station (LGF)
charging station (3rd),0,0,0,1,0,0,0,0,0,0,1,1,False,False,Charging Station (3RD)
chapos grill and sizzlers,0,0,0,0,0,0,0,1,0,0,1,1,False,False,CHAPOS GRILL AND SIZZLERS
chapos grill & sizzlers,0,0,0,0,0,0,1,0,0,0,1,1,False,False,Chapo's Grill & Sizzlers
chapes keto dream cakes,0,0,0,0,0,0,0,1,0,0,1,1,False,False,CHAPES KETO DREAM CAKES
chapes keto cakes and donuts,0,0,0,0,0,0,0,1,0,0,1,1,False,False,CHAPES KETO CAKES AND DONUTS
chapes delectables,0,0,0,0,0,0,0,1,0,0,1,1,False,False,CHAPES DELECTABLES
chapel of our lady of perpetual hope,0,1,0,0,0,0,0,0,0,0,1,1,False,False,CHAPEL OF OUR LADY OF PERPETUAL HOPE
chanti gem fine jewelry collection,0,1,0,0,0,0,0,0,0,0,1,1,False,False,CHANTI GEM FINE JEWELRY COLLECTION
chantel collections,0,0,0,0,0,0,1,0,0,0,1,1,False,False,Chantel Collections
chansel pizza haus,0,0,0,0,0,0,0,1,0,0,1,1,False,False,CHANSEL PIZZA HAUS
champion sports park,0,0,1,0,0,0,0,0,0,0,1,1,False,False,Champion Sports Park
chaiwan milktea house,0,0,0,0,0,0,0,1,0,0,1,1,False,False,CHAIWAN MILKTEA HOUSE
chai connection,0,0,0,0,0,0,0,1,0,0,1,1,False,False,CHAI CONNECTION
chaa,0,0,0,0,0,0,1,0,0,0,1,1,False,False,Chaa
cha tuk chak thai cafe,0,0,0,0,0,0,0,1,0,0,1,1,False,False,CHA TUK CHAK THAI CAFE
cg skin solutions,0,0,0,0,0,0,0,1,0,0,1,1,False,False,CG SKIN SOLUTIONS
cfront quesine,0,0,0,0,0,0,0,1,0,0,1,1,False,False,CFRONT QUESINE
cfg,0,1,0,0,0,0,0,0,0,0,1,1,False,False,CFG
cess and gab cellphone and accessories store,0,0,0,0,0,0,1,0,0,0,1,1,False,False,Cess and Gab Cellphone and Accessories Store
cerveseria,0,0,0,0,1,0,0,0,0,0,1,1,False,False,Cerveseria
ceo,0,0,0,0,0,0,1,0,0,0,1,1,False,False,CEO
central jewelry,0,0,0,0,0,1,0,0,0,0,1,1,False,False,Central Jewelry
central gallery,1,0,0,0,0,0,0,0,0,0,1,1,False,False,Central Gallery
center stage,0,0,0,0,0,0,0,1,0,0,1,1,False,False,CENTER STAGE
charlene clothing co,0,0,0,0,0,0,1,0,0,0,1,1,False,False,Charlene Clothing Co.
charm by dr j lopez md,0,0,0,0,0,1,0,0,0,0,1,1,False,False,Charm by Dr. J. Lopez MD
charms gift shop & accesories,0,0,0,0,0,0,1,0,0,0,1,1,False,False,CHARMS GIFT SHOP & ACCESORIES
chef restys beef carving station,0,0,0,0,1,0,0,0,0,0,1,1,False,False,Chef Resty's Beef Carving Station
cherrys house of stitches n frames,0,0,0,0,0,0,0,0,0,1,1,1,False,False,Cherry's House of Stitches N' Frames
cherry turf,0,0,0,0,0,0,0,1,0,0,1,1,False,False,CHERRY TURF
cherry mobile store,0,0,0,0,0,0,0,0,1,0,1,1,False,False,CHERRY MOBILE STORE
cherry miranda optical clinic,0,0,0,0,0,0,0,0,0,1,1,1,False,False,Cherry Miranda Optical Clinic
cher nail tropics salon & spa,0,0,1,0,0,0,0,0,0,0,1,1,False,False,Cher Nail Tropics Salon & Spa
chemworld fragrance factory inc,0,0,0,0,0,0,1,0,0,0,1,1,False,False,Chemworld Fragrance Factory inc.
chemworld,0,0,0,0,1,0,0,0,0,0,1,1,False,False,Chemworld
chelsea,0,1,0,0,0,0,0,0,0,0,1,1,False,False,CHELSEA
chefs bowl & rice,0,0,0,0,0,0,1,0,0,0,1,1,False,False,Chef's Bowl & Rice
chefs bowl,0,0,0,0,0,0,1,0,0,0,1,1,False,False,CHEF'S BOWL
chefnaths cronuts,0,0,0,0,0,0,0,1,0,0,1,1,False,False,CHEFNATHS CRONUTS
chef tonys,0,0,0,0,0,0,1,0,0,0,1,1,False,False,Chef Tony's
chef sinauna,0,0,0,0,0,1,0,0,0,0,1,1,False,False,Chef Sinauna
chef rahab,0,0,0,0,0,0,0,1,0,0,1,1,False,False,CHEF RAHAB
charms sapin sapin,0,0,0,0,0,0,0,1,0,0,1,1,False,False,CHARMS SAPIN-SAPIN
chef gerwins happy tummy binalot,0,0,0,0,0,0,1,0,0,0,1,1,False,False,CHEF GERWIN'S HAPPY TUMMY BINALOT 0905 488 2537
cheesu,0,0,0,0,0,0,0,1,0,0,1,1,False,False,CHEESU
cheese corn express,0,0,0,0,0,0,1,0,0,0,1,1,False,False,Cheese Corn Express
cheese & stalk,0,0,0,0,0,0,0,1,0,0,1,1,False,False,CHEESE & STALK
cheechat clothing shop,0,1,0,0,0,0,0,0,0,0,1,1,False,False,CHEECHAT CLOTHING SHOP
chedengs snack bar,0,0,0,0,0,0,0,1,0,0,1,1,False,False,CHEDENGS SNACK BAR
chebi webbi,0,0,0,0,0,1,0,0,0,0,1,1,False,False,Chebi Webbi
che bello,0,1,0,0,0,0,0,0,0,0,1,1,False,False,CHE BELLO!
chayi,0,0,0,0,1,0,0,0,0,0,1,1,False,False,ChaYi
chaya,0,0,0,0,0,0,0,1,0,0,1,1,False,False,CHAYA
chatoyer,0,0,0,1,0,0,0,0,0,0,1,1,False,False,Chatoyer
chateau 1771,0,1,0,0,0,0,0,0,0,0,1,1,False,False,CHATEAU 1771
chase,0,1,0,0,0,0,0,0,0,0,1,1,False,False,CHASE
dannahs decor,0,1,0,0,0,0,0,0,0,0,1,1,False,False,DANNAH'S DECOR
dannys delicacies pasalubong center i,0,0,0,0,0,0,1,0,0,0,1,1,False,False,DANNY'S DELICACIES PASALUBONG CENTER I 0969-204-6128
cancer and multispecialty center dr ellen gasendo,0,0,0,0,0,0,1,0,0,0,1,1,False,False,Cancer and Multispecialty Center Dr. Ellen Gasendo 0932-494-3147
emcor,0,0,0,0,0,0,1,0,0,0,1,1,False,False,Emcor
elyu buko roll,0,0,0,0,0,0,0,1,0,0,1,1,False,False,ELYU BUKO ROLL
elverde food,0,0,0,0,0,1,0,0,0,0,1,1,False,False,Elverde Food
elros barber shop,0,0,0,0,0,0,0,1,0,0,1,1,False,False,ELRO'S BARBER SHOP
elov chinese drug store,0,0,0,0,0,0,0,0,0,1,1,1,False,False,Elov Chinese Drug Store
elmo rose cellphone accessories,0,0,0,0,0,0,0,0,0,1,1,1,False,False,Elmo-Rose Cellphone Accessories
elmers massage,0,0,0,0,0,0,1,0,0,0,1,1,False,False,ELMER'S MASSAGE
elliot bar restaurant,0,0,0,0,0,0,0,1,0,0,1,1,False,False,ELLIOT BAR RESTAURANT
elles salad,0,0,0,0,0,0,1,0,0,0,1,1,False,False,Elle's Salad
elixir aesthetic center,0,0,0,0,0,0,1,0,0,0,1,1,False,False,THE ELIXIR AESTHETIC CENTER
elixer aesthec center,0,0,0,0,0,0,1,0,0,0,1,1,False,False,THE ELIXER AESTHEC CENTER
elite pilates,0,0,0,0,1,0,0,0,0,0,1,1,False,False,Elite Pilates
elite mnl,0,0,1,0,0,0,0,0,0,0,1,1,False,False,Elite Mnl
elite fitness,0,0,0,0,1,0,0,0,0,0,1,1,False,False,Elite Fitness
elite cut salon,0,0,0,0,0,0,0,1,0,0,1,1,False,False,ELITE CUT SALON
elite & aqua mineral,0,0,0,0,0,0,1,0,0,0,1,1,False,False,Elite & Aqua Mineral
eliahbella aesthetics and skin clinic,0,0,0,0,0,0,0,1,0,0,1,1,False,False,ELIAHBELLA AESTHETICS AND SKIN CLINIC
elevate fitness studio,0,0,0,0,0,0,1,0,0,0,1,1,False,False,Elevate Fitness Studio
elev8 fitness studio,0,0,0,0,0,0,0,1,0,0,1,1,False,False,ELEV8 FITNESS STUDIO
elederm skin clinic,0,0,0,0,0,0,1,0,0,0,1,1,False,False,Elederm Skin Clinic
elederm i,0,0,0,0,0,0,1,0,0,0,1,1,False,False,ELEDERM I 0967-328-1987
electronico,0,0,0,0,0,0,1,0,0,0,1,1,False,False,Electronico
electrocomputer data system,0,0,0,0,0,0,0,1,0,0,1,1,False,False,ELECTROCOMPUTER DATA SYSTEM
electric studio rhythm boxing,0,0,0,0,0,0,0,1,0,0,1,1,False,False,ELECTRIC STUDIO RHYTHM BOXING
electric massage chair,0,0,0,0,0,0,1,0,0,0,1,1,False,False,ELECTRIC MASSAGE CHAIR
electric cycle,0,0,0,0,0,1,0,0,0,0,1,1,False,False,Electric Cycle
eldio elcias pasalubong center,0,0,0,0,1,0,0,0,0,0,1,1,False,False,Eldio Elcia's Pasalubong Center
el paso cafe,0,1,0,0,0,0,0,0,0,0,1,1,False,False,EL PASO CAFÉ
el ideal,0,1,0,0,0,0,0,0,0,0,1,1,False,False,EL IDEAL
el corazon,0,0,0,0,1,0,0,0,0,0,1,1,False,False,El Corazon
emans homemade,0,0,0,0,0,0,1,0,0,0,1,1,False,False,EMAN'S HOMEMADE
emerald star jewelry,0,0,0,0,0,0,1,0,0,0,1,1,False,False,Emerald Star Jewelry
el bonito pizza,0,0,0,0,0,0,1,0,0,0,1,1,False,False,El Bonito Pizza
emerson watch accessories shop,0,0,0,0,0,0,0,1,0,0,1,1,False,False,EMERSON WATCH ACCESSORIES SHOP
eomma korean foody,0,0,1,0,0,0,0,0,0,0,1,1,False,False,Eomma Korean Foody
eo kids and up,0,0,0,0,0,0,1,0,0,0,1,1,False,False,EO KIDS AND UP
eo for kids and up,0,0,0,0,0,0,1,0,0,0,1,1,False,False,EO FOR KIDS AND UP 0998-573-1087
eo executives optical,0,0,0,0,0,0,1,0,0,0,1,1,False,False,EO EXECUTIVES OPTICAL
eo,0,0,0,0,0,0,1,0,0,0,1,1,False,False,EO
envyblooms skincare clinic,0,0,0,0,0,0,0,1,0,0,1,1,False,False,ENVYBLOOMS SKINCARE CLINIC
envy me salon & spa,0,0,0,0,0,0,1,0,0,0,1,1,False,False,Envy Me Salon & Spa
enter10,0,0,0,0,1,0,0,0,0,0,1,1,False,False,Enter10
ensorcell beauty,0,0,0,0,0,1,0,0,0,0,1,1,False,False,Ensorcell Beauty
enovas modular cabinet trading,0,0,0,0,0,0,0,1,0,0,1,1,False,False,ENOVAS MODULAR CABINET TRADING
enhance cosmetic surgery skin care center,0,0,0,0,0,0,0,1,0,0,1,1,False,False,ENHANCE COSMETIC SURGERY SKIN CARE CENTER
engkanto brewery,0,0,0,0,1,0,0,0,0,0,1,1,False,False,Engkanto Brewery
endless treasures,0,0,0,0,0,0,0,1,0,0,1,1,False,False,ENDLESS TREASURES
encarnacion furnitures,0,0,0,0,0,0,1,0,0,0,1,1,False,False,Encarnacion Furnitures ( TEMPORARILY CLOSED )
emsq fragrant,0,0,0,0,0,0,1,0,0,0,1,1,False,False,EMSQ Fragrant
empress dining palace,0,1,0,0,0,0,0,0,0,0,1,1,False,False,THE EMPRESS DINING PALACE
empress beauty skin care essentials,0,1,0,0,0,0,0,0,0,0,1,1,False,False,EMPRESS BEAUTY SKIN CARE ESSENTIALS
empire tech,0,0,0,0,0,0,1,0,0,0,1,1,False,False,Empire Tech
empire east showroom,0,0,0,0,1,0,0,0,0,0,1,1,False,False,Empire East Showroom
emperors tea,0,0,0,0,0,0,1,0,0,0,1,1,False,False,Emperor's Tea
emperador brandy museum,0,0,0,0,1,0,0,0,0,0,1,1,False,False,Emperador Brandy Museum
emperador,0,0,0,0,1,0,0,0,0,0,1,1,False,False,Emperador
empanadabes snack bar,0,0,0,0,0,0,0,1,0,0,1,1,False,False,EMPANADABES SNACK BAR
empanada de ilocos,0,0,0,0,0,0,1,0,0,0,1,1,False,False,EMPANADA DE ILOCOS
empanada bes,0,0,0,0,0,0,1,0,0,0,1,1,False,False,EMPANADA BES
emma lacsons delicacies,0,1,0,0,0,0,0,0,0,0,1,1,False,False,EMMA LACSON’S DELICACIES
emma canalog,0,0,0,0,0,1,0,0,0,0,1,1,False,False,Emma Canalog
emj cellphone accesories,0,0,0,0,0,0,1,0,0,0,1,1,False,False,EMJ CELLPHONE ACCESORIES
emilias jewelry,0,1,0,0,0,0,0,0,0,0,1,1,False,False,EMILIA'S JEWELRY
el chato mexican kitchen,0,0,0,0,0,0,0,1,0,0,1,1,False,False,EL CHATO MEXICAN KITCHEN
ekart raceway,0,0,0,0,0,0,0,1,0,0,1,1,False,False,EKART RACEWAY
dans,0,0,0,0,0,0,0,1,0,0,1,1,False,False,DANS
eatfitly,0,0,0,0,0,0,0,1,0,0,1,1,False,False,EATFITLY
easy trip digital station,0,0,0,0,0,0,1,0,0,0,1,1,False,False,EASY TRIP DIGITAL STATION
easy tiger,0,0,0,0,0,0,0,1,0,0,1,1,False,False,"Easy ,Tiger"
easy soft,0,0,1,0,0,0,0,0,0,0,1,1,False,False,Easy Soft
eastworld home,0,1,0,0,0,0,0,0,0,0,1,1,False,False,EASTWORLD HOME
eastwood mall cinemas snackbar,0,0,0,0,1,0,0,0,0,0,1,1,False,False,Eastwood Mall Cinemas - Snackbar
eastwood mall cinemas,0,0,0,0,1,0,0,0,0,0,1,1,False,False,Eastwood Mall Cinemas
eastwood citywalk cinemas snackbar,0,0,0,0,1,0,0,0,0,0,1,1,False,False,Eastwood Citywalk Cinemas - Snackbar
eastwood citywalk cinemas,0,0,0,0,1,0,0,0,0,0,1,1,False,False,Eastwood Citywalk Cinemas
eastwing golf,0,0,0,0,0,1,0,0,0,0,1,1,False,False,Eastwing Golf
eastern terra,0,0,0,0,0,0,0,1,0,0,1,1,False,False,EASTERN TERRA
east city dental center,0,0,0,0,0,0,0,0,0,1,1,1,False,False,East City Dental Center
ease off by modish,0,0,0,0,0,0,0,1,0,0,1,1,False,False,EASE OFF BY MODISH
earthy kit,0,0,0,0,0,0,0,1,0,0,1,1,False,False,EARTHY KIT
earth beauty aesthetics,0,0,0,0,0,0,0,1,0,0,1,1,False,False,EARTH BEAUTY AESTHETICS
earls jewelry & souvenirs,0,0,0,0,0,0,1,0,0,0,1,1,False,False,EARL'S JEWELRY & SOUVENIRS
earls jewelry,0,0,0,0,0,0,1,0,0,0,1,1,False,False,EARL'S JEWELRY
ear technologies,0,0,0,0,0,0,0,1,0,0,1,1,False,False,EAR TECHNOLOGIES
e&es takuyaki,0,0,0,0,0,0,1,0,0,0,1,1,False,False,E&E's Takuyaki
e&e takuyaki,0,0,0,0,0,0,1,0,0,0,1,1,False,False,E&E TAKUYAKI 9177725146
e&e takoyaki,0,0,0,0,0,0,1,0,0,0,1,1,False,False,E&E Takoyaki
e games,0,0,1,0,0,0,0,0,0,0,1,1,False,False,E-games
e g g (exciting gifts & goodies),0,0,0,0,0,0,1,0,0,0,1,1,False,False,E.G.G. (Exciting Gifts & Goodies)
e era,0,0,0,0,0,0,0,1,0,0,1,1,False,False,E-ERA
e bingo boutique,0,1,0,0,0,0,0,0,0,0,1,1,False,False,E-BINGO BOUTIQUE
e aranez jewelry,1,0,0,0,0,0,0,0,0,0,1,1,False,False,E Aranez Jewelry
e & es takuyaki,0,0,0,0,0,0,1,0,0,0,1,1,False,False,E & E's Takuyaki
e & e takoyaki,0,0,0,0,0,0,1,0,0,0,1,1,False,False,E & E TAKOYAKI
dynasty stir fry noodles & dimsum,0,0,0,0,0,0,1,0,0,0,1,1,False,False,DYNASTY STIR FRY NOODLES & DIMSUM 93855416870
dynamic pc,0,0,0,0,0,1,0,0,0,0,1,1,False,False,Dynamic Pc
eatery happy days,0,0,0,0,1,0,0,0,0,0,1,1,False,False,Eatery Happy Days
eau thermale av ne,0,0,0,0,0,0,0,1,0,0,1,1,False,False,EAU THERMALE AV?NE
eight gig,0,0,0,0,0,0,0,1,0,0,1,1,False,False,EIGHT GIG
eau thermale avene,0,0,0,0,0,0,0,1,0,0,1,1,False,False,EAU THERMALE AVENE
eggspert i,0,0,0,0,0,0,1,0,0,0,1,1,False,False,EGGSPERT I 0965-844-5087
eggluck,0,0,0,0,0,0,1,0,0,0,1,1,False,False,EGGLUCK
egg tarts mnl,0,0,1,0,0,0,0,0,0,0,1,1,False,False,Egg Tarts Mnl
egg project,0,0,0,0,0,0,1,0,0,0,1,1,False,False,THE EGG PROJECT
egg depot,0,0,0,0,0,0,0,1,0,0,1,1,False,False,EGG DEPOT
egg (exciting gifts goodies),0,0,0,0,0,0,1,0,0,0,1,1,False,False,EGG (EXCITING GIFTS + GOODIES)
egg (exciting gift goodies),0,0,0,0,0,0,0,0,0,1,1,1,False,False,EGG (EXCITING GIFT + GOODIES)
eesome,0,0,0,0,1,0,0,0,0,0,1,1,False,False,Eesome
edwin lisa,0,0,0,0,1,0,0,0,0,0,1,1,False,False,Edwin Lisa
eds electrocomputer data system i,0,0,0,0,0,0,1,0,0,0,1,1,False,False,EDS Electrocomputer Data System I 0917-366-2480
edoya,0,0,0,0,1,0,0,0,0,0,1,1,False,False,Edoya
ednas pasalubong,0,0,0,0,0,0,1,0,0,0,1,1,False,False,Edna's Pasalubong
edifier,0,0,0,0,0,0,0,1,0,0,1,1,False,False,EDIFIER
edifer electronics,0,0,0,0,0,0,0,0,0,1,1,1,False,False,Edifer Electronics
edgecare plus,0,0,0,0,0,0,0,0,0,1,1,1,False,False,Edgecare Plus
edge care plus telecom,0,0,0,0,0,0,0,1,0,0,1,1,False,False,EDGE CARE PLUS TELECOM
edge care plus,0,0,0,0,0,0,0,1,0,0,1,1,False,False,EDGE CARE PLUS
edens hair & nail salon,0,0,0,0,0,0,1,0,0,0,1,1,False,False,EDEN'S HAIR & NAIL SALON
edengs toy center,0,1,0,0,0,0,0,0,0,0,1,1,False,False,EDENG'S TOY CENTER
eden hair & nail station,0,0,0,0,0,0,1,0,0,0,1,1,False,False,EDEN HAIR & NAIL STATION
ecpay,0,1,0,0,0,0,0,0,0,0,1,1,False,False,ECPAY
ecoflow,0,0,0,0,1,0,0,0,0,0,1,1,False,False,Ecoflow
eco oil,0,0,0,0,0,0,1,0,0,0,1,1,False,False,ECO OIL
echolac,0,0,0,0,1,0,0,0,0,0,1,1,False,False,Echolac
echague bakery,0,0,0,1,0,0,0,0,0,0,1,1,False,False,Echague Bakery
ecco,0,0,0,0,0,0,0,1,0,0,1,1,False,False,ECCO
ec cafe,0,0,0,0,0,0,0,1,0,0,1,1,False,False,EC CAFE | RESTAURANT
ebiz western union,0,0,0,0,0,0,0,0,1,0,1,1,False,False,EBIZ WESTERN UNION
ebingo,0,0,0,0,0,0,1,0,0,0,1,1,False,False,EBINGO
er herbal,0,0,0,0,0,0,1,0,0,0,1,1,False,False,ER Herbal
er herbal store,0,0,0,0,0,0,1,0,0,0,1,1,False,False,ER Herbal Store
ergo home,0,0,0,0,0,0,0,1,0,0,1,1,False,False,ERGO HOME
fairy trail trackless electric train,0,0,0,0,0,0,1,0,0,0,1,1,False,False,FAIRY TRAIL TRACKLESS ELECTRIC TRAIN (OPEN)
fairy land,0,0,0,0,0,0,1,0,0,0,1,1,False,False,Fairy land
facial plus spa,0,0,0,0,0,0,0,1,0,0,1,1,False,False,FACIAL PLUS SPA
facial plus,0,1,0,0,0,0,0,0,0,0,1,1,False,False,FACIAL PLUS
faceshop,0,0,0,0,0,0,1,0,0,0,1,1,False,False,THE FACESHOP
fabularized cafe,0,0,0,0,0,0,1,0,0,0,1,1,False,False,FABULARIZED CAFE
fabularize smile,0,0,0,0,0,0,1,0,0,0,1,1,False,False,FABULARIZE SMILE
fabrics plus,0,0,0,0,0,0,0,1,0,0,1,1,False,False,FABRICS PLUS
fabric life by larrys,0,0,0,0,0,0,0,1,0,0,1,1,False,False,FABRIC LIFE BY LARRYS
fab you lush,0,0,0,0,0,0,1,0,0,0,1,1,False,False,FAB-YOU-LUSH
faathena gen merchandise,0,0,0,0,0,0,1,0,0,0,1,1,False,False,FAATHENA GEN. MERCHANDISE
f&m niceday carwash,0,0,0,0,0,0,1,0,0,0,1,1,False,False,F&M Niceday Carwash
f&c jewelry,0,1,0,0,0,0,0,0,0,0,1,1,False,False,F&C JEWELRY
ez text,0,0,0,0,0,1,0,0,0,0,1,1,False,False,Ez Text
ez shop,0,0,0,0,0,0,0,1,0,0,1,1,False,False,EZ SHOP
eyezone vision center,0,0,0,0,0,0,0,1,0,0,1,1,False,False,EYEZONE VISION CENTER
eyes & shades optical clinic,0,0,0,0,0,0,1,0,0,0,1,1,False,False,Eyes & Shades Optical Clinic
eyepod,0,0,0,0,0,0,0,1,0,0,1,1,False,False,THE EYEPOD
eyecrafter,0,1,0,0,0,0,0,0,0,0,1,1,False,False,EYECRAFTER
eyecare deluxe optical clinic,0,1,0,0,0,0,0,0,0,0,1,1,False,False,EYECARE DELUXE OPTICAL CLINIC
eyebrowdery,0,0,0,0,0,0,0,1,0,0,1,1,False,False,THE EYEBROWDERY
eye studio,0,0,0,0,0,0,1,0,0,0,1,1,False,False,Eye Studio
eye sports,0,1,0,0,0,0,0,0,0,0,1,1,False,False,EYE SPORTS
eye republic,0,1,0,0,0,0,0,0,0,0,1,1,False,False,EYE REPUBLIC
eye optics,0,0,0,0,0,0,0,1,0,0,1,1,False,False,EYE OPTICS
eye lab,0,0,0,0,0,0,0,1,0,0,1,1,False,False,THE EYE LAB
eye city,0,0,0,0,1,0,0,0,0,0,1,1,False,False,The Eye City
eye & optics,0,0,0,0,0,0,1,0,0,0,1,1,False,False,Eye & Optics
exzone repair shop,0,0,0,0,0,0,0,1,0,0,1,1,False,False,EXZONE REPAIR SHOP
extraordineri salon,0,1,0,0,0,0,0,0,0,0,1,1,False,False,EXTRAORDINERI SALON
fairy trail,0,0,0,0,0,0,1,0,0,0,1,1,False,False,Fairy Trail 9332662016
fairyland specialty shop,0,0,0,0,0,0,1,0,0,0,1,1,False,False,Fairyland Specialty Shop
eric kayser,0,0,0,0,0,0,0,1,0,0,1,1,False,False,ERIC KAYSER
falcor marketing corporation,0,0,0,0,0,0,0,1,0,0,1,1,False,False,FALCOR MARKETING CORPORATION
faure le page,0,1,0,0,0,0,0,0,0,0,1,1,False,False,FAURE LE PAGE
fatty kim,0,0,0,1,0,0,0,0,0,0,1,1,False,False,Fatty Kim
father and sons music studio,0,0,0,0,0,0,0,1,0,0,1,1,False,False,FATHER AND SONS MUSIC STUDIO
father and sons barbershop,0,0,0,0,0,0,0,1,0,0,1,1,False,False,FATHER AND SONS BARBERSHOP
father & sons barbershop,0,0,0,0,0,0,1,0,0,0,1,1,False,False,FATHER & SONS BARBERSHOP
father & sons,0,0,0,0,0,0,1,0,0,0,1,1,False,False,FATHER & SONS
fatboys pizza & pasta,0,0,0,0,0,0,0,0,0,1,1,1,False,False,Fatboys Pizza & Pasta
fat monk,0,0,0,0,0,0,0,1,0,0,1,1,False,False,FAT MONK
fat chef restaurant,0,0,0,0,0,0,0,1,0,0,1,1,False,False,FAT CHEF RESTAURANT
fat belly kitchen,0,0,0,0,0,0,1,0,0,0,1,1,False,False,FAT BELLY KITCHEN
fastplay,0,0,0,0,0,0,1,0,0,0,1,1,False,False,Fastplay
fast play,0,0,0,0,0,0,1,0,0,0,1,1,False,False,FAST PLAY
fast fix key duplication shoes and bags repair,0,0,0,0,0,0,0,1,0,0,1,1,False,False,FAST FIX KEY DUPLICATION SHOES AND BAGS REPAIR
fast autoworld phil corp,0,0,0,0,0,0,1,0,0,0,1,1,False,False,Fast Autoworld Phil. Corp.
fashionista mom beauty lounge,0,0,0,0,0,0,0,1,0,0,1,1,False,False,FASHIONISTA MOM BEAUTY LOUNGE
fashion tv,0,1,0,0,0,0,0,0,0,0,1,1,False,False,FASHION TV
fashion square,0,0,0,0,0,0,1,0,0,0,1,1,False,False,Fashion Square 9533153345
fashion mobile,0,0,0,0,0,0,0,1,0,0,1,1,False,False,FASHION MOBILE
fashion 21,0,0,0,0,0,0,1,0,0,0,1,1,False,False,FASHION 21
fashion 101,0,0,0,0,0,1,0,0,0,0,1,1,False,False,Fashion 101
farron coffee,0,0,0,1,0,0,0,0,0,0,1,1,False,False,FARRON COFFEE
farmery deli,0,0,0,0,0,1,0,0,0,0,1,1,False,False,Farmery Deli
famous country waffles,0,0,0,0,0,0,1,0,0,0,1,1,False,False,FAMOUS COUNTRY WAFFLES
famous belgian waffles i,0,0,0,0,0,0,1,0,0,0,1,1,False,False,Famous Belgian Waffles I 0938-035-4081
famous belgian,0,0,0,0,0,0,1,0,0,0,1,1,False,False,FAMOUS BELGIAN
famous belgain waffle,0,0,0,0,0,0,1,0,0,0,1,1,False,False,FAMOUS BELGAIN WAFFLE
family fried chicken,0,0,0,0,0,0,1,0,0,0,1,1,False,False,FAMILY FRIED CHICKEN
family eye center,0,0,0,0,0,0,1,0,0,0,1,1,False,False,Family Eye Center
family eye care,0,0,0,0,0,0,1,0,0,0,1,1,False,False,Family Eye Care
exquisite advanced dental clinic,0,0,0,0,0,0,1,0,0,0,1,1,False,False,EXQUISITE ADVANCED DENTAL CLINIC
exquisite advance dental center,0,0,0,0,0,0,1,0,0,0,1,1,False,False,EXQUISITE ADVANCE DENTAL CENTER
expressions stationery shop inc,0,0,0,0,0,0,0,0,1,0,1,1,False,False,"EXPRESSIONS STATIONERY SHOP, INC."
expressions stationery shop,0,0,0,0,0,0,0,0,1,0,1,1,False,False,EXPRESSIONS STATIONERY SHOP
europak,0,0,1,0,0,0,0,0,0,0,1,1,False,False,Europak
eurocave,0,1,0,0,0,0,0,0,0,0,1,1,False,False,EUROCAVE
eurobake,0,0,0,0,0,1,0,0,0,0,1,1,False,False,Eurobake
euro oriental massage,0,0,0,0,0,0,0,1,0,0,1,1,False,False,EURO-ORIENTAL MASSAGE
euphony,0,0,0,0,0,0,1,0,0,0,1,1,False,False,Euphony
eu yan sang,0,0,0,0,0,0,1,0,0,0,1,1,False,False,Eu Yan Sang
etude casa musica,0,1,0,0,0,0,0,0,0,0,1,1,False,False,ETUDE CASA MUSICA
ettas,0,0,0,0,0,0,0,1,0,0,1,1,False,False,ETTAS
ethans indian restaurant,0,0,0,0,0,0,1,0,0,0,1,1,False,False,Ethan's Indian Restaurant
esthetique,0,0,0,0,0,0,0,1,0,0,1,1,False,False,ESTHETIQUE
est by grand castella,0,0,0,0,0,0,0,1,0,0,1,1,False,False,EST BY GRAND CASTELLA
essenza esthetica,0,0,0,0,0,0,0,1,0,0,1,1,False,False,ESSENZA ESTHETICA
essensuals by toni guy,0,0,0,0,0,0,0,1,0,0,1,1,False,False,ESSENSUALS BY TONI GUY
essens,0,0,0,0,0,0,0,0,0,1,1,1,False,False,Essens
essencia skin care spa,0,0,0,0,0,0,0,1,0,0,1,1,False,False,ESSENCIA SKIN CARE SPA
essence derm aesthetic,0,0,0,0,1,0,0,0,0,0,1,1,False,False,Essence Derm Aesthetic
esse parfum,0,0,0,0,0,0,0,1,0,0,1,1,False,False,ESSE PARFUM
esprit oshkosh,0,0,0,0,0,1,0,0,0,0,1,1,False,False,Esprit / Oshkosh
espressions mobile center,0,0,0,0,0,0,1,0,0,0,1,1,False,False,ESPRESSIONS MOBILE CENTER
espieranza,1,0,0,0,0,0,0,0,0,0,1,1,False,False,Espieranza
espacio manila artphile,0,0,1,0,0,0,0,0,0,0,1,1,False,False,Espacio Manila / Artphile
esotico jewelry,0,0,0,0,0,0,0,1,0,0,1,1,False,False,ESOTICO JEWELRY
esotico,0,0,0,0,0,0,1,0,0,0,1,1,False,False,Esotico
escape cebu,0,0,0,0,0,0,1,0,0,0,1,1,False,False,ESCAPE Cebu
es things specialty shop,0,0,0,0,0,0,0,1,0,0,1,1,False,False,ES THINGS SPECIALTY SHOP
es elle aesthetic,0,0,0,0,1,0,0,0,0,0,1,1,False,False,Es Elle Aesthetic
erwin g hair salon,0,0,0,0,0,0,0,1,0,0,1,1,False,False,ERWIN G HAIR SALON
ersao,0,0,0,0,0,0,0,1,0,0,1,1,False,False,ERSAO
ermenegildo zegna,0,1,0,0,0,0,0,0,0,0,1,1,False,False,ERMENEGILDO ZEGNA
eurostep,0,0,0,0,0,0,1,0,0,0,1,1,False,False,Eurostep
eurostep footwear,0,0,0,0,0,0,1,0,0,0,1,1,False,False,Eurostep Footwear 9178887849
ev dental,0,0,0,0,0,0,1,0,0,0,1,1,False,False,EV Dental
exchange,0,0,0,0,0,0,1,0,0,0,1,1,False,False,Exchange
expressions stationery inc,0,0,0,0,0,0,1,0,0,0,1,1,False,False,Expressions Stationery Inc.
expressions fabric square,0,1,0,0,0,0,0,0,0,0,1,1,False,False,EXPRESSIONS FABRIC SQUARE
expression,0,0,0,0,0,0,1,0,0,0,1,1,False,False,EXPRESSION
expresse cafe,0,0,0,0,0,0,1,0,0,0,1,1,False,False,Expresse Cafe
expresscut,0,0,0,0,0,0,0,1,0,0,1,1,False,False,EXPRESSCUT
express sincerity,0,0,0,0,0,0,1,0,0,0,1,1,False,False,Express Sincerity
express cut,0,1,0,0,0,0,0,0,0,0,1,1,False,False,EXPRESS CUT
executive optical kids,0,0,0,0,1,0,0,0,0,0,1,1,False,False,Executive Optical Kids
executive optical i,0,0,0,0,0,0,1,0,0,0,1,1,False,False,Executive Optical I 0908-866-9636
executive optical (fun optics),0,0,0,0,0,0,0,0,1,0,1,1,False,False,EXECUTIVE OPTICAL (FUN OPTICS)
executive optical (az rotunda),0,0,1,0,0,0,0,0,0,0,1,1,False,False,Executive Optical (az Rotunda)
exclusively his,0,0,0,0,1,0,0,0,0,0,1,1,False,False,Exclusively His
exclusive computer,1,0,0,0,0,0,0,0,0,0,1,1,False,False,Exclusive Computer
excell,0,0,0,0,0,0,0,1,0,0,1,1,False,False,EXCELL
evans goto,0,0,0,0,0,0,1,0,0,0,1,1,False,False,EVAN'S GOTO
ew villa medica,0,0,0,0,1,0,0,0,0,0,1,1,False,False,EW Villa Medica
evo helmet,0,1,0,0,0,0,0,0,0,0,1,1,False,False,EVO HELMET
evita peroni,0,1,0,0,0,0,0,0,0,0,1,1,False,False,EVITA PERONI
evita,0,0,0,0,0,0,1,0,0,0,1,1,False,False,Evita
everything yummy,0,0,0,0,0,0,0,1,0,0,1,1,False,False,EVERYTHING YUMMY
everything nice cakeshop cafe,0,0,0,0,0,0,0,1,0,0,1,1,False,False,EVERYTHING NICE CAKESHOP CAFE
everything but cheese (ebc),0,0,0,0,0,0,1,0,0,0,1,1,False,False,Everything But Cheese (EBC)
everyday laundry,0,0,0,0,0,0,0,1,0,0,1,1,False,False,EVERYDAY LAUNDRY
everyday coffee roasters,0,0,0,0,0,0,0,1,0,0,1,1,False,False,EVERYDAY COFFEE ROASTERS
ever new melbourne,0,0,1,0,0,0,0,0,0,0,1,1,False,False,Ever New Melbourne
ever bilena,0,0,0,0,0,0,1,0,0,0,1,1,False,False,EVER BILENA
events photo booth bicol,0,0,0,0,0,0,1,0,0,0,1,1,False,False,Events Photo Booth Bicol
evegate tranquilo wellness massage,0,0,0,0,0,0,0,1,0,0,1,1,False,False,EVEGATE TRANQUILO WELLNESS MASSAGE
dyna quest,0,0,0,0,0,1,0,0,0,0,1,1,False,False,Dyna Quest
dwn by script society,0,0,0,0,0,0,0,1,0,0,1,1,False,False,DWN BY SCRIPT SOCIETY
dvogue,0,0,0,0,0,0,1,0,0,0,1,1,False,False,D'VOGUE
derma esthetica,0,0,0,0,0,1,0,0,0,0,1,1,False,False,Derma Esthetica
derma bloom skin clinic,0,0,0,0,0,0,1,0,0,0,1,1,False,False,Derma Bloom Skin Clinic
derm station,0,0,0,0,0,0,0,1,0,0,1,1,False,False,DERM STATION
department of social welfare and development (dswd),0,0,1,0,0,0,0,0,0,0,1,1,False,False,Department Of Social Welfare And Development (dswd)
department of migrant workers,0,0,0,0,0,0,1,0,0,0,1,1,False,False,DEPARTMENT OF MIGRANT WORKERS
department of labor and employment (dole),0,0,1,0,0,0,0,0,0,0,1,1,False,False,Department Of Labor And Employment (dole)
department of foreign affairs consular office cebu,0,0,0,0,0,0,1,0,0,0,1,1,False,False,Department of Foreign Affairs Consular Office Cebu
deos massage chair services,0,0,0,0,0,0,1,0,0,0,1,1,False,False,Deo's Massage Chair Services
deoluxe massage and body spa,0,0,0,0,0,0,0,1,0,0,1,1,False,False,DEOLUXE MASSAGE AND BODY SPA
deogold,0,0,0,0,0,0,1,0,0,0,1,1,False,False,DEOGOLD
deoglow skinnovation,0,0,0,0,1,0,0,0,0,0,1,1,False,False,Deoglow Skinnovation
dentspec,0,0,0,0,0,0,0,1,0,0,1,1,False,False,DENTSPEC
dentista ko clinic,0,0,0,0,0,0,0,0,0,1,1,1,False,False,Dentista Ko Clinic
dentista ko,0,0,0,0,0,0,1,0,0,0,1,1,False,False,Dentista Ko
dentista group,0,1,0,0,0,0,0,0,0,0,1,1,False,False,DENTISTA GROUP
dentist touch,0,0,0,0,0,0,0,1,0,0,1,1,False,False,DENTIST TOUCH
dentcare plus,0,0,0,0,0,0,0,1,0,0,1,1,False,False,DENTCARE PLUS
dentcare and therabreath center,0,0,0,0,0,0,0,1,0,0,1,1,False,False,DENTCARE AND THERABREATH CENTER
dentallounge health hub,0,0,0,0,0,0,0,1,0,0,1,1,False,False,DENTALLOUNGE HEALTH HUB
dentaland,0,1,0,0,0,0,0,0,0,0,1,1,False,False,DENTALAND
dental world,0,0,0,0,0,0,1,0,0,0,1,1,False,False,Dental World
dental wellness,0,0,0,0,0,0,1,0,0,0,1,1,False,False,DENTAL WELLNESS
dental suite,0,0,0,0,0,0,1,0,0,0,1,1,False,False,DENTAL SUITE
dental specialty inc,0,1,0,0,0,0,0,0,0,0,1,1,False,False,DENTAL SPECIALTY INC.
dental spa,0,0,0,0,0,0,0,1,0,0,1,1,False,False,DENTAL SPA
dental place,0,0,0,0,0,0,1,0,0,0,1,1,False,False,DENTAL PLACE
dental partners,0,0,0,0,0,0,1,0,0,0,1,1,False,False,Dental Partners
dental nook centre,0,0,0,0,0,0,1,0,0,0,1,1,False,False,Dental Nook Centre
dental hub,0,0,0,0,1,0,0,0,0,0,1,1,False,False,The Dental Hub
dental fix,0,0,0,0,1,0,0,0,0,0,1,1,False,False,Dental Fix
derma concepts,0,0,0,0,0,0,0,1,0,0,1,1,False,False,DERMA CONCEPTS
dermacare,0,0,0,0,1,0,0,0,0,0,1,1,False,False,Dermacare
diamonds and lilies,0,0,0,0,0,0,0,1,0,0,1,1,False,False,DIAMONDS AND LILIES
dermacircles,0,0,0,0,0,0,0,1,0,0,1,1,False,False,DERMACIRCLES
diamond rent a car,0,0,0,0,0,0,0,1,0,0,1,1,False,False,DIAMOND RENT-A-CAR
diamond palace,0,0,0,0,0,0,0,1,0,0,1,1,False,False,DIAMOND PALACE
diamond life,0,0,0,0,0,0,1,0,0,0,1,1,False,False,DIAMOND LIFE
diamond finery,0,1,0,0,0,0,0,0,0,0,1,1,False,False,THE DIAMOND FINERY
dialog telecom,0,0,0,0,0,0,0,1,0,0,1,1,False,False,DIALOG TELECOM
dfa regional consular office,0,1,0,0,0,0,0,0,0,0,1,1,False,False,DFA REGIONAL CONSULAR OFFICE
df dacanay dental center,0,0,0,0,0,0,0,1,0,0,1,1,False,False,DF DACANAY DENTAL CENTER
devia,0,0,0,0,0,0,0,1,0,0,1,1,False,False,DEVIA
dev hub center for intervention,0,0,0,0,0,0,0,1,0,0,1,1,False,False,DEV HUB CENTER FOR INTERVENTION
deuces coffee,0,0,0,0,1,0,0,0,0,0,1,1,False,False,Deuces Coffee
detailed x quisite,0,0,0,0,0,0,0,1,0,0,1,1,False,False,DETAILED X QUISITE
dessert museum,0,0,0,0,0,0,0,1,0,0,1,1,False,False,THE DESSERT MUSEUM
dessert factory restaurant and bakery,0,0,1,0,0,0,0,0,0,0,1,1,False,False,The Dessert Factory Restaurant And Bakery
dessert factory,0,1,0,0,0,0,0,0,0,0,1,1,False,False,THE DESSERT FACTORY
deskanso cafe,0,0,0,0,0,0,1,0,0,0,1,1,False,False,Deskanso Cafe
designer blooms,0,1,0,0,0,0,0,0,0,0,1,1,False,False,DESIGNER BLOOMS
design project digital embroidery services,0,0,0,0,0,0,1,0,0,0,1,1,False,False,Design Project Digital Embroidery Services
deserie,0,0,0,0,0,0,0,0,0,1,1,1,False,False,Deserie
dermtrends,0,0,0,0,0,0,0,1,0,0,1,1,False,False,DERMTRENDS
dermstrata premier,0,1,0,0,0,0,0,0,0,0,1,1,False,False,DERMSTRATA PREMIER
dermstrata atelier,0,0,0,0,0,0,1,0,0,0,1,1,False,False,DERMSTRATA ATELIER
dermphil skin clinic,0,1,0,0,0,0,0,0,0,0,1,1,False,False,DERMPHIL SKIN CLINIC
dermo republiq,0,0,0,0,0,0,0,1,0,0,1,1,False,False,DERMO REPUBLIQ
dermis luxury skin specialst and aesthetic center,0,0,0,0,0,0,0,1,0,0,1,1,False,False,DERMIS LUXURY SKIN SPECIALST AND AESTHETIC CENTER
dermax laser center,0,1,0,0,0,0,0,0,0,0,1,1,False,False,DERMAX LASER CENTER
dermax,0,0,1,0,0,0,0,0,0,0,1,1,False,False,Dermax
dermatrium skin care,0,0,0,0,0,0,0,1,0,0,1,1,False,False,DERMATRIUM SKIN CARE
dermatology clinic,0,0,0,0,0,0,1,0,0,0,1,1,False,False,DERMATOLOGY CLINIC
dermastrasse,0,0,0,1,0,0,0,0,0,0,1,1,False,False,Dermastrasse
dental edge dental clinic,0,1,0,0,0,0,0,0,0,0,1,1,False,False,THE DENTAL EDGE DENTAL CLINIC
dental district centre,0,0,0,0,0,0,0,1,0,0,1,1,False,False,DENTAL DISTRICT CENTRE
dental design,0,0,0,0,0,0,1,0,0,0,1,1,False,False,Dental Design
dental corner,0,0,0,0,0,0,1,0,0,0,1,1,False,False,Dental Corner
de jesus eye center,0,0,0,0,0,0,1,0,0,0,1,1,False,False,De Jesus Eye Center
ddoddo korean cuisine restaurant,0,0,0,0,0,0,0,1,0,0,1,1,False,False,DDODDO KOREAN CUISINE RESTAURANT
dd backyard hydroponic farm,0,0,0,0,0,0,0,1,0,0,1,1,False,False,DD BACKYARD HYDROPONIC FARM
dc shop,0,0,1,0,0,0,0,0,0,0,1,1,False,False,Dc Shop
dc derm cosmetic,0,0,0,0,0,0,0,0,0,1,1,1,False,False,DC DERM Cosmetic
dc delights,0,0,0,0,0,0,0,1,0,0,1,1,False,False,DC DELIGHTS
dc coffee lover,0,0,0,0,0,0,0,1,0,0,1,1,False,False,DC COFFEE LOVER
dc,0,1,0,0,0,0,0,0,0,0,1,1,False,False,DC
dbtk (dont blame the kids),0,0,0,0,0,1,0,0,0,0,1,1,False,False,DBTK (Don’t Blame The Kids)
dbci gadgets accessories,0,0,0,0,0,0,1,0,0,0,1,1,False,False,DBCI GADGETS ACCESSORIES
dbci gadgets,0,0,0,0,0,0,0,1,0,0,1,1,False,False,DBCI GADGETS
db express,0,0,0,0,0,0,0,1,0,0,1,1,False,False,DB EXPRESS
dazzling nails,0,0,0,0,0,0,1,0,0,0,1,1,False,False,Dazzling Nails
daykey donut,0,0,0,0,1,0,0,0,0,0,1,1,False,False,Daykey Donut
day one bar and restaurant,0,0,0,0,0,0,0,1,0,0,1,1,False,False,DAY.ONE BAR AND RESTAURANT
dawg snackhouse,0,0,0,0,0,0,1,0,0,0,1,1,False,False,Dawg Snackhouse
davids tea house express,0,0,0,0,0,0,0,1,0,0,1,1,False,False,DAVIDS TEA HOUSE EXPRESS
davids salon & topten nails,0,0,0,0,0,0,1,0,0,0,1,1,False,False,DAVID'S SALON & TOPTEN NAILS
david dental,0,0,0,0,0,0,1,0,0,0,1,1,False,False,David Dental
daves funhouse,0,0,0,0,0,0,1,0,0,0,1,1,False,False,DAVE'S FUNHOUSE
davedent dental services,0,1,0,0,0,0,0,0,0,0,1,1,False,False,DAVEDENT DENTAL SERVICES
dave & busters,0,0,0,0,0,0,1,0,0,0,1,1,False,False,DAVE & BUSTER'S
davao doctors care center,0,0,0,0,0,0,0,1,0,0,1,1,False,False,DAVAO DOCTORS CARE CENTER
dataview,0,0,0,0,0,0,0,1,0,0,1,1,False,False,DATAVIEW
dasmarinas satellite office,0,0,0,0,0,0,1,0,0,0,1,1,False,False,DASMARINAS SATELLITE OFFICE
das burgery,0,1,0,0,0,0,0,0,0,0,1,1,False,False,DAS BURGERY
darling foods,0,0,0,0,0,0,0,1,0,0,1,1,False,False,DARLING FOODS
darios perfume,0,0,0,0,0,0,0,0,0,1,1,1,False,False,Dario's Perfume
dans bike shop,0,0,0,0,0,0,0,1,0,0,1,1,False,False,DAN'S BIKE SHOP
de le mere,0,0,0,0,0,0,1,0,0,0,1,1,False,False,De Le Mere
de original jamaican pattie johnn lemon,0,1,0,0,0,0,0,0,0,0,1,1,False,False,DE ORIGINAL JAMAICAN PATTIE+JOHNN LEMON
de original jamaican pattie juice avenue,0,1,0,0,0,0,0,0,0,0,1,1,False,False,DE ORIGINAL JAMAICAN PATTIE+JUICE AVENUE
delsan office,0,1,0,0,0,0,0,0,0,0,1,1,False,False,DELSAN OFFICE
dental center by dr kimberly ray fajardo dmd,0,1,0,0,0,0,0,0,0,0,1,1,False,False,DENTAL CENTER BY DR. KIMBERLY RAY FAJARDO DMD
dental center by dr kim fajardo,0,0,1,0,0,0,0,0,0,0,1,1,False,False,Dental Center By Dr. Kim Fajardo
dental avenue,0,0,0,0,0,0,0,1,0,0,1,1,False,False,DENTAL AVENUE
dentaholics,0,0,0,0,0,0,0,1,0,0,1,1,False,False,DENTAHOLICS
dentaderm clinic,0,1,0,0,0,0,0,0,0,0,1,1,False,False,DENTADERM CLINIC
dent xp,0,0,0,0,0,0,1,0,0,0,1,1,False,False,DENT.XP
dent precisions,0,1,0,0,0,0,0,0,0,0,1,1,False,False,DENT PRECISIONS
dennis vasquez,0,0,0,0,0,1,0,0,0,0,1,1,False,False,Dennis Vasquez
dennis coffee express,0,0,0,0,0,0,0,1,0,0,1,1,False,False,DENNIS COFFEE EXPRESS
denim brands depot,0,1,0,0,0,0,0,0,0,0,1,1,False,False,DENIM BRANDS DEPOT
dempsey,0,0,0,0,0,0,1,0,0,0,1,1,False,False,DEMPSEY
delsey juices,0,0,0,0,0,0,0,1,0,0,1,1,False,False,DELSEY JUICES
delsey juice,0,0,1,0,0,0,0,0,0,0,1,1,False,False,Delsey Juice
delin optical,0,0,0,0,0,0,1,0,0,0,1,1,False,False,Delin Optical
dean and deluca,0,1,0,0,0,0,0,0,0,0,1,1,False,False,DEAN AND DELUCA
delightful creation,0,0,0,0,0,0,0,0,0,1,1,1,False,False,Delightful Creation
deli by chele,0,0,0,0,0,0,1,0,0,0,1,1,False,False,Deli by Chele
defender,0,0,0,0,0,0,0,1,0,0,1,1,False,False,DEFENDER
deecom express,0,0,0,0,0,0,0,1,0,0,1,1,False,False,DEECOM EXPRESS
deeco,1,0,0,0,0,0,0,0,0,0,1,1,False,False,Deeco
decos original lapaz batchoy,0,0,0,0,0,0,1,0,0,0,1,1,False,False,Deco's Original Lapaz Batchoy
decos la paz batchoy,0,0,0,0,0,0,1,0,0,0,1,1,False,False,Deco's La Paz Batchoy
decor riel,0,0,1,0,0,0,0,0,0,0,1,1,False,False,Decor Riel
decor premier,0,0,0,0,0,0,0,1,0,0,1,1,False,False,DECOR PREMIER
decatorias,0,0,0,0,0,0,1,0,0,0,1,1,False,False,Decatorias
dear self,0,0,0,0,0,0,0,1,0,0,1,1,False,False,DEAR SELF
dear manok,0,0,0,0,0,0,1,0,0,0,1,1,False,False,Dear Manok
dear alice,0,0,0,0,1,0,0,0,0,0,1,1,False,False,Dear Alice
diamond star,0,0,0,0,0,0,1,0,0,0,1,1,False,False,Diamond Star
diana binoya cahayag,0,0,0,0,0,0,1,0,0,0,1,1,False,False,Diana Binoya Cahayag 0909-407-5343
dvf dairy farm,0,0,0,0,0,0,0,1,0,0,1,1,False,False,DVF DAIRY FARM
draft coffee by lews,0,0,0,0,0,1,0,0,0,0,1,1,False,False,Draft Coffee by Lew’s
dr tooth dental smile clinic,0,0,0,0,0,0,1,0,0,0,1,1,False,False,Dr. Tooth Dental Smile Clinic
dr textus gadgets accessories store,0,0,0,0,0,0,0,1,0,0,1,1,False,False,DR TEXTUS GADGETS ACCESSORIES STORE
dr tech,0,0,0,0,0,0,1,0,0,0,1,1,False,False,Dr. Tech
dr ouanos dental clinic,0,0,0,0,0,0,0,1,0,0,1,1,False,False,DR. OUANO’S DENTAL CLINIC
dr leather,0,0,0,0,1,0,0,0,0,0,1,1,False,False,Dr. Leather
dr john sidney s ricamora,0,0,0,0,0,0,1,0,0,0,1,1,False,False,Dr. John Sidney S. Ricamora
dr esthe,0,0,1,0,0,0,0,0,0,0,1,1,False,False,Dr. Esthe
dr crb aesthetic laser clinic,0,0,0,0,0,0,0,1,0,0,1,1,False,False,DR CRB AESTHETIC LASER CLINIC
dr alvin,0,0,1,0,0,0,0,0,0,0,1,1,False,False,Dr. Alvin
dr a repair center,0,0,0,0,0,1,0,0,0,0,1,1,False,False,Dr.a Repair Center
dr a g salazar dental orthodontic clinic,0,0,0,0,0,0,1,0,0,0,1,1,False,False,DR. A.G SALAZAR DENTAL ORTHODONTIC CLINIC
doys homemade delicacies,0,0,0,0,0,0,0,1,0,0,1,1,False,False,DOY'S HOMEMADE DELICACIES
doughnut,0,1,0,0,0,0,0,0,0,0,1,1,False,False,DOUGHNUT
doughmain,0,0,0,0,0,0,0,1,0,0,1,1,False,False,DOUGHMAIN
dough story,0,0,0,0,0,0,0,1,0,0,1,1,False,False,THE DOUGH STORY
dotpad mobile phone,0,0,0,0,0,0,0,0,1,0,1,1,False,False,DOTPAD MOBILE PHONE
dotonbori ramen,0,1,0,0,0,0,0,0,0,0,1,1,False,False,DOTONBORI RAMEN
dothy maos pizzahaus,0,0,0,0,0,0,0,1,0,0,1,1,False,False,DOTHY MAOS PIZZAHAUS
dot zero hair studio,0,0,1,0,0,0,0,0,0,0,1,1,False,False,Dot Zero Hair Studio
doroci,0,0,0,0,0,0,0,1,0,0,1,1,False,False,DOROCI
doqaus,0,0,0,0,0,0,0,1,0,0,1,1,False,False,DOQAUS
doogee,0,0,0,0,0,0,0,1,0,0,1,1,False,False,DOOGEE
doodskie,0,0,0,0,0,0,1,0,0,0,1,1,False,False,Doodskie
doner durum,0,0,0,0,0,0,1,0,0,0,1,1,False,False,Doner Durum
don ricardos chocolate shop,0,0,0,0,0,0,0,1,0,0,1,1,False,False,DON RICARDOS CHOCOLATE SHOP
don machiattos,0,0,0,0,0,0,1,0,0,0,1,1,False,False,Don Machiatto's
don juan boodle ihaw ihaw atbp,0,0,0,0,0,0,0,1,0,0,1,1,False,False,DON JUAN BOODLE IHAW-IHAW ATBP
don juan,0,0,0,0,0,1,0,0,0,0,1,1,False,False,Don Juan
don henricos,0,0,0,0,0,0,0,1,0,0,1,1,False,False,DON HENRICOS
dr wine,0,0,0,0,1,0,0,0,0,0,1,1,False,False,Dr. Wine
draft restaurant and brewery,0,0,0,0,1,0,0,0,0,0,1,1,False,False,Draft Restaurant and Brewery
diana stadler,1,0,0,0,0,0,0,0,0,0,1,1,False,False,Diana Stadler
draftsmans digital printing services,0,0,0,0,0,0,1,0,0,0,1,1,False,False,DRAFTSMAN'S DIGITAL PRINTING SERVICES
dvendo gachapon,0,0,0,0,0,0,1,0,0,0,1,1,False,False,Dvendo Gachapon
dunkin i,0,0,0,0,0,0,1,0,0,0,1,1,False,False,Dunkin' I 0939-101-1472
dunkin dunots,0,0,0,0,0,0,1,0,0,0,1,1,False,False,DUNKIN DUNOTS
dunkin donut,0,0,0,0,0,0,1,0,0,0,1,1,False,False,Dunkin' Donut
dune london,1,0,0,0,0,0,0,0,0,0,1,1,False,False,Dune London
dunamis,0,0,0,0,0,0,1,0,0,0,1,1,False,False,Dunamis
dumaguete blind massage,0,0,0,0,0,0,1,0,0,0,1,1,False,False,Dumaguete Blind Massage
dulces,0,0,0,0,0,0,0,1,0,0,1,1,False,False,DULCES
dulceana boutique,0,0,0,0,0,0,1,0,0,0,1,1,False,False,Dulceana Boutique
ducks unlimited,0,0,0,0,0,1,0,0,0,0,1,1,False,False,Ducks Unlimited
dti otop,0,0,0,0,0,0,1,0,0,0,1,1,False,False,DTI OToP
dswd provincial extension office zambales services,0,0,0,0,0,0,0,1,0,0,1,1,False,False,DSWD PROVINCIAL EXTENSION OFFICE ZAMBALES SERVICES
ds windows,0,0,0,0,0,0,1,0,0,0,1,1,False,False,DS WINDOWS
ds interior,0,0,0,0,0,0,0,0,0,1,1,1,False,False,DS INTERIOR
drybrush gallery,0,0,0,0,0,0,0,1,0,0,1,1,False,False,DRYBRUSH GALLERY
drip room aesthetics,0,0,0,0,0,0,0,1,0,0,1,1,False,False,THE DRIP ROOM AESTHETICS
drink sls,0,0,0,0,1,0,0,0,0,0,1,1,False,False,Drink SLS
dri,0,0,0,0,1,0,0,0,0,0,1,1,False,False,Dri+
dreiland ice cream,0,0,0,0,0,0,0,1,0,0,1,1,False,False,DREILAND ICE CREAM
dreamland massage chair,0,0,0,0,0,0,1,0,0,0,1,1,False,False,DREAMLAND MASSAGE CHAIR
dreamland,0,0,0,0,0,1,0,0,0,0,1,1,False,False,Dreamland
dreamlab,0,1,0,0,0,0,0,0,0,0,1,1,False,False,DREAMLAB
dreame,0,0,0,0,0,0,0,1,0,0,1,1,False,False,DREAME
dream world arcade,0,0,0,0,1,0,0,0,0,0,1,1,False,False,Dream World Arcade
dream cream pastries,0,0,0,0,0,0,0,1,0,0,1,1,False,False,DREAM CREAM PASTRIES
drakes restaurant & bar,0,0,0,0,0,0,1,0,0,0,1,1,False,False,Drake's Restaurant & Bar
dragons gem health care,0,0,0,0,0,0,1,0,0,0,1,1,False,False,Dragon's Gem Health Care
dragonforge,0,1,0,0,0,0,0,0,0,0,1,1,False,False,THE DRAGONFORGE
dragon dumplings,0,0,0,0,0,0,0,1,0,0,1,1,False,False,DRAGON DUMPLINGS
don de dieu salon,0,0,0,0,0,0,1,0,0,0,1,1,False,False,Don De Dieu Salon
don churros,0,0,0,0,0,0,1,0,0,0,1,1,False,False,Don Churros
domlenes empanada,0,0,0,0,0,0,1,0,0,0,1,1,False,False,DOMLENES EMPANADA
dom lenes ilocos empanada,0,0,0,0,0,0,0,1,0,0,1,1,False,False,DOM LENES ILOCOS EMPANADA
divine grace medical center,0,0,0,0,0,0,0,1,0,0,1,1,False,False,DIVINE GRACE MEDICAL CENTER
divas kaffe,0,0,0,0,0,0,0,1,0,0,1,1,False,False,DIVAS KAFFE
dito telecommunity corporation,0,0,0,0,0,0,1,0,0,0,1,1,False,False,DITO Telecommunity Corporation
dito telecom,0,0,0,0,1,0,0,0,0,0,1,1,False,False,DITO Telecom
dito telcommunity,0,0,0,0,0,0,1,0,0,0,1,1,False,False,DITO TELCOMMUNITY
dito kiosk,0,0,0,0,0,0,1,0,0,0,1,1,False,False,DITO Kiosk
district 8,0,0,0,0,0,1,0,0,0,0,1,1,False,False,District 8
diskubre pet shop,0,0,0,0,0,0,0,1,0,0,1,1,False,False,DISKUBRE PET SHOP
dishee,0,0,0,0,1,0,0,0,0,0,1,1,False,False,D’ISHEE
dipping dumpling,0,0,0,0,0,0,0,1,0,0,1,1,False,False,DIPPING DUMPLING
dion & mary,1,0,0,0,0,0,0,0,0,0,1,1,False,False,Dion & Mary
dino dig,0,0,0,0,0,0,0,1,0,0,1,1,False,False,DINO DIG
dino adventure,0,0,1,0,0,0,0,0,0,0,1,1,False,False,Dino Adventure
dinko bakery supplies,0,0,0,0,0,0,0,1,0,0,1,1,False,False,DINKO BAKERY SUPPLIES
dingers,0,0,0,0,0,0,0,1,0,0,1,1,False,False,DINGERS
dimsum republic hongkong style fried noodles,0,0,0,0,0,0,1,0,0,0,1,1,False,False,DIMSUM REPUBLIC HONGKONG STYLE FRIED NOODLES (NEW)
dimsum republic,0,0,0,1,0,0,0,0,0,0,1,1,False,False,Dimsum Republic
dimsum place,0,0,0,1,0,0,0,0,0,0,1,1,False,False,The Dimsum Place
dillingers prohibition,0,1,0,0,0,0,0,0,0,0,1,1,False,False,DILLINGERS/PROHIBITION
digos apple products,0,0,0,0,0,0,1,0,0,0,1,1,False,False,DIGOS APPLE PRODUCTS
digital premium,0,0,0,0,0,0,0,1,0,0,1,1,False,False,DIGITAL PREMIUM
digital depot,0,0,0,0,0,0,1,0,0,0,1,1,False,False,Digital Depot
digistamp,0,0,0,0,0,0,1,0,0,0,1,1,False,False,Digistamp
digibyte internet cafe,0,0,0,0,0,0,0,1,0,0,1,1,False,False,DIGIBYTE INTERNET CAFE
digi techpoint,0,0,0,0,0,0,0,1,0,0,1,1,False,False,DIGI TECHPOINT
digi tech,0,0,0,1,0,0,0,0,0,0,1,1,False,False,Digi Tech
digi boss,0,0,0,0,0,0,0,1,0,0,1,1,False,False,DIGI BOSS
difam,0,0,0,0,0,1,0,0,0,0,1,1,False,False,Difam
diandra denise,0,0,0,0,0,0,1,0,0,0,1,1,False,False,Diandra Denise
divine indulgence,0,0,0,0,0,0,0,1,0,0,1,1,False,False,DIVINE INDULGENCE
divine sweets,0,0,0,0,0,0,1,0,0,0,1,1,False,False,Divine Sweets
divine sweets bakery and cafe,0,0,0,0,0,0,0,1,0,0,1,1,False,False,DIVINE SWEETS BAKERY AND CAFE
doctors alley,0,0,0,0,0,0,1,0,0,0,1,1,False,False,Doctor's Alley
dollar store,0,0,0,0,0,1,0,0,0,0,1,1,False,False,Dollar Store
dole,0,0,0,0,0,0,0,1,0,0,1,1,False,False,DOLE
doktor relos service center co,0,0,0,0,0,0,0,0,0,1,1,1,False,False,Doktor Relos Service Center Co.
doki doki takoyaki and sunakku food stop,0,0,0,0,0,0,0,1,0,0,1,1,False,False,DOKI-DOKI TAKOYAKI AND SUNAKKU FOOD STOP
dojo,0,0,0,0,0,0,1,0,0,0,1,1,False,False,THE DOJO
dogs spa,0,0,0,1,0,0,0,0,0,0,1,1,False,False,The Dog's Spa
dogs and the city pet store,0,0,0,0,0,0,0,1,0,0,1,1,False,False,DOGS AND THE CITY PET STORE
dogs & the city,0,0,0,0,0,0,1,0,0,0,1,1,False,False,Dogs & The City
doghauz hotdog toppings,0,0,0,0,0,0,1,0,0,0,1,1,False,False,DOGHAUZ HOTDOG TOPPINGS 9911845655
doggo,0,0,1,0,0,0,0,0,0,0,1,1,False,False,Doggo
dogaholics,0,0,0,0,0,1,0,0,0,0,1,1,False,False,Dogaholics
dog city,0,0,0,0,0,0,0,1,0,0,1,1,False,False,DOG CITY
dodolon world,0,0,0,0,0,0,1,0,0,0,1,1,False,False,Dodolon World
doc onin dental services,0,0,0,0,0,0,0,1,0,0,1,1,False,False,DOC ONIN DENTAL SERVICES
dix gadget repair shop,0,0,0,0,0,0,0,1,0,0,1,1,False,False,DIX GADGET REPAIR SHOP
doc ferds animal wellness center,0,1,0,0,0,0,0,0,0,0,1,1,False,False,DOC FERDS ANIMAL WELLNESS CENTER
dobbo,0,0,0,0,0,0,0,1,0,0,1,1,False,False,DOBBO
do thirsty,0,0,0,0,0,0,1,0,0,0,1,1,False,False,Do Thirsty
do marketing,0,0,0,0,0,0,1,0,0,0,1,1,False,False,DO MARKETING 0945-8454967
do eat cotton candy,0,0,0,0,0,0,0,1,0,0,1,1,False,False,DO EAT COTTON CANDY
dna therapy,0,0,0,0,0,0,0,1,0,0,1,1,False,False,DNA THERAPY
dlro lto san roque retrouvaille center,0,0,0,0,0,0,0,1,0,0,1,1,False,False,DLRO LTO SAN ROQUE RETROUVAILLE CENTER
dkny,0,1,0,0,0,0,0,0,0,0,1,1,False,False,DKNY
dj kool loca,0,0,0,0,0,0,1,0,0,0,1,1,False,False,DJ Kool Loca
dj jewelry store,0,0,0,0,0,0,0,1,0,0,1,1,False,False,DJ JEWELRY STORE
dizzle kitchen,0,0,1,0,0,0,0,0,0,0,1,1,False,False,Dizzle Kitchen
dizon furnitures,0,0,0,0,0,1,0,0,0,0,1,1,False,False,Dizon Furnitures
dizon farm,0,1,0,0,0,0,0,0,0,0,1,1,False,False,DIZON FARM
cancio,0,0,0,0,0,0,0,1,0,0,1,1,False,False,CANCIO
cancer and multi specialty clinic,0,0,0,0,0,0,1,0,0,0,1,1,False,False,Cancer And Multi-Specialty Clinic
mobile works,0,0,0,0,0,0,0,1,0,0,1,1,False,False,MOBILE WORKS
apostrophe cafe,0,1,0,0,0,0,0,0,0,0,1,1,False,False,APOSTROPHE CAFE
apollo barber lounge,0,0,0,0,1,0,0,0,0,0,1,1,False,False,Apollo Barber Lounge
apiados watch repair,0,0,0,0,0,0,0,1,0,0,1,1,False,False,APIADOS WATCH REPAIR
aphrodite naturals,0,0,0,0,0,0,1,0,0,0,1,1,False,False,APHRODITE NATURALS
apex dental,0,0,0,0,0,0,1,0,0,0,1,1,False,False,APEX Dental
apero,0,0,0,0,1,0,0,0,0,0,1,1,False,False,Apero
aperitif,0,0,1,0,0,0,0,0,0,0,1,1,False,False,Aperitif
apd travel tours services,0,0,0,0,0,0,0,1,0,0,1,1,False,False,APD TRAVEL TOURS SERVICES
apd travel & tours,0,0,0,0,0,0,0,1,0,0,1,1,False,False,APD TRAVEL & TOURS
apartment 8 clothing,0,0,0,0,0,0,0,1,0,0,1,1,False,False,APARTMENT 8 CLOTHING
aozora japanese restaurant,0,0,0,0,1,0,0,0,0,0,1,1,False,False,Aozora Japanese Restaurant
aozora japanese bistro,0,1,0,0,0,0,0,0,0,0,1,1,False,False,AOZORA JAPANESE BISTRO
aorus,0,0,0,0,0,0,0,1,0,0,1,1,False,False,AORUS
anyhow,0,0,0,0,0,0,1,0,0,0,1,1,False,False,AnyHow
antonias fund and rides,0,0,0,0,0,0,1,0,0,0,1,1,False,False,Antonia's Fund and Rides
antonias fun and rides,0,0,0,0,0,0,1,0,0,0,1,1,False,False,Antonia's Fun and Rides
antonas breads and pastries shop,0,0,0,0,0,0,0,1,0,0,1,1,False,False,ANTONAS BREADS AND PASTRIES SHOP
antiques fair,0,0,1,0,0,0,0,0,0,0,1,1,False,False,Antiques Fair
antillan living,0,1,0,0,0,0,0,0,0,0,1,1,False,False,ANTILLAN LIVING
antihero,0,0,0,0,0,1,0,0,0,0,1,1,False,False,AntiHero
anthonys salon for men,0,0,0,0,0,0,0,1,0,0,1,1,False,False,ANTHONYS SALON FOR MEN
anthem,0,0,0,0,0,0,1,0,0,0,1,1,False,False,ANTHEM
antepara247,1,0,0,0,0,0,0,0,0,0,1,1,False,False,Antepara247
antepara,0,0,0,0,1,0,0,0,0,0,1,1,False,False,Antepara
anta superstore,0,0,0,0,0,0,1,0,0,0,1,1,False,False,ANTA Superstore
anta kids,0,0,0,0,1,0,0,0,0,0,1,1,False,False,Anta Kids
anothersole,0,0,0,0,0,1,0,0,0,0,1,1,False,False,Anothersole
annyeong corn dog,0,0,0,0,0,0,1,0,0,0,1,1,False,False,Annyeong Corn Dog 9303454316
anns home,0,0,0,0,0,0,0,1,0,0,1,1,False,False,ANNS HOME
annindofu tokyo,0,0,0,0,1,0,0,0,0,0,1,1,False,False,Annindofu Tokyo
apostol skin med plus,0,0,0,0,0,0,0,1,0,0,1,1,False,False,APOSTOL SKIN MED PLUS
app store,0,1,0,0,0,0,0,0,0,0,1,1,False,False,APP STORE
anniepie,0,0,0,0,0,0,1,0,0,0,1,1,False,False,Anniepie
apple service center,0,0,0,0,0,0,0,1,0,0,1,1,False,False,APPLE SERVICE CENTER
arroz caldo republic,0,0,0,0,0,0,1,0,0,0,1,1,False,False,Arroz Caldo Republic
arrowland by gandiva archery,0,0,0,0,0,0,0,1,0,0,1,1,False,False,ARROWLAND BY GANDIVA ARCHERY
arrow fix,0,0,0,0,0,0,1,0,0,0,1,1,False,False,ARROW FIX
arraboo ph,0,0,0,0,0,0,0,1,0,0,1,1,False,False,ARRABOO PH
arq living,0,0,0,0,0,0,1,0,0,0,1,1,False,False,ARQ Living
aromacology sensi,0,0,0,0,0,0,0,1,0,0,1,1,False,False,AROMACOLOGY SENSI
armourtech phone accents,0,1,0,0,0,0,0,0,0,0,1,1,False,False,ARMOURTECH PHONE ACCENTS
armorica by breton,0,1,0,0,0,0,0,0,0,0,1,1,False,False,ARMORICA BY BRETON
arkus balay,0,0,0,0,0,0,0,1,0,0,1,1,False,False,ARKUS BALAY
aristocrat,0,0,0,0,0,0,1,0,0,0,1,1,False,False,Aristocrat
aries services,0,0,0,0,0,0,1,0,0,0,1,1,False,False,ARIES SERVICES 0916-730-3522
ari beauty and spa,0,0,0,0,1,0,0,0,0,0,1,1,False,False,Ari Beauty and Spa
arellano dental clinic,0,0,0,0,0,0,1,0,0,0,1,1,False,False,Arellano Dental Clinic
areej,0,1,0,0,0,0,0,0,0,0,1,1,False,False,AREEJ
architectural audio,0,1,0,0,0,0,0,0,0,0,1,1,False,False,ARCHITECTURAL AUDIO
arce haus,0,0,0,0,0,0,1,0,0,0,1,1,False,False,Arce Haus
arcadia ph,0,0,0,0,1,0,0,0,0,0,1,1,False,False,Arcadia PH
arcade for fun,0,0,0,0,0,0,0,1,0,0,1,1,False,False,ARCADE FOR FUN
araya ramen and sushi bar,0,0,0,0,0,0,0,1,0,0,1,1,False,False,ARAYA RAMEN AND SUSHI BAR
ar gadgets,0,0,0,0,0,1,0,0,0,0,1,1,False,False,AR Gadgets
ar beauty,0,0,0,0,0,0,0,1,0,0,1,1,False,False,AR BEAUTY
aquila medical clinic,0,0,0,0,0,0,1,0,0,0,1,1,False,False,AQUILA MEDICAL CLINIC
aquakflash,0,0,0,0,0,0,1,0,0,0,1,1,False,False,AQUAKFLASH
aquagem,0,0,0,0,0,0,1,0,0,0,1,1,False,False,Aquagem
aquaflask i,0,0,0,0,0,0,1,0,0,0,1,1,False,False,AQUAFLASK I 0965-961-0803
aquabest laundrybest,0,0,0,0,0,0,0,1,0,0,1,1,False,False,AQUABEST - LAUNDRYBEST
aqua minerale,0,0,0,0,1,0,0,0,0,0,1,1,False,False,Aqua Minerale
aqua,0,0,0,0,0,0,1,0,0,0,1,1,False,False,AQUA
apple skin solutions,0,0,0,0,0,0,0,1,0,0,1,1,False,False,APPLE SKIN SOLUTIONS
annies,0,1,0,0,0,0,0,0,0,0,1,1,False,False,ANNIE'S
annie brilliant jewelry,0,0,1,0,0,0,0,0,0,0,1,1,False,False,Annie Brilliant Jewelry
bacsilog,0,0,0,0,0,0,1,0,0,0,1,1,False,False,Bacsilog
andrews woodcraft furniture,0,0,1,0,0,0,0,0,0,0,1,1,False,False,Andrews Woodcraft Furniture
andre gemstone,0,0,0,0,0,0,1,0,0,0,1,1,False,False,Andre Gemstone ( TEMPORARILY CLOSED)
andante,0,1,0,0,0,0,0,0,0,0,1,1,False,False,ANDANTE
ancels gadget & accessories shop,1,0,0,0,0,0,0,0,0,0,1,1,False,False,Ancel's Gadget & Accessories Shop
anastasia lee cakes,0,0,0,0,0,0,0,1,0,0,1,1,False,False,ANASTASIA LEE CAKES
analog,0,0,0,0,0,1,0,0,0,0,1,1,False,False,Analog
ana maria bakeshop,0,0,0,0,0,0,1,0,0,0,1,1,False,False,ANA MARIA BAKESHOP
amy fruits galore,0,1,0,0,0,0,0,0,0,0,1,1,False,False,AMY FRUITS GALORE
amuma hair bar,0,0,0,0,0,0,0,1,0,0,1,1,False,False,AMUMA HAIR BAR
amps volts,0,0,0,0,0,0,0,1,0,0,1,1,False,False,AMPS VOLTS
amoretto fine jewelry,0,0,0,0,1,0,0,0,0,0,1,1,False,False,Amoretto Fine Jewelry
amora bar & lounge,0,0,0,0,1,0,0,0,0,0,1,1,False,False,Amora Bar & Lounge
amor propio salon,0,0,0,0,0,0,1,0,0,0,1,1,False,False,Amor Propio Salon
ammarah cellphone and accessories shop,0,0,0,0,0,0,1,0,0,0,1,1,False,False,AMMARAH CELLPHONE AND ACCESSORIES SHOP
amkor travel and tours,0,0,0,0,0,0,1,0,0,0,1,1,False,False,Amkor Travel And Tours
amikar,0,0,0,0,0,0,1,0,0,0,1,1,False,False,Amikar
amigos onlayn printing,0,0,1,0,0,0,0,0,0,0,1,1,False,False,Amigo’s Onlayn Printing
amian coffee ph,0,0,0,0,0,0,0,1,0,0,1,1,False,False,AMIAN COFFEE PH
ami jewels,0,0,0,0,0,1,0,0,0,0,1,1,False,False,Ami Jewels
american wings,0,0,0,0,0,0,1,0,0,0,1,1,False,False,American Wings
american tourister open shop level 2 8536 7938 gcash,0,0,0,0,0,0,1,0,0,0,1,1,False,False,AMERICAN TOURISTER OPEN Shop Level 2 (Pedro Gil Wing) 8536-7938 GCash
american ribs & wings,0,0,0,0,0,0,1,0,0,0,1,1,False,False,AMERICAN RIBS & WINGS
american rib & wings,0,0,0,0,0,0,1,0,0,0,1,1,False,False,AMERICAN RIB & WINGS
american premium outlet,0,1,0,0,0,0,0,0,0,0,1,1,False,False,AMERICAN PREMIUM OUTLET
american hearing center,0,0,0,0,0,0,0,1,0,0,1,1,False,False,AMERICAN HEARING CENTER
american eye center,0,0,0,0,0,0,0,1,0,0,1,1,False,False,AMERICAN EYE CENTER
amerah jewelry & pearls,1,0,0,0,0,0,0,0,0,0,1,1,False,False,Amerah Jewelry & Pearls
amen,0,0,0,0,0,0,1,0,0,0,1,1,False,False,AMEN
amelitos,0,0,0,0,0,0,1,0,0,0,1,1,False,False,AMELITO'S
amelie jewelry studios,0,0,0,0,0,0,0,1,0,0,1,1,False,False,AMELIE JEWELRY STUDIOS
andreas health & beauty products,0,0,0,0,0,0,1,0,0,0,1,1,False,False,Andrea's Health & Beauty Products
androgyne manila,0,1,0,0,0,0,0,0,0,0,1,1,False,False,ANDROGYNE MANILA
annes posh,0,0,0,0,0,0,1,0,0,0,1,1,False,False,Anne's Posh
andys crunchicken,0,0,0,0,0,0,0,1,0,0,1,1,False,False,ANDYS CRUNCHICKEN
anne juleth,0,0,0,0,0,1,0,0,0,0,1,1,False,False,Anne Juleth
annabelle,0,0,0,0,0,0,1,0,0,0,1,1,False,False,ANNABELLE
annabel lee cafe,0,0,0,0,0,1,0,0,0,0,1,1,False,False,Annabel Lee Café
anko,1,0,0,0,0,0,0,0,0,0,1,1,False,False,Anko
anime lobby,0,0,0,0,0,0,0,1,0,0,1,1,False,False,ANIME LOBBY
anime landia,0,0,0,0,0,0,1,0,0,0,1,1,False,False,Anime Landia
animal house,0,1,0,0,0,0,0,0,0,0,1,1,False,False,ANIMAL HOUSE
animal distrik,0,0,0,0,0,0,1,0,0,0,1,1,False,False,ANIMAL DISTRIK
animal care specialist company,0,0,0,0,0,1,0,0,0,0,1,1,False,False,Animal Care Specialist Company
aniiq cellphone accessories,0,0,0,0,0,0,1,0,0,0,1,1,False,False,Aniiq Cellphone Accessories
aniiq,0,0,0,0,0,0,1,0,0,0,1,1,False,False,Aniiq
aniesthetix dental implantology center,0,0,0,0,0,0,0,1,0,0,1,1,False,False,ANIESTHETIX DENTAL IMPLANTOLOGY CENTER
angus pares,0,0,0,0,0,0,0,1,0,0,1,1,False,False,ANGUS PARES
angry fries,0,0,0,0,0,0,1,0,0,0,1,1,False,False,Angry Fries
anglo eye care center,0,1,0,0,0,0,0,0,0,0,1,1,False,False,ANGLO EYE CARE CENTER
anglo eye care,0,0,0,0,0,0,1,0,0,0,1,1,False,False,Anglo Eye Care
angkong noodle house,0,0,0,0,0,1,0,0,0,0,1,1,False,False,Angkong Noodle House
angkols pungko pungko,0,0,1,0,0,0,0,0,0,0,1,1,False,False,Angkols Pungko-pungko
angkan coffee,0,0,0,0,0,1,0,0,0,0,1,1,False,False,Angkan Coffee
angkan,0,0,0,0,0,0,0,1,0,0,1,1,False,False,ANGKAN
angies jewelry,0,0,0,0,0,0,1,0,0,0,1,1,False,False,Angie's Jewelry
angels skin care salon,0,0,0,0,1,0,0,0,0,0,1,1,False,False,Angels' Skin Care Salon
angels feet,0,1,0,0,0,0,0,0,0,0,1,1,False,False,ANGEL'S FEET
angeles electric company,0,0,0,0,0,0,1,0,0,0,1,1,False,False,ANGELES ELECTRIC COMPANY
angel k kakanin atbp,0,0,0,0,0,0,1,0,0,0,1,1,False,False,Angel K Kakanin Atbp
angel k kakanin & merienda,0,0,0,0,0,0,1,0,0,0,1,1,False,False,Angel-K Kakanin & Merienda
ang nanay,0,0,0,0,0,0,1,0,0,0,1,1,False,False,ANG NANAY ( TEMPORARILY CLOSED)
ang karenderia sa cagayan,0,0,0,0,0,0,1,0,0,0,1,1,False,False,ANG KARENDERIA SA CAGAYAN
aneal nail spa & beauty lounge,0,0,0,0,0,0,1,0,0,0,1,1,False,False,Aneal Nail Spa & Beauty Lounge
art anton gallery,0,0,0,0,0,0,0,1,0,0,1,1,False,False,ART ANTON GALLERY
art circle,0,0,0,0,0,0,1,0,0,0,1,1,False,False,The Art Circle
art haven gallery,0,1,0,0,0,0,0,0,0,0,1,1,False,False,ART HAVEN GALLERY
ayame japanese restaurant,0,0,1,0,0,0,0,0,0,0,1,1,False,False,Ayame Japanese Restaurant
axels rbm souvinier & gift shop,0,1,0,0,0,0,0,0,0,0,1,1,False,False,AXEL'S RBM SOUVINIER & GIFT SHOP
axels rbm,0,0,0,0,0,0,1,0,0,0,1,1,False,False,AXELS RBM
axel laundry water,0,0,0,0,0,0,0,1,0,0,1,1,False,False,AXEL LAUNDRY WATER
awra beauty and infusion spa,0,0,0,0,0,0,1,0,0,0,1,1,False,False,AWRA Beauty and Infusion Spa
awesam smile dental clinic,0,0,0,0,1,0,0,0,0,0,1,1,False,False,Awesam Smile Dental Clinic
avocadorian,0,0,0,0,0,0,1,0,0,0,1,1,False,False,AVOCADORIAN
avocado slurp,0,0,0,0,0,0,1,0,0,0,1,1,False,False,AVOCADO SLURP
avocado and mango delights,0,0,0,0,0,0,0,1,0,0,1,1,False,False,AVOCADO AND MANGO DELIGHTS
avocadaria,0,0,0,0,0,0,1,0,0,0,1,1,False,False,AVOCADARIA
avimms massage therapy & reflexology service,0,1,0,0,0,0,0,0,0,0,1,1,False,False,AVIMMS MASSAGE THERAPY & REFLEXOLOGY SERVICE
avimms,0,0,0,0,0,0,1,0,0,0,1,1,False,False,AVIMMS
avia international club,0,0,0,0,1,0,0,0,0,0,1,1,False,False,Avia International Club
aventus medical care inc,0,0,0,0,0,0,0,1,0,0,1,1,False,False,AVENTUS MEDICAL CARE INC
aventus clinic,0,0,0,0,0,0,1,0,0,0,1,1,False,False,Aventus Clinic
aveneto pasta and pizza,0,0,0,0,0,0,0,1,0,0,1,1,False,False,AVENETO PASTA AND PIZZA
avene,0,1,0,0,0,0,0,0,0,0,1,1,False,False,AVENE
aveda,0,1,0,0,0,0,0,0,0,0,1,1,False,False,AVEDA
avecom printing services,0,0,0,0,0,0,1,0,0,0,1,1,False,False,AVECOM PRINTING SERVICES
av stamping services,0,0,0,0,0,0,0,1,0,0,1,1,False,False,AV STAMPING SERVICES
autor and dela cruz dental clinic (former carolyne bucao),0,0,0,0,0,0,1,0,0,0,1,1,False,False,Autor and Dela Cruz Dental Clinic (former Carolyne Bucao) 9183806769
automobile association philippines,0,0,0,0,0,0,1,0,0,0,1,1,False,False,AUTOMOBILE ASSOCIATION PHILIPPINES
automobile association of the philippines inc,0,0,0,0,0,0,1,0,0,0,1,1,False,False,"Automobile Association Of The Philippines, Inc."
autogu,0,0,0,0,0,0,0,1,0,0,1,1,False,False,AUTOGU
auto center,0,0,0,0,0,0,0,1,0,0,1,1,False,False,AUTO CENTER
auto care carwash services,0,0,0,0,0,0,1,0,0,0,1,1,False,False,Auto-Care Carwash Services
authorized lotto agent,0,0,0,0,0,0,1,0,0,0,1,1,False,False,Authorized Lotto Agent
austin land,0,0,0,0,0,0,0,1,0,0,1,1,False,False,AUSTIN LAND
auro chocolate cafe,0,0,0,0,0,0,0,1,0,0,1,1,False,False,AURO CHOCOLATE CAFE
aureva,0,0,0,0,1,0,0,0,0,0,1,1,False,False,Aureva
ayala land premier,0,1,0,0,0,0,0,0,0,0,1,1,False,False,AYALA LAND PREMIER
ayas cellphone accessories store,0,0,0,0,0,0,0,1,0,0,1,1,False,False,AYAS CELLPHONE ACCESSORIES STORE
art lounge,0,0,0,0,0,0,0,1,0,0,1,1,False,False,ART LOUNGE
aysee,0,0,0,0,0,1,0,0,0,0,1,1,False,False,Aysee
bacolod chk n bbq house,0,0,0,0,0,0,0,1,0,0,1,1,False,False,BACOLOD CHK-N-BBQ HOUSE
backyard barbecue smoke and grill,0,0,0,0,0,0,0,1,0,0,1,1,False,False,BACKYARD BARBECUE SMOKE AND GRILL
bacani,0,0,0,0,0,0,0,0,0,1,1,1,False,False,Bacani
babymama,0,0,0,0,1,0,0,0,0,0,1,1,False,False,Babymama
babybond ultrasound,0,0,0,0,0,0,0,1,0,0,1,1,False,False,BABYBOND ULTRASOUND
baby ultrasound co,0,0,0,0,0,0,1,0,0,0,1,1,False,False,Baby Ultrasound Co.
baby play,0,0,0,0,0,0,0,1,0,0,1,1,False,False,BABY PLAY
baby moochie,0,0,0,0,0,0,1,0,0,0,1,1,False,False,Baby Moochie
baby mochie,0,0,0,0,0,0,1,0,0,0,1,1,False,False,Baby Mochie
baby charm,0,0,0,0,0,0,1,0,0,0,1,1,False,False,Baby Charm 0917-530-3888
babots fruitas farm,0,0,0,0,0,0,0,1,0,0,1,1,False,False,BABOTS FRUITAS FARM
babes lechon,0,0,0,0,0,0,1,0,0,0,1,1,False,False,BABES LECHON
babes children world,0,0,0,0,0,1,0,0,0,0,1,1,False,False,Babes Children World
baan spa,0,0,0,0,1,0,0,0,0,0,1,1,False,False,Baan Spa
baan kids spa,0,0,0,0,1,0,0,0,0,0,1,1,False,False,Baan Kids Spa
baa baa thai milktea,0,0,0,0,1,0,0,0,0,0,1,1,False,False,Baa Baa Thai Milktea
b&s blind massage,0,0,0,0,0,0,1,0,0,0,1,1,False,False,B&S Blind Massage
b fashion & apparel,0,0,0,0,0,0,1,0,0,0,1,1,False,False,B FASHION & APPAREL
azucar,0,1,0,0,0,0,0,0,0,0,1,1,False,False,AZUCAR
aztrid,0,0,0,0,0,0,1,0,0,0,1,1,False,False,AZTRID
azons boneless lechon,0,0,0,0,0,0,1,0,0,0,1,1,False,False,Azon's Boneless Lechon
aziza,0,0,0,0,1,0,0,0,0,0,1,1,False,False,Aziza
azilep trading,0,0,0,0,0,0,1,0,0,0,1,1,False,False,Azilep Trading
azhleya cellphone & accessories shop,0,0,0,0,0,0,1,0,0,0,1,1,False,False,AZHLEYA CELLPHONE & ACCESSORIES SHOP
azela,0,0,0,0,0,0,1,0,0,0,1,1,False,False,AZELA
azcor,0,0,0,0,0,0,0,1,0,0,1,1,False,False,AZCOR
azabu,0,0,0,0,0,0,1,0,0,0,1,1,False,False,AZABU
az powered,0,0,0,0,0,0,0,1,0,0,1,1,False,False,AZ POWERED
ayumi elite,0,0,0,0,1,0,0,0,0,0,1,1,False,False,Ayumi Elite
aurelios empanada,0,0,0,0,0,0,1,0,0,0,1,1,False,False,AURELIO'S EMPANADA
aura salon,0,1,0,0,0,0,0,0,0,0,1,1,False,False,AURA SALON
aunt sallys laundry service,0,1,0,0,0,0,0,0,0,0,1,1,False,False,AUNT SALLY'S LAUNDRY SERVICE
aunt ludi bakeshoppe,0,0,0,0,0,0,0,1,0,0,1,1,False,False,AUNT LUDI BAKESHOPPE
asian food house,0,0,0,0,1,0,0,0,0,0,1,1,False,False,Asian Food House
asian derma clinic,0,0,0,0,0,0,0,0,1,0,1,1,False,False,ASIAN DERMA CLINIC
asian base dental group,0,0,0,0,0,0,1,0,0,0,1,1,False,False,Asian Base Dental Group
asiamex,0,1,0,0,0,0,0,0,0,0,1,1,False,False,ASIAMEX
asiaco,0,0,0,0,0,0,1,0,0,0,1,1,False,False,Asiaco
ashtel phil,0,0,0,0,0,1,0,0,0,0,1,1,False,False,Ashtel Phil
ashrey diagnostic center,0,0,0,0,1,0,0,0,0,0,1,1,False,False,Ashrey Diagnostic Center
ashley nicolette,0,0,0,0,0,0,1,0,0,0,1,1,False,False,Ashley Nicolette
ashley mixx bazaar,0,0,1,0,0,0,0,0,0,0,1,1,False,False,Ashley Mixx Bazaar
ashley mixx,0,0,1,0,0,0,0,0,0,0,1,1,False,False,Ashley Mixx
ashley furniture,0,0,0,0,0,0,1,0,0,0,1,1,False,False,Ashley Furniture
ashiq zone gadget trading,0,0,0,0,0,0,1,0,0,0,1,1,False,False,Ashiq Zone Gadget Trading
asher jewels,0,0,0,0,0,0,0,1,0,0,1,1,False,False,ASHER JEWELS
ash letrato inc,0,0,0,0,0,0,1,0,0,0,1,1,False,False,"Ash Letrato, Inc."
aserehe money changer,0,0,0,0,0,0,0,0,0,1,1,1,False,False,Aserehe Money Changer
aseptique,0,0,0,0,0,0,0,1,0,0,1,1,False,False,ASEPTIQUE
as cellphone & accessories,0,0,0,0,0,0,1,0,0,0,1,1,False,False,AS CELLPHONE & ACCESSORIES
aryas coffee and tea,0,0,0,0,0,0,0,1,0,0,1,1,False,False,ARYAS COFFEE AND TEA
arya persian restaurant,0,0,0,0,0,0,1,0,0,0,1,1,False,False,ARYA PERSIAN RESTAURANT
arya persian,0,0,0,0,0,0,1,0,0,0,1,1,False,False,Arya Persian
arx,0,0,0,0,0,0,1,0,0,0,1,1,False,False,ARX
arturos,0,0,0,0,0,0,0,1,0,0,1,1,False,False,ARTURO'S
artistitch,0,0,0,0,0,0,0,1,0,0,1,1,False,False,ARTISTITCH
artasia,0,0,0,0,0,0,0,1,0,0,1,1,False,False,ARTASIA
art68 coffee corner,0,0,0,0,0,0,1,0,0,0,1,1,False,False,Art68 Coffee Corner
art point gallery,0,0,0,0,0,1,0,0,0,0,1,1,False,False,Art Point Gallery
art of scent,0,0,0,0,1,0,0,0,0,0,1,1,False,False,Art of Scent
art of love tattoo,0,0,0,0,1,0,0,0,0,0,1,1,False,False,Art Of Love Tattoo
art monster,0,0,0,0,0,0,0,1,0,0,1,1,False,False,ART MONSTER
asian hawker,0,0,0,0,0,0,0,0,1,0,1,1,False,False,ASIAN HAWKER
asian massage,0,0,0,0,0,0,0,1,0,0,1,1,False,False,ASIAN MASSAGE
asian noodle master,0,0,0,0,0,0,1,0,0,0,1,1,False,False,Asian Noodle Master
atc massage chair service,0,0,0,0,0,0,1,0,0,0,1,1,False,False,ATC MASSAGE CHAIR SERVICE (NEW)
augen beauty lounge,0,0,0,0,0,0,0,1,0,0,1,1,False,False,AUGEN BEAUTY LOUNGE
au beau blanc cleaners,0,0,0,0,0,0,0,1,0,0,1,1,False,False,AU BEAU BLANC CLEANERS
au beau blanc,0,0,0,0,1,0,0,0,0,0,1,1,False,False,Au Beau Blanc
ato gaido,0,0,0,0,1,0,0,0,0,0,1,1,False,False,Ato Gaido
atm psbank,0,0,0,0,0,0,1,0,0,0,1,1,False,False,ATM - PSBANK
atm pnb,0,0,0,0,0,0,1,0,0,0,1,1,False,False,ATM - PNB
atm bdo,0,0,0,0,0,0,1,0,0,0,1,1,False,False,ATM - BDO
athletics hub,0,0,0,0,0,0,1,0,0,0,1,1,False,False,ATHLETICS HUB
athletica gymnastics,0,0,0,0,0,1,0,0,0,0,1,1,False,False,Athletica Gymnastics
athena travel tours,0,0,0,0,0,0,1,0,0,0,1,1,False,False,Athena Travel Tours
athalias cakes & pastries,0,0,0,0,0,0,1,0,0,0,1,1,False,False,Athalia's Cakes & Pastries
ate nenes shakes,0,0,0,0,0,0,0,1,0,0,1,1,False,False,ATE NENE'S SHAKES
ate by tatah,0,0,0,0,0,0,1,0,0,0,1,1,False,False,Ate By Tatah
atc massage,0,0,0,0,0,0,1,0,0,0,1,1,False,False,ATC MASSAGE
asian pieces arts & antiques shop,0,1,0,0,0,0,0,0,0,0,1,1,False,False,"ASIAN PIECES, ARTS & ANTIQUE'S SHOP"
ata martial arts studio,0,0,0,0,1,0,0,0,0,0,1,1,False,False,ATA Martial Arts Studio
asy and ysas party needs,0,1,0,0,0,0,0,0,0,0,1,1,False,False,ASY AND YSA'S PARTY NEEDS
asus experience zone,0,0,0,0,0,0,0,1,0,0,1,1,False,False,THE ASUS EXPERIENCE ZONE
asures by carla,0,0,0,0,0,0,1,0,0,0,1,1,False,False,ASURES BY CARLA
asuncion optical,0,1,0,0,0,0,0,0,0,0,1,1,False,False,ASUNCION OPTICAL
asu trading,0,0,0,0,0,0,1,0,0,0,1,1,False,False,ASU Trading
astroballoons,0,0,0,0,0,0,0,1,0,0,1,1,False,False,ASTROBALLOONS
astons specialities,0,0,0,0,0,0,0,1,0,0,1,1,False,False,ASTONS SPECIALITIES
aspire health solutions,0,0,0,0,1,0,0,0,0,0,1,1,False,False,Aspire Health Solutions
aslania shoes corner,0,0,0,0,0,0,1,0,0,0,1,1,False,False,Aslania Shoes Corner
aslane cellphone & accessories,0,0,0,0,0,0,1,0,0,0,1,1,False,False,ASLANE CELLPHONE & ACCESSORIES 0950-864-1523
asian spice,0,0,0,0,0,0,1,0,0,0,1,1,False,False,Asian Spice (Temporarily Closed)
asian skin clinic,0,0,0,0,1,0,0,0,0,0,1,1,False,False,Asian Skin Clinic
ambrosiya,0,0,0,0,0,0,1,0,0,0,1,1,False,False,AMBROSIYA
amber graceal dance studio,0,1,0,0,0,0,0,0,0,0,1,1,False,False,AMBER GRACEAL DANCE STUDIO
ambassador home & electronics centre,0,1,0,0,0,0,0,0,0,0,1,1,False,False,AMBASSADOR HOME & ELECTRONICS CENTRE
ace fashion,0,0,0,0,0,0,1,0,0,0,1,1,False,False,ACE FASHION 9209267708
ace cream,0,0,1,0,0,0,0,0,0,0,1,1,False,False,Ace Cream
ace builders center,0,0,0,0,0,0,0,1,0,0,1,1,False,False,ACE BUILDERS CENTER
acdc learning center,0,1,0,0,0,0,0,0,0,0,1,1,False,False,ACDC LEARNING CENTER
accenture,0,1,0,0,0,0,0,0,0,0,1,1,False,False,ACCENTURE
accent hub,0,0,1,0,0,0,0,0,0,0,1,1,False,False,Accent Hub
acami massage spa,0,0,0,0,0,0,0,1,0,0,1,1,False,False,ACAMI MASSAGE SPA
acami massage,0,0,0,0,0,1,0,0,0,0,1,1,False,False,Acami Massage
ac 632,0,1,0,0,0,0,0,0,0,0,1,1,False,False,AC + 632
abubot,0,0,0,0,0,0,0,1,0,0,1,1,False,False,ABUBOT
abrillo furniture,0,0,0,0,0,0,0,1,0,0,1,1,False,False,ABRILLO FURNITURE
abracadabra,0,0,0,0,0,1,0,0,0,0,1,1,False,False,Abracadabra
abi cellphone accessories shop,0,0,0,0,0,0,1,0,0,0,1,1,False,False,ABI Cellphone Accessories Shop
abesamis dental clinic,0,0,1,0,0,0,0,0,0,0,1,1,False,False,Abesamis Dental Clinic
abenson appliance,0,0,0,0,0,0,0,0,0,1,1,1,False,False,ABENSON APPLIANCE
abel iloko,0,1,0,0,0,0,0,0,0,0,1,1,False,False,ABEL ILOKO
abee barbeque corner,0,1,0,0,0,0,0,0,0,0,1,1,False,False,ABEE BARBEQUE CORNER
abdg,0,0,0,0,0,0,0,1,0,0,1,1,False,False,ABDG
abc mart,0,0,1,0,0,0,0,0,0,0,1,1,False,False,Abc Mart
abc decor centre,0,0,0,0,0,0,0,1,0,0,1,1,False,False,ABC DECOR CENTRE
abbas orchard montessori,0,0,0,0,1,0,0,0,0,0,1,1,False,False,Abba's Orchard Montessori
abbas orchard,0,0,0,0,0,1,0,0,0,0,1,1,False,False,The Abba's Orchard
abaton,0,0,0,0,0,1,0,0,0,0,1,1,False,False,Abaton
abalone,0,0,0,0,0,0,0,1,0,0,1,1,False,False,ABALONE
a888 watch repair,0,0,0,0,0,0,1,0,0,0,1,1,False,False,A888 Watch Repair
a2z driving school,0,0,0,0,0,0,1,0,0,0,1,1,False,False,A2Z Driving School
a&t surprise gift shop,0,1,0,0,0,0,0,0,0,0,1,1,False,False,A&T SURPRISE GIFT SHOP
a&ron massage chair,0,0,0,0,0,0,1,0,0,0,1,1,False,False,A&RON MASSAGE CHAIR
a&g,0,0,0,0,0,0,1,0,0,0,1,1,False,False,A&G
a z gadgets,0,0,0,0,0,0,1,0,0,0,1,1,False,False,A-Z GADGETS
ace express,0,0,0,0,0,0,0,1,0,0,1,1,False,False,ACE EXPRESS
acebedo panol optical,0,0,0,0,0,0,1,0,0,0,1,1,False,False,ACEBEDO PANOL OPTICAL
adora,0,1,0,0,0,0,0,0,0,0,1,1,False,False,ADORA
acefast,0,0,0,0,0,0,0,1,0,0,1,1,False,False,ACEFAST
adionet,0,0,0,0,0,0,1,0,0,0,1,1,False,False,ADIONET
adidas nbhd,0,1,0,0,0,0,0,0,0,0,1,1,False,False,ADIDAS NBHD
addsome,0,0,0,0,0,1,0,0,0,0,1,1,False,False,Addsome
addas confectionery,0,0,0,0,0,0,0,1,0,0,1,1,False,False,ADDAS CONFECTIONERY
adc herrero general merchandise,1,0,0,0,0,0,0,0,0,0,1,1,False,False,Adc Herrero General Merchandise
adams quest,0,0,0,0,0,0,0,1,0,0,1,1,False,False,ADAM'S QUEST
adamas,0,0,0,0,0,1,0,0,0,0,1,1,False,False,Adamas
ada cellphone and accessories,0,0,0,0,0,0,1,0,0,0,1,1,False,False,ADA Cellphone and Accessories
ad lynx,0,0,0,0,0,0,0,1,0,0,1,1,False,False,AD LYNX
aczesoriz,0,0,0,0,0,0,1,0,0,0,1,1,False,False,Aczesoriz
acts manila,0,0,0,0,1,0,0,0,0,0,1,1,False,False,Acts Manila
acts church,0,0,1,0,0,0,0,0,0,0,1,1,False,False,Acts Church
active vision,0,0,0,0,0,0,1,0,0,0,1,1,False,False,Active Vision
active hearing,0,0,0,0,0,0,1,0,0,0,1,1,False,False,Active Hearing
active fun,0,0,0,0,0,0,0,1,0,0,1,1,False,False,ACTIVE FUN
active eyewear,0,0,0,0,0,0,0,1,0,0,1,1,False,False,ACTIVE EYEWEAR
activate sports center,0,0,0,0,0,0,0,1,0,0,1,1,False,False,ACTIVATE SPORTS CENTER
across,0,0,0,0,0,0,0,1,0,0,1,1,False,False,ACROSS
acquasuisse perfume bar,0,1,0,0,0,0,0,0,0,0,1,1,False,False,ACQUASUISSE PERFUME BAR
acquasuisse,0,0,0,0,0,0,1,0,0,0,1,1,False,False,Acquasuisse
acom consumer finance incorporated,0,0,0,0,0,0,0,0,0,1,1,1,False,False,ACOM Consumer Finance Incorporated
acom consumer finance corporaton,0,0,0,0,0,0,0,0,1,0,1,1,False,False,ACOM CONSUMER FINANCE CORPORATON
acom consumer finance,0,0,0,0,0,0,0,0,0,1,1,1,False,False,ACOM Consumer Finance
acom,0,0,0,0,0,0,0,0,1,0,1,1,False,False,ACOM
acne clinic,0,0,0,0,0,0,1,0,0,0,1,1,False,False,The Acne Clinic
acms medical and diagnostic services,0,0,0,0,0,0,0,1,0,0,1,1,False,False,ACMS MEDICAL AND DIAGNOSTIC SERVICES
acmobility,0,0,0,0,0,0,1,0,0,0,1,1,False,False,ACMOBILITY
acg medical clinic,0,0,0,0,0,0,1,0,0,0,1,1,False,False,ACG Medical Clinic
aceshield cellphone accessories,0,0,0,0,0,0,0,1,0,0,1,1,False,False,ACESHIELD CELLPHONE ACCESSORIES
a t m fruit corner,0,1,0,0,0,0,0,0,0,0,1,1,False,False,A.T.M. FRUIT CORNER
a salonga music center school,0,0,0,0,0,0,0,1,0,0,1,1,False,False,A SALONGA MUSIC CENTER SCHOOL
a remax,0,0,0,0,0,0,1,0,0,0,1,1,False,False,A-REMAX
a new way to smile dental clinic,0,0,0,0,0,0,0,1,0,0,1,1,False,False,A NEW WAY TO SMILE DENTAL CLINIC
7 brothers cellphone gallery,0,0,0,0,0,0,1,0,0,0,1,1,False,False,7 BROTHERS CELLPHONE GALLERY
511 tactical series,0,0,0,0,0,0,0,1,0,0,1,1,False,False,511 TACTICAL SERIES
50 50 burger steaks,0,0,0,0,0,0,1,0,0,0,1,1,False,False,50/50 BURGER STEAKS
3geeks,0,0,0,0,0,1,0,0,0,0,1,1,False,False,3geeks
3g planet,0,0,1,0,0,0,0,0,0,0,1,1,False,False,3g Planet
3d dental clinic,0,1,0,0,0,0,0,0,0,0,1,1,False,False,3D DENTAL CLINIC
360 pharmacy,0,0,1,0,0,0,0,0,0,0,1,1,False,False,360 Pharmacy
360 barbers & beauty salon,0,0,0,0,0,0,1,0,0,0,1,1,False,False,360 BARBERS & BEAUTY SALON
3 barkeeteers,0,0,0,0,0,1,0,0,0,0,1,1,False,False,3 Barkeeteers
2xu,0,0,0,0,0,0,1,0,0,0,1,1,False,False,2XU
2nd time around,0,0,0,0,0,0,0,1,0,0,1,1,False,False,2ND TIME AROUND
2nd street oysters,0,0,0,0,1,0,0,0,0,0,1,1,False,False,2nd Street Oysters
2nd street oyster,0,0,0,0,0,0,0,1,0,0,1,1,False,False,2ND STREET OYSTER
2go express,0,0,1,0,0,0,0,0,0,0,1,1,False,False,2go Express
2d samgyup saranghae,0,0,0,0,1,0,0,0,0,0,1,1,False,False,2D Samgyup Saranghae
27c realty,0,0,0,0,0,0,1,0,0,0,1,1,False,False,27C REALTY
220 taps n tiles,0,0,0,0,0,0,0,1,0,0,1,1,False,False,220 TAPS N' TILES
205,0,1,0,0,0,0,0,0,0,0,1,1,False,False,205
2 els toy mart,0,0,0,0,1,0,0,0,0,0,1,1,False,False,2 El's Toy Mart
1click internet shop,0,0,0,0,0,0,1,0,0,0,1,1,False,False,1CLICK INTERNET SHOP
19th street coffee shop,0,1,0,0,0,0,0,0,0,0,1,1,False,False,19TH STREET COFFEE SHOP
1870 cookie cartel,0,0,0,0,1,0,0,0,0,0,1,1,False,False,1870 Cookie Cartel
18 days coffee,0,1,0,0,0,0,0,0,0,0,1,1,False,False,18 DAYS COFFEE
1624 noodle bar,0,0,0,0,0,1,0,0,0,0,1,1,False,False,1624 Noodle Bar
121 grill and restaurant,0,0,0,0,1,0,0,0,0,0,1,1,False,False,121 Grill and Restaurant
12 monkeys music hall & pub,0,0,0,0,0,1,0,0,0,0,1,1,False,False,12 Monkeys Music Hall & Pub
10yenking,0,0,0,0,0,0,1,0,0,0,1,1,False,False,10YenKing
102 izakaya,0,1,0,0,0,0,0,0,0,0,1,1,False,False,102 IZAKAYA
10 by tsukemen,0,0,0,0,0,0,1,0,0,0,1,1,False,False,10 by Tsukemen
7 for all mankind,0,1,0,0,0,0,0,0,0,0,1,1,False,False,7 FOR ALL MANKIND
7 luxe,0,0,1,0,0,0,0,0,0,0,1,1,False,False,7 Luxe
70s kimchi,0,0,1,0,0,0,0,0,0,0,1,1,False,False,70’s Kimchi
99 ranch store,0,0,0,0,0,0,0,0,0,1,1,1,False,False,99 Ranch Store
a moleta sign & crafts,0,0,0,0,0,0,1,0,0,0,1,1,False,False,A. MOLETA SIGN & CRAFTS
a la mode,0,0,0,0,0,0,0,1,0,0,1,1,False,False,A LA MODE
a l valencia dental clinic,0,0,0,0,0,0,0,1,0,0,1,1,False,False,A L VALENCIA DENTAL CLINIC
a create,0,0,0,0,0,0,0,1,0,0,1,1,False,False,A-CREATE
a bernardo jewelry,0,0,0,0,0,1,0,0,0,0,1,1,False,False,A.bernardo Jewelry
a b d g,0,0,0,0,1,0,0,0,0,0,1,1,False,False,A.B.D.G.+
a & s miscellaneous fabric center,0,1,0,0,0,0,0,0,0,0,1,1,False,False,A & S MISCELLANEOUS FABRIC CENTER
a & ron massage chair,0,0,0,0,0,0,1,0,0,0,1,1,False,False,A & RON MASSAGE CHAIR
a & r beauty,0,0,0,0,0,0,1,0,0,0,1,1,False,False,A & R Beauty
a & j cellphone accessories,0,0,0,0,0,0,1,0,0,0,1,1,False,False,A & J CELLPHONE ACCESSORIES
a & b textile,1,0,0,0,0,0,0,0,0,0,1,1,False,False,A & B Textile
a & a gadgets,0,0,0,0,0,0,1,0,0,0,1,1,False,False,A & A Gadgets
a,0,0,0,0,0,1,0,0,0,0,1,1,False,False,Anew
99 ranch,0,0,0,0,1,0,0,0,0,0,1,1,False,False,99 Ranch
712 insideout travel tours,0,0,0,0,0,0,0,1,0,0,1,1,False,False,712 INSIDEOUT TRAVEL TOURS
9 silog,0,0,0,0,0,0,0,1,0,0,1,1,False,False,9 SILOG
8th ways spa,0,0,0,0,1,0,0,0,0,0,1,1,False,False,8th Ways Spa
8th street spa,0,0,0,0,0,0,0,1,0,0,1,1,False,False,8TH STREET SPA
8th lane,0,1,0,0,0,0,0,0,0,0,1,1,False,False,8TH LANE
8cuts burger,0,0,0,0,0,1,0,0,0,0,1,1,False,False,8Cuts Burger
8a performance,1,0,0,0,0,0,0,0,0,0,1,1,False,False,8a Performance
808,0,0,0,0,0,0,0,1,0,0,1,1,False,False,THE 808
80 degrees ktv,0,0,0,0,0,0,0,1,0,0,1,1,False,False,80 DEGREES KTV
8 zettabytes,0,0,0,0,0,1,0,0,0,0,1,1,False,False,8 Zettabytes
8 seconds,0,0,0,0,0,0,1,0,0,0,1,1,False,False,8 SECONDS
8 cuts burgers,0,1,0,0,0,0,0,0,0,0,1,1,False,False,8 CUTS BURGERS
8 cuts burger,0,0,0,0,1,0,0,0,0,0,1,1,False,False,8 Cuts Burger
789 fresh mart,0,0,0,0,1,0,0,0,0,0,1,1,False,False,789 Fresh Mart
adobo connection,0,0,0,0,0,0,1,0,0,0,1,1,False,False,Adobo Connection
ads smoothies and pastries,0,0,0,0,0,0,1,0,0,0,1,1,False,False,ADS SMOOTHIES AND PASTRIES
amazing touch,0,1,0,0,0,0,0,0,0,0,1,1,False,False,AMAZING TOUCH
allianz pnb life,0,0,0,0,0,0,1,0,0,0,1,1,False,False,ALLIANZ PNB LIFE
allhome appliances,0,0,0,0,0,0,0,0,1,0,1,1,False,False,ALLHOME APPLIANCES
allday supermarket,0,0,0,0,0,0,0,0,1,0,1,1,False,False,ALLDAY SUPERMARKET
allday convenience store,0,0,0,0,0,0,0,0,1,0,1,1,False,False,ALLDAY CONVENIENCE STORE
allbank,0,0,0,0,0,0,0,0,1,0,1,1,False,False,ALLBANK
all4u unlimited grill and shabu shabu,0,0,0,0,0,0,0,1,0,0,1,1,False,False,ALL4U UNLIMITED GRILL AND SHABU SHABU
all you knead,0,0,0,0,0,0,0,1,0,0,1,1,False,False,ALL YOU KNEAD
all sports,0,0,0,0,0,0,0,0,1,0,1,1,False,False,ALL SPORTS
all home,0,0,0,0,0,0,0,0,1,0,1,1,False,False,ALL HOME
all flip flops pop up shop,0,0,0,0,0,0,0,1,0,0,1,1,False,False,ALL FLIP FLOPS POP-UP SHOP
all day supermarket,0,0,0,0,0,0,0,0,1,0,1,1,False,False,ALL DAY SUPERMARKET
all day convenience store ugf,0,0,0,0,0,0,0,0,1,0,1,1,False,False,ALL DAY CONVENIENCE STORE UGF
all day convenience store gfl,0,0,0,0,0,0,0,0,1,0,1,1,False,False,ALL DAY CONVENIENCE STORE GFL
all day convenience store,0,0,0,0,0,0,0,0,1,0,1,1,False,False,ALL DAY CONVENIENCE STORE
all core pilates,0,0,0,0,0,0,0,1,0,0,1,1,False,False,ALL CORE PILATES
all bank,0,0,0,0,0,0,0,0,1,0,1,1,False,False,ALL BANK
all about women ob gyne sub specialty clinic,0,0,0,0,0,0,0,1,0,0,1,1,False,False,ALL ABOUT WOMEN OB-GYNE SUB-SPECIALTY CLINIC
all aboard xp by gaming library,0,0,0,0,1,0,0,0,0,0,1,1,False,False,All aBoard XP by Gaming Library
alkimia by mumbakki,0,0,0,0,0,0,1,0,0,0,1,1,False,False,ALKIMIA BY MUMBAKKI (0946-138-4463)
alizidney,0,0,0,0,0,0,1,0,0,0,1,1,False,False,ALIZIDNEY
alistair,0,0,0,0,0,0,1,0,0,0,1,1,False,False,Alistair
alice orig pancit malabon,0,0,0,0,0,0,1,0,0,0,1,1,False,False,Alice Orig Pancit Malabon 9985474866
alfredulla,0,0,0,0,0,0,0,1,0,0,1,1,False,False,ALFREDULLA
alfredo watch repair,0,0,0,0,0,0,1,0,0,0,1,1,False,False,Alfredo Watch Repair
alfa pro merch,0,0,0,0,0,0,1,0,0,0,1,1,False,False,Alfa Pro Merch
alexander fragrance,0,1,0,0,0,0,0,0,0,0,1,1,False,False,ALEXANDER FRAGRANCE
alessi,0,1,0,0,0,0,0,0,0,0,1,1,False,False,ALESSI
alemar graphics ads,0,0,0,0,0,0,0,1,0,0,1,1,False,False,ALEMAR GRAPHICS ADS
alegria,0,1,0,0,0,0,0,0,0,0,1,1,False,False,ALEGRIA
aleah cellphone & accessories store,0,0,0,0,0,0,1,0,0,0,1,1,False,False,ALEAH CELLPHONE & ACCESSORIES STORE
allianz pnb,0,0,0,0,0,0,0,1,0,0,1,1,False,False,ALLIANZ PNB
allianz pnb satellite exhibit 2024,0,0,0,0,0,0,1,0,0,0,1,1,False,False,ALLIANZ PNB SATELLITE EXHIBIT 2024
ads watch and jewelry accessories,0,0,0,0,0,0,1,0,0,0,1,1,False,False,ADS Watch And Jewelry Accessories
allsectech manila inc,0,1,0,0,0,0,0,0,0,0,1,1,False,False,"ALLSECTECH MANILA, INC"
amazing star,0,0,0,0,0,1,0,0,0,0,1,1,False,False,Amazing Star
amazing hands with blind therapist,0,1,0,0,0,0,0,0,0,0,1,1,False,False,AMAZING HANDS WITH BLIND THERAPIST
amazing discoveries travel and tours,0,0,0,0,0,0,0,1,0,0,1,1,False,False,THE AMAZING DISCOVERIES TRAVEL AND TOURS
amatella sizzling house,0,0,0,0,0,0,1,0,0,0,1,1,False,False,Amatella Sizzling House
amars cellphone accessories shop,0,0,0,0,0,0,1,0,0,0,1,1,False,False,Amar's Cellphone Accessories Shop
amarra,0,0,0,0,0,0,0,1,0,0,1,1,False,False,AMARRA
amari luxe,0,0,0,0,0,0,0,1,0,0,1,1,False,False,AMARI LUXE
amara fleur,0,0,0,0,0,0,0,1,0,0,1,1,False,False,AMARA FLEUR
amang grill,0,0,0,0,0,0,0,0,0,1,1,1,False,False,Amang Grill
amal cellphone accessories shop,0,0,0,0,0,0,1,0,0,0,1,1,False,False,Amal Cellphone Accessories Shop
amaia steps two capitol central showroom,0,1,0,0,0,0,0,0,0,0,1,1,False,False,AMAIA STEPS TWO CAPITOL CENTRAL SHOWROOM
amah mee ya,0,0,0,0,1,0,0,0,0,0,1,1,False,False,Amah Mee Ya
am pm by alchemista,0,0,0,0,0,0,0,1,0,0,1,1,False,False,AM + PM BY ALCHEMISTA
alya pasta,0,0,0,0,0,0,1,0,0,0,1,1,False,False,Alya Pasta
alto peak chocolate,0,0,0,0,0,0,0,1,0,0,1,1,False,False,ALTO PEAK CHOCOLATE
alterrific,0,0,0,0,0,0,1,0,0,0,1,1,False,False,Alterrific
alternative,0,0,0,0,0,0,1,0,0,0,1,1,False,False,THE ALTERNATIVE 9561281277
alteresi,0,1,0,0,0,0,0,0,0,0,1,1,False,False,ALTERESI
alteration plus,0,0,0,0,0,0,1,0,0,0,1,1,False,False,Alteration Plus
alter cesh,0,0,0,0,0,1,0,0,0,0,1,1,False,False,Alter Cesh
alter and more,0,0,0,0,0,0,0,1,0,0,1,1,False,False,ALTER AND MORE
alshaymah cellphone & accessories,0,0,0,0,0,0,1,0,0,0,1,1,False,False,ALSHAYMAH CELLPHONE & ACCESSORIES
alres,0,0,0,0,0,0,0,1,0,0,1,1,False,False,ALRES
alpina lounge & wellness,0,0,0,0,1,0,0,0,0,0,1,1,False,False,Alpina Lounge & Wellness
alpha lifestyle,0,0,0,0,0,0,0,1,0,0,1,1,False,False,ALPHA LIFESTYLE
alpha bazaar,0,0,0,0,0,0,1,0,0,0,1,1,False,False,Alpha Bazaar
alpas dental care center,0,0,0,0,0,0,0,1,0,0,1,1,False,False,ALPAS DENTAL CARE CENTER
almeda optical,0,1,0,0,0,0,0,0,0,0,1,1,False,False,ALMEDA OPTICAL
alltoys,0,0,0,0,0,0,0,0,1,0,1,1,False,False,ALLTOYS
aldo accessories,0,0,0,0,0,0,1,0,0,0,1,1,False,False,Aldo Accessories
aldave dental implant and esthetic dentistry and medical,0,0,0,0,0,0,0,1,0,0,1,1,False,False,ALDAVE DENTAL IMPLANT AND ESTHETIC DENTISTRY AND MEDICAL
alcoves,0,1,0,0,0,0,0,0,0,0,1,1,False,False,THE ALCOVES
alcoan driving school,0,0,0,0,0,0,1,0,0,0,1,1,False,False,ALCOAN DRIVING SCHOOL
ai ren tang chinese drugstore,0,0,0,0,1,0,0,0,0,0,1,1,False,False,Ai Ren Tang Chinese Drugstore
ai nails & body talk,0,0,0,0,0,0,0,1,0,0,1,1,False,False,AI NAILS & BODY TALK
ai helmet depot,0,0,0,0,0,0,1,0,0,0,1,1,False,False,AI Helmet Depot
ahrome cafe,0,0,0,0,1,0,0,0,0,0,1,1,False,False,Ahrome Cafe
ahead,0,0,0,0,0,1,0,0,0,0,1,1,False,False,Ahead
ah mah,0,0,0,0,0,0,1,0,0,0,1,1,False,False,Ah Mah
ah fong asian cuisine,0,0,0,0,0,0,0,1,0,0,1,1,False,False,AH FONG ASIAN CUISINE
agua home,0,0,0,0,0,0,1,0,0,0,1,1,False,False,Agua Home
agies,0,0,0,0,0,1,0,0,0,0,1,1,False,False,Agies
agave mexican cantina,0,0,0,0,1,0,0,0,0,0,1,1,False,False,Agave Mexican Cantina
afters,0,0,0,0,0,0,0,1,0,0,1,1,False,False,AFTERS
after you,0,0,1,0,0,0,0,0,0,0,1,1,False,False,After You
after market,0,0,0,0,0,1,0,0,0,0,1,1,False,False,After Market
aficionado i,0,0,0,0,0,0,1,0,0,0,1,1,False,False,Aficionado I 0951-040-1593
aficianado,0,0,0,0,0,0,1,0,0,0,1,1,False,False,AFICIANADO
afg la casa empanadas,0,1,0,0,0,0,0,0,0,0,1,1,False,False,AFG LA CASA EMPANADAS
affinity dental clinic,0,1,0,0,0,0,0,0,0,0,1,1,False,False,AFFINITY DENTAL CLINIC
affinity dental,0,0,0,0,0,1,0,0,0,0,1,1,False,False,Affinity Dental
afficionado perfumes,0,0,0,0,0,0,1,0,0,0,1,1,False,False,Afficionado Perfumes
afficionado germany,1,0,0,0,0,0,0,0,0,0,1,1,False,False,Afficionado Germany
aesthetiq wellness & spa,0,0,0,0,0,0,1,0,0,0,1,1,False,False,Aesthetiq Wellness & Spa
aesthetica dental and implant dental cente,0,0,0,0,0,0,1,0,0,0,1,1,False,False,Aesthetica Dental and Implant Dental Cente 0906-412-99574
aesop,0,1,0,0,0,0,0,0,0,0,1,1,False,False,AESOP
aerostar,0,0,0,0,0,0,1,0,0,0,1,1,False,False,AEROSTAR
aer,0,0,0,0,0,0,1,0,0,0,1,1,False,False,AER
aelisse wellness spa,0,0,0,0,0,0,0,1,0,0,1,1,False,False,AELISSE WELLNESS SPA
adventure,0,0,0,0,0,0,0,1,0,0,1,1,False,False,THE ADVENTURE
advanced bone,0,0,0,0,0,0,1,0,0,0,1,1,False,False,ADVANCED BONE
advance chiropractic clinic,0,0,0,0,0,0,0,1,0,0,1,1,False,False,ADVANCE CHIROPRACTIC CLINIC
aia,0,0,0,0,0,0,1,0,0,0,1,1,False,False,AIA
aia philippines,0,0,0,0,0,0,1,0,0,0,1,1,False,False,AIA PHILIPPINES
aicing embellish,0,0,0,0,0,0,1,0,0,0,1,1,False,False,Aicing Embellish
akashiyaki,0,0,0,0,0,0,0,1,0,0,1,1,False,False,AKASHIYAKI
alchemy fiber,0,0,0,0,0,0,1,0,0,0,1,1,False,False,ALCHEMY FIBER
alchemy,0,0,0,0,0,0,1,0,0,0,1,1,False,False,Alchemy
alcantara and associates law office,0,0,0,0,0,0,0,1,0,0,1,1,False,False,ALCANTARA AND ASSOCIATES LAW OFFICE
alberto terra & agua,0,0,0,0,0,0,1,0,0,0,1,1,False,False,Alberto/Terra & Agua
alberto geox,0,0,0,0,0,0,1,0,0,0,1,1,False,False,Alberto/Geox
albarando & laboga dental clinic,0,0,0,0,0,0,1,0,0,0,1,1,False,False,Albarando & Laboga Dental Clinic (032)479-9319
alas nail spa,0,0,0,0,1,0,0,0,0,0,1,1,False,False,Alas Nail Spa
al halal,0,0,1,0,0,0,0,0,0,0,1,1,False,False,Al Halal
al hafiz,0,0,0,0,0,0,1,0,0,0,1,1,False,False,Al-Hafiz
al dente pasta & aperitivo bar,0,0,0,0,1,0,0,0,0,0,1,1,False,False,Al Dente Pasta & Aperitivo Bar
akita,0,1,0,0,0,0,0,0,0,0,1,1,False,False,AKITA
akimitsu tendon,0,0,0,0,0,0,1,0,0,0,1,1,False,False,AKIMITSU TENDON
akh antonios bar n grill,0,0,0,0,0,0,0,1,0,0,1,1,False,False,AKH ANTONIOS BAR N GRILL
akamon ramen bar,0,0,0,0,1,0,0,0,0,0,1,1,False,False,Akamon Ramen Bar
aiken explore travel and tours,0,0,0,0,0,0,1,0,0,0,1,1,False,False,AIKEN EXPLORE TRAVEL AND TOURS
akamon,0,0,0,0,0,0,0,1,0,0,1,1,False,False,AKAMON
akaigawa,0,0,1,0,0,0,0,0,0,0,1,1,False,False,Akaigawa
ajt gadget manila,0,0,0,0,0,1,0,0,0,0,1,1,False,False,AJT / Gadget Manila
ajiichiban,0,0,0,0,0,1,0,0,0,0,1,1,False,False,Ajiichiban
aj tin,0,0,0,0,0,0,1,0,0,0,1,1,False,False,AJ-Tin
aivee institute,0,0,0,0,1,0,0,0,0,0,1,1,False,False,Aivee Institute
aivee cafe,0,1,0,0,0,0,0,0,0,0,1,1,False,False,AIVEE CAFÉ
airwave,0,0,0,0,0,0,0,0,0,1,1,1,False,False,Airwave
airwalk outland,0,0,0,0,0,0,1,0,0,0,1,1,False,False,Airwalk Outland
air wheels,0,0,0,0,0,0,1,0,0,0,1,1,False,False,Air Wheels
air asia,0,0,1,0,0,0,0,0,0,0,1,1,False,False,Air Asia
air 21,0,0,0,0,0,0,0,1,0,0,1,1,False,False,AIR 21
aim dental avenue,0,0,0,0,0,0,1,0,0,0,1,1,False,False,AIM Dental Avenue
bacoor city treasurers office,0,0,1,0,0,0,0,0,0,0,1,1,False,False,Bacoor City Treasurer’s Office
baculi valconcha optical,0,0,0,0,0,0,0,0,1,0,1,1,False,False,BACULI-VALCONCHA OPTICAL
canadian immigration consultancy,0,0,0,0,0,0,0,1,0,0,1,1,False,False,CANADIAN IMMIGRATION CONSULTANCY
brewbox,0,0,0,0,0,0,1,0,0,0,1,1,False,False,Brewbox
brew life,0,0,0,0,0,0,1,0,0,0,1,1,False,False,BREW LIFE
brew break,0,0,0,0,0,0,0,1,0,0,1,1,False,False,BREW BREAK
brevora,0,0,0,0,0,0,1,0,0,0,1,1,False,False,BREVORA
brents wonder rides,0,0,0,0,0,0,1,0,0,0,1,1,False,False,BRENTS WONDER RIDES (TEMPORARY CLOSED)
bred,0,0,0,0,0,0,1,0,0,0,1,1,False,False,Bred
breakthrough,0,0,0,0,0,0,0,1,0,0,1,1,False,False,BREAKTHROUGH
breahs crepes,0,0,0,0,0,0,1,0,0,0,1,1,False,False,Breah's Crepes
breadworths bakery cafe,0,0,0,0,0,0,1,0,0,0,1,1,False,False,Breadworths Bakery Cafe
breadworth bakery cafe,0,0,1,0,0,0,0,0,0,0,1,1,False,False,Breadworth Bakery Cafe
breadboxed,0,0,0,0,0,0,1,0,0,0,1,1,False,False,BREADBOXED
bread talk,0,0,0,0,0,0,1,0,0,0,1,1,False,False,BREAD TALK
bread of life,0,1,0,0,0,0,0,0,0,0,1,1,False,False,BREAD OF LIFE
bread funatics,0,0,0,0,0,0,0,1,0,0,1,1,False,False,BREAD FUNATICS
bratinhella,0,0,0,1,0,0,0,0,0,0,1,1,False,False,Bratinhella
brandsmart,0,0,0,0,0,0,1,0,0,0,1,1,False,False,Brandsmart
brandieshoppe,0,0,0,0,0,0,0,1,0,0,1,1,False,False,BRANDIESHOPPE
branded for less,0,0,0,0,0,0,1,0,0,0,1,1,False,False,Branded for Less
brand avenue apparels,0,0,0,0,0,0,1,0,0,0,1,1,False,False,Brand Avenue Apparels
bradford,0,0,1,0,0,0,0,0,0,0,1,1,False,False,Bradford
bplo,0,0,0,0,0,0,0,0,1,0,1,1,False,False,BPLO
bpirbx rice in a box,0,0,0,0,0,0,1,0,0,0,1,1,False,False,BPIRBX RICE IN A BOX
bpi express teller,0,0,0,0,0,0,0,1,0,0,1,1,False,False,BPI EXPRESS TELLER
bpi atm center,0,0,0,0,1,0,0,0,0,0,1,1,False,False,BPI ATM Center
bpi atm 1,0,0,0,0,0,0,1,0,0,0,1,1,False,False,BPI ATM 1
boysen,0,0,0,0,0,0,0,1,0,0,1,1,False,False,BOYSEN
boy meets grill,0,0,0,0,1,0,0,0,0,0,1,1,False,False,Boy Meets Grill
box88 coffee house,0,0,0,0,0,0,1,0,0,0,1,1,False,False,BOX88 COFFEE HOUSE
bowling billiards,0,0,0,0,0,0,0,1,0,0,1,1,False,False,BOWLING BILLIARDS
bowl master,0,0,0,0,0,0,1,0,0,0,1,1,False,False,Bowl Master
brew x press,0,0,0,0,0,0,0,1,0,0,1,1,False,False,BREW X PRESS
brewing genie,0,0,0,0,0,0,1,0,0,0,1,1,False,False,BREWING GENIE
boulangerie 22,0,0,0,0,0,0,1,0,0,0,1,1,False,False,Boulangerie 22
brewing point neighborhood cafe,0,0,0,0,0,0,0,1,0,0,1,1,False,False,BREWING POINT NEIGHBORHOOD CAFE
bubble optical clinic,0,0,0,0,0,0,1,0,0,0,1,1,False,False,Bubble Optical Clinic
btla,0,0,0,0,1,0,0,0,0,0,1,1,False,False,BTLA
brytchzone,0,0,0,0,0,0,1,0,0,0,1,1,False,False,Brytchzone
brunos,0,0,0,0,0,0,0,1,0,0,1,1,False,False,BRUNO'S
bruno barbers,0,0,0,0,1,0,0,0,0,0,1,1,False,False,Bruno Barbers
brunch bureau,0,0,0,0,0,0,0,1,0,0,1,1,False,False,BRUNCH BUREAU
brows optical,0,0,0,0,0,0,1,0,0,0,1,1,False,False,BROWS OPTICAL
brows,0,0,0,0,1,0,0,0,0,0,1,1,False,False,Brows
browhaus strip,0,0,0,0,0,0,0,1,0,0,1,1,False,False,BROWHAUS / STRIP
brotzeit,0,0,0,0,1,0,0,0,0,0,1,1,False,False,Brotzeit
brooklyn ny style pizza,0,0,0,0,1,0,0,0,0,0,1,1,False,False,Brooklyn NY Style Pizza
brochiere computers,0,1,0,0,0,0,0,0,0,0,1,1,False,False,BROCHIERE COMPUTERS
broadway gems i,0,0,0,0,0,0,1,0,0,0,1,1,False,False,Broadway Gems I 0905-824-6018
brix laptop repair service,0,1,0,0,0,0,0,0,0,0,1,1,False,False,BRIX LAPTOP REPAIR SERVICE
bristol,0,1,0,0,0,0,0,0,0,0,1,1,False,False,BRISTOL
brisbane street sinatures,0,0,0,0,0,0,1,0,0,0,1,1,False,False,Brisbane Street Sinatures
brique modern kitchen,0,0,0,0,0,0,0,1,0,0,1,1,False,False,BRIQUE MODERN KITCHEN
brillo jewellers,0,0,0,0,0,1,0,0,0,0,1,1,False,False,Brillo Jewellers
brilliante jewelers,0,0,0,0,0,0,1,0,0,0,1,1,False,False,Brilliante Jewelers
brilliant cut jewelry shop,1,0,0,0,0,0,0,0,0,0,1,1,False,False,Brilliant Cut Jewelry Shop
brilliant cebu english academy,0,0,0,0,0,0,1,0,0,0,1,1,False,False,Brilliant Cebu English Academy
brightsmile dental clinic,0,0,0,0,0,0,1,0,0,0,1,1,False,False,BRIGHTSMILE DENTAL CLINIC
brielles bread and pastry shop,0,0,0,0,0,0,0,1,0,0,1,1,False,False,BRIELLE'S BREAD AND PASTRY SHOP
bridge,0,0,0,0,0,0,0,1,0,0,1,1,False,False,BRIDGE
brickyard,0,1,0,0,0,0,0,0,0,0,1,1,False,False,THE BRICKYARD
bricksland,0,0,0,0,0,0,1,0,0,0,1,1,False,False,BRICKSLAND
brick wood ph,0,0,0,0,1,0,0,0,0,0,1,1,False,False,Brick Wood PH
brick corner bar & bistro,0,0,0,0,1,0,0,0,0,0,1,1,False,False,Brick Corner Bar & Bistro
bria homes inc,0,0,0,0,0,0,0,0,1,0,1,1,False,False,"BRIA HOMES, INC."
bourbon street,0,0,0,0,1,0,0,0,0,0,1,1,False,False,Bourbon Street
bottoms up,0,0,0,0,0,0,0,1,0,0,1,1,False,False,BOTTOMS UP
bad bird,0,0,0,0,0,0,0,1,0,0,1,1,False,False,BAD BIRD
bongbong delicacies,0,1,0,0,0,0,0,0,0,0,1,1,False,False,BONGBONG DELICACIES
bone and bowl,0,0,0,0,0,0,0,1,0,0,1,1,False,False,BONE AND BOWL
bondee tea house,0,0,0,0,0,0,0,1,0,0,1,1,False,False,BONDEE TEA HOUSE
bonbon dorayaki bites,0,0,0,0,0,0,0,0,0,1,1,1,False,False,Bonbon Dorayaki Bites
bonage skin care,0,0,0,0,0,0,1,0,0,0,1,1,False,False,Bonage Skin Care
bon voyage international travel & tours inc,0,0,0,0,0,0,1,0,0,0,1,1,False,False,"Bon Voyage International Travel & Tours, Inc."
bon voyage international travel & tours,0,0,1,0,0,0,0,0,0,0,1,1,False,False,Bon Voyage International Travel & Tours
bon voyage,0,0,0,0,0,0,0,0,0,1,1,1,False,False,Bon Voyage
bon chon,0,0,0,0,0,1,0,0,0,0,1,1,False,False,Bon Chon
bon appetea,0,0,0,0,0,0,0,1,0,0,1,1,False,False,BON APPETEA
bokki express,0,0,0,0,0,0,1,0,0,0,1,1,False,False,BOKKI EXPRESS
bok cellphone accessories shop,0,0,0,0,0,0,1,0,0,0,1,1,False,False,BOK CELLPHONE ACCESSORIES SHOP
bohol bee farm,0,0,0,0,0,0,1,0,0,0,1,1,False,False,BOHOL BEE FARM (032)260-7304/0998-563-6149
boho dreams,0,0,1,0,0,0,0,0,0,0,1,1,False,False,Boho Dreams
body mechanic,0,0,0,0,0,1,0,0,0,0,1,1,False,False,Body Mechanic
body basics,0,0,0,0,0,0,1,0,0,0,1,1,False,False,Body Basics
boc,0,0,0,0,1,0,0,0,0,0,1,1,False,False,BOC
bobcor blind massage,0,0,0,0,0,0,0,0,0,1,1,1,False,False,Bobcor Blind Massage
bob marlin restaurant,0,0,0,0,0,0,1,0,0,0,1,1,False,False,Bob Marlin Restaurant
bob cellphone and accessories shop,0,0,0,0,0,0,1,0,0,0,1,1,False,False,BOB CELLPHONE AND ACCESSORIES SHOP
board game madness,0,0,0,0,0,0,1,0,0,0,1,1,False,False,BOARD GAME MADNESS
bny hip shop,0,0,0,0,0,0,0,0,1,0,1,1,False,False,BNY HIP SHOP
bnr mobile phone accessories,0,0,0,0,0,0,0,1,0,0,1,1,False,False,BNR MOBILE PHONE ACCESSORIES
bmci diagnostic clinic,0,0,0,0,0,0,1,0,0,0,1,1,False,False,BMCI DIAGNOSTIC CLINIC
blvck cafe,0,0,0,0,0,0,0,1,0,0,1,1,False,False,BLVCK CAFE
blush spa,0,0,0,0,0,0,1,0,0,0,1,1,False,False,BLUSH SPA
bluetech,0,0,0,0,0,0,0,0,0,1,1,1,False,False,Bluetech
blueprint express,0,0,0,0,0,0,1,0,0,0,1,1,False,False,Blueprint Express
bluejay coffee,0,0,0,0,0,0,0,1,0,0,1,1,False,False,BLUEJAY COFFEE
bluebox,0,0,0,0,0,0,1,0,0,0,1,1,False,False,Bluebox
bong villanueva salon,0,0,0,0,0,0,1,0,0,0,1,1,False,False,Bong Villanueva Salon
bongs pet shop station,0,0,0,0,0,1,0,0,0,0,1,1,False,False,Bong's Pet Shop Station
bottega veneta,0,1,0,0,0,0,0,0,0,0,1,1,False,False,BOTTEGA VENETA
bongs8,0,0,0,0,0,0,1,0,0,0,1,1,False,False,BONGS8
boteyju,0,0,0,0,0,0,1,0,0,0,1,1,False,False,BOTEYJU
boszgadgets,0,0,0,0,0,0,0,1,0,0,1,1,False,False,BOSZGADGETS
boss pets,0,0,1,0,0,0,0,0,0,0,1,1,False,False,Boss Pets
boss cat rocket cafe,0,0,0,0,1,0,0,0,0,0,1,1,False,False,Boss Cat Rocket Cafe
boss,0,0,0,0,1,0,0,0,0,0,1,1,False,False,Boss
bos shoes & bag repair shop,0,0,0,0,1,0,0,0,0,0,1,1,False,False,Bo's Shoes & Bag Repair Shop
bos daily,0,0,1,0,0,0,0,0,0,0,1,1,False,False,Bo’s Daily
bos chow,0,0,0,0,0,0,0,1,0,0,1,1,False,False,BOS CHOW
borough medical clinic,0,1,0,0,0,0,0,0,0,0,1,1,False,False,BOROUGH MEDICAL CLINIC
borough medical care institute,0,0,0,0,0,0,0,1,0,0,1,1,False,False,BOROUGH MEDICAL CARE INSTITUTE
bored and hungry,0,0,0,0,0,0,1,0,0,0,1,1,False,False,BORED AND HUNGRY (0916 631 6835)
bored & hungry,0,0,0,0,0,0,1,0,0,0,1,1,False,False,BORED & HUNGRY
boq,0,0,0,0,0,0,1,0,0,0,1,1,False,False,BOQ
boozy,0,0,0,0,1,0,0,0,0,0,1,1,False,False,Boozy
booze barbers,0,0,0,0,0,0,0,1,0,0,1,1,False,False,BOOZE BARBERS
booze and barbers,0,0,0,0,0,0,1,0,0,0,1,1,False,False,BOOZE AND BARBERS
booster juice,0,0,0,0,0,0,1,0,0,0,1,1,False,False,Booster Juice
booost,0,0,0,0,0,0,0,1,0,0,1,1,False,False,BOOOST
boom sisig,0,0,0,0,0,0,1,0,0,0,1,1,False,False,Boom Sisig
book n save travel and tours,0,0,0,0,0,0,0,1,0,0,1,1,False,False,BOOK N SAVE TRAVEL AND TOURS
book latte,0,0,0,0,1,0,0,0,0,0,1,1,False,False,Book Latte
book king stationery,0,0,0,0,0,0,0,1,0,0,1,1,False,False,BOOK KING STATIONERY
book king kings coffee & tea,0,0,0,0,0,0,1,0,0,0,1,1,False,False,Book King/King's Coffee & Tea
boogies pet supplies,0,0,0,0,0,0,0,0,0,1,1,1,False,False,BOOGIES PET SUPPLIES
boogies pet,0,0,0,0,0,0,0,0,0,1,1,1,False,False,Boogies Pet
boodle fiesta,0,0,0,0,0,0,0,1,0,0,1,1,False,False,BOODLE FIESTA
boodle express,0,0,1,0,0,0,0,0,0,0,1,1,False,False,Boodle Express
boo koh,0,0,0,0,0,0,1,0,0,0,1,1,False,False,Boo Koh 0976 387 2786
boni beauty,0,0,0,0,1,0,0,0,0,0,1,1,False,False,Boni Beauty
bubble tea,0,0,0,0,0,0,0,1,0,0,1,1,False,False,BUBBLE TEA
bubblez,0,0,1,0,0,0,0,0,0,0,1,1,False,False,Bubblez
bubbly pops,0,0,0,0,0,0,0,1,0,0,1,1,False,False,BUBBLY POPS
cafe noelle,0,0,0,0,0,0,0,1,0,0,1,1,False,False,CAFE NOELLE
cafe laguna i,0,0,0,0,0,0,1,0,0,0,1,1,False,False,Cafe Laguna I 0977-356-3129
cafe kulture,0,0,0,0,0,1,0,0,0,0,1,1,False,False,Cafe Kulture
cafe klara,0,0,0,0,0,0,0,1,0,0,1,1,False,False,CAFÉ KLARA
cafe hola,0,0,0,0,0,0,1,0,0,0,1,1,False,False,CAFE HOLA
cafe france,0,0,0,0,0,0,0,1,0,0,1,1,False,False,CAFE FRANCE
cafe dulcinea,0,0,0,0,0,0,0,1,0,0,1,1,False,False,CAFÉ DULCINEA
cafe de acacia,0,0,0,0,0,0,1,0,0,0,1,1,False,False,Cafe de Acacia
cafe bombom,0,0,0,0,0,0,0,1,0,0,1,1,False,False,CAFÉ BOMBOM
cafe bobs,0,1,0,0,0,0,0,0,0,0,1,1,False,False,CAFE BOB'S
cafe bnb,0,0,1,0,0,0,0,0,0,0,1,1,False,False,Cafe Bnb
cafe aroma,0,0,0,0,1,0,0,0,0,0,1,1,False,False,Cafe Aroma
cafe anita,0,0,0,0,0,0,1,0,0,0,1,1,False,False,Cafe Anita (Temporary Closed)
cafe adriaticoabe,0,0,0,0,0,0,0,1,0,0,1,1,False,False,CAFE ADRIATICOABE
cafe 17,0,0,0,0,1,0,0,0,0,0,1,1,False,False,Cafe 17
caeg dental clinic,0,0,0,0,0,0,0,0,0,1,1,1,False,False,Caeg Dental Clinic
cable star,0,0,0,0,0,0,0,1,0,0,1,1,False,False,CABLE STAR
cabanal salarza optical,0,0,0,0,0,0,1,0,0,0,1,1,False,False,Cabañal-Salarza Optical
cabalen plus,0,0,0,0,0,0,0,1,0,0,1,1,False,False,CABALEN PLUS
cabalen bingo,0,0,0,0,0,0,1,0,0,0,1,1,False,False,CABALEN BINGO
ca chinese restaurant,0,0,0,0,0,0,0,1,0,0,1,1,False,False,CA CHINESE RESTAURANT
c&m collection,0,0,0,0,0,0,1,0,0,0,1,1,False,False,C&M COLLECTION
c&g consulting inc,0,0,0,0,0,0,1,0,0,0,1,1,False,False,C&G Consulting Inc.
c suites,0,0,0,0,1,0,0,0,0,0,1,1,False,False,C Suites
c square telecom,0,0,0,0,0,1,0,0,0,0,1,1,False,False,C Square Telecom
c sarabia optical,0,0,0,0,0,0,0,1,0,0,1,1,False,False,C SARABIA OPTICAL
c salon,0,0,0,0,0,0,1,0,0,0,1,1,False,False,C-SALON
c eats refreshments,0,0,0,0,0,0,1,0,0,0,1,1,False,False,C Eats Refreshments
c concepcion & orthodontic clinic,0,0,1,0,0,0,0,0,0,0,1,1,False,False,C. Concepcion & Orthodontic Clinic
bytematic,0,0,0,0,0,0,0,1,0,0,1,1,False,False,BYTEMATIC
cafe lounge,0,0,0,0,1,0,0,0,0,0,1,1,False,False,Cafe Lounge
cafe nori,0,0,0,0,0,0,1,0,0,0,1,1,False,False,Cafe Nori
buco loco,0,0,0,0,0,0,1,0,0,0,1,1,False,False,BUCO LOCO
cafe vanleroe,0,0,0,0,0,0,0,0,0,1,1,1,False,False,CAFE VANLEROE
can diagnosis center,0,0,0,0,0,0,1,0,0,0,1,1,False,False,CAN DIAGNOSIS CENTER
camp jump,0,0,0,0,0,0,0,1,0,0,1,1,False,False,CAMP JUMP
camerahaus fujifilm,0,1,0,0,0,0,0,0,0,0,1,1,False,False,CAMERAHAUS / FUJIFILM
camera haus,0,0,0,0,0,0,1,0,0,0,1,1,False,False,Camera Haus
camella north office,0,0,0,0,0,0,0,0,1,0,1,1,False,False,CAMELLA NORTH OFFICE
camella condo homes,0,0,0,0,0,0,0,0,1,0,1,1,False,False,CAMELLA CONDO HOMES
camella,0,0,0,0,0,0,0,0,1,0,1,1,False,False,CAMELLA
cambridge child development centre,0,1,0,0,0,0,0,0,0,0,1,1,False,False,CAMBRIDGE CHILD DEVELOPMENT CENTRE
calvin klein underwear,0,0,0,0,0,0,1,0,0,0,1,1,False,False,CALVIN KLEIN UNDERWEAR
calvin klein jeans & underwear,0,0,0,0,0,0,1,0,0,0,1,1,False,False,Calvin Klein Jeans & Underwear
calvin klein by the watch store,0,0,0,0,0,0,0,1,0,0,1,1,False,False,CALVIN KLEIN BY THE WATCH STORE
calmar land,0,0,0,0,0,0,0,1,0,0,1,1,False,False,CALMAR LAND
calle reyes,0,0,0,0,0,0,0,1,0,0,1,1,False,False,CALLE REYES
california nails,0,0,1,0,0,0,0,0,0,0,1,1,False,False,California Nails
california nail spa,0,0,0,0,0,1,0,0,0,0,1,1,False,False,California Nail Spa
caleon bakery,0,0,0,0,0,0,1,0,0,0,1,1,False,False,CALEON BAKERY
cakes eatcetera,0,0,0,0,0,0,0,1,0,0,1,1,False,False,CAKES EATCETERA
cakes by mark,0,0,0,0,0,0,0,1,0,0,1,1,False,False,CAKES BY MARK
cakeistry,0,1,0,0,0,0,0,0,0,0,1,1,False,False,CAKEISTRY
cake out cakeshop,0,1,0,0,0,0,0,0,0,0,1,1,False,False,CAKE-OUT CAKESHOP
cake miss,0,0,0,0,0,0,0,1,0,0,1,1,False,False,CAKE MISS
cake co,0,0,0,0,0,0,1,0,0,0,1,1,False,False,CAKE CO
cake and cakes,0,0,1,0,0,0,0,0,0,0,1,1,False,False,Cake And Cakes
cake & cakes bakeshop,0,0,0,0,0,0,0,0,0,1,1,1,False,False,CAKE & CAKES BAKESHOP
caifu massage chair,0,0,0,0,0,0,1,0,0,0,1,1,False,False,Caifu Massage Chair
caffe la tea,0,0,0,0,0,0,1,0,0,0,1,1,False,False,CAFFE LA TEA
caffe freddo,0,1,0,0,0,0,0,0,0,0,1,1,False,False,CAFFE FREDDO
cafesiklista cafe,0,0,0,0,0,0,0,1,0,0,1,1,False,False,CAFESIKLISTA CAFÉ
cafe vivian,0,0,0,0,0,0,0,1,0,0,1,1,False,False,CAFE VIVIAN
byte matic,0,0,0,0,0,0,1,0,0,0,1,1,False,False,Byte Matic
byrons backribs grill house,0,1,0,0,0,0,0,0,0,0,1,1,False,False,BYRONS BACKRIBS GRILL HOUSE
bw bakeshop,0,0,0,0,0,0,0,0,0,1,1,1,False,False,BW Bakeshop
bvlgari,0,1,0,0,0,0,0,0,0,0,1,1,False,False,BVLGARI
bump n spin,0,0,0,0,0,0,1,0,0,0,1,1,False,False,BUMP N' SPIN
bump all you can,0,0,0,0,0,0,1,0,0,0,1,1,False,False,BUMP ALL YOU CAN
bum black army,1,0,0,0,0,0,0,0,0,0,1,1,False,False,Bum Black Army
bum,0,0,0,0,0,0,1,0,0,0,1,1,False,False,Bum
bully boy,0,0,0,0,0,1,0,0,0,0,1,1,False,False,Bully Boy
bulawan panaderya,0,0,0,0,0,0,0,1,0,0,1,1,False,False,BULAWAN PANADERYA
bulacan sweets,0,0,0,0,0,0,0,1,0,0,1,1,False,False,BULACAN SWEETS
bulacan products,0,1,0,0,0,0,0,0,0,0,1,1,False,False,BULACAN PRODUCTS
bulacan lugaw kitchen,0,0,0,0,1,0,0,0,0,0,1,1,False,False,Bulacan Lugaw Kitchen
bukofrio,0,1,0,0,0,0,0,0,0,0,1,1,False,False,BUKOFRIO
buko station,0,0,0,0,0,0,1,0,0,0,1,1,False,False,Buko Station
buko pilipino,0,0,0,0,0,0,1,0,0,0,1,1,False,False,Buko Pilipino
buko ni juan,0,0,0,0,0,0,1,0,0,0,1,1,False,False,Buko Ni Juan
buko mo,0,0,0,0,0,0,1,0,0,0,1,1,False,False,BUKO MO!
buko line,0,0,0,0,0,0,1,0,0,0,1,1,False,False,BUKO LINE
buko king,0,0,0,0,0,0,0,1,0,0,1,1,False,False,BUKO KING
buko juan & juan chow,0,0,0,0,0,0,1,0,0,0,1,1,False,False,BUKO JUAN & JUAN CHOW
buko express pies & sweets,0,0,0,0,0,0,1,0,0,0,1,1,False,False,BUKO EXPRESS PIES & SWEETS
buko bravo,0,0,0,0,0,0,1,0,0,0,1,1,False,False,Buko Bravo
builtamart,0,0,0,0,0,0,0,1,0,0,1,1,False,False,BUILTAMART
bugsys,0,0,0,0,1,0,0,0,0,0,1,1,False,False,Bugsy's
bugsay seafood restaurant,0,0,0,0,0,0,0,1,0,0,1,1,False,False,BUGSAY SEAFOOD RESTAURANT
buffet,0,0,0,0,0,0,1,0,0,0,1,1,False,False,Buffet 101 0917 845 9989 (OPEN)
buffalo wild wings,0,0,0,0,0,0,0,1,0,0,1,1,False,False,BUFFALO WILD WINGS
buffalo ave,0,0,0,0,0,0,1,0,0,0,1,1,False,False,BUFFALO AVE
buff spa,0,0,0,0,0,0,0,1,0,0,1,1,False,False,BUFF SPA
buenas sausage and fries,0,0,0,0,0,0,1,0,0,0,1,1,False,False,BUENAS SAUSAGE AND FRIES
budz cafe,0,0,0,0,0,0,0,1,0,0,1,1,False,False,BUDZ CAFÉ
buddys pancit,0,1,0,0,0,0,0,0,0,0,1,1,False,False,BUDDY'S PANCIT
bunsikjip,0,0,0,0,1,0,0,0,0,0,1,1,False,False,Bunsikjip
burberry,0,1,0,0,0,0,0,0,0,0,1,1,False,False,BURBERRY
burda,0,0,0,0,0,0,1,0,0,0,1,1,False,False,Burda
burrp tees,0,0,1,0,0,0,0,0,0,0,1,1,False,False,Burrp Tees
buzzz ice cream,0,0,0,0,0,0,1,0,0,0,1,1,False,False,The Buzzz Ice Cream
buzz superdrinks,0,0,0,0,1,0,0,0,0,0,1,1,False,False,Buzz Superdrinks
buzz & brew,0,0,0,0,1,0,0,0,0,0,1,1,False,False,Buzz & Brew
buu buu frozen yogurt,0,0,0,0,0,0,1,0,0,0,1,1,False,False,BUU BUU FROZEN YOGURT
butuan lechon and seafoods grill,0,0,0,0,0,0,0,1,0,0,1,1,False,False,BUTUAN LECHON AND SEAFOODS GRILL
buttery co,0,0,0,0,0,0,0,1,0,0,1,1,False,False,BUTTERY CO
butterboy,0,0,0,0,0,0,0,1,0,0,1,1,False,False,BUTTERBOY
butter grill,0,0,0,0,0,0,0,1,0,0,1,1,False,False,BUTTER GRILL
butter ensaymadas,0,0,0,0,0,0,0,1,0,0,1,1,False,False,BUTTER ENSAYMADAS
butot balat,0,0,0,0,1,0,0,0,0,0,1,1,False,False,Buto't Balat
buting ting general merchandise,0,1,0,0,0,0,0,0,0,0,1,1,False,False,BUTING-TING GENERAL MERCHANDISE
butcher boy,0,0,0,0,1,0,0,0,0,0,1,1,False,False,Butcher Boy
business one stop shop,0,0,0,0,0,0,1,0,0,0,1,1,False,False,Business One Stop Shop
burrow,0,0,0,0,0,0,0,1,0,0,1,1,False,False,BURROW
bureau of internal revenue,0,0,0,1,0,0,0,0,0,0,1,1,False,False,BUREAU OF INTERNAL REVENUE
burrito food hub,0,0,0,0,0,0,0,1,0,0,1,1,False,False,BURRITO FOOD HUB
burp co,0,0,0,0,0,0,0,1,0,0,1,1,False,False,THE BURP CO
burnt edges by shrimp bucket,0,0,0,0,1,0,0,0,0,0,1,1,False,False,Burnt Edges By Shrimp Bucket
burgoo american bar & restaurant,0,1,0,0,0,0,0,0,0,0,1,1,False,False,BURGOO AMERICAN BAR & RESTAURANT
burgoo,0,0,0,0,0,0,0,1,0,0,1,1,False,False,BURGOO
burgerbomb,0,0,0,0,0,0,0,0,0,1,1,1,False,False,Burgerbomb
burger queen,0,0,0,0,0,0,0,0,0,1,1,1,False,False,Burger Queen
burger nook,0,0,0,0,0,0,1,0,0,0,1,1,False,False,Burger Nook
burger machine,0,0,0,0,0,0,1,0,0,0,1,1,False,False,BURGER MACHINE
burger joint,0,1,0,0,0,0,0,0,0,0,1,1,False,False,THE BURGER JOINT
burger assembly,0,0,0,0,0,0,0,1,0,0,1,1,False,False,BURGER ASSEMBLY
bureau og immigration,0,0,0,0,0,0,1,0,0,0,1,1,False,False,BUREAU OG IMMIGRATION
bureau of quarantine (boq),0,0,0,0,0,0,1,0,0,0,1,1,False,False,BUREAU OF QUARANTINE (BOQ)
blue wonder coffee,0,0,0,0,0,1,0,0,0,0,1,1,False,False,Blue Wonder Coffee
blue water day spa,0,0,0,0,0,1,0,0,0,0,1,1,False,False,Blue Water Day Spa
blue seas seafood restaurant,0,0,0,0,0,0,1,0,0,0,1,1,False,False,BLUE SEAS SEAFOOD RESTAURANT
bcn by las flores,0,0,0,0,0,0,0,1,0,0,1,1,False,False,BCN BY LAS FLORES
bc26 kiosk,1,0,0,0,0,0,0,0,0,0,1,1,False,False,Bc26 Kiosk
bbrows & nails spa,0,0,1,0,0,0,0,0,0,0,1,1,False,False,B’brows & Nails Spa
bbq king,0,0,0,0,0,0,1,0,0,0,1,1,False,False,BBQ KING TEMPORARILY CLOSED
bbbe accessories,0,0,0,0,0,0,1,0,0,0,1,1,False,False,BBBE ACCESSORIES
bazinga,0,0,0,0,0,0,1,0,0,0,1,1,False,False,BAZINGA
bazaar del mundo,0,0,0,0,0,0,1,0,0,0,1,1,False,False,Bazaar Del Mundo
bawais vietnamese kitchen,0,0,0,0,0,0,0,1,0,0,1,1,False,False,BAWAIS VIETNAMESE KITCHEN
bawais,0,0,0,0,0,1,0,0,0,0,1,1,False,False,Bawai's
bausa massage,0,0,0,0,0,0,1,0,0,0,1,1,False,False,Bausa Massage
battery man,0,0,0,0,0,0,0,1,0,0,1,1,False,False,BATTERY MAN
batinga animal medical center,0,0,0,0,0,0,0,1,0,0,1,1,False,False,BATINGA ANIMAL MEDICAL CENTER
bath & body works,0,0,0,0,0,0,0,1,0,0,1,1,False,False,BATH & BODY WORKS
baterya ph,0,0,1,0,0,0,0,0,0,0,1,1,False,False,Baterya Ph
batar shoes trading,0,0,0,0,0,0,1,0,0,0,1,1,False,False,BATAR SHOES TRADING
basteakoy fruit overload slushie,0,0,0,0,0,0,0,1,0,0,1,1,False,False,BASTEAKOY FRUIT OVERLOAD SLUSHIE
bassack yellow chicken food house,0,0,0,0,0,0,0,1,0,0,1,1,False,False,BASSACK YELLOW CHICKEN FOOD HOUSE
basics and organics,0,0,1,0,0,0,0,0,0,0,1,1,False,False,Basics And Organics
basics and organic,0,0,0,0,1,0,0,0,0,0,1,1,False,False,Basics And Organic
basekamp,0,0,0,0,0,0,1,0,0,0,1,1,False,False,BASEKAMP
basa books,0,1,0,0,0,0,0,0,0,0,1,1,False,False,BASA BOOKS
barphones,0,0,0,0,0,0,0,1,0,0,1,1,False,False,BARPHONES
baron barbershop,0,0,0,0,0,0,0,1,0,0,1,1,False,False,THE BARON BARBERSHOP
barn kitchen,0,0,0,0,0,1,0,0,0,0,1,1,False,False,The Barn Kitchen
barkyard pet salon,0,0,0,0,0,0,1,0,0,0,1,1,False,False,BARKYARD PET SALON '09707766167 (NEW)
barking fellas,0,0,0,0,0,0,0,1,0,0,1,1,False,False,BARKING FELLAS
barkin blends,0,0,0,0,0,1,0,0,0,0,1,1,False,False,Barkin' Blends
barkhaus,0,0,0,0,1,0,0,0,0,0,1,1,False,False,Barkhaus
bark haus,0,0,0,0,0,1,0,0,0,0,1,1,False,False,Bark Haus
bark & beyond,0,0,0,0,0,1,0,0,0,0,1,1,False,False,Bark & Beyond
bcg digital generation,0,0,0,0,0,0,0,1,0,0,1,1,False,False,BCG DIGITAL GENERATION
bdo cash hub,0,0,0,0,0,0,0,0,0,1,1,1,False,False,BDO Cash Hub
bee blessings,0,1,0,0,0,0,0,0,0,0,1,1,False,False,BEE BLESSINGS
bdo consumer lending,0,0,0,0,0,0,0,0,0,1,1,1,False,False,BDO Consumer Lending
becs salon & spa,0,0,0,0,0,0,0,1,0,0,1,1,False,False,BEC'S SALON & SPA
bebos bombay burritos,0,0,0,0,0,0,0,1,0,0,1,1,False,False,BEBOS BOMBAY BURRITOS
beauwarts,0,0,0,0,0,1,0,0,0,0,1,1,False,False,Beauwarts
beauty society,0,0,0,0,0,0,0,1,0,0,1,1,False,False,THE BEAUTY SOCIETY
beauty palace salon and nail spa,0,1,0,0,0,0,0,0,0,0,1,1,False,False,BEAUTY PALACE SALON AND NAIL SPA
beauty goals,0,0,0,0,0,0,1,0,0,0,1,1,False,False,BEAUTY GOALS
beauty getaway wellness spa,0,0,0,0,0,0,0,1,0,0,1,1,False,False,BEAUTY GETAWAY WELLNESS SPA
beauty getaway,0,1,0,0,0,0,0,0,0,0,1,1,False,False,BEAUTY GETAWAY
beauty eves cosmetics,0,0,0,0,0,0,0,0,0,1,1,1,False,False,Beauty Eve's Cosmetics
beauty bar dashing diva,0,1,0,0,0,0,0,0,0,0,1,1,False,False,BEAUTY BAR / DASHING DIVA
beauty and wellness,0,0,0,0,0,0,1,0,0,0,1,1,False,False,Beauty and Wellness
beautify by beautederm,0,0,0,0,0,0,1,0,0,0,1,1,False,False,Beautify by Beautederm
beats & ticks,0,0,0,0,0,0,1,0,0,0,1,1,False,False,BEATS & TICKS 0916-337-0969
beatrix lotto outlet,0,0,0,0,0,0,1,0,0,0,1,1,False,False,BEATRIX LOTTO OUTLET
beas bibingka,0,0,0,0,0,0,0,1,0,0,1,1,False,False,BEA'S BIBINGKA
bearhuggs,0,0,0,0,0,0,0,1,0,0,1,1,False,False,BEARHUGGS
beard papas,0,0,0,0,0,0,1,0,0,0,1,1,False,False,BEARD PAPA'S
beany coffee,0,0,0,0,0,0,0,1,0,0,1,1,False,False,BEANY COFFEE
beanleaf coffee tea,0,0,0,0,0,0,0,1,0,0,1,1,False,False,BEANLEAF COFFEE TEA
beanleaf coffee & tea,0,0,0,0,0,0,1,0,0,0,1,1,False,False,Beanleaf Coffee & Tea
beajeanne pasalubong shoppe,0,0,0,0,0,0,0,0,0,1,1,1,False,False,Beajeanne Pasalubong Shoppe
bead shop,0,1,0,0,0,0,0,0,0,0,1,1,False,False,THE BEAD SHOP
bead bugz,0,1,0,0,0,0,0,0,0,0,1,1,False,False,BEAD BUGZ
be u simply fab,0,0,0,0,0,0,1,0,0,0,1,1,False,False,BE-U @Simply Fab
be u fashion collection,0,1,0,0,0,0,0,0,0,0,1,1,False,False,BE U FASHION COLLECTION
be polished,0,0,0,1,0,0,0,0,0,0,1,1,False,False,BE POLISHED
bdo unibank inc,0,0,0,0,0,0,0,0,0,1,1,1,False,False,BDO Unibank Inc.
bdo one network,0,0,0,0,0,0,0,0,0,1,1,1,False,False,BDO One Network
bdo network bank,0,0,0,0,0,0,1,0,0,0,1,1,False,False,BDO NETWORK BANK
baristart coffee,0,0,0,0,0,1,0,0,0,0,1,1,False,False,Baristart Coffee
barista coffee beans,0,0,0,0,0,0,0,1,0,0,1,1,False,False,BARISTA COFFEE BEANS
barikata ramen bar,0,0,0,0,0,0,0,1,0,0,1,1,False,False,BARIKATA RAMEN BAR
barefruit,0,0,0,0,0,0,0,1,0,0,1,1,False,False,BAREFRUIT
balai,0,0,0,0,0,0,0,1,0,0,1,1,False,False,BALAI
baks pc,1,0,0,0,0,0,0,0,0,0,1,1,False,False,Baks Pc
baking crew,0,0,0,0,1,0,0,0,0,0,1,1,False,False,The Baking Crew
bakers plaza,0,0,0,0,0,0,1,0,0,0,1,1,False,False,Baker's Plaza
bakers ph,0,0,0,0,0,0,1,0,0,0,1,1,False,False,Bakers Ph
bakers percent bakeshop,0,0,0,0,0,0,0,1,0,0,1,1,False,False,BAKERS PERCENT BAKESHOP
bakers percent,0,0,0,0,0,0,1,0,0,0,1,1,False,False,Bakers Percent
bakers champ,0,0,0,0,0,0,0,1,0,0,1,1,False,False,BAKERS CHAMP
baker j,0,0,1,0,0,0,0,0,0,0,1,1,False,False,Baker J
baker bob,0,0,0,0,0,0,1,0,0,0,1,1,False,False,Baker Bob
baked by baby,0,0,0,0,0,0,0,1,0,0,1,1,False,False,BAKED BY BABY
bake n churn,0,0,0,0,0,0,0,0,0,1,1,1,False,False,Bake N' Churn
bake and churn,0,0,0,0,0,0,0,1,0,0,1,1,False,False,BAKE AND CHURN
baiprints hub graphics & advertising,0,0,0,0,0,0,1,0,0,0,1,1,False,False,Baiprints Hub Graphics & Advertising
bahnmi kitchen bmkn,0,0,0,0,0,1,0,0,0,0,1,1,False,False,Bahnmi Kitchen - Bmkn
baguio pet habitat,0,0,0,0,0,0,0,1,0,0,1,1,False,False,BAGUIO PET HABITAT
baguio country club,0,0,0,0,0,0,0,1,0,0,1,1,False,False,BAGUIO COUNTRY CLUB
baguio bingo,0,0,0,0,0,0,0,1,0,0,1,1,False,False,BAGUIO BINGO
baguio,0,1,0,0,0,0,0,0,0,0,1,1,False,False,BAGUIO
bags to riches,0,1,0,0,0,0,0,0,0,0,1,1,False,False,BAGS TO RICHES
bagnet and beyond,0,0,0,0,0,0,1,0,0,0,1,1,False,False,Bagnet and Beyond
bagful of glitter,0,0,0,0,0,0,1,0,0,0,1,1,False,False,Bagful of Glitter 0917 882 0906 (NEW)
bag tag,0,1,0,0,0,0,0,0,0,0,1,1,False,False,BAG TAG
bag rx,0,0,0,0,0,0,1,0,0,0,1,1,False,False,Bag RX
bag of beans,0,0,0,0,0,0,1,0,0,0,1,1,False,False,Bag Of Beans
bag genie vintage & collectibles,0,1,0,0,0,0,0,0,0,0,1,1,False,False,THE BAG GENIE VINTAGE  & COLLECTIBLES
bad boys wingz,0,1,0,0,0,0,0,0,0,0,1,1,False,False,BAD BOYS WINGZ
bad bowl,0,0,0,0,0,0,1,0,0,0,1,1,False,False,Bad Bowl (TEMPORARILY CLOSED)
bad bird & tsukemen ramen,0,0,0,0,1,0,0,0,0,0,1,1,False,False,Bad Bird & Tsukemen Ramen
balai ilonggo,0,0,0,0,1,0,0,0,0,0,1,1,False,False,Balai Ilonggo
balenciaga,0,1,0,0,0,0,0,0,0,0,1,1,False,False,BALENCIAGA
bali thai massage & wellness spa,0,1,0,0,0,0,0,0,0,0,1,1,False,False,BALI-THAI MASSAGE & WELLNESS SPA
bangus restaurant,0,0,0,0,0,0,0,1,0,0,1,1,False,False,BANGUS RESTAURANT
bare skin waxing studio,0,0,0,0,0,0,0,1,0,0,1,1,False,False,BARE SKIN WAXING STUDIO
bare fitness,0,0,0,0,1,0,0,0,0,0,1,1,False,False,Bare Fitness
barbero blues,0,0,0,0,0,0,0,1,0,0,1,1,False,False,BARBERO BLUES
barber shop,0,0,0,0,0,0,1,0,0,0,1,1,False,False,THE BARBER SHOP (0991-252-9469)
bar shu,0,0,0,0,0,0,1,0,0,0,1,1,False,False,BAR SHU
bar oku,0,0,0,0,0,0,1,0,0,0,1,1,False,False,BAR OKU
bank of the pilippine islands,0,0,0,0,0,0,1,0,0,0,1,1,False,False,Bank of the Pilippine Islands
bank of the philippines,0,0,0,0,0,0,1,0,0,0,1,1,False,False,Bank of the Philippines
bank of the philippine island,0,0,0,0,0,0,1,0,0,0,1,1,False,False,Bank of the Philippine Island
banila co,0,0,1,0,0,0,0,0,0,0,1,1,False,False,Banila Co
banh pho,0,0,0,0,0,0,1,0,0,0,1,1,False,False,Banh Pho
banh mi kitchen ca phe,0,0,0,0,0,0,0,1,0,0,1,1,False,False,BANH MI KITCHEN CA PHE
banh hi kitchen,0,0,0,0,0,0,1,0,0,0,1,1,False,False,BANH HI KITCHEN
bangs prime salon and t&j salon professionals,0,1,0,0,0,0,0,0,0,0,1,1,False,False,BANG’S PRIME SALON AND T&J SALON PROFESSIONALS
balikbayan handicrafts,0,1,0,0,0,0,0,0,0,0,1,1,False,False,BALIKBAYAN HANDICRAFTS
bangkok kitchen,0,0,0,0,0,0,0,1,0,0,1,1,False,False,BANGKOK KITCHEN
banco de oro (bdo),0,0,0,0,0,0,0,1,0,0,1,1,False,False,BANCO DE ORO (BDO)
banana peel flip flops,0,0,0,0,0,0,1,0,0,0,1,1,False,False,Banana Peel Flip Flops
bambu desserts drinks,0,0,0,0,0,0,0,1,0,0,1,1,False,False,BAMBU DESSERTS DRINKS
bambu,0,0,0,0,0,0,1,0,0,0,1,1,False,False,Bambu
bamboo bags,0,0,0,0,0,0,1,0,0,0,1,1,False,False,Bamboo Bags
balls more,0,0,0,0,0,0,0,1,0,0,1,1,False,False,BALLS MORE
ballet philippines,0,0,0,0,0,0,0,1,0,0,1,1,False,False,BALLET PHILIPPINES
ballet manila,0,0,0,1,0,0,0,0,0,0,1,1,False,False,Ballet Manila
ballet center,0,1,0,0,0,0,0,0,0,0,1,1,False,False,BALLET CENTER
baliwag lechon,0,0,0,0,0,0,1,0,0,0,1,1,False,False,BALIWAG LECHON
baliwag,0,0,0,1,0,0,0,0,0,0,1,1,False,False,BALIWAG
balispaholics,0,0,0,0,0,0,1,0,0,0,1,1,False,False,Balispaholics
bee & co,0,0,1,0,0,0,0,0,0,0,1,1,False,False,Bee & Co.
bee healthy,0,0,0,0,0,0,1,0,0,0,1,1,False,False,Bee Healthy
blue posts boiling crabs shrimps,0,0,0,0,0,0,0,1,0,0,1,1,False,False,BLUE POSTS BOILING CRABS SHRIMPS
biryani house restaurant,0,0,0,0,0,0,0,1,0,0,1,1,False,False,BIRYANI HOUSE RESTAURANT
birkenstock (pop up),0,0,1,0,0,0,0,0,0,0,1,1,False,False,Birkenstock (pop Up)
bird boss the new bird of the block,0,0,0,0,0,0,0,1,0,0,1,1,False,False,BIRD BOSS THE NEW BIRD OF THE BLOCK
bir rd038,0,0,0,1,0,0,0,0,0,0,1,1,False,False,BIR RD038
bir notarial & photocopying,0,0,0,1,0,0,0,0,0,0,1,1,False,False,BIR Notarial & Photocopying
bir,0,0,0,1,0,0,0,0,0,0,1,1,False,False,BIR
biovitalis institute by centro holistico,0,0,0,0,0,0,0,1,0,0,1,1,False,False,BIOVITALIS INSTITUTE BY CENTRO HOLISTICO
biofresh,0,0,0,0,1,0,0,0,0,0,1,1,False,False,Biofresh
binuhat arts crafts,0,0,0,0,0,0,0,1,0,0,1,1,False,False,BINUHAT ARTS CRAFTS
bingomania,0,0,0,0,0,0,0,0,1,0,1,1,False,False,BINGOMANIA
bingo xtreme,0,0,1,0,0,0,0,0,0,0,1,1,False,False,Bingo Xtreme
bingo sa nova,0,0,0,0,0,0,0,1,0,0,1,1,False,False,BINGO SA NOVA
bingo plaza,0,0,0,0,0,0,0,1,0,0,1,1,False,False,BINGO PLAZA
bingo paradise,0,0,0,0,0,0,1,0,0,0,1,1,False,False,BINGO PARADISE
bingo palace,0,0,0,0,0,0,1,0,0,0,1,1,False,False,Bingo Palace
bingo manila,0,0,0,0,0,0,0,0,1,0,1,1,False,False,BINGO MANILA
bingo gallery,0,0,0,0,0,0,0,1,0,0,1,1,False,False,BINGO GALLERY
bingo extreme,0,0,0,0,1,0,0,0,0,0,1,1,False,False,Bingo Extreme
bingo empress,0,0,0,0,0,0,0,1,0,0,1,1,False,False,BINGO EMPRESS
bingo dinero,0,0,0,0,0,0,0,1,0,0,1,1,False,False,BINGO DINERO
bingo city,0,0,0,0,0,0,0,1,0,0,1,1,False,False,BINGO CITY
bingo boutique,0,0,0,0,1,0,0,0,0,0,1,1,False,False,Bingo Boutique
bingo,0,0,0,0,0,0,0,1,0,0,1,1,False,False,BINGO
bingchun tea,0,0,0,0,0,0,1,0,0,0,1,1,False,False,BINGCHUN TEA
binan fast food,0,0,0,0,0,0,0,1,0,0,1,1,False,False,BIÑAN FAST FOOD
billyard sports bar,0,0,0,0,1,0,0,0,0,0,1,1,False,False,Billyard Sports Bar
billyard sports & music bar,0,0,0,0,1,0,0,0,0,0,1,1,False,False,Billyard Sports & Music Bar
bills lounge,0,0,0,0,1,0,0,0,0,0,1,1,False,False,Bill's Lounge
bikoi bikes,0,0,0,0,0,0,0,1,0,0,1,1,False,False,BIKOI BIKES
bikes & coffee manila,0,0,0,0,1,0,0,0,0,0,1,1,False,False,Bikes & Coffee Manila
biryani boys,0,0,0,0,0,0,0,1,0,0,1,1,False,False,BIRYANI BOYS
biryanist,0,0,0,0,1,0,0,0,0,0,1,1,False,False,Biryanist
beef pares house,0,0,0,0,0,0,1,0,0,0,1,1,False,False,BEEF PARES HOUSE
bistro ravioli,0,0,0,0,0,0,0,1,0,0,1,1,False,False,BISTRO RAVIOLI
blue lagoon water station,0,0,0,0,0,0,0,1,0,0,1,1,False,False,BLUE LAGOON WATER STATION
blue kitchen,0,0,0,0,0,0,1,0,0,0,1,1,False,False,BLUE KITCHEN
blooms and bears flowers and gift shop,0,0,0,0,0,0,0,1,0,0,1,1,False,False,BLOOMS AND BEARS FLOWERS AND GIFT SHOP
bloomingdales,0,0,0,0,0,0,0,1,0,0,1,1,False,False,BLOOMINGDALES
blooming days flowers & plants,0,1,0,0,0,0,0,0,0,0,1,1,False,False,BLOOMING DAYS FLOWERS & PLANTS
blk boutique,0,0,0,0,0,0,1,0,0,0,1,1,False,False,BLK Boutique
blk 5 caf,0,0,0,0,0,0,0,1,0,0,1,1,False,False,BLK 5 CAF…
blk,0,0,0,0,0,0,1,0,0,0,1,1,False,False,BLK
blissful glam nail spa,0,1,0,0,0,0,0,0,0,0,1,1,False,False,BLISSFUL GLAM NAIL SPA
blink,0,0,0,0,0,0,0,1,0,0,1,1,False,False,BLINK
blemish free natures skin care,0,0,0,0,0,0,0,1,0,0,1,1,False,False,BLEMISH FREE NATURES SKIN CARE
blackstem tea & coffee,0,0,0,0,1,0,0,0,0,0,1,1,False,False,BlackStem Tea & Coffee
blackbelle tattoo shop,0,0,0,0,0,0,1,0,0,0,1,1,False,False,BLACKBELLE TATTOO SHOP
blackbeards seafood island bikers cafe,0,0,0,0,0,0,0,1,0,0,1,1,False,False,BLACKBEARD'S SEAFOOD ISLAND BIKERS CAFE
black pearl johnn lemon,0,1,0,0,0,0,0,0,0,0,1,1,False,False,BLACK PEARL/JOHNN LEMON
black pearl i,0,0,0,0,0,0,1,0,0,0,1,1,False,False,BLACK PEARL I 0938-035-4081
black pearl cosmetics,0,1,0,0,0,0,0,0,0,0,1,1,False,False,BLACK PEARL COSMETICS
black pearl by sea of spa,0,0,0,0,0,0,0,1,0,0,1,1,False,False,BLACK PEARL BY SEA OF SPA
bl petshop salon,0,0,0,0,0,0,0,1,0,0,1,1,False,False,BL PETSHOP SALON
bl petshop,0,0,0,0,0,0,1,0,0,0,1,1,False,False,BL Petshop
bl altoberos food products,0,0,0,0,0,0,1,0,0,0,1,1,False,False,BL ALTOBEROS FOOD PRODUCTS ( TEMPORARILY CLOSED)
bj twin shawarma,0,0,0,0,0,0,1,0,0,0,1,1,False,False,BJ TWIN SHAWARMA
bj shawarma house,0,0,0,0,0,0,1,0,0,0,1,1,False,False,BJ SHAWARMA HOUSE
bizu,0,0,0,0,0,1,0,0,0,0,1,1,False,False,Bizu
biyaya kofi,0,0,0,0,0,1,0,0,0,0,1,1,False,False,Biyaya Kofi
biyahe juan,0,0,0,0,1,0,0,0,0,0,1,1,False,False,Biyahe Juan
biu,0,0,1,0,0,0,0,0,0,0,1,1,False,False,Biu!
bite king snackbar,0,0,0,0,0,0,0,1,0,0,1,1,False,False,BITE KING SNACKBAR
bistro remedios,0,0,0,0,0,0,0,1,0,0,1,1,False,False,BISTRO REMEDIOS
bike my way,0,0,0,0,0,0,0,1,0,0,1,1,False,False,BIKE MY WAY
bigoli,0,1,0,0,0,0,0,0,0,0,1,1,False,False,BIGOLI
bigboys,0,0,0,0,0,1,0,0,0,0,1,1,False,False,Bigboys
big r lessors,0,1,0,0,0,0,0,0,0,0,1,1,False,False,BIG R LESSORS
bertmarks,0,1,0,0,0,0,0,0,0,0,1,1,False,False,BERTMARKS
berovan medical supplies,0,0,0,0,0,0,1,0,0,0,1,1,False,False,Berovan Medical Supplies
bernardos watch repair,0,0,0,0,0,0,1,0,0,0,1,1,False,False,Bernardo's Watch Repair
bernabest siomai house,0,0,0,0,0,0,0,1,0,0,1,1,False,False,BERNABEST SIOMAI HOUSE
berlein,0,0,0,0,0,0,0,1,0,0,1,1,False,False,BERLEIN
berches,0,0,0,0,0,1,0,0,0,0,1,1,False,False,Berches
beppos barbershop,0,0,0,1,0,0,0,0,0,0,1,1,False,False,Beppo's Barbershop
bensons graphic arts,0,0,0,0,0,0,0,1,0,0,1,1,False,False,BENSONS GRAPHIC ARTS
bens kitchen,0,1,0,0,0,0,0,0,0,0,1,1,False,False,BEN'S KITCHEN
bens halo halo ice cream,0,0,1,0,0,0,0,0,0,0,1,1,False,False,Ben’s Halo-halo Ice Cream
benlife,0,0,0,0,0,0,0,1,0,0,1,1,False,False,BENLIFE
benibana beauty hub,0,0,0,0,1,0,0,0,0,0,1,1,False,False,Benibana Beauty Hub
bench fix salon (pedro gil),0,0,0,0,0,0,1,0,0,0,1,1,False,False,Bench Fix Salon (Pedro Gil)
bench beauty,0,0,0,0,0,0,0,1,0,0,1,1,False,False,BENCH BEAUTY
bench & bench body,0,0,0,0,1,0,0,0,0,0,1,1,False,False,Bench & Bench Body
benanth,0,0,0,0,0,0,0,1,0,0,1,1,False,False,BENANTH
belly bob,0,0,0,0,0,0,1,0,0,0,1,1,False,False,BELLY BOB
bellus international,0,0,0,0,0,1,0,0,0,0,1,1,False,False,Bellus International
bellezza skin care and spa,0,0,0,0,0,0,1,0,0,0,1,1,False,False,BELLEZZA SKIN CARE AND SPA
bellemoire,0,0,1,0,0,0,0,0,0,0,1,1,False,False,Bellemoire
bellecrown salon,0,0,0,0,0,0,0,1,0,0,1,1,False,False,BELLECROWN SALON
belle ville pancake cafe,0,0,0,0,0,0,0,1,0,0,1,1,False,False,BELLE-VILLE PANCAKE CAFÉ
bella mecanica salon,0,0,0,0,0,0,0,1,0,0,1,1,False,False,BELLA MECANICA SALON
bella glowing skin,0,0,0,0,0,0,1,0,0,0,1,1,False,False,Bella Glowing Skin
bella blossom flower shop,0,0,0,0,0,0,0,1,0,0,1,1,False,False,BELLA-BLOSSOM FLOWER SHOP
belaggio bingo,0,0,0,1,0,0,0,0,0,0,1,1,False,False,Belaggio Bingo
being juice,0,0,0,0,0,0,1,0,0,0,1,1,False,False,Being Juice
behue,1,0,0,0,0,0,0,0,0,0,1,1,False,False,Behue
beginnings the ring store,0,0,0,0,0,0,0,1,0,0,1,1,False,False,BEGINNINGS THE RING STORE
bertos liempo,0,0,0,0,0,0,1,0,0,0,1,1,False,False,Berto's Liempo
beso beso,0,0,0,0,0,0,1,0,0,0,1,1,False,False,Beso-Beso
best cool bicycle,0,0,0,0,0,0,1,0,0,0,1,1,False,False,BEST COOL BICYCLE
bibingkintan,0,0,0,0,0,0,1,0,0,0,1,1,False,False,Bibingkintan
big picture,0,0,0,0,0,0,0,0,0,1,1,1,False,False,The Big Picture
big paws,0,0,0,0,0,1,0,0,0,0,1,1,False,False,Big Paws
big mummys,0,0,0,0,0,0,1,0,0,0,1,1,False,False,Big Mummy's
big mommas artisan pies co,0,0,0,0,0,0,0,1,0,0,1,1,False,False,BIG MOMMAS ARTISAN PIES CO
big joy kids,0,1,0,0,0,0,0,0,0,0,1,1,False,False,BIG JOY KIDS
big joy,0,0,1,0,0,0,0,0,0,0,1,1,False,False,Big Joy
big jewelry creation,0,0,0,0,0,0,0,1,0,0,1,1,False,False,BIG JEWELRY CREATION
big boys toyshoppe,0,0,0,1,0,0,0,0,0,0,1,1,False,False,Big Boy's Toyshoppe
big boys toy store,0,1,0,0,0,0,0,0,0,0,1,1,False,False,BIG BOYS TOY STORE
big boys,0,0,1,0,0,0,0,0,0,0,1,1,False,False,Big Boys
big boss barbers,0,0,0,0,1,0,0,0,0,0,1,1,False,False,Big Boss Barbers
big bee,0,0,0,0,1,0,0,0,0,0,1,1,False,False,The Big Bee
big & small & chicco,0,0,0,0,1,0,0,0,0,0,1,1,False,False,Big & Small & Chicco
bibingka mnl,0,0,0,0,0,0,1,0,0,0,1,1,False,False,Bibingka MNL
best lolama,0,0,0,0,0,0,1,0,0,0,1,1,False,False,Best Lolama
bibingka manila,0,0,0,0,0,0,0,1,0,0,1,1,False,False,BIBINGKA MANILA
bianang delicacies,0,0,0,0,0,0,0,0,0,1,1,1,False,False,BIANANG DELICACIES
bhf jewelry & cash loan,0,0,0,0,0,0,1,0,0,0,1,1,False,False,BHF Jewelry & Cash Loan
bhdc barrera hernandez dental diagnostics,0,0,0,0,0,0,0,1,0,0,1,1,False,False,BHDC BARRERA-HERNANDEZ DENTAL DIAGNOSTICS
beyond polish,0,0,0,0,0,0,0,1,0,0,1,1,False,False,BEYOND POLISH
between days,0,0,0,0,0,0,1,0,0,0,1,1,False,False,BETWEEN DAYS
bettinas fashion boutique,0,0,0,0,0,0,1,0,0,0,1,1,False,False,BETTINA'S FASHION BOUTIQUE (OPEN)
better burger,0,0,0,0,0,0,0,1,0,0,1,1,False,False,BETTER BURGER
bestfriend pawever,0,0,0,0,0,0,1,0,0,0,1,1,False,False,Bestfriend Pawever
best toys,0,0,0,0,0,1,0,0,0,0,1,1,False,False,Best Toys
best print,0,0,0,1,0,0,0,0,0,0,1,1,False,False,Best Print
best peak ice cream,0,0,0,0,0,0,1,0,0,0,1,1,False,False,BEST PEAK ICE CREAM
best nephro specialist corporation,0,0,0,0,0,0,1,0,0,0,1,1,False,False,Best Nephro Specialist Corporation
favorite brew,0,0,1,0,0,0,0,0,0,0,1,1,False,False,Favorite Brew
faxcable,0,0,0,0,0,1,0,0,0,0,1,1,False,False,Faxcable
fc home center,0,0,0,0,0,0,1,0,0,0,1,1,False,False,FC HOME CENTER
lasquite dental and medical clinic,0,0,0,0,0,0,0,1,0,0,1,1,False,False,LASQUITE DENTAL AND MEDICAL CLINIC
lashgasm,0,0,0,0,0,0,0,1,0,0,1,1,False,False,LASHGASM
laserase md,0,0,0,0,0,0,1,0,0,0,1,1,False,False,Laserase MD
laserase m d,0,0,0,0,0,0,0,0,0,1,1,1,False,False,Laserase M.D.
laser madness,0,0,1,0,0,0,0,0,0,0,1,1,False,False,Laser Madness
las fresas,0,0,0,0,0,0,1,0,0,0,1,1,False,False,LAS FRESAS
larrazabal eye,0,0,0,0,0,0,0,1,0,0,1,1,False,False,LARRAZABAL EYE
large screen format,0,0,0,0,0,0,0,1,0,0,1,1,False,False,LARGE SCREEN FORMAT
laragway,0,0,1,0,0,0,0,0,0,0,1,1,False,False,Laragway
laptop factory,0,1,0,0,0,0,0,0,0,0,1,1,False,False,LAPTOP FACTORY
laptop expert,0,0,0,0,0,0,0,1,0,0,1,1,False,False,THE LAPTOP EXPERT
lapilar jewellery,0,1,0,0,0,0,0,0,0,0,1,1,False,False,LAPILAR JEWELLERY
lapid dental clinic,0,0,0,0,0,0,1,0,0,0,1,1,False,False,Lapid Dental Clinic
lao taipei,0,0,0,0,0,1,0,0,0,0,1,1,False,False,Lao Taipei
landmark supermarket,0,0,1,0,0,0,0,0,0,0,1,1,False,False,Landmark Supermarket
landmark department store,0,0,1,0,0,0,0,0,0,0,1,1,False,False,Landmark Department Store
landmark banks,0,1,0,0,0,0,0,0,0,0,1,1,False,False,LANDMARK - BANKS
landers,0,0,0,0,1,0,0,0,0,0,1,1,False,False,Landers
lander,0,0,0,0,0,1,0,0,0,0,1,1,False,False,Lander
landcell,0,0,0,0,0,1,0,0,0,0,1,1,False,False,Landcell
landbank,0,0,0,0,0,0,0,1,0,0,1,1,False,False,LANDBANK
land registration authority,0,0,0,0,0,0,0,1,0,0,1,1,False,False,LAND REGISTRATION AUTHORITY
land bank,0,0,0,0,0,0,1,0,0,0,1,1,False,False,Land Bank
lanchi,0,0,0,0,0,0,1,0,0,0,1,1,False,False,Lanchi
lanas sweet delights,0,0,0,0,0,0,0,1,0,0,1,1,False,False,LANAS SWEET DELIGHTS
lamier jewelry,0,0,0,0,0,1,0,0,0,0,1,1,False,False,Lamier Jewelry
lam ay furniture,0,1,0,0,0,0,0,0,0,0,1,1,False,False,LAM-AY FURNITURE
lalaines fashion boutique,0,0,0,0,0,0,1,0,0,0,1,1,False,False,Lalaine's Fashion Boutique
lala annies sizzling food house,0,0,0,0,0,0,1,0,0,0,1,1,False,False,Lala Annie's Sizzling Food House
laizah beauty,0,0,0,0,0,0,1,0,0,0,1,1,False,False,LAIZAH BEAUTY
lashious,0,0,0,0,0,0,0,1,0,0,1,1,False,False,LASHIOUS
last scoop ice cream,0,0,0,0,0,0,0,1,0,0,1,1,False,False,LAST SCOOP ICE CREAM
lagalag,0,0,0,0,0,0,0,1,0,0,1,1,False,False,LAGALAG
laundry district,0,0,0,0,1,0,0,0,0,0,1,1,False,False,The Laundry District
learning hub,0,0,1,0,0,0,0,0,0,0,1,1,False,False,Learning Hub
leap grip,0,0,1,0,0,0,0,0,0,0,1,1,False,False,Leap Grip
lea salon,0,0,0,0,1,0,0,0,0,0,1,1,False,False,LEA Salon
le vibe ph,0,0,0,0,0,0,1,0,0,0,1,1,False,False,LE VIBE PH
le temps pandora,0,0,0,0,0,0,0,1,0,0,1,1,False,False,LE TEMPS PANDORA
le temps,0,0,0,0,1,0,0,0,0,0,1,1,False,False,Le Temps
le salon de coiffure,0,0,0,0,0,0,1,0,0,0,1,1,False,False,Le Salon De Coiffure
le petit bouquet manille,0,0,0,0,0,0,0,1,0,0,1,1,False,False,LE PETIT BOUQUET MANILLE
le petit bizu,0,0,0,0,0,0,1,0,0,0,1,1,False,False,Le Petit Bizu 9062284170
le katsu mnl street katsu,0,0,0,0,0,0,0,1,0,0,1,1,False,False,LE KATSU MNL STREET KATSU
le katsu manila,0,0,0,0,0,0,1,0,0,0,1,1,False,False,LE KATSU MANILA
le dessert,0,0,0,0,0,0,1,0,0,0,1,1,False,False,Le Dessert
le derion flowers,0,0,0,0,0,0,0,1,0,0,1,1,False,False,LE DERION FLOWERS
le ching tea house,0,0,0,0,0,1,0,0,0,0,1,1,False,False,Le Ching Tea House
ldm driving institute inc,0,0,0,0,0,0,1,0,0,0,1,1,False,False,LDM DRIVING INSTITUTE INC.
ldm driving institute,0,0,0,0,0,0,0,1,0,0,1,1,False,False,LDM DRIVING INSTITUTE
lca cellphone & accessories,0,0,0,0,0,0,1,0,0,0,1,1,False,False,LCA Cellphone & Accessories
lbc i,0,0,0,0,0,0,1,0,0,0,1,1,False,False,LBC I 0917-827-8894
lazy panda massage chair,0,0,0,0,0,0,1,0,0,0,1,1,False,False,LAZY PANDA MASSAGE CHAIR
lazerarena,0,0,0,0,0,0,0,1,0,0,1,1,False,False,LAZERARENA
lazer xtreme,0,1,0,0,0,0,0,0,0,0,1,1,False,False,LAZER XTREME
lazer musical instruments,0,1,0,0,0,0,0,0,0,0,1,1,False,False,LAZER MUSICAL INSTRUMENTS
lazer arena,0,0,0,0,0,0,0,1,0,0,1,1,False,False,LAZER ARENA
lazboy,0,1,0,0,0,0,0,0,0,0,1,1,False,False,LAZBOY
laybare plus,0,0,0,0,0,0,1,0,0,0,1,1,False,False,LAYBARE PLUS
laxare nail & day spa,0,0,1,0,0,0,0,0,0,0,1,1,False,False,Laxare Nail & Day Spa
1,0,0,0,0,0,0,1,0,0,0,1,1,False,False,1
laundrybest,0,0,0,0,0,0,0,1,0,0,1,1,False,False,LAUNDRYBEST
laundry room,0,0,0,0,0,0,0,1,0,0,1,1,False,False,THE LAUNDRY ROOM
lahlahlah,0,0,0,0,0,0,1,0,0,0,1,1,False,False,LAHLAHLAH
ladybelle nail and body spa,0,0,0,0,0,0,0,1,0,0,1,1,False,False,LADYBELLE NAIL AND BODY SPA
loliths empanada,0,0,0,0,0,0,1,0,0,0,1,1,False,False,Lolith's Empanada
la birria tacos & nachos,0,0,0,0,0,0,0,1,0,0,1,1,False,False,LA BIRRIA TACOS & NACHOS
l royale,0,0,0,0,0,0,1,0,0,0,1,1,False,False,L' Royale
l entrecote,0,0,0,0,1,0,0,0,0,0,1,1,False,False,L' Entrecote
l elegante salon,0,0,0,0,0,0,1,0,0,0,1,1,False,False,L Elegante Salon
l a music & sports center,0,0,0,0,0,0,0,1,0,0,1,1,False,False,L.A. MUSIC & SPORTS CENTER
l a eatery,0,0,0,0,0,0,1,0,0,0,1,1,False,False,L. A EATERY
l & y mobile phone & computer accessories,0,0,0,0,0,0,1,0,0,0,1,1,False,False,L & Y Mobile Phone & Computer Accessories
kyushu ramen,0,1,0,0,0,0,0,0,0,0,1,1,False,False,KYUSHU RAMEN
kyukyu ramen 99 i,0,0,0,0,0,0,1,0,0,0,1,1,False,False,KYUKYU RAMEN 99 I 0998-844-3878
kyukyu ramen 99,0,0,0,0,0,0,1,0,0,0,1,1,False,False,KyuKyu Ramen 99
kyoken travel tours,0,0,0,0,0,0,0,1,0,0,1,1,False,False,KYOKEN TRAVEL TOURS
kyoda1,0,1,0,0,0,0,0,0,0,0,1,1,False,False,KYODA1
kyocera mita,0,0,0,0,0,0,0,1,0,0,1,1,False,False,KYOCERA MITA
kylas bistro,0,0,0,0,0,0,1,0,0,0,1,1,False,False,Kyla's Bistro
kvik,0,0,0,0,0,0,0,1,0,0,1,1,False,False,KVIK
kuzina guadalupe,0,0,0,0,0,0,0,1,0,0,1,1,False,False,KUZINA GUADALUPE
kuysen,0,0,0,0,0,0,0,1,0,0,1,1,False,False,KUYSEN
kuya korea,0,0,0,0,0,0,0,1,0,0,1,1,False,False,KUYA KOREA
kuya js restaurant,0,0,0,0,0,0,1,0,0,0,1,1,False,False,Kuya J's Restaurant
kuya berts pares house,0,0,0,0,0,0,1,0,0,0,1,1,False,False,KUYA BERT'S PARES HOUSE
kusina tsina,0,0,0,0,0,0,0,1,0,0,1,1,False,False,KUSINA TSINA
kusina ni sendang,0,0,0,0,0,0,0,1,0,0,1,1,False,False,KUSINA NI SENDANG
kusina manyaman,0,0,0,0,0,0,0,1,0,0,1,1,False,False,KUSINA MANYAMAN
kurimi,0,0,0,0,0,0,1,0,0,0,1,1,False,False,KURIMI (Soon to Open)
kureji,0,0,0,0,0,0,0,1,0,0,1,1,False,False,KUREJI
kurbang lokal,0,0,0,0,1,0,0,0,0,0,1,1,False,False,Kurbang Lokal
kuppa coffee tea,0,0,0,0,0,0,0,1,0,0,1,1,False,False,KUPPA COFFEE TEA
kung fu master cooking,0,0,0,0,1,0,0,0,0,0,1,1,False,False,Kung Fu Master Cooking
kumpares,0,1,0,0,0,0,0,0,0,0,1,1,False,False,KUMPARES
kumon robinsons otis center,0,0,0,0,0,0,1,0,0,0,1,1,False,False,KUMON ROBINSONS OTIS CENTER
l sea dimsum and noodle house,0,0,0,0,0,0,0,1,0,0,1,1,False,False,L SEA DIMSUM AND NOODLE HOUSE
la birria tacos nachos,0,0,0,0,0,0,0,1,0,0,1,1,False,False,LA BIRRIA TACOS NACHOS
lady grace,0,0,0,1,0,0,0,0,0,0,1,1,False,False,Lady Grace
la casa empanada,0,0,1,0,0,0,0,0,0,0,1,1,False,False,La Casa Empanada
lady carat,1,0,0,0,0,0,0,0,0,0,1,1,False,False,Lady Carat
lady annes tarts & pastries,0,0,0,0,0,0,0,1,0,0,1,1,False,False,LADY ANNE'S TARTS & PASTRIES
lactation treats,0,0,0,0,0,0,0,1,0,0,1,1,False,False,LACTATION TREATS
lacoste sports,0,1,0,0,0,0,0,0,0,0,1,1,False,False,LACOSTE SPORTS
lacoste outlet,0,0,0,0,0,0,1,0,0,0,1,1,False,False,Lacoste Outlet
lacoste live,0,1,0,0,0,0,0,0,0,0,1,1,False,False,LACOSTE LIVE
lacoste footwear,0,0,0,0,0,0,0,1,0,0,1,1,False,False,LACOSTE FOOTWEAR
lachis,0,0,0,0,0,0,0,1,0,0,1,1,False,False,LACHIS
lab by the eyebrowdery,0,1,0,0,0,0,0,0,0,0,1,1,False,False,LAB BY THE EYEBROWDERY
la treats,0,0,0,0,0,0,1,0,0,0,1,1,False,False,La Treats
la rizza clinica dentista,0,0,0,0,0,0,1,0,0,0,1,1,False,False,La Rizza Clinica Dentista
la provence,0,1,0,0,0,0,0,0,0,0,1,1,False,False,LA PROVENCE
la perfecta wellness spa,0,0,0,0,0,0,1,0,0,0,1,1,False,False,La Perfecta Wellness Spa
la perfecta,0,0,0,0,0,0,1,0,0,0,1,1,False,False,La Perfecta
la oriental wellness spa,0,0,0,0,0,0,0,1,0,0,1,1,False,False,LA ORIENTAL WELLNESS SPA
la nilad coffee,0,0,0,0,0,0,0,1,0,0,1,1,False,False,LA NILAD COFFEE
la maison,0,0,0,0,0,1,0,0,0,0,1,1,False,False,La Maison
la lola,0,0,0,0,0,0,1,0,0,0,1,1,False,False,LA LOLA
la kuseana,0,0,0,0,0,0,0,1,0,0,1,1,False,False,LA KUSEANA
la hanan,0,0,0,0,0,0,0,1,0,0,1,1,False,False,LA HANAN
la halo halo,0,0,0,0,0,0,1,0,0,0,1,1,False,False,LA HALO HALO
la floreria,0,1,0,0,0,0,0,0,0,0,1,1,False,False,LA FLORERIA
la fiesta filipino cuisine,0,0,0,0,0,0,0,1,0,0,1,1,False,False,LA FIESTA FILIPINO CUISINE
la europa ceramica,0,0,0,0,0,0,0,1,0,0,1,1,False,False,LA EUROPA CERAMICA
la estetica,0,0,0,0,0,0,0,1,0,0,1,1,False,False,LA ESTETICA
la chicks hot chicken,0,0,1,0,0,0,0,0,0,0,1,1,False,False,La Chicks Hot Chicken
la chambre de beaute beauty salon,0,0,0,0,0,0,1,0,0,0,1,1,False,False,LA CHAMBRE DE BEAUTE BEAUTY SALON
la casetta de britt restaurant,0,0,0,0,0,0,0,1,0,0,1,1,False,False,LA CASETTA DE BRITT RESTAURANT
la casa empanadas,0,0,0,0,0,0,0,1,0,0,1,1,False,False,LA CASA EMPANADAS
learning jungle,0,0,0,0,1,0,0,0,0,0,1,1,False,False,Learning Jungle
lechon belly kitchen salo,0,0,0,0,0,1,0,0,0,0,1,1,False,False,Lechon Belly Kitchen/Salo
lechon factory,0,0,0,0,0,0,0,0,1,0,1,1,False,False,LECHON FACTORY
little moms donuts,0,0,0,0,0,0,1,0,0,0,1,1,False,False,LITTLE MOM'S DONUTS
little golden nuggets,0,0,0,0,0,1,0,0,0,0,1,1,False,False,Little Golden Nuggets
little flour cafe,0,0,0,0,0,1,0,0,0,0,1,1,False,False,Little Flour Cafe
little flour,0,0,0,0,1,0,0,0,0,0,1,1,False,False,Little Flour
little farmers coffee brim,0,1,0,0,0,0,0,0,0,0,1,1,False,False,LITTLE FARMERS COFFEE BRIM
little corner breadshop,0,1,0,0,0,0,0,0,0,0,1,1,False,False,THE LITTLE CORNER BREADSHOP
lito sy studio,0,0,0,0,0,0,0,1,0,0,1,1,False,False,LITO SY STUDIO
lithe,0,0,0,0,1,0,0,0,0,0,1,1,False,False,Lithe
listening room,0,0,0,0,0,0,0,1,0,0,1,1,False,False,THE LISTENING ROOM
listen apparel,0,0,0,0,0,0,1,0,0,0,1,1,False,False,LISTEN APPAREL
liquid flask,0,0,1,0,0,0,0,0,0,0,1,1,False,False,Liquid Flask
lipad getaway travel & tours,0,0,0,0,0,0,1,0,0,0,1,1,False,False,Lipad Getaway Travel & Tours
lipa city travels & tours,0,0,0,0,0,0,1,0,0,0,1,1,False,False,LIPA CITY TRAVELS & TOURS
ling nam express,0,0,0,0,0,0,1,0,0,0,1,1,False,False,Ling Nam Express
line clover d trading inc,0,0,0,0,1,0,0,0,0,0,1,1,False,False,Line Clover D Trading Inc
limjoe lemony juice station,0,0,0,0,0,0,0,1,0,0,1,1,False,False,LIMJOE LEMONY JUICE STATION
limitless,0,0,0,0,1,0,0,0,0,0,1,1,False,False,Limitless
limapulo,0,0,0,0,0,0,0,1,0,0,1,1,False,False,LIMAPULO
lim dental clinic,0,0,0,0,0,0,0,0,0,1,1,1,False,False,Lim Dental Clinic
lily & co,0,1,0,0,0,0,0,0,0,0,1,1,False,False,LILY & CO.
lils hobby center,0,1,0,0,0,0,0,0,0,0,1,1,False,False,LIL'S HOBBY CENTER
lilorbits mini donuts,0,0,0,0,0,0,1,0,0,0,1,1,False,False,Lil'Orbits Mini-Donuts
lightbox studios,0,0,0,0,0,0,0,1,0,0,1,1,False,False,LIGHTBOX STUDIOS
lifecycle,0,0,0,0,0,1,0,0,0,0,1,1,False,False,Lifecycle
life n arts,0,1,0,0,0,0,0,0,0,0,1,1,False,False,LIFE ‘N ARTS
life extension by confluence health and wellness products,0,0,0,0,0,0,0,1,0,0,1,1,False,False,LIFE EXTENSION BY CONFLUENCE HEALTH AND WELLNESS PRODUCTS
life extension,0,0,0,0,0,0,0,1,0,0,1,1,False,False,LIFE EXTENSION
liege manila,0,0,1,0,0,0,0,0,0,0,1,1,False,False,Liege Manila
licanto takoyaki,0,0,0,0,0,0,1,0,0,0,1,1,False,False,LICANTO TAKOYAKI
licanto food corner (,0,0,0,0,0,0,1,0,0,0,1,1,False,False,LICANTO FOOD CORNER (
little green,0,0,0,0,0,0,1,0,0,0,1,1,False,False,Little Green 9190837902
little orlys,0,0,0,0,0,0,0,1,0,0,1,1,False,False,LITTLE ORLY'S
lechon h,0,0,0,0,0,0,0,1,0,0,1,1,False,False,LECHON H
little prince,0,0,0,0,1,0,0,0,0,0,1,1,False,False,Little Prince
lola soap,0,0,0,0,0,0,0,1,0,0,1,1,False,False,LOLA SOAP
lola nenas,0,0,0,0,0,0,0,1,0,0,1,1,False,False,LOLA NENA'S
lola caf,0,0,0,0,0,0,0,1,0,0,1,1,False,False,LOLA CAF?
lola belens,0,1,0,0,0,0,0,0,0,0,1,1,False,False,LOLA BELEN’S
lokal,0,0,0,0,1,0,0,0,0,0,1,1,False,False,Lokal
log,0,0,0,0,0,0,0,1,0,0,1,1,False,False,LOG
loewe,0,1,0,0,0,0,0,0,0,0,1,1,False,False,LOEWE
locknlock,0,0,0,0,1,0,0,0,0,0,1,1,False,False,LocknLock
lock n lock,0,0,0,0,0,1,0,0,0,0,1,1,False,False,Lock N Lock
lock and lock,0,0,0,1,0,0,0,0,0,0,1,1,False,False,Lock and Lock
loccitane en provence,0,0,0,0,0,0,1,0,0,0,1,1,False,False,L’occitane En Provence
loc&stor,0,0,0,0,1,0,0,0,0,0,1,1,False,False,Loc&Stor
loalde & 18myles,0,0,0,0,1,0,0,0,0,0,1,1,False,False,Loalde & 18Myles
load up station,0,0,0,0,0,0,1,0,0,0,1,1,False,False,LOAD UP STATION
load na,1,0,0,0,0,0,0,0,0,0,1,1,False,False,Load Na
lnd,0,0,0,0,0,0,1,0,0,0,1,1,False,False,LND
lllaollao,0,0,0,0,0,0,1,0,0,0,1,1,False,False,Lllaollao
llanillo romero optical clinic,0,0,0,0,0,0,0,1,0,0,1,1,False,False,LLANILLO-ROMERO OPTICAL CLINIC
lkaisei japanese restaurant,0,0,0,0,0,0,0,1,0,0,1,1,False,False,LKAISEI JAPANESE RESTAURANT
ljm,0,0,0,0,0,0,1,0,0,0,1,1,False,False,LJM
lj lugawan,0,0,0,0,0,0,0,1,0,0,1,1,False,False,LJ LUGAWAN
lj bikes,0,0,0,0,0,0,0,0,0,1,1,1,False,False,LJ Bikes
liz beauty lounge,0,0,0,0,1,0,0,0,0,0,1,1,False,False,Liz Beauty Lounge
liwanag house,0,0,0,0,0,0,1,0,0,0,1,1,False,False,LIWANAG HOUSE
living space by rds,0,0,0,0,0,0,1,0,0,0,1,1,False,False,Living Space by RDS
living life well medical center,0,0,0,0,0,0,0,1,0,0,1,1,False,False,LIVING LIFE WELL MEDICAL CENTER
livestock,0,0,0,0,1,0,0,0,0,0,1,1,False,False,Livestock
little yoo daebak,0,0,0,0,0,0,0,1,0,0,1,1,False,False,LITTLE YOO DAEBAK
little saigon,0,0,0,0,0,0,0,1,0,0,1,1,False,False,LITTLE SAIGON
liams & louis gourmet,0,0,0,0,0,1,0,0,0,0,1,1,False,False,Liam's & Louis Gourmet
liam cars,0,0,0,0,0,0,1,0,0,0,1,1,False,False,Liam Cars
li ning,0,1,0,0,0,0,0,0,0,0,1,1,False,False,LI-NING
li am dimsum,0,0,0,0,0,0,1,0,0,0,1,1,False,False,LI AM DIMSUM
lemon twist,0,0,0,0,0,0,1,0,0,0,1,1,False,False,LEMON TWIST
lemon station,0,0,0,0,0,0,1,0,0,0,1,1,False,False,Lemon Station
lemon pa more,0,0,0,0,0,0,1,0,0,0,1,1,False,False,Lemon Pa More
lemon made,0,0,0,0,0,0,1,0,0,0,1,1,False,False,LEMON MADE
lemon life,0,0,0,0,0,0,1,0,0,0,1,1,False,False,Lemon Life
lemon jess,0,0,0,0,0,0,0,1,0,0,1,1,False,False,LEMON JESS
lemon jar samgyeopsalemon,0,0,0,0,0,0,0,1,0,0,1,1,False,False,LEMON JAR SAMGYEOPSALEMON
lemon hub sunsai,0,0,0,0,0,0,1,0,0,0,1,1,False,False,LEMON HUB SUNSAI
lemon greens,0,0,0,0,0,0,0,1,0,0,1,1,False,False,LEMON GREENS
lemon express,0,0,1,0,0,0,0,0,0,0,1,1,False,False,Lemon Express
lemon drop,0,0,0,0,0,0,1,0,0,0,1,1,False,False,LEMON DROP
lemon dew,0,0,0,0,0,0,0,1,0,0,1,1,False,False,LEMON DEW
lemon co juicery,0,0,0,0,0,0,0,1,0,0,1,1,False,False,THE LEMON CO JUICERY
lemon co i,0,0,0,0,0,0,1,0,0,0,1,1,False,False,The Lemon Co. I 0951-799-9010
lemon cali,0,0,0,0,0,0,0,1,0,0,1,1,False,False,LEMON CALI
lemon burst,0,0,0,0,0,0,1,0,0,0,1,1,False,False,Lemon Burst
lemon blend,0,0,0,0,0,0,1,0,0,0,1,1,False,False,Lemon Blend 9959386824
lemon 101,0,1,0,0,0,0,0,0,0,0,1,1,False,False,LEMON 101
lemo massage chairs,0,0,0,0,0,0,1,0,0,0,1,1,False,False,Lemo Massage Chairs
lemo,0,0,0,0,0,0,1,0,0,0,1,1,False,False,Lemo
lemeur,0,0,0,0,0,1,0,0,0,0,1,1,False,False,Lemeur
leisure hopper,0,0,1,0,0,0,0,0,0,0,1,1,False,False,Leisure Hopper
leica,0,1,0,0,0,0,0,0,0,0,1,1,False,False,LEICA
legrand,0,0,0,0,0,1,0,0,0,0,1,1,False,False,Legrand
lee wrangler us polo,1,0,0,0,0,0,0,0,0,0,1,1,False,False,Lee / Wrangler / Us Polo
lee eun young nature care center,0,0,0,0,0,0,0,1,0,0,1,1,False,False,LEE EUN YOUNG NATURE CARE CENTER
ledesma audiological center,0,0,0,0,0,0,0,1,0,0,1,1,False,False,LEDESMA AUDIOLOGICAL CENTER
lechoneria,0,0,0,0,0,0,1,0,0,0,1,1,False,False,Lechoneria
lechon house,0,0,0,0,0,0,1,0,0,0,1,1,False,False,LECHON HOUSE
lemon zone,0,0,0,0,0,0,1,0,0,0,1,1,False,False,Lemon Zone
lemonaze,0,0,0,0,0,0,0,1,0,0,1,1,False,False,LEMONAZE
lemoncha,0,0,0,0,1,0,0,0,0,0,1,1,False,False,Lemoncha
levis i,0,0,0,0,0,0,1,0,0,0,1,1,False,False,Levi's I 520-1449
lgd key shop,0,0,0,0,0,0,1,0,0,0,1,1,False,False,LGD KEY SHOP
lg,0,0,0,0,0,0,0,1,0,0,1,1,False,False,LG
lfafa massage chair,0,0,0,1,0,0,0,0,0,0,1,1,False,False,Lfafa Massage Chair
lfafa enterprises,0,0,0,0,0,0,1,0,0,0,1,1,False,False,Lfafa Enterprises
lfafa enterprise (massage chairs),0,0,0,0,0,0,1,0,0,0,1,1,False,False,Lfafa Enterprise (Massage Chairs)
lfafa enterprise,0,0,0,1,0,0,0,0,0,0,1,1,False,False,LFAFA Enterprise
lfafa enteprise,0,0,0,0,0,0,1,0,0,0,1,1,False,False,Lfafa Enteprise
leyte paperworld,0,0,0,0,0,0,0,1,0,0,1,1,False,False,LEYTE PAPERWORLD
leysa,0,0,1,0,0,0,0,0,0,0,1,1,False,False,Leysa
leylams shawarma,0,0,0,0,0,0,1,0,0,0,1,1,False,False,Leylam's Shawarma
leylam i,0,0,0,0,0,0,1,0,0,0,1,1,False,False,Leylam I 0992-354-7107
lexstar graphics arts,0,0,1,0,0,0,0,0,0,0,1,1,False,False,Lexstar Graphics Arts
lewis house,0,0,0,0,0,0,0,1,0,0,1,1,False,False,THE LEWIS HOUSE
levie lifestyle clinic,0,0,0,0,0,0,0,1,0,0,1,1,False,False,LEVIE LIFESTYLE CLINIC
lemonjuju,0,0,0,0,0,0,1,0,0,0,1,1,False,False,Lemonjuju
level 1 & level 1 (transport terminal),0,0,0,0,0,0,1,0,0,0,1,1,False,False,Level 1 & Level 1 (Transport Terminal)
level 1,0,0,0,0,0,0,1,0,0,0,1,1,False,False,Level 1
letterbee,0,0,0,0,0,0,0,1,0,0,1,1,False,False,LETTERBEE
lets get meals,0,0,0,0,0,0,1,0,0,0,1,1,False,False,LETS GET MEALS
lets face it going straight,0,0,0,0,0,0,0,1,0,0,1,1,False,False,LETS FACE IT GOING STRAIGHT
leo pizza,0,0,0,0,0,0,0,1,0,0,1,1,False,False,LEO PIZZA
leo dosirak,0,0,0,0,0,0,0,1,0,0,1,1,False,False,LEO DOSIRAK
lenslab optical clinic,0,0,0,0,0,0,1,0,0,0,1,1,False,False,Lenslab Optical Clinic
lenslab eyecare specialist,0,0,0,0,0,0,1,0,0,0,1,1,False,False,Lenslab EyeCare Specialist
lens crafter shop,0,0,0,0,0,0,0,1,0,0,1,1,False,False,THE LENS CRAFTER SHOP
lenin computer systems inc,0,0,0,0,0,0,0,1,0,0,1,1,False,False,LENIN COMPUTER SYSTEMS INC
lemonzilla freshly squeezed lemonade,0,0,0,0,0,0,0,1,0,0,1,1,False,False,LEMONZILLA FRESHLY SQUEEZED LEMONADE
lemonzest,0,0,0,0,0,0,0,1,0,0,1,1,False,False,LEMONZEST
kuletz,0,0,0,0,0,0,1,0,0,0,1,1,False,False,Kuletz
kukugalbi restaurant,0,0,0,0,0,0,0,1,0,0,1,1,False,False,KUKUGALBI RESTAURANT
kuka,0,0,0,0,0,0,0,1,0,0,1,1,False,False,KUKA
kang ho dong 678,0,0,0,0,0,0,0,1,0,0,1,1,False,False,KANG HO-DONG 678
kamote ni juan,0,0,0,0,0,0,1,0,0,0,1,1,False,False,Kamote ni Juan
kamir,0,0,0,0,0,0,0,1,0,0,1,1,False,False,KAMIR
kamina boutique,0,0,0,0,0,0,1,0,0,0,1,1,False,False,Kamina Boutique
kambal pandesal,0,0,0,0,0,0,0,1,0,0,1,1,False,False,KAMBAL PANDESAL
kambal inasal,0,0,0,0,0,0,1,0,0,0,1,1,False,False,Kambal Inasal
kakka dairy bar,0,1,0,0,0,0,0,0,0,0,1,1,False,False,KAKKA DAIRY BAR
kakao optical,0,0,0,0,0,0,0,1,0,0,1,1,False,False,KAKAO OPTICAL
kakaninja,0,0,0,0,0,0,0,1,0,0,1,1,False,False,KAKANINJA
kakanin ni jillian,0,0,0,0,0,0,1,0,0,0,1,1,False,False,KAKANIN NI JILLIAN
kaizen exhibit,0,0,0,0,0,0,1,0,0,0,1,1,False,False,KAIZEN EXHIBIT
kaizen (exhibit),0,0,0,0,0,0,1,0,0,0,1,1,False,False,KAIZEN (Exhibit)
kaitenyaki japanese dessert,0,0,0,0,0,0,1,0,0,0,1,1,False,False,KAITENYAKI JAPANESE DESSERT
kaiser medical clinic,0,0,0,0,0,0,1,0,0,0,1,1,False,False,Kaiser Medical Clinic
kain,0,0,0,0,0,0,1,0,0,0,1,1,False,False,KAIN
kai neo restaurant,0,1,0,0,0,0,0,0,0,0,1,1,False,False,KAI NEO RESTAURANT
kai coffee,0,0,0,0,0,0,1,0,0,0,1,1,False,False,KAI COFFEE
kadlagan climbing equipment,0,0,0,0,0,0,0,1,0,0,1,1,False,False,KADLAGAN CLIMBING EQUIPMENT
kadiwa public market,0,0,0,0,0,0,0,1,0,0,1,1,False,False,KADIWA PUBLIC MARKET
kaban,0,0,0,0,0,0,1,0,0,0,1,1,False,False,Kaban
k&l beauty skin care products,0,0,0,0,0,0,1,0,0,0,1,1,False,False,K&L Beauty Skin Care Products
k&company,0,0,0,0,0,0,1,0,0,0,1,1,False,False,K&COMPANY
k taparama,0,0,0,0,0,0,0,0,0,1,1,1,False,False,K-Taparama
k street ph,0,0,0,0,0,0,1,0,0,0,1,1,False,False,K-Street PH
k s i,0,0,0,0,0,0,0,1,0,0,1,1,False,False,K S I
k po food mart,0,0,0,0,1,0,0,0,0,0,1,1,False,False,K-PO Food Mart
k less baby needs 4less,0,0,0,0,0,0,1,0,0,0,1,1,False,False,K-Less Baby Needs 4Less
k blossom beauty studio company,0,0,0,0,0,0,0,1,0,0,1,1,False,False,K BLOSSOM BEAUTY STUDIO COMPANY
k beauty & skin clinic,0,0,0,0,0,0,1,0,0,0,1,1,False,False,K Beauty & Skin Clinic
k & f accessories,0,0,0,0,0,0,1,0,0,0,1,1,False,False,K & F ACCESSORIES
kanegosyo center by cebuana lhuillier,0,0,0,0,0,0,0,1,0,0,1,1,False,False,KANEGOSYO CENTER BY CEBUANA LHUILLIER
kangkong chips original,0,0,0,0,0,0,0,1,0,0,1,1,False,False,KANGKONG CHIPS ORIGINAL
kenshiis,0,0,0,0,0,0,1,0,0,0,1,1,False,False,Kenshii's
kanlungan cafe,0,0,0,0,0,0,0,1,0,0,1,1,False,False,KANLUNGAN CAFE
kennny rogers,0,0,0,0,0,0,1,0,0,0,1,1,False,False,KENNNY ROGERS
kenneth cole,0,0,0,0,0,0,0,1,0,0,1,1,False,False,KENNETH COLE
kenko naicha tea lounge,0,1,0,0,0,0,0,0,0,0,1,1,False,False,KENKO NAICHA TEA LOUNGE
kenjies takoyaki,0,0,0,0,0,0,1,0,0,0,1,1,False,False,KENJIE'S TAKOYAKI
kenangan coffee,0,0,0,0,0,0,0,1,0,0,1,1,False,False,KENANGAN COFFEE
kemans,0,0,0,0,0,0,1,0,0,0,1,1,False,False,Keman's
kelseys cafe & restaurant,0,0,0,0,0,0,1,0,0,0,1,1,False,False,Kelsey's Cafe & Restaurant
kellie trinket,0,0,0,0,0,0,0,0,0,1,1,1,False,False,KELLIE TRINKET
kebabulous,0,0,0,0,0,0,0,1,0,0,1,1,False,False,KEBABULOUS
kct shop,0,0,0,0,1,0,0,0,0,0,1,1,False,False,KCT Shop
kcp pizza,0,0,0,0,0,0,0,1,0,0,1,1,False,False,KCP PIZZA
kc kiddie carts,0,0,0,0,0,0,0,1,0,0,1,1,False,False,KC KIDDIE CARTS
kazemi skin face body,0,1,0,0,0,0,0,0,0,0,1,1,False,False,KAZEMI SKIN.FACE.BODY
kayu,0,0,0,0,0,0,0,1,0,0,1,1,False,False,KAYU
kaysan bar & restaurant,0,0,0,0,0,0,1,0,0,0,1,1,False,False,KAYSAN BAR & RESTAURANT 0905 420 2668
kaya restaurant,0,1,0,0,0,0,0,0,0,0,1,1,False,False,KAYA RESTAURANT
kaya korean restaurant,0,0,0,0,0,0,1,0,0,0,1,1,False,False,Kaya Korean Restaurant
kawaiice,0,0,0,0,0,0,1,0,0,0,1,1,False,False,KAWAIICE
kawa ramen,0,0,0,0,1,0,0,0,0,0,1,1,False,False,Kawa Ramen
katrina,0,0,0,0,0,1,0,0,0,0,1,1,False,False,Katrina
kate spade,0,1,0,0,0,0,0,0,0,0,1,1,False,False,KATE SPADE
karuizawa shirt,0,1,0,0,0,0,0,0,0,0,1,1,False,False,KARUIZAWA SHIRT
karen and jay cellphone and accessories,0,0,0,0,0,0,1,0,0,0,1,1,False,False,KAREN AND JAY CELLPHONE AND ACCESSORIES
kardmoto,0,0,0,0,0,0,0,1,0,0,1,1,False,False,KARDMOTO
karayama,0,0,0,0,0,0,0,1,0,0,1,1,False,False,KARAYAMA
karat gold,0,0,0,0,0,0,0,1,0,0,1,1,False,False,KARAT GOLD
kappu poteto,0,0,0,0,0,0,0,1,0,0,1,1,False,False,KAPPU POTET’O
kape pot,0,0,0,0,0,0,0,1,0,0,1,1,False,False,KAPE POT
kape ilokano,0,0,0,0,0,0,0,1,0,0,1,1,False,False,KAPE ILOKANO
k & co,0,0,0,0,0,0,0,1,0,0,1,1,False,False,K & CO
jyusu,0,0,0,0,0,0,1,0,0,0,1,1,False,False,JYUSU 0907-654-1144
jwls n chrms,0,0,0,0,0,0,1,0,0,0,1,1,False,False,JWLS N CHRMS
jvr,0,0,0,0,0,0,1,0,0,0,1,1,False,False,JVR
jts manukan grille,0,1,0,0,0,0,0,0,0,0,1,1,False,False,JT'S MANUKAN GRILLE
jtech cellphone,0,0,0,0,0,0,0,1,0,0,1,1,False,False,JTECH CELLPHONE
jte health massage,0,0,0,0,0,0,0,1,0,0,1,1,False,False,JTE HEALTH MASSAGE
js diamond jewellery,0,0,0,0,0,0,0,1,0,0,1,1,False,False,JS DIAMOND JEWELLERY
jrose fine jewelry,0,0,0,0,0,0,0,1,0,0,1,1,False,False,JROSE FINE JEWELRY
jrm,0,0,0,0,0,0,1,0,0,0,1,1,False,False,JRM
jr jump,0,0,0,0,0,0,1,0,0,0,1,1,False,False,JR. JUMP
jpy juan,0,0,0,0,0,0,1,0,0,0,1,1,False,False,JPY Juan
jp sabater,0,0,1,0,0,0,0,0,0,0,1,1,False,False,Jp Sabater
joy juice,0,0,0,0,1,0,0,0,0,0,1,1,False,False,Joy Juice
joy bakes,0,0,0,0,0,0,1,0,0,0,1,1,False,False,Joy Bakes
journey to australia,0,0,0,0,0,0,1,0,0,0,1,1,False,False,Journey to Australia
jose filipino kitchen,0,0,0,0,0,0,0,1,0,0,1,1,False,False,JOSE FILIPINO KITCHEN
jories art gallery,0,1,0,0,0,0,0,0,0,0,1,1,False,False,JORIE'S ART GALLERY
jons lechon house,0,0,0,0,0,0,1,0,0,0,1,1,False,False,jon's lechon house
jonies express,0,0,0,0,0,0,1,0,0,0,1,1,False,False,Jonies Express
jonies,0,1,0,0,0,0,0,0,0,0,1,1,False,False,JONIE'S
joniels cake and pastries,0,0,0,0,0,0,1,0,0,0,1,1,False,False,JONIEL'S CAKE AND PASTRIES
jolyns enterprise,0,0,0,0,0,0,1,0,0,0,1,1,False,False,JOLYN'S ENTERPRISE (NEW)
jolos barbershop,0,0,0,0,0,0,0,0,0,1,1,1,False,False,Jolo's Barbershop
jollibee i,0,0,0,0,0,0,1,0,0,0,1,1,False,False,Jollibee I 520-5196
johnyee campsite,0,1,0,0,0,0,0,0,0,0,1,1,False,False,JOHNYEE CAMPSITE
johnsons fitness & wellness,0,0,0,0,0,1,0,0,0,0,1,1,False,False,Johnsons Fitness & Wellness
johnri trading,0,0,0,1,0,0,0,0,0,0,1,1,False,False,Johnri Trading
johnnys pizza,0,0,0,0,0,0,0,1,0,0,1,1,False,False,JOHNNY'S PIZZA
johnica musical instruments,0,0,0,0,0,0,1,0,0,0,1,1,False,False,JOHNICA MUSICAL INSTRUMENTS (NEW)
john briann,0,0,0,0,0,0,1,0,0,0,1,1,False,False,JOHN BRIANN
john and mae key duplication,0,0,0,0,0,0,1,0,0,0,1,1,False,False,JOHN AND MAE KEY DUPLICATION
john & rj cellphone,0,0,0,0,0,0,1,0,0,0,1,1,False,False,John & RJ Cellphone
juan silog,0,0,0,0,0,0,0,0,0,1,1,1,False,False,Juan Silog
juan whey,0,0,0,0,1,0,0,0,0,0,1,1,False,False,Juan Whey
juander buko,0,0,0,0,0,0,1,0,0,0,1,1,False,False,Juander Buko
julsche cellphone accessories,0,0,0,0,0,0,1,0,0,0,1,1,False,False,Julsche Cellphone Accessories
jveetech,0,0,0,0,0,0,0,1,0,0,1,1,False,False,JVEETECH
justines world,0,0,0,0,0,0,1,0,0,0,1,1,False,False,JUSTINE'S WORLD
justine eatery,0,0,0,0,0,0,1,0,0,0,1,1,False,False,Justine Eatery
justified cut,0,0,0,0,0,0,0,1,0,0,1,1,False,False,JUSTIFIED CUT
justgold jewellery,0,0,0,0,0,0,0,1,0,0,1,1,False,False,JUSTGOLD JEWELLERY
just a minute,0,0,0,0,0,0,1,0,0,0,1,1,False,False,Just A Minute
jus jerrys,0,0,0,0,0,0,0,1,0,0,1,1,False,False,JUS JERRYS
jus & jerrys,0,0,0,0,0,0,0,0,0,1,1,1,False,False,Jus & Jerrys
jure documentation and notarial services,0,0,1,0,0,0,0,0,0,0,1,1,False,False,Jure Documentation And Notarial Services
junrex,0,1,0,0,0,0,0,0,0,0,1,1,False,False,JUNREX
june eatery,0,0,0,0,1,0,0,0,0,0,1,1,False,False,June Eatery
jump for joy,0,1,0,0,0,0,0,0,0,0,1,1,False,False,JUMP FOR JOY
julshe cellphone accessories,0,0,0,0,0,0,1,0,0,0,1,1,False,False,JULSHE CELLPHONE ACCESSORIES
julies food house,0,0,0,0,1,0,0,0,0,0,1,1,False,False,Julie's Food House
juanitos buko station,0,0,1,0,0,0,0,0,0,0,1,1,False,False,Juanito’s Buko Station
julien and jorel,0,0,1,0,0,0,0,0,0,0,1,1,False,False,Julien And Jorel
juliana,0,1,0,0,0,0,0,0,0,0,1,1,False,False,JULIANA
julian eatery,0,0,0,0,0,0,1,0,0,0,1,1,False,False,Julian Eatery
jujuice fruity blendz fruit juice bar,0,0,0,0,0,0,1,0,0,0,1,1,False,False,JUJUICE FRUITY BLENDZ FRUIT JUICE BAR
juicy lemon,0,0,0,0,0,0,1,0,0,0,1,1,False,False,Juicy Lemon
juices shakes by thirsty,0,0,0,0,0,0,0,1,0,0,1,1,False,False,JUICES SHAKES BY THIRSTY
juice cubi,0,0,0,0,0,0,0,1,0,0,1,1,False,False,JUICE CUBI
juice boost,0,0,0,0,0,0,0,1,0,0,1,1,False,False,JUICE BOOST
juevens 3 season,0,0,0,0,0,0,1,0,0,0,1,1,False,False,Jueven's 3 Season (TEMPORARILY CLOSED)
juevens,0,0,0,0,0,0,0,1,0,0,1,1,False,False,Jueven's
judes ticketing agency,0,0,0,0,0,0,0,1,0,0,1,1,False,False,JUDES TICKETING AGENCY
juddies bulalohan,0,0,0,0,0,0,0,1,0,0,1,1,False,False,JUDDIES BULALOHAN
jubilum cellphone repair hub,0,0,0,0,0,0,0,1,0,0,1,1,False,False,JUBILUM CELLPHONE REPAIR HUB
kenshayne food cart,0,0,0,0,0,0,1,0,0,0,1,1,False,False,KENSHAYNE FOOD CART
kenshin,0,0,0,0,0,0,0,1,0,0,1,1,False,False,KENSHIN
kublai khan,0,1,0,0,0,0,0,0,0,0,1,1,False,False,KUBLAI KHAN
knc printz,0,0,0,0,0,0,0,1,0,0,1,1,False,False,KNC PRINTZ
klm advanced dental center i,0,0,0,0,0,0,1,0,0,0,1,1,False,False,KLM Advanced Dental Center I 0919-098-5198
klm advanced dental center,0,0,0,0,0,0,1,0,0,0,1,1,False,False,KLM Advanced Dental Center
klen laundromat,0,0,0,0,1,0,0,0,0,0,1,1,False,False,Klen Laundromat
kleen o matic,0,0,0,0,0,0,0,0,0,1,1,1,False,False,Kleen O Matic
klad,1,0,0,0,0,0,0,0,0,0,1,1,False,False,Klad
kizuna,0,0,0,0,0,0,1,0,0,0,1,1,False,False,Kizuna
kizumi,0,0,0,0,0,1,0,0,0,0,1,1,False,False,Kizumi
kiwami,0,1,0,0,0,0,0,0,0,0,1,1,False,False,KIWAMI
kitchn,0,0,0,0,0,0,0,1,0,0,1,1,False,False,THE KITCHN
kitchentable by bng,0,0,0,0,0,0,0,1,0,0,1,1,False,False,KITCHENTABLE BY BnG
kitchenito,0,0,0,0,0,0,0,0,0,1,1,1,False,False,Kitchenito
kitchenaid experience center,0,0,0,0,0,0,0,1,0,0,1,1,False,False,KITCHENAID EXPERIENCE CENTER
kitchenaid,0,1,0,0,0,0,0,0,0,0,1,1,False,False,KITCHENAID
kitchen table,0,0,0,0,0,1,0,0,0,0,1,1,False,False,Kitchen Table
kitchen by the coffee bean tea leaf,0,0,0,0,0,0,0,1,0,0,1,1,False,False,KITCHEN BY THE COFFEE BEAN TEA LEAF
kitchen by the coffee bean & tea leaf,0,0,0,0,1,0,0,0,0,0,1,1,False,False,Kitchen by The Coffee Bean & Tea Leaf
kitchen,0,0,0,0,0,0,0,0,0,1,1,1,False,False,Kitchen ❤
kit keeping it together,0,1,0,0,0,0,0,0,0,0,1,1,False,False,KIT - KEEPING IT TOGETHER
kit,0,0,0,0,0,1,0,0,0,0,1,1,False,False,KIT
kisan lu,0,0,0,0,0,0,0,1,0,0,1,1,False,False,KISAN LU
kirmz b hub,0,0,0,0,0,0,0,0,0,1,1,1,False,False,Kirm'Z B Hub
kirks house of desserts,0,0,0,0,0,0,0,1,0,0,1,1,False,False,KIRKS HOUSE OF DESSERTS
kiras box i,0,0,0,0,0,0,1,0,0,0,1,1,False,False,KIRA'S BOX I 0963-964-9909
kipps chicken,0,0,0,0,0,0,0,1,0,0,1,1,False,False,KIPPS CHICKEN
kiosk,0,0,0,0,0,0,1,0,0,0,1,1,False,False,KIOSK
kio sk,0,0,0,0,0,0,1,0,0,0,1,1,False,False,KIO SK
kingsmen bespoke,0,0,0,0,0,0,0,1,0,0,1,1,False,False,KINGSMEN BESPOKE
kingsmen,0,0,1,0,0,0,0,0,0,0,1,1,False,False,Kingsmen
kings pasalubong,0,0,0,0,0,0,1,0,0,0,1,1,False,False,KING'S PASALUBONG
klm dental,0,0,0,0,0,0,0,0,0,1,1,1,False,False,KLM Dental
knead brew bakery cafe,0,0,0,0,0,0,0,1,0,0,1,1,False,False,KNEAD BREW BAKERY CAFÉ
kenshin japanese izakaya restaurant,0,0,0,0,0,0,0,1,0,0,1,1,False,False,KENSHIN JAPANESE IZAKAYA RESTAURANT
kobe clinic,0,0,1,0,0,0,0,0,0,0,1,1,False,False,Kobe Clinic
kuanzhai alley,0,0,0,0,0,0,0,0,0,1,1,1,False,False,KUANZHAI ALLEY
ktv playbox,0,0,0,1,0,0,0,0,0,0,1,1,False,False,KTV PLAYBOX
ktlystph clothings,0,0,0,0,0,1,0,0,0,0,1,1,False,False,Ktlystph Clothings
kt drinks,0,0,0,0,0,0,1,0,0,0,1,1,False,False,KT Drinks
ksyn fitness gym,0,0,0,0,1,0,0,0,0,0,1,1,False,False,KSYN Fitness Gym
kskin,0,0,0,0,0,1,0,0,0,0,1,1,False,False,Kskin
krizie ice jelly,0,0,0,0,0,0,0,1,0,0,1,1,False,False,KRIZIE ICE JELLY
kristine jewellery,0,0,0,0,1,0,0,0,0,0,1,1,False,False,Kristine Jewellery
kristine,0,0,0,0,0,0,0,1,0,0,1,1,False,False,KRISTINE
krispy ice cream,0,0,0,0,0,0,0,1,0,0,1,1,False,False,KRISPY ICE CREAM
krisp,0,0,0,0,0,0,0,1,0,0,1,1,False,False,KRISP
krazy mushroom,0,0,0,0,1,0,0,0,0,0,1,1,False,False,Krazy Mushroom
krapow,0,0,0,0,0,0,0,1,0,0,1,1,False,False,KRAPOW
kowloon house jr,0,1,0,0,0,0,0,0,0,0,1,1,False,False,"KOWLOON HOUSE, JR."
korte ni bella mechanica,0,0,0,0,0,0,1,0,0,0,1,1,False,False,KORTE NI BELLA MECHANICA
korte,0,0,0,0,0,0,1,0,0,0,1,1,False,False,Korte
korn,0,0,0,0,0,0,1,0,0,0,1,1,False,False,KORN
koreana look,0,0,0,0,0,0,1,0,0,0,1,1,False,False,KOREANA LOOK
kopi by jims recipe,0,0,0,0,0,1,0,0,0,0,1,1,False,False,Kopi by Jim's Recipe
kooke house pop up store,0,0,0,0,0,0,1,0,0,0,1,1,False,False,KOOKE HOUSE POP UP STORE
konvy,0,0,0,0,0,0,1,0,0,0,1,1,False,False,KONVY
kong vr,0,0,1,0,0,0,0,0,0,0,1,1,False,False,Kong Vr
konbini karaage,0,0,0,0,0,0,1,0,0,0,1,1,False,False,Konbini Karaage
komoro soba,0,0,0,0,0,0,0,1,0,0,1,1,False,False,KOMORO SOBA
komoro japanese dining,0,0,0,0,0,0,0,1,0,0,1,1,False,False,KOMORO JAPANESE DINING
koi,0,0,0,0,1,0,0,0,0,0,1,1,False,False,Koi
kohi cha by cof tea,0,0,0,0,0,0,1,0,0,0,1,1,False,False,KOHI CHA BY COF/TEA
kogi vegi,0,0,0,0,0,0,0,1,0,0,1,1,False,False,KOGI VEGI
kochi cafe,0,0,0,0,0,0,0,1,0,0,1,1,False,False,KOCHI CAFE
kings cup blends,0,0,0,0,0,0,1,0,0,0,1,1,False,False,King's Cup Blends
kings cracklings nuts,0,0,0,0,0,0,0,0,0,1,1,1,False,False,Kings Cracklings @ Nuts
kings chicharon,0,0,0,0,0,0,1,0,0,0,1,1,False,False,KING'S CHICHARON
king pulo garden,0,1,0,0,0,0,0,0,0,0,1,1,False,False,KING PULO GARDEN
kiddie carts,0,0,0,0,0,0,0,1,0,0,1,1,False,False,KIDDIE CARTS
kiddie animal ride,0,0,0,0,0,0,1,0,0,0,1,1,False,False,KIDDIE ANIMAL RIDE
kid zone,0,1,0,0,0,0,0,0,0,0,1,1,False,False,KID ZONE
kid n around (balloon wheel),0,0,0,0,0,0,1,0,0,0,1,1,False,False,Kid n around (Balloon Wheel)
kid n around,0,0,0,0,0,0,1,0,0,0,1,1,False,False,Kid n around
khun thai tea,0,0,0,0,0,0,0,1,0,0,1,1,False,False,KHUN THAI TEA
khua thai,0,0,1,0,0,0,0,0,0,0,1,1,False,False,Khua Thai
khay kiddie playhouse,0,0,0,0,0,0,1,0,0,0,1,1,False,False,KHAY KIDDIE PLAYHOUSE
khay jewelry,0,0,0,0,0,0,1,0,0,0,1,1,False,False,Khay Jewelry
khai asia pearl,0,0,0,0,0,1,0,0,0,0,1,1,False,False,Khai Asia Pearl
kg lcd and battery,0,0,1,0,0,0,0,0,0,0,1,1,False,False,Kg Lcd And Battery
keys unlimited and watch repair,0,0,0,0,0,0,1,0,0,0,1,1,False,False,KEYS UNLIMITED AND WATCH REPAIR
keyphone cellphone and accessories shop,0,0,0,0,0,0,1,0,0,0,1,1,False,False,Keyphone Cellphone and Accessories Shop
key express,0,0,0,0,0,0,0,1,0,0,1,1,False,False,KEY EXPRESS
key coffee kissaten,0,0,0,0,0,0,1,0,0,0,1,1,False,False,KEY COFFEE KISSATEN
key cards,0,0,0,1,0,0,0,0,0,0,1,1,False,False,Key Cards
kevlo,0,1,0,0,0,0,0,0,0,0,1,1,False,False,KEVLO
kevins toys and library,0,0,0,0,0,0,1,0,0,0,1,1,False,False,Kevin's Toys and Library
kettle lorn,0,0,0,0,0,0,1,0,0,0,1,1,False,False,KETTLE LORN
kettle korn pop n mix,0,0,0,0,0,0,0,1,0,0,1,1,False,False,KETTLE KORN POP N MIX
kettle korn i,0,0,0,0,0,0,1,0,0,0,1,1,False,False,KETTLE KORN I 0963-080-0191
kettle,0,0,0,0,0,1,0,0,0,0,1,1,False,False,Kettle
kessel lutong bahay,0,0,1,0,0,0,0,0,0,0,1,1,False,False,Kessel Lutong Bahay
kerastase prestige salon,0,0,0,0,0,0,0,1,0,0,1,1,False,False,KERASTASE PRESTIGE SALON
keralty tophealth,0,0,0,0,0,0,0,1,0,0,1,1,False,False,KERALTY TOPHEALTH
keopi tattle,0,0,0,0,0,0,0,0,0,1,1,1,False,False,Keopi Tattle
keopi,0,0,0,0,0,0,1,0,0,0,1,1,False,False,KEOPI
kenzo,0,1,0,0,0,0,0,0,0,0,1,1,False,False,KENZO
kentucky fried chicken (kfc),0,0,1,0,0,0,0,0,0,0,1,1,False,False,Kentucky Fried Chicken (kfc)
kiddie club,0,0,0,0,1,0,0,0,0,0,1,1,False,False,Kiddie Club
kiddie funland,0,0,0,0,0,0,1,0,0,0,1,1,False,False,Kiddie Funland
kiddie patrol ride,0,0,0,0,0,0,1,0,0,0,1,1,False,False,KIDDIE PATROL RIDE
kilometer five car care center,0,1,0,0,0,0,0,0,0,0,1,1,False,False,KILOMETER FIVE CAR CARE CENTER
king deli,0,1,0,0,0,0,0,0,0,0,1,1,False,False,KING DELI
king chefs seafood restaurant,0,0,0,0,1,0,0,0,0,0,1,1,False,False,King Chef's Seafood Restaurant
king bee,0,0,0,0,0,0,0,1,0,0,1,1,False,False,KING BEE
kinder space playgroup tutorial center,0,0,0,0,0,0,0,1,0,0,1,1,False,False,KINDER SPACE PLAYGROUP TUTORIAL CENTER
kinder space,0,0,0,0,1,0,0,0,0,0,1,1,False,False,Kinder Space
kind ventures wellness,0,0,0,0,0,0,0,0,0,1,1,1,False,False,KIND VENTURES WELLNESS
kimseamixx food haus,0,0,0,0,0,0,0,1,0,0,1,1,False,False,KIMSEAMIXX FOOD HAUS
kimizia,0,0,0,0,0,0,1,0,0,0,1,1,False,False,KIMIZIA
kimi,0,1,0,0,0,0,0,0,0,0,1,1,False,False,KIMI
kimburp,0,0,0,0,0,0,0,0,0,1,1,1,False,False,Kimburp
kimbap & bulgogi,0,1,0,0,0,0,0,0,0,0,1,1,False,False,KIMBAP & BULGOGI
kimbap,0,0,0,0,0,0,1,0,0,0,1,1,False,False,KImbap
kim alvin petshop,0,0,0,0,0,1,0,0,0,0,1,1,False,False,Kim Alvin Petshop
kikai hair salon,0,0,0,0,0,0,0,1,0,0,1,1,False,False,KIKAI HAIR SALON
kiddie ride,0,0,0,0,0,0,1,0,0,0,1,1,False,False,KIDDIE RIDE
kidzia kiddie playground,0,0,0,0,0,0,0,1,0,0,1,1,False,False,KIDZIA KIDDIE PLAYGROUND
kidz play,0,0,0,0,0,0,1,0,0,0,1,1,False,False,KIDZ@PLAY
kidvincible theraphy and learning center,0,0,1,0,0,0,0,0,0,0,1,1,False,False,Kidvincible Theraphy And Learning Center
kidventure,0,0,0,0,0,1,0,0,0,0,1,1,False,False,Kidventure
kids venue art play center,0,0,0,0,0,0,0,1,0,0,1,1,False,False,KIDS VENUE ART PLAY CENTER
kids playtown,0,0,0,0,0,0,1,0,0,0,1,1,False,False,KIDS PLAYTOWN
kids paradise dino rides,0,0,0,0,0,0,1,0,0,0,1,1,False,False,Kids Paradise Dino Rides
kids ink,0,1,0,0,0,0,0,0,0,0,1,1,False,False,KIDS INK
kids at play kiddiezone,0,0,0,0,0,0,0,1,0,0,1,1,False,False,KIDS AT PLAY KIDDIEZONE
kids at play,0,0,0,0,0,0,1,0,0,0,1,1,False,False,Kids at Play
kiddos playground,0,0,0,0,0,0,1,0,0,0,1,1,False,False,KIDDOS PLAYGROUND
kiddies magic funplay,0,0,0,0,0,0,0,1,0,0,1,1,False,False,KIDDIES MAGIC FUNPLAY
kiddie rides,0,0,0,0,0,0,1,0,0,0,1,1,False,False,KIDDIE RIDES
lolas boutique,0,1,0,0,0,0,0,0,0,0,1,1,False,False,LOLA’S BOUTIQUE
lollipastillas,0,0,0,0,0,0,0,1,0,0,1,1,False,False,LOLLIPASTILLAS
fc home depot,0,1,0,0,0,0,0,0,0,0,1,1,False,False,FC HOME DEPOT
mens depot by davids,0,0,0,0,0,1,0,0,0,0,1,1,False,False,Men's Depot by David's
men in blooms,0,1,0,0,0,0,0,0,0,0,1,1,False,False,MEN IN BLOOMS
melyn skincare body spa,0,0,0,0,0,0,0,1,0,0,1,1,False,False,MELYN SKINCARE BODY SPA
melrose boardshop,0,0,0,0,0,0,0,1,0,0,1,1,False,False,MELROSE BOARDSHOP
melos,0,0,0,0,1,0,0,0,0,0,1,1,False,False,Melo's
melonpan ice,0,0,0,0,0,0,0,1,0,0,1,1,False,False,MELONPAN ICE
melissa clube,0,0,0,0,0,0,1,0,0,0,1,1,False,False,MELISSA CLUBE
melirose,0,0,0,0,0,1,0,0,0,0,1,1,False,False,Melirose
mele marie,0,0,0,0,0,0,0,1,0,0,1,1,False,False,MELE + MARIE
mejicano,0,0,0,0,0,0,0,0,0,1,1,1,False,False,Mejicano
meiying food & refreshment,0,0,0,0,1,0,0,0,0,0,1,1,False,False,Meiying Food & Refreshment
meinas scalp treatment center,0,0,0,0,0,0,0,1,0,0,1,1,False,False,MEINAS SCALP TREATMENT CENTER
meinas professional,0,0,0,0,0,1,0,0,0,0,1,1,False,False,Meinas Professional
mei lin,0,0,0,0,0,0,0,1,0,0,1,1,False,False,MEI LIN
megaworld showroom,0,0,0,0,1,0,0,0,0,0,1,1,False,False,Megaworld Showroom
megaworld prime office,0,0,0,0,1,0,0,0,0,0,1,1,False,False,Megaworld Prime Office
megaworld platinum,0,0,0,0,1,0,0,0,0,0,1,1,False,False,Megaworld Platinum
megamelt,0,0,0,0,0,0,0,1,0,0,1,1,False,False,MEGAMELT
megabit,0,0,0,0,0,0,1,0,0,0,1,1,False,False,Megabit
mega one,0,0,0,0,0,0,1,0,0,0,1,1,False,False,MEGA ONE
mega fitness center,0,0,0,0,0,0,0,1,0,0,1,1,False,False,MEGA FITNESS CENTER
mega cellular network,0,0,1,0,0,0,0,0,0,0,1,1,False,False,Mega Cellular Network
mega cellular,0,1,0,0,0,0,0,0,0,0,1,1,False,False,MEGA CELLULAR
meg,0,0,0,0,0,1,0,0,0,0,1,1,False,False,Meg
meetrovi,0,0,0,0,0,0,0,1,0,0,1,1,False,False,MEETROVI
meet your ribs,0,0,0,0,0,0,0,1,0,0,1,1,False,False,MEET YOUR RIBS
medley modern mediterranean,0,1,0,0,0,0,0,0,0,0,1,1,False,False,MEDLEY MODERN MEDITERRANEAN
medispa,0,0,0,0,0,0,0,1,0,0,1,1,False,False,MEDISPA
medico global,0,0,0,0,0,1,0,0,0,0,1,1,False,False,Medico Global
medico dental,0,0,0,0,0,0,1,0,0,0,1,1,False,False,Medico Dental
mendokoro ramenba,0,0,0,0,0,0,0,1,0,0,1,1,False,False,MENDOKORO RAMENBA
mentore coffee bar,0,1,0,0,0,0,0,0,0,0,1,1,False,False,MENTORE COFFEE BAR
medicard clinic,0,0,0,0,1,0,0,0,0,0,1,1,False,False,Medicard Clinic
menya kokoro,0,0,0,0,1,0,0,0,0,0,1,1,False,False,Menya Kokoro
mexicanos,0,0,0,0,0,0,1,0,0,0,1,1,False,False,Mexicanos
mexicali,0,0,0,0,0,0,0,1,0,0,1,1,False,False,MEXICALI
mexibites,0,0,0,0,0,0,1,0,0,0,1,1,False,False,MEXIBITES
meuble,0,0,0,0,0,0,1,0,0,0,1,1,False,False,MEUBLE
metrowaki,0,0,0,0,0,0,1,0,0,0,1,1,False,False,Metrowaki
metrospecs,0,0,0,0,0,0,1,0,0,0,1,1,False,False,METROSPECS
metrofone,0,0,0,0,0,0,0,0,0,1,1,1,False,False,Metrofone
metro wine center,0,1,0,0,0,0,0,0,0,0,1,1,False,False,METRO WINE CENTER
metro wanderer travel services,0,0,0,0,0,0,0,1,0,0,1,1,False,False,METRO WANDERER TRAVEL SERVICES
metro sanitas keralty,0,0,1,0,0,0,0,0,0,0,1,1,False,False,Metro Sanitas / Keralty
metro rapid transit service inc,0,0,0,0,0,0,0,1,0,0,1,1,False,False,METRO RAPID TRANSIT SERVICE INC
metanoia christian ministries,0,1,0,0,0,0,0,0,0,0,1,1,False,False,METANOIA CHRISTIAN MINISTRIES
messy bessy,0,1,0,0,0,0,0,0,0,0,1,1,False,False,MESSY BESSY
messiah,0,0,0,0,0,1,0,0,0,0,1,1,False,False,Messiah
message sent,0,0,0,0,0,1,0,0,0,0,1,1,False,False,Message Sent
mesa steak sizzlers,0,1,0,0,0,0,0,0,0,0,1,1,False,False,MESA STEAK SIZZLERS
merzci pasalubong center,0,0,0,0,0,0,0,1,0,0,1,1,False,False,MERZCI PASALUBONG CENTER
merzci pasalubong,0,1,0,0,0,0,0,0,0,0,1,1,False,False,MERZCI PASALUBONG
merzci,0,0,0,0,0,0,1,0,0,0,1,1,False,False,Merzci
mers paluto,0,0,0,0,1,0,0,0,0,0,1,1,False,False,Mers Paluto
merriam & webster bookstore,0,0,0,0,0,0,0,0,1,0,1,1,False,False,MERRIAM & WEBSTER BOOKSTORE
merlgen euro designs,0,0,0,0,0,0,0,1,0,0,1,1,False,False,MERLGEN EURO DESIGNS
merkado supermarket,0,1,0,0,0,0,0,0,0,0,1,1,False,False,MERKADO SUPERMARKET
merienda by pan de manila,0,0,0,0,0,0,0,1,0,0,1,1,False,False,MERIENDA BY PAN DE MANILA
mer nels cake house,0,0,0,0,0,0,0,1,0,0,1,1,False,False,MER-NELS CAKE HOUSE
mer cellphone accessories shop,0,0,0,0,0,0,1,0,0,0,1,1,False,False,Mer Cellphone Accessories Shop
meogja,0,0,0,0,0,0,1,0,0,0,1,1,False,False,MEOGJA
meo asia,0,0,0,0,0,0,1,0,0,0,1,1,False,False,Meo Asia
menya noodle & bento bar,0,0,0,0,0,1,0,0,0,0,1,1,False,False,Menya Noodle & Bento Bar
medicard lifestyle center,0,0,0,0,1,0,0,0,0,0,1,1,False,False,Medicard Lifestyle Center
mediaprint,0,0,0,0,1,0,0,0,0,0,1,1,False,False,Mediaprint
lolo at lola internet cafe,0,0,0,0,0,0,1,0,0,0,1,1,False,False,Lolo at Lola Internet Cafe
mbt fashion,0,0,0,0,0,0,1,0,0,0,1,1,False,False,MBT Fashion
mazza,0,0,0,0,1,0,0,0,0,0,1,1,False,False,Mazza
maytech,0,0,1,0,0,0,0,0,0,0,1,1,False,False,Maytech
mayongs bakeshop snackhouse,0,0,0,0,0,0,0,1,0,0,1,1,False,False,MAYONGS BAKESHOP SNACKHOUSE
mayongs bakeshop and snackhouse i,0,0,0,0,0,0,1,0,0,0,1,1,False,False,MAYONG'S BAKESHOP AND SNACKHOUSE I 0917-119-1925
mayongs bakeshop & snackhouse i,0,0,0,0,0,0,1,0,0,0,1,1,False,False,Mayong's Bakeshop & Snackhouse I 0917-119-1925
mayon clinical laboratory medical services,0,0,0,0,0,0,0,1,0,0,1,1,False,False,MAYON CLINICAL LABORATORY MEDICAL SERVICES
mayet dela rosa jewelry,0,0,0,0,0,0,1,0,0,0,1,1,False,False,Mayet Dela Rosa Jewelry
may abohan i,0,0,0,0,0,0,1,0,0,0,1,1,False,False,MAY ABOHAN I 0916-860-2239
maxs chicken,0,0,0,0,0,0,1,0,0,0,1,1,False,False,Max's Chicken
maximum power smile dental,0,0,0,0,0,0,1,0,0,0,1,1,False,False,Maximum Power Smile Dental
maxima fashion,0,1,0,0,0,0,0,0,0,0,1,1,False,False,MAXIMA FASHION
maxicollector,0,0,0,0,0,1,0,0,0,0,1,1,False,False,Maxicollector
maxicare primary care center,0,0,0,0,0,0,1,0,0,0,1,1,False,False,Maxicare Primary Care Center 0917-848-6366
maxi care,0,0,0,0,0,0,1,0,0,0,1,1,False,False,MAXI CARE
max wax,0,0,0,0,0,0,1,0,0,0,1,1,False,False,Max Wax
max rider,0,0,0,0,0,0,0,1,0,0,1,1,False,False,MAX RIDER
max n case,0,0,0,0,0,0,1,0,0,0,1,1,False,False,Max n Case
max mara,0,1,0,0,0,0,0,0,0,0,1,1,False,False,MAX MARA
mauros grille restaurant,0,0,0,0,0,0,0,1,0,0,1,1,False,False,MAURO'S GRILLE RESTAURANT
maurizios,0,0,0,0,0,0,0,1,0,0,1,1,False,False,MAURIZIOS
mauarte fashion accessories shop,0,0,0,1,0,0,0,0,0,0,1,1,False,False,MAUARTE FASHION ACCESSORIES SHOP
mats donut,0,0,0,0,0,0,0,1,0,0,1,1,False,False,MAT'S DONUT
mathe magis,0,0,0,0,0,1,0,0,0,0,1,1,False,False,Mathe Magis
matees soft serve ice cream & frozen yogurt,0,0,0,0,0,0,1,0,0,0,1,1,False,False,MATEE'S SOFT SERVE ICE CREAM & FROZEN YOGURT
matchadachi,0,0,0,0,0,0,1,0,0,0,1,1,False,False,Matchadachi
matcha super,0,0,0,0,0,1,0,0,0,0,1,1,False,False,Matcha Super
matcha mama,0,0,0,0,0,1,0,0,0,0,1,1,False,False,Matcha Mama
masy,0,0,0,0,0,0,1,0,0,0,1,1,False,False,MASY
masters key retail opc,0,0,0,0,0,0,0,1,0,0,1,1,False,False,MASTERS KEY RETAIL OPC
mb life,0,0,0,0,1,0,0,0,0,0,1,1,False,False,MB Life
mc donalds dessert station,0,0,0,1,0,0,0,0,0,0,1,1,False,False,Mc Donald's Dessert Station
media central,0,0,0,0,0,0,0,1,0,0,1,1,False,False,MEDIA CENTRAL
mc home depot,0,0,0,0,1,0,0,0,0,0,1,1,False,False,MC Home Depot
media box,0,0,0,0,0,0,0,1,0,0,1,1,False,False,MEDIA BOX
medexcel healthcare,0,0,0,0,0,0,1,0,0,0,1,1,False,False,Medexcel Healthcare
medco dental,0,0,0,0,0,0,1,0,0,0,1,1,False,False,Medco Dental
meatsumo,0,0,0,0,0,0,0,1,0,0,1,1,False,False,MEATSUMO
meatogether by tong yang,0,0,0,0,0,0,0,1,0,0,1,1,False,False,MEATOGETHER BY TONG YANG
meatogether,0,0,0,0,0,0,1,0,0,0,1,1,False,False,Meatogether 0917-657-4888
meat me,0,0,0,0,1,0,0,0,0,0,1,1,False,False,Meat Me
meat depot,0,1,0,0,0,0,0,0,0,0,1,1,False,False,MEAT DEPOT
me&u,0,0,0,0,0,0,1,0,0,0,1,1,False,False,ME&U
me u gift shop,0,0,0,0,0,0,0,1,0,0,1,1,False,False,ME U GIFT SHOP
me mobile stop and shop trading co,1,0,0,0,0,0,0,0,0,0,1,1,False,False,Me Mobile Stop And Shop Trading Co.
me & my mom,0,0,0,0,0,0,1,0,0,0,1,1,False,False,Me & My Mom
mds consulting,0,0,0,0,0,0,1,0,0,0,1,1,False,False,MDS Consulting
mda scent station,0,0,0,0,0,0,0,1,0,0,1,1,False,False,MDA SCENT STATION
md glow aesthetic and wellness clinic,0,0,0,0,0,0,0,1,0,0,1,1,False,False,MD GLOW AESTHETIC AND WELLNESS CLINIC
md aesthetique,0,0,0,0,0,1,0,0,0,0,1,1,False,False,MD Aesthetique
mcr dental,0,0,0,0,1,0,0,0,0,0,1,1,False,False,MCR Dental
mcm salon,0,0,0,0,0,0,0,1,0,0,1,1,False,False,MCM SALON
mcl cebu dental wellness centre,0,0,0,0,0,0,1,0,0,0,1,1,False,False,MCL-Cebu Dental Wellness Centre 0933-200-7932
mckinley whisky park,0,0,0,0,1,0,0,0,0,0,1,1,False,False,McKinley Whisky Park
mcjim leather gallery,0,0,0,0,0,0,1,0,0,0,1,1,False,False,McJim Leather Gallery
mcjim,0,0,0,0,0,0,1,0,0,0,1,1,False,False,Mcjim
mcdonalds fries and sundae stand,0,0,0,0,0,0,1,0,0,0,1,1,False,False,Mcdonald's Fries and Sundae Stand
mcdonalds drive thru,0,0,0,0,0,0,1,0,0,0,1,1,False,False,MCDONALD'S DRIVE THRU
mcdonalds dessert counter,0,0,0,0,1,0,0,0,0,0,1,1,False,False,McDonald's Dessert Counter
mcdonalds dessert center and fries,0,0,0,0,0,0,0,1,0,0,1,1,False,False,MCDONALDS DESSERT CENTER AND FRIES
mcdonalds dessert and fries center,0,0,0,0,0,0,0,0,1,0,1,1,False,False,MCDONALDS DESSERT AND FRIES CENTER
mccoys pizza house,0,0,0,0,0,0,0,1,0,0,1,1,False,False,MCCOY'S PIZZA HOUSE
mc sports,0,0,0,0,0,0,0,1,0,0,1,1,False,False,MC SPORTS
mexikanto,0,0,0,0,0,0,1,0,0,0,1,1,False,False,Mexikanto
mexita pizza,0,0,0,0,0,0,0,1,0,0,1,1,False,False,MEXITA PIZZA
mey lin,0,0,0,0,0,0,0,1,0,0,1,1,False,False,MEY LIN
mizusawa milktea and coffee,0,0,0,0,0,0,0,1,0,0,1,1,False,False,MIZUSAWA MILKTEA AND COFFEE
mizuki,0,0,0,0,1,0,0,0,0,0,1,1,False,False,Mizuki
mixue ice cream & tea house,0,0,0,0,0,0,1,0,0,0,1,1,False,False,Mixue Ice Cream & Tea House
mixue ice cream & tea,0,0,0,0,0,0,1,0,0,0,1,1,False,False,MIXUE ICE CREAM & TEA
mixte,0,0,0,0,0,1,0,0,0,0,1,1,False,False,Mixté
mixed it,0,0,0,0,0,0,1,0,0,0,1,1,False,False,Mixed It
mix in style,0,0,0,0,0,0,1,0,0,0,1,1,False,False,Mix In Style
mix gems,0,0,0,0,0,1,0,0,0,0,1,1,False,False,Mix Gems
mix eat,0,0,0,0,0,0,1,0,0,0,1,1,False,False,Mix Eat
mitubl,0,0,0,0,0,0,0,1,0,0,1,1,False,False,MITUBL
mitsuhana,0,0,0,0,0,0,1,0,0,0,1,1,False,False,MITSUHANA
mitsubishi motors fast autoworld,0,0,0,0,0,0,0,1,0,0,1,1,False,False,MITSUBISHI MOTORS - FAST AUTOWORLD
mitsubishi motors cebu lifestlye center,0,0,0,0,0,0,0,1,0,0,1,1,False,False,MITSUBISHI MOTORS CEBU LIFESTLYE CENTER
mita,0,0,0,0,0,0,1,0,0,0,1,1,False,False,Mita
mister siomai atbp,0,0,0,0,0,0,0,1,0,0,1,1,False,False,MISTER SIOMAI ATBP
mister frosty,0,0,0,0,0,0,0,1,0,0,1,1,False,False,MISTER FROSTY
mister donut kiosk,0,0,0,0,0,0,1,0,0,0,1,1,False,False,MISTER DONUT KIOSK
mister donut cafe,0,0,0,0,0,0,0,1,0,0,1,1,False,False,MISTER DONUT CAFE
mist & co,0,0,0,0,0,0,1,0,0,0,1,1,False,False,MIST & CO
missy bon bon,0,0,0,0,0,0,1,0,0,0,1,1,False,False,Missy Bon Bon
missing link,0,0,0,0,1,0,0,0,0,0,1,1,False,False,Missing Link
miss tea cafe,0,0,0,0,0,0,1,0,0,0,1,1,False,False,MISS TEA CAFE
miss olives ice cream,0,0,0,0,0,0,1,0,0,0,1,1,False,False,MISS OLIVE'S ICE CREAM
miss esthe,0,0,0,0,1,0,0,0,0,0,1,1,False,False,Miss Esthe
misreen pet food & accessories,0,0,0,0,0,1,0,0,0,0,1,1,False,False,Misreen Pet Food & Accessories
mismukuno,0,1,0,0,0,0,0,0,0,0,1,1,False,False,MISMUKUNO
misen homewares,0,0,0,1,0,0,0,0,0,0,1,1,False,False,Misen Homewares
misaki,0,0,1,0,0,0,0,0,0,0,1,1,False,False,Misaki
miruu,0,0,0,0,0,0,1,0,0,0,1,1,False,False,MIRUU
mirrors salon & spa,0,0,0,0,0,0,1,0,0,0,1,1,False,False,MIRRORS SALON & SPA
mizuno,0,1,0,0,0,0,0,0,0,0,1,1,False,False,MIZUNO
mj & jm cellphone accessories,0,0,0,0,0,0,1,0,0,0,1,1,False,False,MJ & JM CELLPHONE ACCESSORIES
mf beauty secrets,0,0,0,0,0,0,0,1,0,0,1,1,False,False,MF BEAUTY SECRETS
mj gadget,0,0,0,0,0,1,0,0,0,0,1,1,False,False,Mj Gadget
mobile to go,0,0,0,0,0,1,0,0,0,0,1,1,False,False,Mobile To Go
mobile tech ave,0,0,0,0,0,0,0,1,0,0,1,1,False,False,MOBILE TECH AVE
mobile shop,0,1,0,0,0,0,0,0,0,0,1,1,False,False,MOBILE SHOP
mobile shield,0,0,0,0,0,0,0,1,0,0,1,1,False,False,MOBILE SHIELD
mobile place,0,0,0,0,0,0,0,1,0,0,1,1,False,False,MOBILE PLACE
mobile outfitters,0,0,0,0,1,0,0,0,0,0,1,1,False,False,Mobile Outfitters
mobile g mik,0,0,0,0,0,0,0,1,0,0,1,1,False,False,MOBILE G-MIK
mobile extras,0,0,0,0,0,0,1,0,0,0,1,1,False,False,Mobile Extras
mobile core,0,0,0,0,0,0,0,1,0,0,1,1,False,False,MOBILE CORE
mobile circuit,0,0,1,0,0,0,0,0,0,0,1,1,False,False,Mobile Circuit
mobile care solutions,0,0,0,0,0,1,0,0,0,0,1,1,False,False,Mobile Care Solutions
mobicity,0,0,0,0,0,0,1,0,0,0,1,1,False,False,MOBICITY
mobell copy center,0,0,0,0,0,0,1,0,0,0,1,1,False,False,Mobell Copy Center
mnm de masaje massage chair services,0,0,0,0,0,0,1,0,0,0,1,1,False,False,MNM DE MASAJE MASSAGE CHAIR SERVICES (NEW)
mnla,0,0,0,0,0,0,0,1,0,0,1,1,False,False,MNLA
mncc cellphones and accessories store,0,0,0,0,0,0,1,0,0,0,1,1,False,False,MNCC CELLPHONES AND ACCESSORIES STORE
mml essentials,0,0,0,0,1,0,0,0,0,0,1,1,False,False,MML - Essentials
mmda satellite office,0,0,0,0,0,0,1,0,0,0,1,1,False,False,MMDA Satellite Office
mls,0,0,0,0,0,0,0,0,1,0,1,1,False,False,MLS
mlr toothsaver dental clinic,0,0,0,0,0,0,1,0,0,0,1,1,False,False,MLR TOOTHSAVER DENTAL CLINIC
mlhuillier jewellers,0,0,0,0,0,0,1,0,0,0,1,1,False,False,MLHUILLIER JEWELLERS
mlhuillier,0,0,0,0,0,0,1,0,0,0,1,1,False,False,Mlhuillier
mlg travel & tours,0,0,0,0,0,0,1,0,0,0,1,1,False,False,MLG Travel & Tours
mlb korea,0,0,0,0,1,0,0,0,0,0,1,1,False,False,MLB Korea
mlb beauty and wellness hub,0,0,0,0,0,0,1,0,0,0,1,1,False,False,MLB Beauty and Wellness Hub
mkc vintage shop,0,1,0,0,0,0,0,0,0,0,1,1,False,False,MKC VINTAGE SHOP
mk fried noodles,0,0,1,0,0,0,0,0,0,0,1,1,False,False,Mk Fried Noodles
mjks food corner,0,0,0,0,0,0,1,0,0,0,1,1,False,False,MJK's Food Corner
mj gold & silver,0,0,0,0,0,0,1,0,0,0,1,1,False,False,MJ Gold & Silver
mirrored his & hers studio,0,0,0,0,0,0,0,1,0,0,1,1,False,False,MIRRORED HIS & HERS STUDIO
miratap,0,0,0,0,0,1,0,0,0,0,1,1,False,False,Miratap
mirangcurl korea salon,0,1,0,0,0,0,0,0,0,0,1,1,False,False,MIRANGCURL KOREA SALON
miranda optical,0,1,0,0,0,0,0,0,0,0,1,1,False,False,MIRANDA OPTICAL
milas tokwat baboy,0,0,0,0,0,0,0,1,0,0,1,1,False,False,MILA'S TOKWAT BABOY
milas pastries and snacks,0,0,0,0,0,0,0,1,0,0,1,1,False,False,MILAS PASTRIES AND SNACKS
milas pastries & snacks,0,1,0,0,0,0,0,0,0,0,1,1,False,False,MILA’S PASTRIES & SNACKS
milano & design,0,0,0,0,1,0,0,0,0,0,1,1,False,False,Milano & Design
mikhada takoyaki,0,0,0,0,0,0,1,0,0,0,1,1,False,False,MIKHADA TAKOYAKI
mikayla,0,0,0,0,0,0,0,1,0,0,1,1,False,False,MIKAYLA
mikana,0,0,1,0,0,0,0,0,0,0,1,1,False,False,Mikana
mijj gadgets repair,0,0,0,0,0,0,0,1,0,0,1,1,False,False,MIJJ GADGETS REPAIR
miguelitoss ice cream,0,0,0,0,0,0,1,0,0,0,1,1,False,False,MIGUELITOS'S ICE CREAM
miguelitos diner,0,0,0,0,0,0,1,0,0,0,1,1,False,False,MIGUELITO'S DINER
miguelitos avocado locco,0,0,0,0,0,0,1,0,0,0,1,1,False,False,MIGUELITO'S AVOCADO LOCCO
miguelitos,0,0,0,0,0,0,1,0,0,0,1,1,False,False,MIGUELITOS
miguelito ice cream,0,0,0,0,0,0,1,0,0,0,1,1,False,False,Miguelito' Ice Cream
mighty hands,0,0,0,0,1,0,0,0,0,0,1,1,False,False,Mighty Hands
mietubl philippines,0,0,0,0,0,0,1,0,0,0,1,1,False,False,MIETUBL PHILIPPINES
midio,0,0,0,0,0,0,1,0,0,0,1,1,False,False,MIDIO
micu dentail clinic,0,0,0,0,0,0,1,0,0,0,1,1,False,False,MICU DENTAIL CLINIC
microcadd,0,0,0,0,0,0,0,1,0,0,1,1,False,False,MICROCADD
micovidi,0,0,0,0,0,0,1,0,0,0,1,1,False,False,Micovidi
michelles homemade,0,0,0,0,1,0,0,0,0,0,1,1,False,False,Michelle's Homemade
michael kors,0,1,0,0,0,0,0,0,0,0,1,1,False,False,MICHAEL KORS
mi service center,0,0,0,0,0,0,0,1,0,0,1,1,False,False,MI SERVICE CENTER
mi panda,0,0,0,0,0,0,1,0,0,0,1,1,False,False,MI PANDA 0917 841 0027
mi (xiaomi store) i,0,0,0,0,0,0,1,0,0,0,1,1,False,False,MI (XIAOMI STORE) I 0998-980-2770
mhk korean food,0,0,0,0,0,0,1,0,0,0,1,1,False,False,MHK KOREAN FOOD
mhj enterprise,0,1,0,0,0,0,0,0,0,0,1,1,False,False,MHJ ENTERPRISE
mhinnie footwear,0,0,0,0,0,0,1,0,0,0,1,1,False,False,MHINNIE FOOTWEAR
mg gateway,0,0,0,0,0,0,1,0,0,0,1,1,False,False,MG Gateway TEMPORARILY CLOSED
mg,0,0,1,0,0,0,0,0,0,0,1,1,False,False,Mg
miles cartruck,0,0,0,0,0,0,1,0,0,0,1,1,False,False,Miles Cartruck
miles eatery,0,0,0,0,0,0,1,0,0,0,1,1,False,False,MILES EATERY
milk cream,0,0,0,0,0,0,0,1,0,0,1,1,False,False,MILK CREAM
mini bites donuts,0,0,0,0,0,0,1,0,0,0,1,1,False,False,MINI BITES DONUTS
mira stationers,0,0,0,0,0,0,1,0,0,0,1,1,False,False,MIRA STATIONERS
miquits therapeutic blind massage,0,0,0,0,0,0,0,1,0,0,1,1,False,False,MIQUITS THERAPEUTIC BLIND MASSAGE
miquesi salon,0,0,0,0,1,0,0,0,0,0,1,1,False,False,Miquesi Salon
mio mei,0,0,0,0,0,0,0,0,0,1,1,1,False,False,Mio mei
minute fried,0,0,0,0,0,0,1,0,0,0,1,1,False,False,Minute Fried
minute burger,0,0,0,0,0,0,0,0,0,1,1,1,False,False,Minute Burger
mins korean grilling station,0,0,0,0,0,0,0,1,0,0,1,1,False,False,MIN'S KOREAN GRILLING STATION
minlou home,1,0,0,0,0,0,0,0,0,0,1,1,False,False,Minlou Home
minlou,0,0,1,0,0,0,0,0,0,0,1,1,False,False,Minlou
minicare gadget repair,0,0,0,0,0,0,0,1,0,0,1,1,False,False,MINICARE GADGET REPAIR
mini shabu shabu,0,0,0,0,0,0,0,1,0,0,1,1,False,False,MINI SHABU-SHABU
mini donuts,0,0,0,0,0,0,1,0,0,0,1,1,False,False,Mini Donuts
mini centro,0,0,0,0,0,0,0,1,0,0,1,1,False,False,MINI CENTRO
mingoys paellas,0,0,0,0,0,0,0,1,0,0,1,1,False,False,MINGOY'S PAELLAS
milk pot,0,0,0,0,0,0,0,1,0,0,1,1,False,False,MILK POT
mingfu asian cuisine,0,0,0,0,0,0,1,0,0,0,1,1,False,False,Mingfu Asian Cuisine
mined polished jewelry depot,0,0,0,0,0,0,0,1,0,0,1,1,False,False,MINED POLISHED JEWELRY DEPOT
mindwerks the toy shop,0,0,1,0,0,0,0,0,0,0,1,1,False,False,Mindwerks The Toy Shop
mindpro supermarket,0,0,0,0,0,0,0,1,0,0,1,1,False,False,MINDPRO SUPERMARKET
mindanao gorilla auto detail,0,0,0,0,0,0,0,1,0,0,1,1,False,False,MINDANAO GORILLA AUTO DETAIL
mindanao basket,0,0,0,0,0,0,0,1,0,0,1,1,False,False,THE MINDANAO BASKET
mind werks,0,0,0,1,0,0,0,0,0,0,1,1,False,False,Mind Werks
mind champs international preschool,0,0,0,0,0,0,0,1,0,0,1,1,False,False,MIND CHAMPS INTERNATIONAL PRESCHOOL
mimosa wellness,0,0,0,0,0,1,0,0,0,0,1,1,False,False,Mimosa Wellness
mimiko,0,0,0,0,0,1,0,0,0,0,1,1,False,False,Mimiko
milky dangooo,0,0,0,0,0,0,0,1,0,0,1,1,False,False,MILKY DANGOOO
milktea square,0,0,0,0,0,0,1,0,0,0,1,1,False,False,Milktea Square
milk qq,0,0,0,0,0,0,1,0,0,0,1,1,False,False,Milk QQ (Temporarily Closed)
master tan fried chicken,0,0,0,0,1,0,0,0,0,0,1,1,False,False,Master Tan Fried Chicken
master soimai,0,0,0,0,0,0,1,0,0,0,1,1,False,False,Master Soimai
master siomai (1f),0,0,0,1,0,0,0,0,0,0,1,1,False,False,MASTER SIOMAI (1F)
m herrero general merchandise,0,0,0,0,0,0,1,0,0,0,1,1,False,False,M. Herrero General Merchandise
m and d quick check medical exam clinic,0,0,0,0,0,0,0,1,0,0,1,1,False,False,M AND D QUICK CHECK MEDICAL EXAM CLINIC
lz scents studio by lz perfumery shop,0,0,0,0,0,0,1,0,0,0,1,1,False,False,LZ Scents Studio by LZ Perfumery Shop
lyric instrument,0,0,1,0,0,0,0,0,0,0,1,1,False,False,Lyric Instrument
lynx design,0,0,0,0,0,0,0,1,0,0,1,1,False,False,LYNX DESIGN
lynx,0,0,0,0,0,1,0,0,0,0,1,1,False,False,Lynx
lynderm facial center and day spa,0,0,0,0,0,0,0,0,0,1,1,1,False,False,Lynderm Facial Center And Day Spa
lyn,0,0,0,0,0,0,0,1,0,0,1,1,False,False,LYN
luxurious nails,0,0,0,0,0,0,1,0,0,0,1,1,False,False,Luxurious Nails
luxuri pets by aivee,0,0,0,0,1,0,0,0,0,0,1,1,False,False,Luxuri Pets By Aivee
luxuri manila,0,0,0,0,1,0,0,0,0,0,1,1,False,False,Luxuri Manila
luxederm face and body,0,0,0,0,0,0,1,0,0,0,1,1,False,False,LuxeDerm Face and Body
luxe premiere,0,0,0,0,0,1,0,0,0,0,1,1,False,False,Luxe Premiere
luxe parfum and scents,0,0,0,0,0,0,0,1,0,0,1,1,False,False,LUXE PARFUM AND SCENTS
luxe lounge,0,1,0,0,0,0,0,0,0,0,1,1,False,False,LUXE LOUNGE
luxe escape spa,0,0,0,0,1,0,0,0,0,0,1,1,False,False,Luxe Escape Spa
luxe at twelfth,0,1,0,0,0,0,0,0,0,0,1,1,False,False,LUXE AT TWELFTH
luxallure aesthetic clinic,0,0,0,0,0,0,1,0,0,0,1,1,False,False,LUXALLURE AESTHETIC CLINIC
luvyah korean potato hotdogs corndogs,0,0,0,0,0,0,0,1,0,0,1,1,False,False,LUVYAH KOREAN POTATO HOTDOGS CORNDOGS
luv lemon life,0,0,0,0,0,0,0,1,0,0,1,1,False,False,LUV LEMON LIFE
lutong bahay ni manang,0,0,0,0,0,0,1,0,0,0,1,1,False,False,LUTONG BAHAY NI MANANG
lustre salon & wellness,0,0,0,0,0,0,1,0,0,0,1,1,False,False,LUSTRE SALON & WELLNESS
lusso,0,1,0,0,0,0,0,0,0,0,1,1,False,False,LUSSO
lush fresh handmade cosmetics,0,0,0,0,0,0,0,1,0,0,1,1,False,False,LUSH FRESH HANDMADE COSMETICS
lunula salon & spa,0,0,0,0,0,0,1,0,0,0,1,1,False,False,Lunula Salon & Spa
lunas ilonggo legacy,0,0,0,0,1,0,0,0,0,0,1,1,False,False,Luna's Ilonggo Legacy
lumpiaholic,0,0,0,0,0,0,0,1,0,0,1,1,False,False,LUMPIAHOLIC
lumpia natics by magsies,0,1,0,0,0,0,0,0,0,0,1,1,False,False,LUMPIA.NATICS BY MAGSIE’S
luminous espresso industry,0,0,1,0,0,0,0,0,0,0,1,1,False,False,Luminous Espresso Industry
luminous dental,0,0,0,0,0,0,0,1,0,0,1,1,False,False,LUMINOUS DENTAL
m h burton,0,0,1,0,0,0,0,0,0,0,1,1,False,False,M.h Burton
m lhuiller,0,0,0,0,0,0,1,0,0,0,1,1,False,False,M Lhuiller
magure izakaya,0,0,0,0,1,0,0,0,0,0,1,1,False,False,Magure Izakaya
m lhuillier jeweler,0,0,0,0,0,0,1,0,0,0,1,1,False,False,M Lhuillier Jeweler
magic melt,0,0,0,0,0,0,0,1,0,0,1,1,False,False,MAGIC MELT
mag sugba ta seafood grill,0,0,0,0,0,0,0,1,0,0,1,1,False,False,MAG SUGBA TA SEAFOOD GRILL
madsun travel & tours,0,0,0,0,0,0,1,0,0,0,1,1,False,False,MADSUN TRAVEL & TOURS
madrone,0,0,0,0,1,0,0,0,0,0,1,1,False,False,Madrone
madisons skin body experts,0,0,0,0,0,0,0,1,0,0,1,1,False,False,MADISONS SKIN BODY EXPERTS
madeca,0,0,0,0,0,0,0,1,0,0,1,1,False,False,MADECA
made for u,0,1,0,0,0,0,0,0,0,0,1,1,False,False,MADE FOR U
made by pearl,0,0,0,0,0,0,0,1,0,0,1,1,False,False,MADE BY PEARL
made 2 measure,0,0,0,0,0,0,0,1,0,0,1,1,False,False,MADE 2 MEASURE
madcafe,0,0,0,0,0,0,0,1,0,0,1,1,False,False,MADCAFE
madc dental clinic,0,0,0,0,0,0,0,1,0,0,1,1,False,False,MADC DENTAL CLINIC
mad marks creamery & good eats,0,1,0,0,0,0,0,0,0,0,1,1,False,False,MAD MARK'S CREAMERY & GOOD EATS
mad arrow,0,0,0,0,0,0,0,1,0,0,1,1,False,False,MAD ARROW
macrowash laundry,0,0,0,0,0,0,0,1,0,0,1,1,False,False,MACROWASH LAUNDRY
mackim prints inc,0,0,0,0,0,0,0,1,0,0,1,1,False,False,MACKIM PRINTS INC
mac cellphone and accessories,0,0,0,0,0,0,1,0,0,0,1,1,False,False,MAC CELLPHONE AND ACCESSORIES
mac beth,0,0,0,0,0,0,1,0,0,0,1,1,False,False,Mac Beth 9154811681
maba road safety kiddie park,0,0,0,0,0,0,1,0,0,0,1,1,False,False,MABA Road Safety Kiddie Park
maanyag,0,1,0,0,0,0,0,0,0,0,1,1,False,False,MAANYAG
ma sculptra skin laser & aesthetic center,0,0,0,0,1,0,0,0,0,0,1,1,False,False,Ma Sculptra Skin Laser & Aesthetic Center
ma dao,0,0,0,0,0,0,0,1,0,0,1,1,False,False,MA DAO
ma chicken mami house,0,1,0,0,0,0,0,0,0,0,1,1,False,False,MA CHICKEN MAMI HOUSE
ma ay,0,0,1,0,0,0,0,0,0,0,1,1,False,False,Ma-ay
m&n sky light,0,0,0,0,0,0,1,0,0,0,1,1,False,False,M&N Sky Light
m y shoes,0,0,0,0,0,0,1,0,0,0,1,1,False,False,M+Y Shoes
m stone,0,0,0,0,0,0,0,1,0,0,1,1,False,False,M STONE
m r ginger detox drinks,0,1,0,0,0,0,0,0,0,0,1,1,False,False,M.R. GINGER DETOX DRINKS
m m creations,0,0,0,0,0,0,0,1,0,0,1,1,False,False,M M CREATIONS
m lhuillier pawnshop,0,1,0,0,0,0,0,0,0,0,1,1,False,False,M. LHUILLIER PAWNSHOP
luminosa aesthetic & wellness center,0,0,0,0,1,0,0,0,0,0,1,1,False,False,Luminosa Aesthetic & Wellness Center
luminisce holistic skin innovations,0,0,0,0,0,0,0,1,0,0,1,1,False,False,LUMINISCE HOLISTIC SKIN INNOVATIONS
lumina homes,0,0,0,0,0,0,0,0,1,0,1,1,False,False,LUMINA HOMES
lumiere anti aging and skin spa,0,0,0,0,1,0,0,0,0,0,1,1,False,False,Lumiere Anti-aging and Skin Spa
loyola k 12 tutorial services,0,0,0,0,0,0,0,1,0,0,1,1,False,False,LOYOLA K-12 TUTORIAL SERVICES
lowcal salad & wraps,0,0,0,0,0,0,1,0,0,0,1,1,False,False,LOWCAL SALAD & WRAPS 0923-858-5216
lovemarie beauty lounge,0,0,0,0,0,0,0,1,0,0,1,1,False,False,LOVEMARIE BEAUTY LOUNGE
lovehouse beauty studio,0,0,0,0,0,0,1,0,0,0,1,1,False,False,LOVEHOUSE BEAUTY STUDIO
love marie beauty & brow salon,0,0,0,0,0,0,1,0,0,0,1,1,False,False,LOVE MARIE BEAUTY & BROW SALON
love marie,0,0,0,0,0,0,1,0,0,0,1,1,False,False,LOVE MARIE
love house,0,0,0,0,0,0,1,0,0,0,1,1,False,False,Love House
love brows brow aesthetic studio,0,0,0,0,0,0,0,1,0,0,1,1,False,False,LOVE BROWS BROW AESTHETIC STUDIO
lourmon garden,0,0,0,0,0,0,0,1,0,0,1,1,False,False,LOURMON GARDEN
loulou nail spa & salon,0,0,1,0,0,0,0,0,0,0,1,1,False,False,Loulou Nail Spa & Salon
louis vuitton,0,1,0,0,0,0,0,0,0,0,1,1,False,False,LOUIS VUITTON
louies dermatology,0,0,0,0,0,0,1,0,0,0,1,1,False,False,LOUIE'S DERMATOLOGY
louelli travel & tours,0,0,0,0,0,0,1,0,0,0,1,1,False,False,Louelli Travel & Tours
lotus cafe,0,0,0,0,0,0,0,1,0,0,1,1,False,False,LOTUS CAFÉ
lotsa pizza,0,0,0,0,0,0,1,0,0,0,1,1,False,False,LOTS'A PIZZA (TEMPORARILY CLOSED)
lost bread,0,0,0,0,0,0,0,1,0,0,1,1,False,False,THE LOST BREAD
lost,0,0,0,0,0,0,0,1,0,0,1,1,False,False,LOST
los tacos,0,0,0,0,1,0,0,0,0,0,1,1,False,False,Los Tacos
los pedritos,0,0,0,0,0,0,1,0,0,0,1,1,False,False,LOS PEDRITOS (075) 654-6099
los churreros churros,0,0,0,0,0,0,1,0,0,0,1,1,False,False,LOS CHURREROS CHURROS
lormalifecheck,0,0,0,0,0,0,1,0,0,0,1,1,False,False,LORMALIFECHECK
lorenzo jewelry,0,0,0,0,0,0,0,1,0,0,1,1,False,False,LORENZO JEWELRY
loraine jewelry and watch repair shop,0,0,0,0,0,0,1,0,0,0,1,1,False,False,Loraine Jewelry and Watch Repair Shop
looks by optika eccelente,0,0,0,0,0,0,0,1,0,0,1,1,False,False,LOOKS BY OPTIKA ECCELENTE
longchamp,0,1,0,0,0,0,0,0,0,0,1,1,False,False,LONGCHAMP
long live play,0,0,0,0,0,1,0,0,0,0,1,1,False,False,Long Live Play
london eyelash extensions,0,0,0,0,0,0,0,1,0,0,1,1,False,False,LONDON EYELASH EXTENSIONS
lom key specialist,0,0,0,0,0,1,0,0,0,0,1,1,False,False,LOM Key Specialist
lolo pinoy grill,0,0,0,0,1,0,0,0,0,0,1,1,False,False,Lolo Pinoy Grill
lra,0,0,0,0,0,0,1,0,0,0,1,1,False,False,LRA
ls blooms,0,0,0,0,0,0,0,1,0,0,1,1,False,False,LS BLOOMS
ls blooms flower shop,0,0,0,0,0,0,1,0,0,0,1,1,False,False,LS BLOOMS FLOWER SHOP
lucky pick lotto,0,0,0,0,0,0,1,0,0,0,1,1,False,False,Lucky Pick lotto
lumbenos barong & gown collection 377 93,0,1,0,0,0,0,0,0,0,0,1,1,False,False,LUMBENOS BARONG & GOWN COLLECTION 377.93
lulu forex,0,0,0,0,0,0,1,0,0,0,1,1,False,False,Lulu Forex
luka ferruccio,0,0,0,0,0,0,0,1,0,0,1,1,False,False,LUKA FERRUCCIO
lugaw to go,0,0,0,0,0,0,1,0,0,0,1,1,False,False,LUGAW TO GO
lugaw plus,0,1,0,0,0,0,0,0,0,0,1,1,False,False,LUGAW PLUS
lugaw one,0,0,1,0,0,0,0,0,0,0,1,1,False,False,Lugaw One
lugaw ni bossing,0,0,0,0,0,0,1,0,0,0,1,1,False,False,Lugaw ni Bossing
lugaw ni bosing,0,0,0,0,0,0,1,0,0,0,1,1,False,False,Lugaw ni Bosing
lugaw ni abel,0,0,0,0,0,0,0,0,0,1,1,1,False,False,Lugaw Ni Abel
lugaw king,0,0,0,0,0,0,0,1,0,0,1,1,False,False,LUGAW KING
luez printing services,0,0,0,0,0,0,1,0,0,0,1,1,False,False,Luez Printing Services
luez printing,0,0,0,0,0,0,1,0,0,0,1,1,False,False,LUEZ PRINTING
lueur,0,0,0,0,0,0,1,0,0,0,1,1,False,False,LUEUR
lucky joy,0,0,0,0,0,0,1,0,0,0,1,1,False,False,LUCKY JOY
ls pascual,0,0,0,0,0,0,1,0,0,0,1,1,False,False,LS Pascual
lucky chinatown cinemas snackbar,0,0,0,0,1,0,0,0,0,0,1,1,False,False,Lucky Chinatown Cinemas - Snackbar
lucky chinatown cinemas,0,0,0,0,1,0,0,0,0,0,1,1,False,False,Lucky Chinatown Cinemas
lucky charm,0,0,0,0,0,0,1,0,0,0,1,1,False,False,Lucky Charm
lucky chao,0,0,0,0,1,0,0,0,0,0,1,1,False,False,Lucky Chao
lucky boba milktea,0,0,0,0,0,0,1,0,0,0,1,1,False,False,Lucky Boba Milktea
lucky boba,0,0,0,0,0,0,1,0,0,0,1,1,False,False,Lucky Boba
lucky beauty,0,0,1,0,0,0,0,0,0,0,1,1,False,False,Lucky Beauty
lucilles siomai,0,0,0,0,0,0,1,0,0,0,1,1,False,False,LUCILLE'S SIOMAI
lucerne,0,1,0,0,0,0,0,0,0,0,1,1,False,False,LUCERNE
lucelle,0,0,0,0,0,0,1,0,0,0,1,1,False,False,Lucelle 9454728556
lspascual optical,0,0,0,0,0,0,0,1,0,0,1,1,False,False,LSPASCUAL OPTICAL
lsc watch repair,0,0,0,0,0,0,1,0,0,0,1,1,False,False,LSC Watch Repair
ls pascual optical,0,0,0,0,0,0,1,0,0,0,1,1,False,False,LS Pascual Optical
magic tracklesstrain,0,0,0,0,0,0,1,0,0,0,1,1,False,False,Magic TracklessTrain
magure restaurant,0,0,0,0,0,0,0,1,0,0,1,1,False,False,MAGURE RESTAURANT
master siomai ( 6332),0,0,0,0,0,0,1,0,0,0,1,1,False,False,MASTER SIOMAI (+6332) 505-2384
marie t jose dental clinic,0,0,0,0,0,0,0,1,0,0,1,1,False,False,MARIE T JOSE DENTAL CLINIC
marianas nails & lashes,0,0,0,0,0,0,1,0,0,0,1,1,False,False,MARIANA'S NAILS & LASHES (new)
mariae souvenir and novelty shop,0,0,0,0,0,0,0,1,0,0,1,1,False,False,MARIAE SOUVENIR AND NOVELTY SHOP
margots luxury boutique,0,0,0,0,0,1,0,0,0,0,1,1,False,False,Margot's Luxury Boutique
margies kitchen,0,0,0,0,0,0,0,1,0,0,1,1,False,False,MARGIES KITCHEN
margans news & magazines,0,1,0,0,0,0,0,0,0,0,1,1,False,False,MARGAN'S NEWS & MAGAZINES
mardoneys,0,0,0,0,0,0,0,1,0,0,1,1,False,False,MARDONEYS
mardesh,0,0,0,0,0,0,1,0,0,0,1,1,False,False,MARDESH
marcos lugawan,0,0,0,0,0,0,0,1,0,0,1,1,False,False,MARCO'S LUGAWAN
marco pollo cafe,0,0,0,0,0,0,1,0,0,0,1,1,False,False,Marco Pollo Cafe
marcianas palabok supreme and puto pandan,0,0,0,0,0,0,0,1,0,0,1,1,False,False,MARCIANAS PALABOK SUPREME AND PUTO PANDAN
marcella myx,0,1,0,0,0,0,0,0,0,0,1,1,False,False,MARCELLA MYX
marc by marc jacob,0,1,0,0,0,0,0,0,0,0,1,1,False,False,MARC BY MARC JACOB
marc ann fashion collection,1,0,0,0,0,0,0,0,0,0,1,1,False,False,Marc Ann Fashion Collection
mar sizzling hub,0,0,0,0,0,0,1,0,0,0,1,1,False,False,Mar Sizzling Hub
mar fashion accessories,1,0,0,0,0,0,0,0,0,0,1,1,False,False,Mar Fashion Accessories
maq barbershop,0,0,0,0,0,0,0,1,0,0,1,1,False,False,MAQ BARBERSHOP
mapua malayan digital college,0,1,0,0,0,0,0,0,0,0,1,1,False,False,MAPUA-MALAYAN DIGITAL COLLEGE
many unlimited topokki buffet,0,0,0,0,0,0,0,1,0,0,1,1,False,False,MANY UNLIMITED TOPOKKI BUFFET
manulife,0,0,0,0,0,0,1,0,0,0,1,1,False,False,Manulife
mantaring,0,1,0,0,0,0,0,0,0,0,1,1,False,False,MANTARING
manongs tusok tusok,0,1,0,0,0,0,0,0,0,0,1,1,False,False,MANONG'S TUSOK TUSOK
manong samalamig,0,0,0,0,0,0,1,0,0,0,1,1,False,False,Manong Samalamig
mannys spices,0,0,0,0,0,0,1,0,0,0,1,1,False,False,Manny's Spices ( TEMPORARILY CLOSED)
manny and pie calayan clinic,0,0,1,0,0,0,0,0,0,0,1,1,False,False,Manny And Pie Calayan Clinic
manna garden,0,0,0,0,0,0,0,1,0,0,1,1,False,False,MANNA GARDEN
manjos cafe,0,0,0,0,0,0,0,1,0,0,1,1,False,False,MANJOS CAFE
manjaru outdoors inc,0,0,0,0,0,0,0,0,1,0,1,1,False,False,MANJARU OUTDOORS INC.
manjaru outdoors,0,0,0,0,0,0,0,0,1,0,1,1,False,False,MANJARU OUTDOORS
manila goldsmiths co,0,0,0,0,0,0,0,1,0,0,1,1,False,False,MANILA GOLDSMITHS CO
marie flower shop,0,0,0,0,0,0,0,1,0,0,1,1,False,False,MARIE FLOWER SHOP
marina lechon house,0,0,0,0,0,0,1,0,0,0,1,1,False,False,Marina Lechon House
mah,0,0,0,0,0,0,1,0,0,0,1,1,False,False,MAH
marina tuna,0,0,0,0,0,0,0,1,0,0,1,1,False,False,MARINA TUNA
master gawlu,0,0,0,0,0,0,1,0,0,0,1,1,False,False,Master Gawlu
master feng shui ang,1,0,0,0,0,0,0,0,0,0,1,1,False,False,Master Feng Shui Ang
master chaolong,0,0,0,0,0,0,0,0,0,1,1,1,False,False,MASTER CHAOLONG
masskara chicken inasal,0,0,0,0,1,0,0,0,0,0,1,1,False,False,Masskara Chicken Inasal
massimo dutti,0,1,0,0,0,0,0,0,0,0,1,1,False,False,MASSIMO DUTTI
massage venue,0,1,0,0,0,0,0,0,0,0,1,1,False,False,MASSAGE VENUE
massage to go,0,0,0,0,0,0,1,0,0,0,1,1,False,False,MASSAGE TO GO
masil charcoal grill restaurant,0,0,0,0,0,0,0,1,0,0,1,1,False,False,MASIL CHARCOAL GRILL RESTAURANT
mascot pets,0,0,0,0,0,0,0,1,0,0,1,1,False,False,MASCOT PETS
masatami shave ice,0,0,0,0,0,0,0,1,0,0,1,1,False,False,MASATAMI SHAVE ICE
masa food corner,0,0,0,0,0,0,1,0,0,0,1,1,False,False,MASA FOOD CORNER 9482764228
marys gift collection,0,1,0,0,0,0,0,0,0,0,1,1,False,False,MARY'S GIFT COLLECTION
maryelles boutique,0,1,0,0,0,0,0,0,0,0,1,1,False,False,MARYELLE'S BOUTIQUE
maryans photocopier,0,0,0,0,0,0,1,0,0,0,1,1,False,False,Maryan's Photocopier
mary pauline,0,0,0,0,0,0,1,0,0,0,1,1,False,False,Mary Pauline
marwhel,0,0,0,0,0,0,1,0,0,0,1,1,False,False,Marwhel
marugo takoyaki,0,0,0,0,0,0,1,0,0,0,1,1,False,False,MARUGO TAKOYAKI
maruca,0,0,0,0,1,0,0,0,0,0,1,1,False,False,Maruca
martabak cafe,0,0,0,0,0,0,0,1,0,0,1,1,False,False,MARTABAK CAFE
mart,0,0,0,0,1,0,0,0,0,0,1,1,False,False,The Mart
marshall driving school,0,0,0,0,0,0,0,1,0,0,1,1,False,False,MARSHALL DRIVING SCHOOL
marry me,0,1,0,0,0,0,0,0,0,0,1,1,False,False,MARRY ME
marquins,1,0,0,0,0,0,0,0,0,0,1,1,False,False,Marquins
marlons creations salon,0,1,0,0,0,0,0,0,0,0,1,1,False,False,MARLONS CREATIONS SALON
marlea dental clinic,0,0,0,0,0,0,0,1,0,0,1,1,False,False,MARLEA DENTAL CLINIC
marks pepper meal,0,0,0,0,0,0,0,1,0,0,1,1,False,False,MARKS PEPPER MEAL
markline,0,0,1,0,0,0,0,0,0,0,1,1,False,False,Markline
market square,0,1,0,0,0,0,0,0,0,0,1,1,False,False,MARKET SQUARE
marked unlock,0,0,0,0,0,0,0,0,0,1,1,1,False,False,Marked Unlock
manila dokha medwakh,0,0,0,1,0,0,0,0,0,0,1,1,False,False,Manila Dokha Medwakh
manila diamond,0,0,0,0,0,1,0,0,0,0,1,1,False,False,Manila Diamond
manila bankers life insurance corp,0,0,0,0,0,0,1,0,0,0,1,1,False,False,MANILA BANKERS LIFE INSURANCE CORP
manila bankers life,0,0,0,0,0,0,1,0,0,0,1,1,False,False,MANILA BANKER'S LIFE
mamangs wood fired pizzeria,0,0,0,0,0,0,0,1,0,0,1,1,False,False,MAMANGS WOOD FIRED PIZZERIA
mamacita,0,0,0,0,1,0,0,0,0,0,1,1,False,False,Mamacita
mamacai,0,0,0,0,0,0,0,1,0,0,1,1,False,False,MAMACAI
mama sarahs lettuce garden,0,0,0,0,0,0,1,0,0,0,1,1,False,False,Mama Sarah's Lettuce Garden
mama jacqs kitchen,0,0,0,0,0,0,1,0,0,0,1,1,False,False,Mama Jacq's Kitchen
mama bears garden,0,0,0,0,0,0,0,0,0,1,1,1,False,False,Mama Bears Garden
malubianbian spicy restaurant,0,0,0,0,0,0,0,1,0,0,1,1,False,False,MALUBIANBIAN SPICY RESTAURANT
malbcoff,0,0,0,0,0,1,0,0,0,0,1,1,False,False,Malbcoff
malayan bank,0,0,0,0,0,0,1,0,0,0,1,1,False,False,Malayan Bank
malabar,0,0,0,0,0,0,0,1,0,0,1,1,False,False,MALABAR
makkiramen restaurant,0,0,0,0,0,0,0,1,0,0,1,1,False,False,MAKKIRAMEN RESTAURANT
makiramen,0,0,0,0,0,0,0,1,0,0,1,1,False,False,MAKIRAMEN
makimura ramen bar express,0,0,0,0,0,0,0,1,0,0,1,1,False,False,MAKIMURA RAMEN BAR EXPRESS
makimura ramen,0,1,0,0,0,0,0,0,0,0,1,1,False,False,MAKIMURA RAMEN
makiko,0,1,0,0,0,0,0,0,0,0,1,1,False,False,MAKIKO
make room & more,0,1,0,0,0,0,0,0,0,0,1,1,False,False,MAKE ROOM & MORE
make it kwek,0,0,0,0,0,0,1,0,0,0,1,1,False,False,Make-It-Kwek
makati projections,0,1,0,0,0,0,0,0,0,0,1,1,False,False,MAKATI PROJECTIONS
majesty driving school,0,0,0,0,0,0,0,1,0,0,1,1,False,False,MAJESTY DRIVING SCHOOL
majestic ham,0,0,0,0,0,1,0,0,0,0,1,1,False,False,Majestic Ham
majeids carpet,0,0,1,0,0,0,0,0,0,0,1,1,False,False,Majeid’s Carpet
maja coffee & donuts,0,0,0,0,1,0,0,0,0,0,1,1,False,False,Maja Coffee & Donuts
maisys coffee cut,0,0,0,0,0,0,1,0,0,0,1,1,False,False,Maisy's Coffee Cut (open)
maison margiela,0,0,0,0,0,0,1,0,0,0,1,1,False,False,MAISON MARGIELA
maison de beaute,0,1,0,0,0,0,0,0,0,0,1,1,False,False,MAISON DE BEAUTE
mairah footwear store,0,0,0,0,0,0,1,0,0,0,1,1,False,False,MAIRAH FOOTWEAR STORE
mai pao,0,0,0,0,0,0,0,1,0,0,1,1,False,False,MAI PAO
mahiwagang kape,0,0,0,0,0,0,1,0,0,0,1,1,False,False,Mahiwagang Kape
mahiwaga cafe,0,0,0,0,0,0,0,1,0,0,1,1,False,False,MAHIWAGA CAFE
mamas & papas,0,0,0,0,0,0,1,0,0,0,1,1,False,False,MAMAS & PAPAS
mamastill atbp,0,0,0,0,0,0,0,1,0,0,1,1,False,False,MAMASTILL ATBP
mamitas pizza,0,0,0,0,0,0,0,1,0,0,1,1,False,False,MAMITA'S PIZZA
mang sorbetes,0,0,0,0,0,0,1,0,0,0,1,1,False,False,MANG SORBETES
manila bankers insurance,0,0,0,0,0,0,1,0,0,0,1,1,False,False,MANILA BANKER'S INSURANCE
manic,0,0,0,0,0,0,0,1,0,0,1,1,False,False,MANIC
mango superstore,0,0,0,0,0,0,0,1,0,0,1,1,False,False,MANGO SUPERSTORE
mango ong,0,0,0,0,0,0,1,0,0,0,1,1,False,False,Mango-Ong
mango mango touch,0,0,0,0,0,0,1,0,0,0,1,1,False,False,Mango/Mango Touch
mango mango man,0,0,0,0,0,0,0,1,0,0,1,1,False,False,MANGO MANGO MAN
mango magic i,0,0,0,0,0,0,1,0,0,0,1,1,False,False,Mango Magic I 0964-190-7815
mango float supreme,0,0,0,0,1,0,0,0,0,0,1,1,False,False,Mango Float Supreme
mango float,0,0,0,0,0,0,0,0,0,1,1,1,False,False,MANGO FLOAT
mango delight original,0,0,0,0,0,0,0,1,0,0,1,1,False,False,MANGO DELIGHT ORIGINAL
mangkok avenue,0,0,0,0,0,0,1,0,0,0,1,1,False,False,Mangkok Avenue
mangan restaurant,0,0,0,0,0,0,1,0,0,0,1,1,False,False,MANGAN RESTAURANT
mang tinapay,0,0,0,0,0,0,0,1,0,0,1,1,False,False,MANG TINAPAY
mang rudys,0,1,0,0,0,0,0,0,0,0,1,1,False,False,MANG RUDY'S
mamma mia,0,0,0,0,1,0,0,0,0,0,1,1,False,False,Mamma Mia
mang pakpak,0,0,0,0,1,0,0,0,0,0,1,1,False,False,Mang Pakpak
mang domengs bibingka,0,0,0,0,0,0,0,0,0,1,1,1,False,False,Mang Domeng's Bibingka
mang domeng bibingka,0,0,0,0,0,0,0,0,0,1,1,1,False,False,Mang Domeng Bibingka
mang chaa,0,0,0,0,0,0,1,0,0,0,1,1,False,False,Mang Chaa
mandotory cut,0,0,0,0,0,0,1,0,0,0,1,1,False,False,Mandotory Cut
mandaue foam and home store,0,0,0,0,0,0,1,0,0,0,1,1,False,False,MANDAUE FOAM AND HOME STORE
mandarin sky express,0,1,0,0,0,0,0,0,0,0,1,1,False,False,MANDARIN SKY EXPRESS
mandarin,0,0,0,0,0,0,1,0,0,0,1,1,False,False,Mandarin
mandara spa relaxation,0,0,0,0,0,0,0,1,0,0,1,1,False,False,THE MANDARA SPA RELAXATION
manang sayong,0,0,0,0,1,0,0,0,0,0,1,1,False,False,Manang Sayong
manam comfort food,0,0,0,0,0,0,1,0,0,0,1,1,False,False,MANAM COMFORT FOOD
man go juan,0,0,0,0,0,0,0,0,0,1,1,1,False,False,Man-Go Juan
mamolo dental clinic,0,0,0,0,0,0,1,0,0,0,1,1,False,False,Mamolo Dental Clinic
johans pet hub,0,1,0,0,0,0,0,0,0,0,1,1,False,False,JOHAN’S PET HUB
joeys restaurant cafe,0,0,0,0,0,0,0,1,0,0,1,1,False,False,JOEYS RESTAURANT CAFE
joel yu,0,0,0,0,0,0,1,0,0,0,1,1,False,False,Joel Yu 0917-328-0823/0916-620-1271
glad king,0,0,0,0,0,0,1,0,0,0,1,1,False,False,Glad King
givenchy,0,1,0,0,0,0,0,0,0,0,1,1,False,False,GIVENCHY
gitagum,0,0,0,0,0,0,1,0,0,0,1,1,False,False,Gitagum
girbaud,0,0,0,0,0,0,1,0,0,0,1,1,False,False,Girbaud
gionee gadget protekt,0,1,0,0,0,0,0,0,0,0,1,1,False,False,GIONEE/GADGET PROTEKT
ginza sushi,0,1,0,0,0,0,0,0,0,0,1,1,False,False,GINZA SUSHI
gintong sining art center,0,0,1,0,0,0,0,0,0,0,1,1,False,False,Gintong Sining Art Center
ginos pizza and pasta,0,1,0,0,0,0,0,0,0,0,1,1,False,False,GINO'S PIZZA AND PASTA
gingersnap just g,0,1,0,0,0,0,0,0,0,0,1,1,False,False,GINGERSNAP / JUST G
gingerlily,0,0,0,0,0,1,0,0,0,0,1,1,False,False,Gingerlily
ginger wok rice house,0,0,0,0,0,0,1,0,0,0,1,1,False,False,Ginger Wok Rice House
ginger wok,0,0,0,0,0,0,1,0,0,0,1,1,False,False,Ginger Wok
ging gings fruit stand,0,1,0,0,0,0,0,0,0,0,1,1,False,False,GING GING'S FRUIT STAND
ginataang bilo bilo mais,0,0,0,0,0,0,0,1,0,0,1,1,False,False,GINATAANG BILO BILO MAIS
ginataang bilo bilo & mais,0,0,0,0,0,0,1,0,0,0,1,1,False,False,GINATAANG BILO BILO & MAIS
giligans island bar restaurant,0,0,0,0,0,0,0,0,1,0,1,1,False,False,GILIGAN'S ISLAND BAR RESTAURANT
gilak kebab,0,1,0,0,0,0,0,0,0,0,1,1,False,False,GILAK KEBAB
gigli,0,1,0,0,0,0,0,0,0,0,1,1,False,False,GIGLI
gigatech mobile shop,0,0,0,0,0,0,0,1,0,0,1,1,False,False,GIGATECH MOBILE SHOP
gigatech,0,0,0,0,0,0,1,0,0,0,1,1,False,False,GIGATECH
gigahertz satellite,0,0,1,0,0,0,0,0,0,0,1,1,False,False,Gigahertz Satellite
gigagadgets,0,0,0,0,0,0,0,1,0,0,1,1,False,False,GIGAGADGETS
gigabyte,0,0,0,0,0,0,0,1,0,0,1,1,False,False,GIGABYTE
giga natural,0,0,0,0,0,0,1,0,0,0,1,1,False,False,GIGA Natural
giga matrix,0,0,0,0,0,0,1,0,0,0,1,1,False,False,GIGA MATRIX
giftbox ph,1,0,0,0,0,0,0,0,0,0,1,1,False,False,Giftbox.ph
gidcels travel tours,0,0,0,0,0,0,0,1,0,0,1,1,False,False,GIDCELS TRAVEL TOURS
gibi shoes,0,0,0,0,1,0,0,0,0,0,1,1,False,False,Gibi Shoes
gibi house,0,0,0,0,0,0,0,0,1,0,1,1,False,False,GIBI HOUSE
giardini del sole,0,0,0,0,0,0,0,1,0,0,1,1,False,False,GIARDINI DEL SOLE
gizmo central 2,0,0,0,0,0,1,0,0,0,0,1,1,False,False,Gizmo Central 2
gladex travel & tours,0,0,0,0,1,0,0,0,0,0,1,1,False,False,Gladex Travel & Tours
ghostrecon cyberhub internet,0,0,0,0,0,0,0,1,0,0,1,1,False,False,GHOSTRECON CYBERHUB INTERNET
gladex travel and tours,0,0,0,0,0,0,1,0,0,0,1,1,False,False,GLADEX TRAVEL AND TOURS
go bento,0,0,0,0,0,0,1,0,0,0,1,1,False,False,Go Bento
gnos pika pika,0,0,0,1,0,0,0,0,0,0,1,1,False,False,GNO's Pika Pika
gnb collectibles hangout,1,0,0,0,0,0,0,0,0,0,1,1,False,False,GNB Collectibles Hangout
gnarly,0,0,0,0,0,1,0,0,0,0,1,1,False,False,Gnarly
gml hongkong style fried noodles,0,0,0,0,0,0,0,1,0,0,1,1,False,False,GML-HONGKONG STYLE FRIED NOODLES
gmel cellphone repair shop,1,0,0,0,0,0,0,0,0,0,1,1,False,False,Gmel Cellphone Repair Shop
gm time,0,0,0,0,0,0,0,1,0,0,1,1,False,False,GM-TIME
gm education,0,0,0,0,1,0,0,0,0,0,1,1,False,False,GM Education
glutaness wellness and beauty center,0,0,0,0,0,0,0,1,0,0,1,1,False,False,GLUTANESS WELLNESS AND BEAUTY CENTER
glutahome aesthetic,0,0,0,0,0,0,1,0,0,0,1,1,False,False,THE GLUTAHOME AESTHETIC
gluta republiq,0,0,0,0,0,0,1,0,0,0,1,1,False,False,Gluta Republiq
gluta homes,0,0,0,0,0,0,1,0,0,0,1,1,False,False,Gluta Homes
gluta drip,0,0,0,0,0,0,1,0,0,0,1,1,False,False,THE GLUTA DRIP
glow up aesthetic clinic,0,1,0,0,0,0,0,0,0,0,1,1,False,False,GLOW UP AESTHETIC CLINIC_
glow up,0,0,0,0,0,0,1,0,0,0,1,1,False,False,Glow Up
glow,0,0,0,0,1,0,0,0,0,0,1,1,False,False,Glow
glorys empanada,0,0,0,0,0,0,0,1,0,0,1,1,False,False,GLORYS EMPANADA
glomys empanada,0,0,0,0,0,0,1,0,0,0,1,1,False,False,Glomy's Empanada
globewest finance corp,0,0,0,0,1,0,0,0,0,0,1,1,False,False,Globewest Finance Corp.
globe touchpay,0,0,0,0,1,0,0,0,0,0,1,1,False,False,Globe TouchPay
globe 211,0,0,0,0,0,0,1,0,0,0,1,1,False,False,GLOBE 211
global headstart,0,0,0,1,0,0,0,0,0,0,1,1,False,False,Global Headstart
global art philippines,0,0,0,0,1,0,0,0,0,0,1,1,False,False,Global Art Philippines
glenas enterprises,0,0,0,0,0,0,0,1,0,0,1,1,False,False,GLENAS ENTERPRISES
glamoureux hair salon,0,1,0,0,0,0,0,0,0,0,1,1,False,False,GLAMOUREUX HAIR SALON
glamour lounge,0,0,0,0,0,0,1,0,0,0,1,1,False,False,GLAMOUR LOUNGE (Soon to Open)
glam u salon,0,0,0,0,0,0,0,1,0,0,1,1,False,False,GLAM U SALON
glam aesthetic,0,0,0,0,0,0,1,0,0,0,1,1,False,False,GLAM AESTHETIC
gladex travel services,0,0,0,0,0,0,0,1,0,0,1,1,False,False,GLADEX TRAVEL SERVICES
giant,0,0,0,0,0,1,0,0,0,0,1,1,False,False,GIANT
gh mobile phones and accessories store,0,0,0,0,0,0,0,1,0,0,1,1,False,False,GH MOBILE PHONES AND ACCESSORIES STORE
jockey satellite,0,0,1,0,0,0,0,0,0,0,1,1,False,False,Jockey Satellite
gdgt zone,0,0,0,0,0,0,0,1,0,0,1,1,False,False,GDGT ZONE
gcash atm,0,0,0,0,1,0,0,0,0,0,1,1,False,False,GCash ATM
gc collectibles,0,0,0,0,0,1,0,0,0,0,1,1,False,False,Gc Collectibles
gb mobile,0,0,0,0,0,0,0,1,0,0,1,1,False,False,GB MOBILE
gayles flower shop pampanga,0,0,0,0,0,0,0,1,0,0,1,1,False,False,GAYLES FLOWER SHOP PAMPANGA
gaudencious lugaw to go,0,0,0,0,0,0,1,0,0,0,1,1,False,False,Gaudenciou's Lugaw To Go
gatsu man,0,0,0,0,1,0,0,0,0,0,1,1,False,False,Gatsu-Man
gatchalian medical center,0,0,0,0,0,0,0,1,0,0,1,1,False,False,GATCHALIAN MEDICAL CENTER
gat petshop,0,0,0,0,0,1,0,0,0,0,1,1,False,False,GAT Petshop
gashapon bandai official,0,0,0,0,0,0,1,0,0,0,1,1,False,False,GASHAPON BANDAI OFFICIAL
gasa,0,0,0,0,0,0,0,1,0,0,1,1,False,False,GASA
garys thai massage,0,0,0,0,0,0,1,0,0,0,1,1,False,False,Gary's Thai Massage
garrys thai massage and spa,0,0,0,0,0,0,0,1,0,0,1,1,False,False,GARRYS THAI MASSAGE AND SPA
garnish,0,0,0,0,0,0,1,0,0,0,1,1,False,False,Garnish
garnet,0,0,0,0,0,0,0,1,0,0,1,1,False,False,GARNET
garden wing cafe,0,0,0,0,1,0,0,0,0,0,1,1,False,False,Garden Wing Cafe
garden in pares,0,0,0,0,0,0,0,0,0,1,1,1,False,False,Garden In Pares
gaoc dental,0,0,0,0,0,0,1,0,0,0,1,1,False,False,GAOC Dental
ganso shabuwayganso gyukatsu,0,0,0,0,0,0,0,1,0,0,1,1,False,False,GANSO SHABUWAYGANSO GYUKATSU
gangji produced hongkong cafe,0,0,0,0,0,0,0,1,0,0,1,1,False,False,GANGJI PRODUCED HONGKONG CAFÉ
gang nam nail art studio,0,0,0,0,0,0,0,0,1,0,1,1,False,False,GANG-NAM NAIL ART STUDIO
gandang ricky reyes,0,1,0,0,0,0,0,0,0,0,1,1,False,False,GANDANG RICKY REYES
gaming library,0,1,0,0,0,0,0,0,0,0,1,1,False,False,GAMING LIBRARY
gamesite net cafe,0,0,0,0,0,0,1,0,0,0,1,1,False,False,GAMESITE NET CAFE
gamesite,0,0,1,0,0,0,0,0,0,0,1,1,False,False,Gamesite
gamequest,0,0,0,0,0,1,0,0,0,0,1,1,False,False,Gamequest
gameplace,0,0,0,0,0,0,1,0,0,0,1,1,False,False,The Gameplace
gamen core computer laptop repair services,0,0,0,0,0,0,0,1,0,0,1,1,False,False,GAMEN CORE COMPUTER LAPTOP REPAIR SERVICES
gamen core,0,0,0,0,0,0,0,0,0,1,1,1,False,False,Gamen Core
game source,0,0,0,0,0,0,1,0,0,0,1,1,False,False,Game Source
gcf sta rosa worship center,0,0,0,0,0,0,1,0,0,0,1,1,False,False,GCF STA ROSA WORSHIP CENTER
geewan,0,0,0,0,0,0,0,1,0,0,1,1,False,False,GEEWAN
gh minicon,0,0,0,0,0,1,0,0,0,0,1,1,False,False,GH Minicon
gegatech,0,0,0,0,0,0,1,0,0,0,1,1,False,False,Gegatech
ggi massage wellness centre,0,0,0,0,0,0,0,1,0,0,1,1,False,False,GGI MASSAGE WELLNESS CENTRE
gforce dance center,0,0,1,0,0,0,0,0,0,0,1,1,False,False,Gforce Dance Center
getwell health system,0,0,0,1,0,0,0,0,0,0,1,1,False,False,Getwell Health System
getaway body nails spa,0,0,0,0,0,0,0,1,0,0,1,1,False,False,THE GETAWAY BODY NAILS SPA
get technologies,0,0,0,0,0,0,1,0,0,0,1,1,False,False,GET TECHNOLOGIES
gerrs grill,0,0,0,0,0,0,1,0,0,0,1,1,False,False,GERR'S GRILL
geri,0,0,0,0,1,0,0,0,0,0,1,1,False,False,Geri
geralds,0,0,0,0,0,0,0,0,0,1,1,1,False,False,GERALD'S
george and onnies filipino restaurant,0,0,0,0,0,0,0,1,0,0,1,1,False,False,GEORGE AND ONNIE'S FILIPINO RESTAURANT
george & onnies,0,0,0,0,1,0,0,0,0,0,1,1,False,False,George & Onnie’s
george,0,1,0,0,0,0,0,0,0,0,1,1,False,False,GEORGE
geocon by gadget get,0,0,0,0,0,1,0,0,0,0,1,1,False,False,Geocon By Gadget Get
gentext telecom,0,0,0,0,0,0,1,0,0,0,1,1,False,False,Gentext Telecom
genoveza sabor ilonggo pasalubong center,0,0,0,0,0,0,0,1,0,0,1,1,False,False,GENOVEZA SABOR ILONGGO PASALUBONG CENTER
generika drugstore,0,1,0,0,0,0,0,0,0,0,1,1,False,False,GENERIKA DRUGSTORE
generic pharmacy,0,0,0,0,0,0,1,0,0,0,1,1,False,False,The Generic Pharmacy
general photo,0,1,0,0,0,0,0,0,0,0,1,1,False,False,GENERAL PHOTO
gen korean bbq house,0,0,0,0,0,0,0,1,0,0,1,1,False,False,GEN KOREAN BBQ HOUSE
gemstone jewellery,0,0,0,0,0,0,0,1,0,0,1,1,False,False,GEMSTONE JEWELLERY
gems jewel by carla,0,0,0,0,0,0,0,1,0,0,1,1,False,False,GEMS JEWEL BY CARLA
gems empanada,0,0,0,0,0,0,1,0,0,0,1,1,False,False,GEM'S EMPANADA
gems & jewels,0,1,0,0,0,0,0,0,0,0,1,1,False,False,GEMS & JEWELS
gem gallery,0,0,0,0,0,0,0,1,0,0,1,1,False,False,GEM GALLERY
gelron street foods,0,0,0,0,0,0,0,1,0,0,1,1,False,False,GELRON STREET FOODS
gelron lugawan,0,0,0,0,0,0,0,1,0,0,1,1,False,False,GELRON LUGAWAN
gelrocks,0,0,0,0,0,0,1,0,0,0,1,1,False,False,Gelrocks
geleen cellphone and accessories,0,0,0,0,0,0,1,0,0,0,1,1,False,False,Geleen Cellphone and Accessories
gelato by chef miko,0,0,0,0,0,1,0,0,0,0,1,1,False,False,Gelato by Chef Miko
geh20,0,0,0,0,0,0,0,1,0,0,1,1,False,False,GEH20
go berry blended smoothies,0,0,0,0,0,0,0,1,0,0,1,1,False,False,GO BERRY BLENDED SMOOTHIES
go ginataan,0,0,0,0,0,0,0,1,0,0,1,1,False,False,GO GINATAAN
go gym,0,0,0,0,1,0,0,0,0,0,1,1,False,False,Go Gym
gsis,0,0,0,0,0,0,0,1,0,0,1,1,False,False,GSIS
grumpy storm,0,0,0,0,0,0,0,1,0,0,1,1,False,False,GRUMPY STORM
growing in christ fellowship,0,0,0,0,0,0,1,0,0,0,1,1,False,False,Growing In Christ Fellowship
grnd up consumer goods trading,0,0,0,0,0,0,1,0,0,0,1,1,False,False,Grnd Up Consumer Goods Trading
grillily,0,0,0,0,0,0,1,0,0,0,1,1,False,False,Grillily
grill meister,0,0,0,0,0,1,0,0,0,0,1,1,False,False,Grill Meister
grill central,0,0,0,0,0,0,1,0,0,0,1,1,False,False,GRILL CENTRAL
grill,0,0,0,0,0,0,1,0,0,0,1,1,False,False,The Grill
grey fashion collection,0,1,0,0,0,0,0,0,0,0,1,1,False,False,GREY FASHION COLLECTION
grent cellphone station accessories,0,0,0,0,0,0,0,1,0,0,1,1,False,False,GRENT CELLPHONE STATION ACCESSORIES
grent cellphone station,0,0,0,0,0,0,0,1,0,0,1,1,False,False,GRENT CELLPHONE STATION
gregorias curtains and trims haus,0,0,0,0,0,0,0,1,0,0,1,1,False,False,GREGORIAS CURTAINS AND TRIMS HAUS
greetings from taiwan,0,0,0,0,0,0,1,0,0,0,1,1,False,False,GREETINGS FROM TAIWAN (9989998816)
greenwood furniture,0,0,0,0,0,0,1,0,0,0,1,1,False,False,Greenwood Furniture
greenwood,0,0,0,0,0,0,1,0,0,0,1,1,False,False,Greenwood
greenscape petshop and supplies,0,0,0,0,1,0,0,0,0,0,1,1,False,False,Greenscape Petshop And Supplies
greenmart,0,0,0,0,0,1,0,0,0,0,1,1,False,False,Greenmart
greenlife,0,0,0,0,0,0,1,0,0,0,1,1,False,False,Greenlife
greenbucks,0,0,0,0,0,0,0,0,0,1,1,1,False,False,Greenbucks
green lane,0,1,0,0,0,0,0,0,0,0,1,1,False,False,GREEN LANE
green day matcha bar,0,0,0,0,0,0,1,0,0,0,1,1,False,False,Green Day Matcha Bar
green coco,0,0,0,0,0,0,1,0,0,0,1,1,False,False,GREEN COCO
green box hub,0,0,0,0,0,0,1,0,0,0,1,1,False,False,Green Box Hub
green bounty kitchen,0,0,0,0,0,0,0,1,0,0,1,1,False,False,THE GREEN BOUNTY KITCHEN
green bounty,0,0,0,0,0,0,0,1,0,0,1,1,False,False,GREEN BOUNTY
greattoys online com,0,0,0,0,0,1,0,0,0,0,1,1,False,False,Greattoys Online.com
greatdays travel & tours,0,0,0,0,0,0,1,0,0,0,1,1,False,False,GREATDAYS TRAVEL & TOURS
great buddha cafe,0,0,0,0,0,0,0,1,0,0,1,1,False,False,THE GREAT BUDDHA CAFE
gray enterprise,0,1,0,0,0,0,0,0,0,0,1,1,False,False,GRAY ENTERPRISE
graphicstar,0,0,0,0,0,0,0,1,0,0,1,1,False,False,GRAPHICSTAR
grwm,0,0,1,0,0,0,0,0,0,0,1,1,False,False,Grwm (kiosk)
gsis gw ps,0,0,0,0,0,0,1,0,0,0,1,1,False,False,GSIS GW@PS ( Temporarily closed )
go hotels,0,0,0,0,0,0,1,0,0,0,1,1,False,False,Go Hotels
gsis gw ps kiosk,0,0,0,0,0,0,1,0,0,0,1,1,False,False,GSIS GW@PS KIOSK
h&l cellphone accessories,0,0,0,0,0,0,0,0,0,1,1,1,False,False,H&L Cellphone Accessories
h&d trading,0,0,0,0,0,0,1,0,0,0,1,1,False,False,H&D Trading
h&a accessories,0,0,0,0,0,0,1,0,0,0,1,1,False,False,H&A ACCESSORIES
h l accessories,0,0,0,0,0,0,0,1,0,0,1,1,False,False,H L ACCESSORIES
h a collection fashion shop,0,0,0,0,0,0,1,0,0,0,1,1,False,False,H.A. COLLECTION FASHION SHOP
gyu kaku,0,0,0,0,0,1,0,0,0,0,1,1,False,False,Gyu-kaku
gyp alteration services,0,0,0,0,0,0,1,0,0,0,1,1,False,False,GYP Alteration Services
gwize,0,0,0,0,0,0,1,0,0,0,1,1,False,False,Gwize
gwiyomi gluta spa,0,0,0,0,0,0,0,1,0,0,1,1,False,False,GWIYOMI GLUTA SPA
guzman studio,0,0,0,0,0,0,0,1,0,0,1,1,False,False,GUZMAN STUDIO
guri guri orange paradise,0,0,0,0,0,0,0,1,0,0,1,1,False,False,GURI GURI ORANGE PARADISE
gupit galleria,0,0,0,0,0,0,1,0,0,0,1,1,False,False,GUPIT GALLERIA
gunnery ph,0,0,1,0,0,0,0,0,0,0,1,1,False,False,Gunnery Ph
gumbo,0,0,0,0,0,0,0,1,0,0,1,1,False,False,GUMBO
gumball machine,0,0,0,0,0,0,1,0,0,0,1,1,False,False,Gumball Machine
gulaman avenue,0,0,0,0,0,0,1,0,0,0,1,1,False,False,GULAMAN AVENUE
guimhealth,0,0,0,0,0,0,1,0,0,0,1,1,False,False,Guimhealth
guillers antiques & collectibles,1,0,0,0,0,0,0,0,0,0,1,1,False,False,Guiller's Antiques & Collectibles
guess outlet,0,1,0,0,0,0,0,0,0,0,1,1,False,False,GUESS OUTLET
guerrero house of aesthetics,0,0,0,0,0,0,0,1,0,0,1,1,False,False,GUERRERO HOUSE OF AESTHETICS
guerlain,0,1,0,0,0,0,0,0,0,0,1,1,False,False,GUERLAIN
gucci,0,1,0,0,0,0,0,0,0,0,1,1,False,False,GUCCI
gubys chicharon,0,0,0,0,0,0,1,0,0,0,1,1,False,False,Guby's Chicharon
guapos barbershop,0,0,0,0,0,1,0,0,0,0,1,1,False,False,Guapo's Barbershop
gtoys,0,0,0,0,0,1,0,0,0,0,1,1,False,False,Gtoy's
gtj hongkong style fried noodles,0,0,0,0,0,0,0,1,0,0,1,1,False,False,GTJ-HONGKONG STYLE FRIED NOODLES
gt fleurs,0,0,0,0,0,0,0,1,0,0,1,1,False,False,GT FLEURS
gsp money changer,0,0,0,0,0,0,1,0,0,0,1,1,False,False,GSP Money Changer
gsm jam tools,0,0,0,0,0,1,0,0,0,0,1,1,False,False,Gsm Jam Tools
graphic star,0,1,0,0,0,0,0,0,0,0,1,1,False,False,GRAPHIC STAR
graphic gadget store,0,0,0,0,0,0,1,0,0,0,1,1,False,False,Graphic Gadget Store
graphic,0,1,0,0,0,0,0,0,0,0,1,1,False,False,GRAPHIC
grandscape travel tours,0,0,0,0,0,0,0,1,0,0,1,1,False,False,GRANDSCAPE TRAVEL TOURS
good luck hotpot,0,0,0,0,0,1,0,0,0,0,1,1,False,False,Good Luck Hotpot
good kause,0,1,0,0,0,0,0,0,0,0,1,1,False,False,GOOD KAUSE
good farmer,0,1,0,0,0,0,0,0,0,0,1,1,False,False,THE GOOD FARMER
good bread by el cielito hotels,0,0,0,0,0,0,0,1,0,0,1,1,False,False,GOOD BREAD BY EL CIELITO HOTELS
good barber,0,0,0,0,0,0,1,0,0,0,1,1,False,False,THE GOOD BARBER
gong cha i,0,0,0,0,0,0,1,0,0,0,1,1,False,False,GONG CHA I 0920-227-9471
gong cha (open,0,0,0,0,0,0,1,0,0,0,1,1,False,False,Gong Cha (OPEN}
goldsight telecoms,0,0,0,0,0,0,0,1,0,0,1,1,False,False,GOLDSIGHT TELECOMS
goldilocks i,0,0,0,0,0,0,1,0,0,0,1,1,False,False,Goldilocks I 0908-820-2733
golden phoniex,0,0,0,0,0,1,0,0,0,0,1,1,False,False,Golden Phoniex
golden monkey,0,0,0,0,0,1,0,0,0,0,1,1,False,False,Golden Monkey
golden lady,0,0,0,0,0,0,0,1,0,0,1,1,False,False,GOLDEN LADY
golden hills jewelry,0,0,0,0,0,0,0,1,0,0,1,1,False,False,GOLDEN HILLS JEWELRY
golden haven,0,0,0,0,0,0,0,0,1,0,1,1,False,False,GOLDEN HAVEN
golden crest arts & frames,0,1,0,0,0,0,0,0,0,0,1,1,False,False,GOLDEN CREST ARTS & FRAMES
golden catch,0,0,0,0,0,0,1,0,0,0,1,1,False,False,The Golden Catch
golden bowl dimsum express,0,0,0,0,0,0,0,1,0,0,1,1,False,False,GOLDEN BOWL DIMSUM EXPRESS
gold star,0,0,0,0,0,0,1,0,0,0,1,1,False,False,Gold Star
gold n gems,0,0,0,0,0,1,0,0,0,0,1,1,False,False,Gold N Gems
gold lounge,0,0,0,0,0,1,0,0,0,0,1,1,False,False,Gold Lounge
gold buyers,1,0,0,0,0,0,0,0,0,0,1,1,False,False,Gold Buyers
gold and pearls,0,0,0,0,0,0,0,1,0,0,1,1,False,False,GOLD AND PEARLS
gold accent jewelry by jrose,0,0,0,0,0,0,0,1,0,0,1,1,False,False,GOLD ACCENT JEWELRY BY JROSE
gogo gadgets,0,0,0,0,0,1,0,0,0,0,1,1,False,False,Gogo Gadgets
godies trading,0,0,0,0,0,0,0,0,0,1,1,1,False,False,Godie's Trading
gochugang,0,0,0,0,0,0,1,0,0,0,1,1,False,False,Gochugang
go silog,0,0,0,0,0,0,1,0,0,0,1,1,False,False,Go Silog
go pedal ph,0,0,0,0,1,0,0,0,0,0,1,1,False,False,Go Pedal Ph
go mobile enterprise,0,0,0,0,0,0,0,0,0,1,1,1,False,False,Go Mobile Enterprise
good noodle korean food mart,0,0,0,0,1,0,0,0,0,0,1,1,False,False,Good-Noodle Korean Food Mart
good soles ph,0,0,0,0,0,0,1,0,0,0,1,1,False,False,GOOD SOLES PH
good steward,0,0,0,0,0,0,0,1,0,0,1,1,False,False,THE GOOD STEWARD
gotsoul mnl,0,0,0,0,1,0,0,0,0,0,1,1,False,False,GotSoul MNL
grandmas sandwich grilled and healthy,0,0,0,0,0,0,0,1,0,0,1,1,False,False,GRANDMAS SANDWICH GRILLED AND HEALTHY
grand hope ventures travel,0,1,0,0,0,0,0,0,0,0,1,1,False,False,GRAND HOPE VENTURES TRAVEL
grand hope travel & tours,0,0,0,0,0,0,0,1,0,0,1,1,False,False,GRAND HOPE TRAVEL & TOURS
gran moshi koshi of tokyo,0,1,0,0,0,0,0,0,0,0,1,1,False,False,GRAN MOSHI KOSHI OF TOKYO
grainsmart,0,1,0,0,0,0,0,0,0,0,1,1,False,False,GRAINSMART
grail cleaning services,0,0,0,0,0,0,0,1,0,0,1,1,False,False,GRAIL CLEANING SERVICES
grail,0,0,0,0,0,1,0,0,0,0,1,1,False,False,Grail
gracious angeli travel tours,0,0,0,0,0,0,0,1,0,0,1,1,False,False,GRACIOUS ANGELI TRAVEL TOURS
gracious angeli travel & tours,0,0,0,0,0,0,1,0,0,0,1,1,False,False,Gracious Angeli Travel & Tours 9175061999
grace pharmacy,0,1,0,0,0,0,0,0,0,0,1,1,False,False,GRACE PHARMACY
grace mini mart,0,0,0,0,1,0,0,0,0,0,1,1,False,False,Grace Mini Mart
gpc money changer,0,1,0,0,0,0,0,0,0,0,1,1,False,False,GPC MONEY CHANGER
gotyme atm,0,0,0,0,1,0,0,0,0,0,1,1,False,False,Gotyme ATM
goto zone,0,0,0,0,0,0,1,0,0,0,1,1,False,False,Goto Zone
good vibes massage pwd corp,0,0,0,0,0,0,1,0,0,0,1,1,False,False,Good Vibes Massage PWD Corp.
goto tendon,0,0,0,0,0,1,0,0,0,0,1,1,False,False,Goto Tendon
goto lovers,0,0,0,0,0,0,1,0,0,0,1,1,False,False,Goto Lovers
goto king plus,0,0,0,0,0,0,0,1,0,0,1,1,False,False,GOTO KING PLUS
goto de antonio,0,0,0,0,0,0,0,1,0,0,1,1,False,False,GOTO DE ANTONIO
goto believe,0,0,0,0,1,0,0,0,0,0,1,1,False,False,Goto Believe
goto asia,0,0,0,0,0,0,0,0,1,0,1,1,False,False,GOTO ASIA
got game,0,0,0,0,0,0,0,1,0,0,1,1,False,False,GOT GAME
gosalads,0,0,0,0,0,0,0,1,0,0,1,1,False,False,GOSALADS
gorgeous luxe nail spa,0,0,0,0,0,0,0,1,0,0,1,1,False,False,GORGEOUS LUXE NAIL SPA
gootopia,0,0,0,0,0,0,0,1,0,0,1,1,False,False,GOOTOPIA
googoo sweet cake,0,0,0,0,0,0,1,0,0,0,1,1,False,False,Googoo Sweet Cake
goodluck fengshui,0,0,0,0,0,0,1,0,0,0,1,1,False,False,Goodluck Fengshui
goodkause,0,0,0,0,0,0,0,1,0,0,1,1,False,False,GOODKAUSE
game site accessories,0,0,1,0,0,0,0,0,0,0,1,1,False,False,Game Site Accessories
gambas stuffed toys,0,0,1,0,0,0,0,0,0,0,1,1,False,False,Gamba’s Stuffed Toys
gam ja friez,0,0,0,0,0,0,1,0,0,0,1,1,False,False,GAM JA FRIEZ
flexzone,0,0,0,0,0,0,1,0,0,0,1,1,False,False,FLEXZONE
flex zone,0,0,0,0,0,0,1,0,0,0,1,1,False,False,FLEX ZONE
fleur de liz flower shop,0,0,0,0,0,0,0,0,0,1,1,1,False,False,Fleur De Liz Flower Shop
flerr,0,0,0,0,0,0,0,1,0,0,1,1,False,False,FLERR
fleek eyebrow and beauty clinic,0,0,0,0,0,0,0,1,0,0,1,1,False,False,FLEEK EYEBROW AND BEAUTY CLINIC
flavours of manila,0,0,0,0,0,0,1,0,0,0,1,1,False,False,Flavours of Manila
flatwhite cafe,0,0,0,0,0,0,0,1,0,0,1,1,False,False,FLATWHITE CAFE
flashy case,0,0,0,0,0,0,1,0,0,0,1,1,False,False,FLASHY CASE
flash connect,0,0,0,0,0,0,0,1,0,0,1,1,False,False,FLASH CONNECT
flash box,0,0,0,0,0,0,1,0,0,0,1,1,False,False,FLASH BOX
flaky co,0,0,0,0,1,0,0,0,0,0,1,1,False,False,Flaky Co.
fjv cellphone accessories,0,0,0,0,0,0,0,1,0,0,1,1,False,False,FJV CELLPHONE ACCESSORIES
fixst,0,0,0,0,0,0,1,0,0,0,1,1,False,False,Fixst 9156326558
fixin zone gadget repair shop,0,0,0,0,0,0,0,1,0,0,1,1,False,False,FIXIN ZONE GADGET REPAIR SHOP
fixin zone,0,0,0,0,0,0,1,0,0,0,1,1,False,False,FIXIN ZONE
fixed to fit,0,0,0,0,0,0,1,0,0,0,1,1,False,False,FIXED TO FIT
fix&free salon,0,0,0,0,0,0,0,0,0,1,1,1,False,False,FIX&FREE SALON
fitness factory,0,0,0,0,1,0,0,0,0,0,1,1,False,False,Fitness Factory
fitlab,0,0,0,1,0,0,0,0,0,0,1,1,False,False,FITLAB
fit x gym,0,0,0,0,0,0,1,0,0,0,1,1,False,False,Fit-X Gym 0919-913-1031
fit white,0,0,0,0,1,0,0,0,0,0,1,1,False,False,Fit White
fishes seafood and wine,0,0,1,0,0,0,0,0,0,0,1,1,False,False,Fishes Seafood And Wine
fisher toy store,0,0,0,1,0,0,0,0,0,0,1,1,False,False,FISHER TOY STORE
fisher snacks 2,0,0,0,1,0,0,0,0,0,0,1,1,False,False,Fisher Snacks 2
fisher dept store,0,0,0,1,0,0,0,0,0,0,1,1,False,False,Fisher Dept. Store
fish & co modern shanghai,0,1,0,0,0,0,0,0,0,0,1,1,False,False,FISH & CO / MODERN SHANGHAI
first state rural bank inc,0,0,0,0,0,0,1,0,0,0,1,1,False,False,First State Rural Bank Inc.
first metro securities,0,1,0,0,0,0,0,0,0,0,1,1,False,False,FIRST METRO SECURITIES
first metro investment hub,0,1,0,0,0,0,0,0,0,0,1,1,False,False,FIRST METRO INVESTMENT HUB
fire exit,0,0,0,0,0,1,0,0,0,0,1,1,False,False,Fire Exit
flex zone opc,0,0,0,0,0,0,1,0,0,0,1,1,False,False,Flex Zone OPC
flip sole,0,0,0,0,0,0,1,0,0,0,1,1,False,False,Flip Sole
fone zone,0,0,0,0,0,0,0,1,0,0,1,1,False,False,FONE ZONE
flirt waxing lounge,0,0,0,0,0,0,0,1,0,0,1,1,False,False,FLIRT WAXING LOUNGE
fone range,0,0,0,0,0,0,1,0,0,0,1,1,False,False,Fone Range
fone n rigs,0,0,1,0,0,0,0,0,0,0,1,1,False,False,Fone N’ Rigs
fon plus,0,0,0,0,0,0,1,0,0,0,1,1,False,False,Fon Plus
fon,0,0,0,0,0,0,1,0,0,0,1,1,False,False,Fon+
fomo music lounge,0,0,0,0,0,0,0,1,0,0,1,1,False,False,FOMO MUSIC LOUNGE
focuss,0,0,0,0,0,0,0,1,0,0,1,1,False,False,FOCUSS
focus s,0,0,0,0,1,0,0,0,0,0,1,1,False,False,Focus.s
focus optical clinic,0,0,0,0,0,0,0,0,0,1,1,1,False,False,Focus Optical Clinic
focus optical,0,0,0,0,0,0,1,0,0,0,1,1,False,False,Focus Optical
focal sight international,0,1,0,0,0,0,0,0,0,0,1,1,False,False,FOCAL SIGHT INTERNATIONAL
focal sight by delos reyes optical,0,0,0,0,0,0,0,1,0,0,1,1,False,False,FOCAL SIGHT BY DELOS REYES OPTICAL
fns,0,0,0,0,0,0,1,0,0,0,1,1,False,False,FN's
flyweight,0,0,0,0,1,0,0,0,0,0,1,1,False,False,Flyweight
fluffy floss cotton candy,0,0,0,0,0,0,1,0,0,0,1,1,False,False,FLUFFY FLOSS COTTON CANDY
fluffy floss,0,0,0,0,0,0,0,1,0,0,1,1,False,False,FLUFFY FLOSS
flowerstoreph,0,0,0,0,1,0,0,0,0,0,1,1,False,False,FlowerStorePH
flowers and beyond,0,0,0,0,0,0,1,0,0,0,1,1,False,False,Flowers and Beyond
flowerboy,0,0,0,0,0,0,1,0,0,0,1,1,False,False,FLOWERBOY
flower n vase,0,0,0,0,0,0,0,1,0,0,1,1,False,False,FLOWER N VASE
flower luxe cebu,0,1,0,0,0,0,0,0,0,0,1,1,False,False,FLOWER LUXE CEBU
flower farm,0,1,0,0,0,0,0,0,0,0,1,1,False,False,FLOWER FARM
flour cafe,0,0,0,0,0,0,1,0,0,0,1,1,False,False,Flour Cafe
florsheimnaturalizer,0,0,0,0,0,0,0,1,0,0,1,1,False,False,FLORSHEIMNATURALIZER
floriel i,0,0,0,0,0,0,1,0,0,0,1,1,False,False,FLORIEL I 0919-075-6873
florazol rtw shop,1,0,0,0,0,0,0,0,0,0,1,1,False,False,Florazol Rtw Shop
florantes pasalubong,0,1,0,0,0,0,0,0,0,0,1,1,False,False,FLORANTE'S PASALUBONG
floral emotions,0,1,0,0,0,0,0,0,0,0,1,1,False,False,FLORAL EMOTIONS
florabel,0,0,0,0,0,1,0,0,0,0,1,1,False,False,Florabel
flor accessories,0,0,0,0,0,0,1,0,0,0,1,1,False,False,FLOR ACCESSORIES
fioretti jewellery,0,0,0,0,0,1,0,0,0,0,1,1,False,False,Fioretti Jewellery
fiona jewelry,0,0,0,0,0,0,0,1,0,0,1,1,False,False,FIONA JEWELRY
finn cotton,0,1,0,0,0,0,0,0,0,0,1,1,False,False,FINN COTTON
finix,0,0,0,0,0,0,0,1,0,0,1,1,False,False,FINIX
fiametas plants,0,1,0,0,0,0,0,0,0,0,1,1,False,False,FIAMETA'S PLANTS
fg aesthetic centre,0,0,0,0,1,0,0,0,0,0,1,1,False,False,FG Aesthetic Centre
fetish couture boutique,0,1,0,0,0,0,0,0,0,0,1,1,False,False,FETISH COUTURE BOUTIQUE
feta,0,0,0,0,1,0,0,0,0,0,1,1,False,False,Feta
festive walk cinemas snackbar,0,0,0,0,1,0,0,0,0,0,1,1,False,False,Festive Walk Cinemas - Snackbar
festive walk cinemas,0,0,0,0,1,0,0,0,0,0,1,1,False,False,Festive Walk Cinemas
festive market by savemore,0,0,0,0,1,0,0,0,0,0,1,1,False,False,Festive Market By Savemore
festive finds,0,0,0,0,1,0,0,0,0,0,1,1,False,False,Festive Finds
fertility & reproductive medicine center corp,0,0,0,0,0,0,1,0,0,0,1,1,False,False,Fertility & Reproductive Medicine Center Corp. 0956-075-2117
ferretti,0,0,0,0,0,0,1,0,0,0,1,1,False,False,Ferretti
ferragamo,0,1,0,0,0,0,0,0,0,0,1,1,False,False,FERRAGAMO
fernandez optical,0,0,0,0,0,0,1,0,0,0,1,1,False,False,Fernandez Optical
fernandez associates law firm,0,0,0,0,0,0,0,1,0,0,1,1,False,False,FERNANDEZ ASSOCIATES LAW FIRM
fermin dental,0,0,0,0,1,0,0,0,0,0,1,1,False,False,Fermin Dental
ferinos bibingka,0,0,0,0,0,0,0,1,0,0,1,1,False,False,FERINOS BIBINGKA
fendi,0,1,0,0,0,0,0,0,0,0,1,1,False,False,FENDI
femme boutique,0,1,0,0,0,0,0,0,0,0,1,1,False,False,FEMME BOUTIQUE
fema (heal ot blind massage),0,0,0,0,0,0,1,0,0,0,1,1,False,False,Fema (Heal-ot Blind Massage)
fely js,0,0,0,0,1,0,0,0,0,0,1,1,False,False,Fely J's
felt,0,0,0,0,0,0,0,1,0,0,1,1,False,False,FELT
felicias retail pastry shop,0,0,0,0,0,0,0,1,0,0,1,1,False,False,FELICIAS RETAIL PASTRY SHOP
fei fei by choi garden,0,0,0,0,1,0,0,0,0,0,1,1,False,False,Fei Fei By Choi Garden
feelmore,0,0,0,0,0,0,0,1,0,0,1,1,False,False,FEELMORE
feed people trading,0,1,0,0,0,0,0,0,0,0,1,1,False,False,FEED PEOPLE TRADING
federal express,0,0,1,0,0,0,0,0,0,0,1,1,False,False,Federal Express
feb gadget repair shop,0,0,0,0,0,0,0,1,0,0,1,1,False,False,FEB GADGET REPAIR SHOP
feast & fire,0,0,0,0,0,0,0,1,0,0,1,1,False,False,FEAST & FIRE
fda,0,0,0,0,0,0,0,0,1,0,1,1,False,False,FDA
fcp sunrise travel tours,0,0,0,0,0,0,0,1,0,0,1,1,False,False,FCP SUNRISE TRAVEL TOURS
fiasfud,0,0,0,0,0,0,1,0,0,0,1,1,False,False,FIASFUD
fibrella service center,0,0,0,0,0,0,0,1,0,0,1,1,False,False,FIBRELLA SERVICE CENTER
fielas sticky bun cafe,0,0,0,0,0,0,0,1,0,0,1,1,False,False,FIELAS STICKY BUN CAFE
fili,0,0,0,0,0,0,0,1,0,0,1,1,False,False,FILI
finessa aesthetica,0,0,0,0,0,0,0,1,0,0,1,1,False,False,FINESSA AESTHETICA
fine fancy,0,0,0,0,0,0,0,1,0,0,1,1,False,False,FINE FANCY
fine art photographics,0,0,0,0,0,0,0,1,0,0,1,1,False,False,FINE ART PHOTOGRAPHICS
finds a discount store,0,0,0,0,0,0,0,0,1,0,1,1,False,False,FINDS A DISCOUNT STORE
film beyond the photobooth,0,0,0,0,0,0,0,1,0,0,1,1,False,False,THE FILM BEYOND THE PHOTOBOOTH
film,0,0,0,0,0,0,1,0,0,0,1,1,False,False,THE FILM
fill it,0,0,0,0,0,1,0,0,0,0,1,1,False,False,Fill It
filippo,0,1,0,0,0,0,0,0,0,0,1,1,False,False,FILIPPO
filipino creazione,0,0,0,0,0,0,1,0,0,0,1,1,False,False,FILIPINO CREAZIONE
filipinas pawnshop inc,0,0,0,0,0,0,0,0,0,1,1,1,False,False,Filipinas Pawnshop Inc.
filinvest land inc,0,0,1,0,0,0,0,0,0,0,1,1,False,False,Filinvest Land Inc
filigree,0,0,1,0,0,0,0,0,0,0,1,1,False,False,Filigree
filibela,1,0,0,0,0,0,0,0,0,0,1,1,False,False,Filibela
filbela,1,0,0,0,0,0,0,0,0,0,1,1,False,False,Filbela
fiesta,0,0,0,0,0,0,0,1,0,0,1,1,False,False,FIESTA
filbars multiverse,0,0,0,0,0,1,0,0,0,0,1,1,False,False,Filbar's Multiverse
filarts gallery coffee shop,0,0,0,0,0,0,1,0,0,0,1,1,False,False,FILARTS GALLERY COFFEE SHOP
filarts gallery,0,0,0,0,0,0,1,0,0,0,1,1,False,False,FILARTS GALLERY
fila satellite,0,0,1,0,0,0,0,0,0,0,1,1,False,False,Fila Satellite
fila italia,0,0,0,0,0,0,0,1,0,0,1,1,False,False,FILA ITALIA
fighting korean restaurant,0,0,0,0,1,0,0,0,0,0,1,1,False,False,Fighting Korean Restaurant
figaro i,0,0,0,0,0,0,1,0,0,0,1,1,False,False,FIGARO I 0947-521-9495
figaro coffee,0,0,0,0,0,0,1,0,0,0,1,1,False,False,FIGARO COFFEE 0998-9918-158
fig & vine,0,0,0,0,0,0,1,0,0,0,1,1,False,False,FIG & VINE
fiesta outlet store,0,0,0,0,0,0,1,0,0,0,1,1,False,False,FIESTA OUTLET STORE
fiesta inasal,0,0,0,0,0,0,0,1,0,0,1,1,False,False,FIESTA INASAL
fiesta dabaw,0,0,0,0,0,0,0,1,0,0,1,1,False,False,FIESTA DABAW
fiesta communities,0,0,0,0,0,0,1,0,0,0,1,1,False,False,FIESTA COMMUNITIES
fone scoopz,0,0,0,0,0,0,0,1,0,0,1,1,False,False,FONE SCOOPZ
fonebook,0,1,0,0,0,0,0,0,0,0,1,1,False,False,FONEBOOK
galo dental,0,0,0,0,0,0,1,0,0,0,1,1,False,False,Galo Dental
gadget corner,0,0,0,0,0,0,0,1,0,0,1,1,False,False,GADGET CORNER
gadget central,1,0,0,0,0,0,0,0,0,0,1,1,False,False,Gadget Central
gabriel archangel toddler playschool,0,0,0,0,0,0,0,1,0,0,1,1,False,False,GABRIEL ARCHANGEL TODDLER PLAYSCHOOL
gab pigmentation,0,0,0,1,0,0,0,0,0,0,1,1,False,False,GAB PIGMENTATION
g3r repair shop,0,0,0,0,0,0,0,1,0,0,1,1,False,False,G3R REPAIR SHOP
g style,0,0,0,0,0,0,1,0,0,0,1,1,False,False,G-STYLE
g s p money changer,0,1,0,0,0,0,0,0,0,0,1,1,False,False,G.S.P. MONEY CHANGER
g forces enterprise,0,0,0,0,0,0,1,0,0,0,1,1,False,False,G Forces Enterprise
fusion outlet store,0,0,0,0,0,0,0,0,1,0,1,1,False,False,FUSION OUTLET STORE
fusion,0,0,0,0,0,0,0,0,1,0,1,1,False,False,FUSION
furry trail crawlers,0,0,0,0,0,0,1,0,0,0,1,1,False,False,FURRY TRAIL CRAWLERS
funtours tecketing services,0,0,0,0,0,0,1,0,0,0,1,1,False,False,FUNTOURS TECKETING SERVICES
funtopia park,0,0,0,0,0,0,1,0,0,0,1,1,False,False,FUNTOPIA PARK
funtasia kids club,0,0,0,0,1,0,0,0,0,0,1,1,False,False,Funtasia Kids Club
funhan mart,0,0,0,0,1,0,0,0,0,0,1,1,False,False,Funhan Mart
fundador,0,0,0,0,1,0,0,0,0,0,1,1,False,False,Fundador
fun time family entertainment center,0,0,0,0,0,0,1,0,0,0,1,1,False,False,FUN TIME FAMILY ENTERTAINMENT CENTER
fun dkit stick and print works,0,0,0,0,0,0,0,1,0,0,1,1,False,False,FUN-DKIT STICK AND PRINT WORKS
fun box mobile,0,0,0,0,0,0,0,0,1,0,1,1,False,False,FUN BOX MOBILE
fulloracharm,0,0,0,0,1,0,0,0,0,0,1,1,False,False,FulloraCharm
fulcrum coffee,0,0,0,0,0,0,0,1,0,0,1,1,False,False,FULCRUM COFFEE
fuji shin,0,0,0,0,0,0,1,0,0,0,1,1,False,False,FUJI-SHIN
fuentes optical,0,0,0,0,0,0,1,0,0,0,1,1,False,False,Fuentes Optical
fubu,0,0,0,0,0,0,0,0,1,0,1,1,False,False,FUBU
ftv cosmetics,0,0,0,0,1,0,0,0,0,0,1,1,False,False,FTV Cosmetics
frying chicken x bokki bokki,0,0,0,0,0,0,1,0,0,0,1,1,False,False,FRYING CHICKEN X BOKKI BOKKI
frutesca,0,1,0,0,0,0,0,0,0,0,1,1,False,False,FRUTESCA
frutas,0,0,0,0,0,0,1,0,0,0,1,1,False,False,FRUTAS
fruity blendz,0,0,0,0,0,0,1,0,0,0,1,1,False,False,FRUITY BLENDZ (0967-316-0637)
fruity blends,0,0,0,0,0,0,1,0,0,0,1,1,False,False,FRUITY BLENDS
gadget core,1,0,0,0,0,0,0,0,0,0,1,1,False,False,Gadget Core
gadget express,0,0,0,0,0,0,0,1,0,0,1,1,False,False,GADGET EXPRESS
fonehub,0,0,0,0,0,0,1,0,0,0,1,1,False,False,Fonehub
gadget get,0,0,0,0,0,1,0,0,0,0,1,1,False,False,Gadget Get
gallery nine,0,0,0,0,0,0,0,1,0,0,1,1,False,False,GALLERY NINE
gallery genesis,0,0,0,0,0,1,0,0,0,0,1,1,False,False,Gallery Genesis
gallery frames,0,0,0,0,0,0,0,1,0,0,1,1,False,False,GALLERY FRAMES
gallery by gch,0,0,0,0,0,0,0,1,0,0,1,1,False,False,THE GALLERY BY GCH
galleon,0,0,0,0,0,0,0,1,0,0,1,1,False,False,GALLEON
galetote t shirt printing shoppe,0,0,0,0,0,0,0,1,0,0,1,1,False,False,GALETOTE T-SHIRT PRINTING SHOPPE
galetote,0,0,0,0,0,0,1,0,0,0,1,1,False,False,Galetote
galerie y,0,0,0,0,0,0,0,1,0,0,1,1,False,False,GALERIE Y
galerie raphael,0,1,0,0,0,0,0,0,0,0,1,1,False,False,GALERIE RAPHAEL
galerie francesca,0,0,0,0,0,0,0,1,0,0,1,1,False,False,GALERIE FRANCESCA
galeria lienzo,0,1,0,0,0,0,0,0,0,0,1,1,False,False,GALERIA LIENZO
galeria anna,0,0,1,0,0,0,0,0,0,0,1,1,False,False,Galeria Anna
gaille and george,0,1,0,0,0,0,0,0,0,0,1,1,False,False,GAILLE AND GEORGE
gaea crystal and gemstone jewelry,0,1,0,0,0,0,0,0,0,0,1,1,False,False,GAEA - CRYSTAL AND GEMSTONE JEWELRY
gadze tech,0,0,0,0,0,0,1,0,0,0,1,1,False,False,Gadze Tech
gadgetway,0,0,0,0,0,0,0,0,0,1,1,1,False,False,GADGETWAY
gadgets station,0,0,0,0,0,0,0,1,0,0,1,1,False,False,GADGETS STATION
gadgets lab,0,0,0,0,0,0,1,0,0,0,1,1,False,False,GADGETS LAB
gadgetologie,0,0,0,0,0,1,0,0,0,0,1,1,False,False,Gadgetologie
gadgetmate,0,0,0,0,0,0,1,0,0,0,1,1,False,False,Gadgetmate
gadgetcore cellphone & accessories shop,1,0,0,0,0,0,0,0,0,0,1,1,False,False,Gadgetcore Cellphone & Accessories Shop
gadgetbot,0,0,0,0,0,0,0,1,0,0,1,1,False,False,GADGETBOT
gadget zone,0,0,0,0,0,0,1,0,0,0,1,1,False,False,Gadget Zone
gadget world,0,0,0,0,0,0,0,1,0,0,1,1,False,False,GADGET WORLD
gadget protekt,0,0,0,0,0,0,0,1,0,0,1,1,False,False,GADGET PROTEKT
gadget protector,0,0,0,0,0,0,0,1,0,0,1,1,False,False,GADGET PROTECTOR
gadget planet,0,0,0,0,0,0,0,0,0,1,1,1,False,False,Gadget Planet
gadget one,0,0,0,0,0,0,1,0,0,0,1,1,False,False,Gadget One
gadget hub,0,0,0,0,0,0,0,0,0,1,1,1,False,False,Gadget Hub
fruits to go,0,0,0,0,0,0,1,0,0,0,1,1,False,False,Fruits To Go
fruitfull smoothies and juices,0,0,0,0,0,0,1,0,0,0,1,1,False,False,FRUITFULL SMOOTHIES AND JUICES
fruiteria,0,0,0,0,0,1,0,0,0,0,1,1,False,False,Fruiteria
fruitas ice candy,0,0,0,0,0,0,0,1,0,0,1,1,False,False,FRUITAS ICE CANDY
four seasons hot pot,0,0,0,0,0,0,0,1,0,0,1,1,False,False,FOUR SEASONS HOT POT
four h handicrafts,1,0,0,0,0,0,0,0,0,0,1,1,False,False,Four H Handicrafts
fountainhead,0,1,0,0,0,0,0,0,0,0,1,1,False,False,FOUNTAINHEAD
foundever,0,0,0,0,0,0,1,0,0,0,1,1,False,False,FOUNDEVER
fotile,0,0,0,0,0,0,1,0,0,0,1,1,False,False,FOTILE
fortune tea house,0,0,0,0,0,0,0,1,0,0,1,1,False,False,FORTUNE TEA HOUSE
fortune esthe,0,0,0,0,1,0,0,0,0,0,1,1,False,False,Fortune Esthe
fortune bakeshop,0,0,0,0,0,0,0,0,0,1,1,1,False,False,Fortune Bakeshop
forticare health stystem international inc,0,0,0,0,0,0,1,0,0,0,1,1,False,False,"Forticare Health Stystem International, Inc. 0917-133-3476"
forticare,0,0,0,0,0,0,0,0,1,0,1,1,False,False,FORTICARE
fortess,0,0,0,0,0,0,1,0,0,0,1,1,False,False,Fortess
formosa bakeshop,0,0,0,0,0,0,0,1,0,0,1,1,False,False,FORMOSA BAKESHOP
formocha taiwan milktea,0,0,0,0,0,0,1,0,0,0,1,1,False,False,FormoCha Taiwan Milktea
forever young spa,0,0,0,0,0,0,1,0,0,0,1,1,False,False,Forever Young Spa
forever silver,0,0,0,0,0,0,1,0,0,0,1,1,False,False,FOREVER SILVER
forever mobile,0,0,0,0,0,0,0,1,0,0,1,1,False,False,FOREVER MOBILE
forever flawless,0,0,0,0,0,0,0,1,0,0,1,1,False,False,FOREVER FLAWLESS
forever beautiful,0,0,0,0,0,0,0,1,0,0,1,1,False,False,FOREVER BEAUTIFUL
foreign exchange,0,0,0,0,0,0,1,0,0,0,1,1,False,False,Foreign Exchange
fore pairs buffalo wings,0,0,0,0,0,0,1,0,0,0,1,1,False,False,FORE PAIRS BUFFALO WINGS (TEMPORARILY CLOSED)
for the love of prints,0,1,0,0,0,0,0,0,0,0,1,1,False,False,FOR THE LOVE OF PRINTS
for keeps,0,0,0,0,1,0,0,0,0,0,1,1,False,False,For Keeps
footwear express,0,0,0,0,0,0,1,0,0,0,1,1,False,False,Footwear Express
footprint,0,0,0,0,0,0,1,0,0,0,1,1,False,False,Footprint
foodie stop,0,0,1,0,0,0,0,0,0,0,1,1,False,False,Foodie Stop
food world kiosk,0,0,1,0,0,0,0,0,0,0,1,1,False,False,Food World Kiosk
food wanderer,0,1,0,0,0,0,0,0,0,0,1,1,False,False,FOOD WANDERER
food channel,0,0,0,0,0,0,0,1,0,0,1,1,False,False,FOOD CHANNEL
fonplus,0,0,0,0,0,0,1,0,0,0,1,1,False,False,FONPLUS
fowl bread,0,1,0,0,0,0,0,0,0,0,1,1,False,False,FOWL BREAD
franc frostie,0,0,0,0,0,0,0,1,0,0,1,1,False,False,FRANC FROSTIE
francias ice cream,0,0,0,0,0,0,0,0,0,1,1,1,False,False,Francia's Ice Cream
fresh salon spa,0,0,0,0,0,0,0,1,0,0,1,1,False,False,FRESH SALON SPA
fruitas fresh from babots farm,0,0,0,0,0,0,1,0,0,0,1,1,False,False,Fruitas - Fresh From Babot's Farm
fruitas buko ni fruitas,0,1,0,0,0,0,0,0,0,0,1,1,False,False,FRUITAS/BUKO NI FRUITAS
fruitas & jamaican,0,0,0,0,0,0,1,0,0,0,1,1,False,False,FRUITAS & JAMAICAN
fruitachillos,0,0,0,0,0,0,1,0,0,0,1,1,False,False,FRUITACHILLOS
frito fries,0,0,0,0,0,0,0,1,0,0,1,1,False,False,FRITO FRIES
frigga charmed life,0,0,0,0,0,0,0,1,0,0,1,1,False,False,FRIGGA CHARMED LIFE
fries pa more,0,0,0,0,0,0,1,0,0,0,1,1,False,False,FRIES PA MORE
fries guys,0,1,0,0,0,0,0,0,0,0,1,1,False,False,FRIES GUYS
fries and benefits,0,0,0,0,0,0,1,0,0,0,1,1,False,False,FRIES AND BENEFITS
friendlycare,0,0,0,0,0,0,1,0,0,0,1,1,False,False,FRIENDLYCARE
fried rice express,0,0,0,0,0,0,1,0,0,0,1,1,False,False,Fried Rice Express
fried noodles express and dimsum,0,0,0,0,0,0,1,0,0,0,1,1,False,False,FRIED NOODLES EXPRESS AND DIMSUM
freshlookme salon,0,0,0,0,0,0,0,0,1,0,1,1,False,False,FRESHLOOKME SALON
fresh fragrance,0,0,0,0,1,0,0,0,0,0,1,1,False,False,Fresh Fragrance
francing leaves & herbal store,0,0,0,0,0,0,1,0,0,0,1,1,False,False,Francing Leaves & Herbal Store
fresenius kidney care,0,0,0,0,0,0,0,1,0,0,1,1,False,False,FRESENIUS KIDNEY CARE
frescas frutas,0,0,0,0,0,0,0,1,0,0,1,1,False,False,FRESCAS FRUTAS
french waffle cafe,0,0,0,0,0,1,0,0,0,0,1,1,False,False,French Waffle Cafe
french baker salon de the,0,0,0,0,0,0,0,1,0,0,1,1,False,False,THE FRENCH BAKER SALON DE THE
freesoul gadgets and accessories shop,0,1,0,0,0,0,0,0,0,0,1,1,False,False,FREESOUL GADGETS AND ACCESSORIES SHOP
freelife,0,0,0,0,0,0,1,0,0,0,1,1,False,False,FREELIFE
freedom moses,0,1,0,0,0,0,0,0,0,0,1,1,False,False,FREEDOM MOSES
frbj muzic mart,0,0,0,0,0,0,0,1,0,0,1,1,False,False,FRBJ MUZIC MART
frappy n tea,0,0,1,0,0,0,0,0,0,0,1,1,False,False,Frappy ‘n Tea
franvir,0,0,0,0,0,0,0,1,0,0,1,1,False,False,FRANVIR
franky mobile accessories,0,0,0,0,0,0,0,1,0,0,1,1,False,False,FRANKY MOBILE ACCESSORIES
franks dirty ice cream,0,0,0,0,0,0,0,1,0,0,1,1,False,False,FRANKS DIRTY ICE CREAM
frankie and friends,0,0,0,0,0,0,0,1,0,0,1,1,False,False,FRANKIE AND FRIENDS
h2o lifesource,0,0,0,0,1,0,0,0,0,0,1,1,False,False,H2O Lifesource
h2o to go,0,0,0,0,0,0,0,1,0,0,1,1,False,False,H2O TO GO
habagat,0,0,0,0,0,0,0,1,0,0,1,1,False,False,HABAGAT
ironic iconic by verona optical,0,0,0,0,0,0,0,1,0,0,1,1,False,False,IRONIC ICONIC BY VERONA OPTICAL
irish potato,0,0,0,0,0,0,0,1,0,0,1,1,False,False,IRISH POTATO
irise driving school,0,0,0,0,0,0,1,0,0,0,1,1,False,False,IRISE DRIVING SCHOOL (0960-247-6510)
irestore,0,0,1,0,0,0,0,0,0,0,1,1,False,False,Irestore
irepair,0,0,0,0,0,0,1,0,0,0,1,1,False,False,IREPAIR
irefresh,0,0,0,0,0,0,1,0,0,0,1,1,False,False,iREFRESH
iqor,0,0,0,0,0,0,1,0,0,0,1,1,False,False,IQOR
ipro repair,0,0,0,0,0,0,0,1,0,0,1,1,False,False,IPRO REPAIR
ippudo ramen bar,0,0,0,0,1,0,0,0,0,0,1,1,False,False,Ippudo Ramen Bar
ipponyari,0,0,0,0,1,0,0,0,0,0,1,1,False,False,Ipponyari
ippin si ji restaurant,0,0,0,0,0,0,0,1,0,0,1,1,False,False,IPPIN SI JI RESTAURANT
ipanema satellite selling 2024,0,0,0,0,0,0,1,0,0,0,1,1,False,False,IPANEMA SATELLITE SELLING 2024
ip express,0,0,0,0,0,0,1,0,0,0,1,1,False,False,IP Express
ionline com internet shop,0,0,0,0,0,0,1,0,0,0,1,1,False,False,Ionline.Com Internet Shop
ioc vision care clinic,0,0,0,0,0,0,1,0,0,0,1,1,False,False,IOC Vision Care Clinic
into gadgets,0,0,0,0,0,0,1,0,0,0,1,1,False,False,Into Gadgets
interpace computer systems,0,0,1,0,0,0,0,0,0,0,1,1,False,False,Interpace Computer Systems
international eye center,0,0,0,0,0,0,1,0,0,0,1,1,False,False,International Eye Center
interior homescapes,0,1,0,0,0,0,0,0,0,0,1,1,False,False,INTERIOR HOMESCAPES
intelliprime medical and psychological counseling,0,0,0,0,0,0,1,0,0,0,1,1,False,False,Intelliprime Medical and Psychological Counseling 0916-364-3067
intellident dental clinic,0,1,0,0,0,0,0,0,0,0,1,1,False,False,INTELLIDENT DENTAL CLINIC
intellicom kiosk (marui),1,0,0,0,0,0,0,0,0,0,1,1,False,False,Intellicom Kiosk (Marui)
instaprint,0,0,0,0,0,0,1,0,0,0,1,1,False,False,Instaprint 9177188130
instagadget cellphone and accessories,0,1,0,0,0,0,0,0,0,0,1,1,False,False,INSTAGADGET CELLPHONE AND ACCESSORIES
instabloc,0,0,0,0,0,0,1,0,0,0,1,1,False,False,Instabloc
insta 360,0,0,0,0,0,0,1,0,0,0,1,1,False,False,INSTA 360
inspired expressions bazaar,0,0,0,0,0,0,1,0,0,0,1,1,False,False,Inspired Expressions Bazaar
inspire church,0,1,0,0,0,0,0,0,0,0,1,1,False,False,INSPIRE CHURCH
inspector gadget,0,0,0,0,0,0,0,1,0,0,1,1,False,False,INSPECTOR GADGET
innove asia,0,0,0,0,0,1,0,0,0,0,1,1,False,False,Innove Asia
irisistaball takoyaki station,0,1,0,0,0,0,0,0,0,0,1,1,False,False,IRISISTABALL TAKOYAKI STATION
ironmans steak,0,1,0,0,0,0,0,0,0,0,1,1,False,False,IRONMAN’S STEAK
izakaya mori,0,0,0,0,0,1,0,0,0,0,1,1,False,False,Izakaya Mori
irvins salted egg,0,0,0,0,0,0,0,1,0,0,1,1,False,False,IRVINS SALTED EGG
ivy lane by natural art,0,0,0,0,0,0,0,1,0,0,1,1,False,False,IVY LANE BY NATURAL ART
ives and co,0,0,0,0,0,0,1,0,0,0,1,1,False,False,IVES AND Co '09691390522 (NEW)
itsu,1,0,0,0,0,0,0,0,0,0,1,1,False,False,Itsu
its a girl thing,0,0,0,0,0,0,1,0,0,0,1,1,False,False,It's A Girl Thing
itlog on sticks,0,0,0,0,0,0,0,1,0,0,1,1,False,False,ITLOG ON STICKS
itels cellphone trading,1,0,0,0,0,0,0,0,0,0,1,1,False,False,Itel's Cellphone Trading
italyumm,0,0,0,0,1,0,0,0,0,0,1,1,False,False,Italyumm
itallanis,0,0,0,0,0,0,1,0,0,0,1,1,False,False,Itallani's (NEW)
italiannis restaurant,0,0,0,0,0,0,1,0,0,0,1,1,False,False,Italianni’s Restaurant
italiannis baker & cook,0,1,0,0,0,0,0,0,0,0,1,1,False,False,ITALIANNI'S / BAKER & COOK
it solutions cph,0,0,0,0,0,0,0,1,0,0,1,1,False,False,IT SOLUTIONS CPH
it solutions,0,0,0,0,0,0,1,0,0,0,1,1,False,False,IT SOLUTIONS
it serve computer,0,0,0,0,0,1,0,0,0,0,1,1,False,False,It Serve Computer
it republic,0,0,0,0,0,0,0,1,0,0,1,1,False,False,IT REPUBLIC
it alley,0,1,0,0,0,0,0,0,0,0,1,1,False,False,IT ALLEY
istudioplus,0,0,0,0,0,0,0,1,0,0,1,1,False,False,ISTUDIOPLUS
istore digital lifestyle retail,0,0,1,0,0,0,0,0,0,0,1,1,False,False,Istore Digital Lifestyle Retail
issy cosmetics,0,0,0,0,1,0,0,0,0,0,1,1,False,False,Issy Cosmetics
issue,0,0,0,0,0,1,0,0,0,0,1,1,False,False,Issue
isport,0,0,0,0,0,0,1,0,0,0,1,1,False,False,iSPORT
ismile dental clinc,0,0,0,0,0,0,0,1,0,0,1,1,False,False,ISMILE DENTAL CLINC
ismart cellphone accessories & merchandising,0,0,0,0,0,0,1,0,0,0,1,1,False,False,Ismart Cellphone Accessories & Merchandising
islands juice,0,0,0,0,0,1,0,0,0,0,1,1,False,False,Islands Juice
island tea company,0,0,0,0,0,0,0,1,0,0,1,1,False,False,ISLAND TEA COMPANY
island spa,0,0,0,0,1,0,0,0,0,0,1,1,False,False,Island Spa
island coffee club,0,0,0,0,0,0,1,0,0,0,1,1,False,False,ISLAND COFFEE CLUB
iskin cafe,0,0,0,0,0,0,0,1,0,0,1,1,False,False,ISKIN CAFÉ
iskin aesthetic lifestyle,0,0,0,0,0,0,0,1,0,0,1,1,False,False,iSKIN AESTHETIC LIFESTYLE
isabella by bebe de dieu,0,0,0,0,0,0,0,1,0,0,1,1,False,False,ISABELLA BY BEBE DE DIEU
innovatronix inc,0,0,0,0,0,0,0,0,1,0,1,1,False,False,INNOVATRONIX INC.
innovator,0,0,0,0,0,1,0,0,0,0,1,1,False,False,Innovator
inland corporation,0,0,0,0,0,0,0,1,0,0,1,1,False,False,INLAND CORPORATION
inkwell tattoo,0,0,0,0,1,0,0,0,0,0,1,1,False,False,Inkwell Tattoo
ilonggo express,0,0,0,0,0,0,1,0,0,0,1,1,False,False,ILONGGO EXPRESS
iloko empanada,0,0,0,0,0,0,0,1,0,0,1,1,False,False,ILOKO EMPANADA
iloilo southprime,0,0,0,0,0,0,0,1,0,0,1,1,False,False,ILOILO SOUTHPRIME
iloilo grace pharmacy,0,0,0,0,0,0,1,0,0,0,1,1,False,False,Iloilo Grace Pharmacy
iloilo doctorss clinic,0,0,0,0,0,0,1,0,0,0,1,1,False,False,Iloilo Doctors's Clinic
iloilo doctors clinic laboratory services,0,0,0,0,0,0,0,1,0,0,1,1,False,False,ILOILO DOCTORS CLINIC LABORATORY SERVICES
iloilo bingo,0,0,0,0,0,0,0,1,0,0,1,1,False,False,ILOILO BINGO
ilocos pet clinic,0,0,0,0,0,0,1,0,0,0,1,1,False,False,Ilocos Pet Clinic
ilocandia blind massage 2004,0,0,0,0,0,0,1,0,0,0,1,1,False,False,ILOCANDIA BLIND MASSAGE 2004
illy,0,0,0,0,0,0,1,0,0,0,1,1,False,False,ILLY
illumina derma clinic,0,0,0,0,0,1,0,0,0,0,1,1,False,False,Illumina Derma Clinic
iligan light,0,0,0,0,0,0,1,0,0,0,1,1,False,False,Iligan Light
iliberty,0,0,0,0,0,0,1,0,0,0,1,1,False,False,Iliberty
ileco 1,0,0,0,0,0,0,1,0,0,0,1,1,False,False,Ileco 1
ilash extensions,0,0,0,0,1,0,0,0,0,0,1,1,False,False,Ilash Extensions
ilash,0,0,0,0,0,1,0,0,0,0,1,1,False,False,Ilash
il padrino coffee,0,0,0,0,0,0,0,1,0,0,1,1,False,False,IL PADRINO COFFEE
il lupino trattoria & wine bar,0,0,0,0,0,0,1,0,0,0,1,1,False,False,IL LUPINO TRATTORIA & WINE BAR
il fragranza,0,0,0,0,0,0,1,0,0,0,1,1,False,False,IL FRAGRANZA
ikshava juice,0,0,1,0,0,0,0,0,0,0,1,1,False,False,Ikshava Juice
ikinari steakhouse,0,0,0,0,0,0,1,0,0,0,1,1,False,False,IKINARI STEAKHOUSE
ikinari steak,0,0,0,0,0,0,0,1,0,0,1,1,False,False,IKINARI STEAK
ikigai,0,1,0,0,0,0,0,0,0,0,1,1,False,False,IKIGAI
ikebukuro japanese resto bar,0,1,0,0,0,0,0,0,0,0,1,1,False,False,IKEBUKURO JAPANESE RESTO BAR
ikea cakes & snacks i,0,0,0,0,0,0,1,0,0,0,1,1,False,False,Ikea Cakes & Snacks I 0961-971-2089
ikea,0,0,0,0,0,0,0,1,0,0,1,1,False,False,IKEA
ikarao,0,0,1,0,0,0,0,0,0,0,1,1,False,False,Ikarao
ihearbetternow,0,0,0,0,0,0,1,0,0,0,1,1,False,False,iHearBetterNow 0917-794-4327
ihaw juan,0,0,0,0,0,0,0,1,0,0,1,1,False,False,IHAW JUAN
ilonggo grill,0,0,1,0,0,0,0,0,0,0,1,1,False,False,Ilonggo Grill
ilvapore coffee house,0,0,0,0,0,0,1,0,0,0,1,1,False,False,ILVAPORE COFFEE HOUSE
immense food,0,0,0,0,1,0,0,0,0,0,1,1,False,False,Immense Food
infinity smile dental clinic,0,0,0,0,0,0,1,0,0,0,1,1,False,False,INFINITY SMILE DENTAL CLINIC (0926-582-6832 /0953-913-7138)
inkrite ink refilling station,0,0,0,0,0,0,0,1,0,0,1,1,False,False,INKRITE INK REFILLING STATION
ink n print,0,0,1,0,0,0,0,0,0,0,1,1,False,False,Ink N’ Print
ink master,0,0,0,0,0,0,0,1,0,0,1,1,False,False,INK MASTER
ink fairness,0,0,0,0,0,0,1,0,0,0,1,1,False,False,Ink Fairness
ink 1,0,0,0,0,0,0,0,1,0,0,1,1,False,False,INK 1
inihaw republic,0,0,0,0,0,0,0,1,0,0,1,1,False,False,INIHAW REPUBLIC
inglorious cookies,0,1,0,0,0,0,0,0,0,0,1,1,False,False,INGLORIOUS COOKIES
infonec kiosk,1,0,0,0,0,0,0,0,0,0,1,1,False,False,Infonec Kiosk
infonec,0,0,0,0,0,0,0,1,0,0,1,1,False,False,INFONEC
infomax gold,0,1,0,0,0,0,0,0,0,0,1,1,False,False,INFOMAX GOLD
infintea,0,0,0,0,0,0,1,0,0,0,1,1,False,False,INFINTEA
infinix ms twirling ice cream,0,0,0,0,0,0,1,0,0,0,1,1,False,False,Infinix Ms. Twirling Ice Cream
infinix i,0,0,0,0,0,0,1,0,0,0,1,1,False,False,Infinix I 0938-742-3817
infinitea i,0,0,0,0,0,0,1,0,0,0,1,1,False,False,INFINITEA I 0975-523-3343
imperial dance studio,0,0,0,0,1,0,0,0,0,0,1,1,False,False,Imperial Dance Studio
infinite mobile solutions,0,0,0,0,0,0,1,0,0,0,1,1,False,False,Infinite Mobile Solutions
indio,0,0,0,0,1,0,0,0,0,0,1,1,False,False,Indio
indigo profiles salon,0,0,0,0,1,0,0,0,0,0,1,1,False,False,Indigo / Profiles Salon
inchrist city church,0,0,0,0,0,0,0,0,1,0,1,1,False,False,INCHRIST CITY CHURCH
incare,0,0,0,0,0,0,0,1,0,0,1,1,False,False,INCARE
inasal de cebu,0,0,0,0,0,0,0,1,0,0,1,1,False,False,INASAL DE CEBU
inas pater,0,0,0,0,0,0,1,0,0,0,1,1,False,False,Ina's Pater
inari sukiyaki,0,0,0,0,0,0,1,0,0,0,1,1,False,False,INARI SUKIYAKI (9328882718)
in tune,0,0,0,0,0,1,0,0,0,0,1,1,False,False,In Tune
in time by strapshop,1,0,0,0,0,0,0,0,0,0,1,1,False,False,In-Time By Strapshop
imprint studio,0,0,0,0,0,0,1,0,0,0,1,1,False,False,IMPRINT STUDIO
imperial vet clinic,0,0,0,0,0,0,1,0,0,0,1,1,False,False,Imperial Vet Clinic
imperial vet,0,0,0,0,0,0,1,0,0,0,1,1,False,False,Imperial Vet ( TEMPORARILY CLOSED )
iwc schaffhausen,0,1,0,0,0,0,0,0,0,0,1,1,False,False,IWC SCHAFFHAUSEN
izza mawy,0,0,0,0,0,0,0,1,0,0,1,1,False,False,IZZA MAWY
igo korean mart,0,0,1,0,0,0,0,0,0,0,1,1,False,False,Igo Korean Mart
jian cellshop,0,0,0,0,0,0,1,0,0,0,1,1,False,False,JIAN CELLSHOP
jhs electric shop,0,0,0,0,0,0,0,1,0,0,1,1,False,False,JHS ELECTRIC SHOP
jgr drug testing and medical center,0,0,0,0,0,0,1,0,0,0,1,1,False,False,JGR Drug Testing And Medical Center
jgkb cellphone accessories,0,0,0,0,0,0,1,0,0,0,1,1,False,False,JGKB Cellphone Accessories
jf buchi bread,0,0,0,0,0,0,0,1,0,0,1,1,False,False,JF BUCHI BREAD
jewels cotton candy,0,0,0,0,0,0,1,0,0,0,1,1,False,False,JEWEL'S COTTON CANDY
jewels collection,0,0,0,0,0,0,0,1,0,0,1,1,False,False,JEWELS COLLECTION
jewels by allison,0,1,0,0,0,0,0,0,0,0,1,1,False,False,JEWELS BY ALLISON
jewelmer joaillerie,0,0,0,0,0,0,0,1,0,0,1,1,False,False,JEWELMER JOAILLERIE
jewelholic,0,0,1,0,0,0,0,0,0,0,1,1,False,False,Jewelholic
jev & jean cellphone and accessories store,0,0,0,0,0,0,1,0,0,0,1,1,False,False,Jev & Jean Cellphone And Accessories Store
jeuvens bibingka,0,0,0,0,0,0,1,0,0,0,1,1,False,False,Jeuven's Bibingka
jeuvens 3 seasons,0,0,0,0,0,0,1,0,0,0,1,1,False,False,JEUVEN'S 3 SEASONS
jethro jewelry shop,0,0,0,0,0,0,1,0,0,0,1,1,False,False,Jethro Jewelry Shop
jet speed,0,0,0,0,0,0,1,0,0,0,1,1,False,False,JET SPEED 0922-875-2072 / 0933-819-1162
jessi james nino loading station,0,0,0,0,0,0,1,0,0,0,1,1,False,False,JESSI JAMES NINO LOADING STATION
jeruels mobile,0,0,0,0,0,0,0,1,0,0,1,1,False,False,JERUELS MOBILE
jeremiah footwear & bags,0,0,0,0,0,0,1,0,0,0,1,1,False,False,Jeremiah Footwear & Bags
jeremiah bags and accessories shop,0,0,0,0,0,0,1,0,0,0,1,1,False,False,JEREMIAH BAGS AND ACCESSORIES SHOP
jens pet corner,0,0,0,0,0,1,0,0,0,0,1,1,False,False,Jen's Pet Corner
jennie,0,0,1,0,0,0,0,0,0,0,1,1,False,False,Jennie
jenden hair studio,0,0,0,0,0,0,0,1,0,0,1,1,False,False,JENDEN HAIR STUDIO
jems barbers,0,0,0,0,0,0,1,0,0,0,1,1,False,False,Jem's Barbers
jems barber salon for men & women,0,0,0,0,0,0,1,0,0,0,1,1,False,False,Jems Barber Salon For Men & Women
jems barber salon & jems junior,0,0,0,0,0,0,1,0,0,0,1,1,False,False,Jems Barber Salon & Jems Junior
jemfaith,0,0,0,0,0,0,1,0,0,0,1,1,False,False,Jemfaith
jem junior hair salon,0,0,0,0,0,0,0,1,0,0,1,1,False,False,JEM JUNIOR HAIR SALON
jelly skin lab,0,0,0,0,1,0,0,0,0,0,1,1,False,False,Jelly Skin Lab
jeli deli pasalubong,0,1,0,0,0,0,0,0,0,0,1,1,False,False,JELI-DELI PASALUBONG
jeju ramyun food park,0,0,0,0,1,0,0,0,0,0,1,1,False,False,Jeju Ramyun Food Park
jian axel sisig station,0,0,0,0,0,0,1,0,0,0,1,1,False,False,JIAN AXEL SISIG STATION
jiang nan hot pot,0,0,0,0,1,0,0,0,0,0,1,1,False,False,Jiang Nan Hot Pot
j & g x gongcha,0,0,0,0,0,1,0,0,0,0,1,1,False,False,J & G x Gongcha
jies,0,0,0,0,0,0,1,0,0,0,1,1,False,False,Jie's TEMPORARILY CLOSED
joaqui and jacqui cellphone accessories repair,0,0,0,0,1,0,0,0,0,0,1,1,False,False,Joaqui and Jacqui Cellphone Accessories Repair
joachims steamstick,0,0,0,0,0,0,0,1,0,0,1,1,False,False,JOACHIMS STEAMSTICK
jo frango piri piri,0,1,0,0,0,0,0,0,0,0,1,1,False,False,JO FRANGO PIRI PIRI
jng mobile phone repair services,0,0,0,0,0,0,0,1,0,0,1,1,False,False,JNG MOBILE PHONE REPAIR SERVICES
jmy foreign exchange,0,0,0,0,0,0,1,0,0,0,1,1,False,False,JMY Foreign Exchange
jms watch repair,0,0,0,0,0,0,0,1,0,0,1,1,False,False,JMS WATCH REPAIR
jms watch accessories,0,0,0,0,0,0,0,1,0,0,1,1,False,False,JMS WATCH ACCESSORIES
jms music studio,0,0,1,0,0,0,0,0,0,0,1,1,False,False,Jms Music Studio
jmoa,0,0,0,0,0,1,0,0,0,0,1,1,False,False,JMOA
jmn hobby shop,0,0,0,1,0,0,0,0,0,0,1,1,False,False,JMN Hobby Shop
jmj (smell me),0,0,0,0,0,0,1,0,0,0,1,1,False,False,JMJ (Smell Me)
jmj,0,0,0,0,0,0,1,0,0,0,1,1,False,False,JMJ
jmg massage,0,0,0,0,0,0,1,0,0,0,1,1,False,False,JMG Massage
jmg,0,0,0,0,1,0,0,0,0,0,1,1,False,False,JMG
jmc personalized printing,0,0,1,0,0,0,0,0,0,0,1,1,False,False,Jmc Personalized Printing
jm shawarama,0,0,0,0,0,0,1,0,0,0,1,1,False,False,JM Shawarama
jm peanut world,0,1,0,0,0,0,0,0,0,0,1,1,False,False,JM PEANUT WORLD
jk grill unlimited k bbq,0,0,1,0,0,0,0,0,0,0,1,1,False,False,Jk Grill Unlimited K-bbq
jjj key services i,0,0,0,0,0,0,1,0,0,0,1,1,False,False,JJJ KEY SERVICES I 0932-552-1435
jjj key services,0,0,0,0,0,0,1,0,0,0,1,1,False,False,JJJ Key Services
jjcl drug testing,0,0,0,0,0,0,0,1,0,0,1,1,False,False,JJCL DRUG TESTING
jjampponggwan,0,0,0,0,1,0,0,0,0,0,1,1,False,False,JJAMPPONGGWAN
jiyu wellness,0,0,0,0,0,0,0,1,0,0,1,1,False,False,JIYU WELLNESS
jisu life,0,0,1,0,0,0,0,0,0,0,1,1,False,False,Jisu Life
jipan cafe,0,0,0,0,0,1,0,0,0,0,1,1,False,False,Jipan Cafe
jipan,0,1,0,0,0,0,0,0,0,0,1,1,False,False,JIPAN
jin ju k foods,0,0,0,0,0,0,1,0,0,0,1,1,False,False,Jin-Ju K Foods
jimmy choo,0,1,0,0,0,0,0,0,0,0,1,1,False,False,JIMMY CHOO
jieya & cos jewelry shop,0,0,0,0,1,0,0,0,0,0,1,1,False,False,Jieya & Co's Jewelry Shop
jeenie,0,0,1,0,0,0,0,0,0,0,1,1,False,False,Jeenie
jeanetts jewelry,0,1,0,0,0,0,0,0,0,0,1,1,False,False,JEANETT'S JEWELRY
jeanetts,0,0,0,0,0,0,0,1,0,0,1,1,False,False,JEANETTS
jean and jaz gallerie,0,0,0,0,0,1,0,0,0,0,1,1,False,False,Jean and Jaz Gallerie
james i kaze cellphone accessories,0,0,0,0,0,0,0,1,0,0,1,1,False,False,JAMES I-KAZE CELLPHONE ACCESSORIES
jamaican pattie ii,0,0,1,0,0,0,0,0,0,0,1,1,False,False,Jamaican Pattie Ii
jaliah,0,0,0,0,0,0,1,0,0,0,1,1,False,False,Jaliah
jafars,0,0,0,0,0,0,0,1,0,0,1,1,False,False,JAFARS
jaeger lecoultre,0,1,0,0,0,0,0,0,0,0,1,1,False,False,JAEGER-LECOULTRE
jade solutions & management services,0,0,0,0,1,0,0,0,0,0,1,1,False,False,Jade Solutions & Management Services
jade garden,0,1,0,0,0,0,0,0,0,0,1,1,False,False,JADE GARDEN
jacobs breadnuts,0,0,0,0,0,0,0,1,0,0,1,1,False,False,JACOBS BREADNUTS
jacks adventures,0,0,0,0,0,0,1,0,0,0,1,1,False,False,JACKS ADVENTURES
jacks adventure,0,0,0,0,0,0,1,0,0,0,1,1,False,False,JACK'S ADVENTURE
jaam house of sushi,0,0,0,0,0,0,0,1,0,0,1,1,False,False,JAAM HOUSE OF SUSHI
j4s car care services,0,0,0,0,0,0,0,1,0,0,1,1,False,False,J4S CAR CARE SERVICES
j24k,0,0,0,0,0,0,0,1,0,0,1,1,False,False,J24K
j&t express,0,0,0,0,1,0,0,0,0,0,1,1,False,False,J&T Express
j&t,0,0,0,0,0,1,0,0,0,0,1,1,False,False,J&T
j&j,0,0,0,0,1,0,0,0,0,0,1,1,False,False,J&J
j&e phonebeast,0,0,0,0,0,0,0,1,0,0,1,1,False,False,J&E PHONEBEAST
j&a cellphone shop and accessories,0,0,0,0,0,0,1,0,0,0,1,1,False,False,J&A Cellphone Shop and Accessories
j&a cellphone and accessories,0,0,0,0,0,0,1,0,0,0,1,1,False,False,J&A CELLPHONE AND ACCESSORIES 0955-180-2147
j lindeberg,0,0,0,0,0,1,0,0,0,0,1,1,False,False,J. Lindeberg
j king,0,1,0,0,0,0,0,0,0,0,1,1,False,False,J KING
j five shoes shop,0,0,0,0,0,0,1,0,0,0,1,1,False,False,J-FIVE SHOES SHOP
j emmanuel pastries,0,0,0,0,0,0,1,0,0,0,1,1,False,False,J. Emmanuel Pastries
j co reserve,0,0,0,0,0,0,0,1,0,0,1,1,False,False,J CO RESERVE
j co doughnuts,0,0,0,0,0,0,1,0,0,0,1,1,False,False,J.Co Doughnuts
j co donuts,0,0,0,0,0,0,1,0,0,0,1,1,False,False,J.Co Donuts
j co,0,0,1,0,0,0,0,0,0,0,1,1,False,False,J. Co
j and b sunrise optical clinic,0,0,0,0,0,0,0,1,0,0,1,1,False,False,J AND B SUNRISE OPTICAL CLINIC
j & n affordabest,0,0,0,0,0,0,1,0,0,0,1,1,False,False,J & N AFFORDABEST
james wright cafe,0,0,0,0,0,0,0,1,0,0,1,1,False,False,JAMES WRIGHT CAFE
jamican pattie,0,0,0,0,0,0,1,0,0,0,1,1,False,False,JAMICAN PATTIE
jamila aesthetics,0,0,0,0,0,0,0,1,0,0,1,1,False,False,JAMILA AESTHETICS
jb music and sports,0,1,0,0,0,0,0,0,0,0,1,1,False,False,JB MUSIC AND SPORTS
jea cellshop,0,0,0,0,0,0,0,0,0,1,1,1,False,False,Jea Cellshop
jdm printshoppe,0,0,0,0,0,0,0,1,0,0,1,1,False,False,JDM PRINTSHOPPE
jdg jewelries,0,0,0,0,0,0,1,0,0,0,1,1,False,False,JDG Jewelries
jdb ideas home,0,0,0,0,0,0,1,0,0,0,1,1,False,False,JDB IDEAS HOME
jco donuts & coffee,0,0,0,0,0,0,1,0,0,0,1,1,False,False,JCO Donuts & Coffee
jco,0,0,0,0,0,0,1,0,0,0,1,1,False,False,JCO
jcn furniture,0,0,1,0,0,0,0,0,0,0,1,1,False,False,Jcn Furniture
jchd enterprise,0,0,0,0,0,0,1,0,0,0,1,1,False,False,JCHD Enterprise
jcd customized printing,0,0,0,0,0,0,1,0,0,0,1,1,False,False,JCD Customized Printing
jc dog republic,0,0,0,0,1,0,0,0,0,0,1,1,False,False,JC Dog Republic
jbs tech hub,0,0,0,0,1,0,0,0,0,0,1,1,False,False,JBS Tech Hub
jbl a refinery,0,1,0,0,0,0,0,0,0,0,1,1,False,False,JBL/A. REFINERY
jbc travel & tour,0,0,0,0,0,1,0,0,0,0,1,1,False,False,JBC Travel & Tour
jazz c,0,0,0,0,0,0,1,0,0,0,1,1,False,False,JAZZ-C
janely maests bookfinds book store,0,0,0,0,0,0,1,0,0,0,1,1,False,False,Janely Maests Bookfinds Book Store
jayms fashion,0,0,0,0,0,0,1,0,0,0,1,1,False,False,JAYM's fashion
jayme petshop petville hotel,0,0,0,0,0,1,0,0,0,0,1,1,False,False,Jayme Petshop Petville Hotel
jaycob ihaw ihaw,0,0,0,0,0,0,0,1,0,0,1,1,False,False,JAYCOB IHAW IHAW
jay js,0,0,0,0,0,1,0,0,0,0,1,1,False,False,Jay-j's
jay jays funrides,0,0,0,0,0,0,1,0,0,0,1,1,False,False,JAY JAYS FUNRIDES 0906-308-4734
jatujak,0,0,0,0,0,0,0,1,0,0,1,1,False,False,JATUJAK
jaro pawnshop,0,0,0,0,0,0,0,0,1,0,1,1,False,False,JARO PAWNSHOP
japoncom,0,0,0,0,0,0,0,1,0,0,1,1,False,False,JAPONCOM
japanglish vintage,1,0,0,0,0,0,0,0,0,0,1,1,False,False,Japanglish Vintage
japanese restaurant matsunoya,0,0,0,0,0,0,0,1,0,0,1,1,False,False,JAPANESE RESTAURANT MATSUNOYA
japan fudo street,0,1,0,0,0,0,0,0,0,0,1,1,False,False,JAPAN FUDO STREET
janina jewelries,0,0,0,0,0,0,1,0,0,0,1,1,False,False,JANINA JEWELRIES
janicas cellphone and accessories,0,0,0,0,0,0,1,0,0,0,1,1,False,False,JANICA'S CELLPHONE AND ACCESSORIES
iguanas sandals,0,0,0,0,0,0,1,0,0,0,1,1,False,False,Iguanas Sandals
igadget world,0,0,0,0,0,0,0,1,0,0,1,1,False,False,IGADGET WORLD
habi at kape,0,1,0,0,0,0,0,0,0,0,1,1,False,False,HABI AT KAPE
hello there coffee,0,0,0,0,0,0,1,0,0,0,1,1,False,False,HELLO THERE COFFEE ( TEMPORARILY CLOSED)
hello baby,0,0,0,1,0,0,0,0,0,0,1,1,False,False,Hello Baby
hello,0,0,0,0,0,0,0,1,0,0,1,1,False,False,HELLO
helens jewelry,0,0,0,1,0,0,0,0,0,0,1,1,False,False,Helen's Jewelry
helen jewelry shop,0,0,0,0,0,0,0,1,0,0,1,1,False,False,HELEN JEWELRY SHOP
helainah eyelash extension,0,0,0,0,0,0,1,0,0,0,1,1,False,False,HELAINAH EYELASH EXTENSION
hechter paris,0,0,0,0,0,0,0,1,0,0,1,1,False,False,HECHTER PARIS
hechter,0,0,0,0,0,1,0,0,0,0,1,1,False,False,Hechter
hebrews shebrews,0,0,0,0,1,0,0,0,0,0,1,1,False,False,Hebrews Shebrews
heavins communication services,0,0,0,0,0,0,1,0,0,0,1,1,False,False,Heavin's Communication Services
heavenly desserts,0,0,0,0,1,0,0,0,0,0,1,1,False,False,Heavenly Desserts
hearty bread,0,0,0,0,1,0,0,0,0,0,1,1,False,False,Hearty Bread
hearts arrow,0,0,0,0,0,0,1,0,0,0,1,1,False,False,HEARTS ARROW
hearts & arrows,0,0,0,0,1,0,0,0,0,0,1,1,False,False,Hearts & Arrows
hearts & arrow,0,0,0,0,0,0,1,0,0,0,1,1,False,False,Hearts & Arrow
heart of wellness,0,0,0,0,0,0,1,0,0,0,1,1,False,False,Heart Of Wellness
hearsound,0,0,0,0,0,0,1,0,0,0,1,1,False,False,HEARSOUND
healthy teeth clinic,0,0,0,0,0,0,0,1,0,0,1,1,False,False,HEALTHY TEETH CLINIC
healthy shabu shabu prime,0,0,0,0,0,0,0,1,0,0,1,1,False,False,HEALTHY SHABU SHABU PRIME
healthy sand,0,0,0,0,0,0,1,0,0,0,1,1,False,False,HEALTHY SAND
healthy habits,0,0,0,0,0,0,0,1,0,0,1,1,False,False,HEALTHY HABITS
healthworks,0,0,0,0,0,0,0,0,0,1,1,1,False,False,Healthworks
healthway medical clinic,0,0,0,0,0,0,0,1,0,0,1,1,False,False,HEALTHWAY MEDICAL CLINIC
healthway lab,0,0,0,0,0,1,0,0,0,0,1,1,False,False,Healthway Lab
healthwaki therapy center,0,0,0,1,0,0,0,0,0,0,1,1,False,False,Healthwaki Therapy Center
healthcube,0,0,0,0,0,1,0,0,0,0,1,1,False,False,Healthcube
heal thy self,0,1,0,0,0,0,0,0,0,0,1,1,False,False,HEAL THY SELF
headway barbershop salon for women,0,0,0,0,0,0,0,1,0,0,1,1,False,False,HEADWAY BARBERSHOP SALON FOR WOMEN
hd1 resto & sports bar,0,1,0,0,0,0,0,0,0,0,1,1,False,False,HD1 RESTO & SPORTS BAR
hcs remote,0,0,0,0,0,0,1,0,0,0,1,1,False,False,HCS REMOTE
hello glasses,0,0,0,0,0,0,0,0,0,1,1,1,False,False,Hello Glasses
helly hansen,0,1,0,0,0,0,0,0,0,0,1,1,False,False,HELLY HANSEN
hob,0,0,0,0,0,1,0,0,0,0,1,1,False,False,HOB
helmet spa and keepsafe by carbitex,0,0,0,0,0,0,1,0,0,0,1,1,False,False,Helmet Spa and Keepsafe by Carbitex
hlo drugtesting laboratory,0,0,0,0,0,0,1,0,0,0,1,1,False,False,HLO Drugtesting Laboratory
hlo drug testing,0,0,0,0,0,0,1,0,0,0,1,1,False,False,Hlo Drug Testing
hk fried noodles,0,0,0,1,0,0,0,0,0,0,1,1,False,False,HK FRIED NOODLES
hk fried noodle,0,0,0,0,0,0,1,0,0,0,1,1,False,False,HK Fried Noodle
hj textile,0,0,0,0,0,0,1,0,0,0,1,1,False,False,HJ TEXTILE
hj abragan,0,0,0,0,0,0,1,0,0,0,1,1,False,False,HJ Abragan
hizons cakes & pastries,0,0,0,0,0,0,1,0,0,0,1,1,False,False,Hizon's Cakes & Pastries
hive,0,1,0,0,0,0,0,0,0,0,1,1,False,False,HIVE
hit,0,0,0,0,0,0,1,0,0,0,1,1,False,False,HIT
historia art,0,0,0,0,0,1,0,0,0,0,1,1,False,False,Historia Art
his travel,0,0,0,0,0,0,1,0,0,0,1,1,False,False,HIS Travel
hiroshi wellness,1,0,0,0,0,0,0,0,0,0,1,1,False,False,Hiroshi Wellness
hiro massage,0,0,1,0,0,0,0,0,0,0,1,1,False,False,Hiro Massage
hirali jewelry,0,0,0,0,0,0,1,0,0,0,1,1,False,False,Hirali Jewelry
hipolito tuazon villanueva law offices,0,1,0,0,0,0,0,0,0,0,1,1,False,False,HIPOLITO TUAZON VILLANUEVA LAW OFFICES
hip street,0,0,0,0,0,0,0,1,0,0,1,1,False,False,HIP STREET
hill station bistro,0,0,0,0,0,0,0,1,0,0,1,1,False,False,HILL STATION BISTRO
hiland fresh,0,0,0,0,0,0,1,0,0,0,1,1,False,False,Hiland Fresh
hikiniku to come,0,0,0,0,1,0,0,0,0,0,1,1,False,False,Hikiniku to Come
highlands prime steakhouse,0,0,0,0,0,0,0,1,0,0,1,1,False,False,HIGHLANDS PRIME STEAKHOUSE
high tech pro mobile,0,0,0,0,0,0,1,0,0,0,1,1,False,False,HIGH TECH PRO MOBILE
hezekiah fashion,0,0,0,0,0,0,1,0,0,0,1,1,False,False,Hezekiah Fashion
hey kitchen,0,0,0,0,0,0,0,1,0,0,1,1,False,False,HEY KITCHEN
hey internet cafe,0,0,0,0,0,0,0,1,0,0,1,1,False,False,HEY INTERNET CAFE
hey bbk,0,0,0,0,0,0,0,1,0,0,1,1,False,False,HEY BBK
hewlett packard,0,0,0,0,0,0,0,1,0,0,1,1,False,False,HEWLETT PACKARD
hermes,0,1,0,0,0,0,0,0,0,0,1,1,False,False,HERMES
herbys affoodable,0,1,0,0,0,0,0,0,0,0,1,1,False,False,HERBY’S AFFOODABLE
henry smartlock,0,0,0,0,0,0,1,0,0,0,1,1,False,False,HENRY SMARTLOCK
hb cellphone accessories,0,0,0,0,0,0,1,0,0,0,1,1,False,False,HB Cellphone Accessories
hayashi,0,0,0,0,0,0,0,1,0,0,1,1,False,False,HAYASHI
haya pearl,0,0,0,0,0,0,1,0,0,0,1,1,False,False,HAYA PEARL (OPEN)
havit,0,0,0,0,0,0,0,1,0,0,1,1,False,False,HAVIT
hao chuan by phela grande hotel,0,0,0,0,0,0,0,1,0,0,1,1,False,False,HAO CHUAN BY PHELA GRANDE HOTEL
hao chi grill & hot pot,0,0,0,0,0,0,0,1,0,0,1,1,False,False,HAO CHI GRILL & HOT POT
hannas garden,0,0,0,0,0,0,1,0,0,0,1,1,False,False,HANNA'S GARDEN (NEW)
hannah ysabelle,0,0,0,0,0,0,1,0,0,0,1,1,False,False,HANNAH YSABELLE
hankki,0,0,0,0,0,0,1,0,0,0,1,1,False,False,HANKKI
handaan grande,0,0,0,0,0,0,0,1,0,0,1,1,False,False,HANDAAN GRANDE
hanamaruken,0,1,0,0,0,0,0,0,0,0,1,1,False,False,HANAMARUKEN
hanamaki,0,0,0,0,0,0,0,1,0,0,1,1,False,False,HANAMAKI
hanako,0,0,0,0,0,1,0,0,0,0,1,1,False,False,Hanako
hairzone,0,1,0,0,0,0,0,0,0,0,1,1,False,False,HAIRZONE
hairtalk by williard,0,0,0,0,0,0,1,0,0,0,1,1,False,False,Hairtalk by Williard
hairtalk,0,0,0,0,0,0,0,1,0,0,1,1,False,False,HAIRTALK
hairshaft salon,0,0,0,0,0,0,1,0,0,0,1,1,False,False,Hairshaft Salon
hairshaft,0,0,0,0,0,0,0,1,0,0,1,1,False,False,HAIRSHAFT
hairless,0,0,0,0,0,0,0,1,0,0,1,1,False,False,HAIRLESS
hairlab,0,0,0,0,0,0,0,1,0,0,1,1,False,False,THE HAIRLAB
haircut encarnacion,0,0,0,0,0,0,0,0,0,1,1,1,False,False,Haircut Encarnacion
hair protect salon,0,0,1,0,0,0,0,0,0,0,1,1,False,False,Hair Protect Salon
hair project salon,0,0,1,0,0,0,0,0,0,0,1,1,False,False,Hair Project Salon
hain,0,0,0,0,0,0,1,0,0,0,1,1,False,False,HAIN
haim chicken,0,0,0,0,0,0,1,0,0,0,1,1,False,False,Haim Chicken
haidilao hotpot,0,0,0,0,0,0,1,0,0,0,1,1,False,False,Haidilao Hotpot
hai sha mb beauty and wellness product trading,0,0,0,0,0,0,0,1,0,0,1,1,False,False,HAI-SHA MB BEAUTY AND WELLNESS PRODUCT TRADING
hai sha general merchandise,0,0,0,1,0,0,0,0,0,0,1,1,False,False,HAI SHA GENERAL MERCHANDISE
hai chix & steaks,0,0,0,0,0,1,0,0,0,0,1,1,False,False,Hai Chix & Steaks
hahn manila,1,0,0,0,0,0,0,0,0,0,1,1,False,False,Hahn Manila
haengbook korean grill house,0,0,0,0,0,0,1,0,0,0,1,1,False,False,Haengbook Korean Grill House
hachiboru,0,0,0,0,0,0,0,1,0,0,1,1,False,False,HACHIBORU
habitual coffee,0,0,0,0,1,0,0,0,0,0,1,1,False,False,Habitual Coffee
happilee,0,0,1,0,0,0,0,0,0,0,1,1,False,False,Happilee
happy animal ride,0,0,0,0,0,0,1,0,0,0,1,1,False,False,HAPPY ANIMAL RIDE
happy cone,0,0,0,0,0,0,1,0,0,0,1,1,False,False,Happy Cone
harlan holden cafe,0,1,0,0,0,0,0,0,0,0,1,1,False,False,HARLAN+HOLDEN CAFE
havaianas i,0,0,0,0,0,0,1,0,0,0,1,1,False,False,HAVAIANAS I 0930-884-2155
havaianas (foot truck),0,0,0,0,0,0,1,0,0,0,1,1,False,False,HAVAIANAS (FOOT TRUCK) (OPEN)
hatif cellphone & accessories,0,0,0,0,0,0,1,0,0,0,1,1,False,False,HATIF CELLPHONE & ACCESSORIES
hatch holistic therapy,0,0,0,0,0,0,0,1,0,0,1,1,False,False,HATCH HOLISTIC THERAPY
hashtag manila,0,1,0,0,0,0,0,0,0,0,1,1,False,False,HASHTAG MANILA
haseeb gadgets shop,0,0,0,0,0,0,1,0,0,0,1,1,False,False,Haseeb Gadgets Shop
harvesters,0,0,0,0,0,0,0,1,0,0,1,1,False,False,HARVESTERS
haru studio,0,0,1,0,0,0,0,0,0,0,1,1,False,False,Haru Studio
haru photo,0,0,0,0,0,0,0,1,0,0,1,1,False,False,HARU PHOTO
harte hanks,0,1,0,0,0,0,0,0,0,0,1,1,False,False,HARTE HANKS
harrys cafe,0,0,0,0,0,0,0,1,0,0,1,1,False,False,HARRY'S CAFE
harpershield,0,0,0,0,0,0,1,0,0,0,1,1,False,False,Harpershield
haro haro,0,0,0,0,0,0,0,0,0,1,1,1,False,False,HARO-HARO
harlan & holden,0,0,0,0,1,0,0,0,0,0,1,1,False,False,Harlan & Holden
happy feet travels,0,0,0,0,0,0,0,1,0,0,1,1,False,False,HAPPY FEET TRAVELS
harbour city dimsum house,0,1,0,0,0,0,0,0,0,0,1,1,False,False,HARBOUR CITY DIMSUM HOUSE
happys all day breakfast cafe,0,0,0,0,0,0,0,1,0,0,1,1,False,False,HAPPYS ALL DAY BREAKFAST CAFÉ
happyride scooter rental,0,0,0,0,0,0,0,1,0,0,1,1,False,False,HAPPYRIDE SCOOTER RENTAL
happynest kiddie play room,0,0,0,0,0,1,0,0,0,0,1,1,False,False,Happynest Kiddie Play Room
happy tea pearl frappe,0,0,0,0,0,0,0,1,0,0,1,1,False,False,HAPPY TEA PEARL FRAPPE
happy takoyaki,0,0,0,1,0,0,0,0,0,0,1,1,False,False,Happy Takoyaki
happy space,0,0,0,0,0,0,1,0,0,0,1,1,False,False,HAPPY SPACE
happy skin (inside maisonette),0,0,0,0,0,0,1,0,0,0,1,1,False,False,HAPPY SKIN (INSIDE MAISONETTE)
happy play cafe,0,0,0,0,0,0,1,0,0,0,1,1,False,False,Happy Play Cafe
happy pill cafe,0,0,0,0,0,0,1,0,0,0,1,1,False,False,HAPPY PILL CAFE
happy paw,0,0,0,0,1,0,0,0,0,0,1,1,False,False,Happy Paw
happy leaf,0,0,0,0,0,0,1,0,0,0,1,1,False,False,Happy Leaf
happy gold repair shop & goldsmith,0,0,0,0,0,1,0,0,0,0,1,1,False,False,Happy Gold Repair Shop & Goldsmith
hm,0,0,0,0,0,0,0,1,0,0,1,1,False,False,HM
hobby korner,0,0,0,0,0,1,0,0,0,0,1,1,False,False,Hobby Korner
ifu,0,0,0,0,0,0,1,0,0,0,1,1,False,False,IFU
ian darcy perfume,0,0,0,0,0,0,1,0,0,0,1,1,False,False,IAN DARCY PERFUME
ian darcey,0,0,0,0,0,0,1,0,0,0,1,1,False,False,ian Darcey
iams kitchen bar,0,0,0,0,0,0,0,1,0,0,1,1,False,False,IAMS KITCHEN BAR
i2i incorporated,0,0,0,0,0,0,0,0,1,0,1,1,False,False,I2I INCORPORATED
i wacth,0,0,0,0,0,0,1,0,0,0,1,1,False,False,I-WACTH
i slim and skin aesthetic center,0,0,0,0,0,0,0,1,0,0,1,1,False,False,I-SLIM AND SKIN AESTHETIC CENTER
i refresh massage,0,0,0,0,0,0,1,0,0,0,1,1,False,False,I-Refresh Massage
i parcel,0,0,0,0,0,0,0,1,0,0,1,1,False,False,I PARCEL
i ngco,0,0,0,0,0,0,0,1,0,0,1,1,False,False,I NGCO
i love milktea,0,0,0,0,0,0,1,0,0,0,1,1,False,False,I Love Milktea
i love baking,0,0,0,0,0,0,0,1,0,0,1,1,False,False,I LOVE BAKING
i lash,0,0,0,0,0,0,0,1,0,0,1,1,False,False,I-LASH
i heart yogurt,0,0,0,0,0,0,1,0,0,0,1,1,False,False,I Heart Yogurt
hyundai commonwealth,0,0,0,0,0,0,0,1,0,0,1,1,False,False,HYUNDAI COMMONWEALTH
hyundai city store,0,0,0,0,0,0,1,0,0,0,1,1,False,False,HYUNDAI CITY STORE
hyundai,0,0,0,0,0,0,1,0,0,0,1,1,False,False,HYUNDAI
hype,0,0,0,0,0,0,1,0,0,0,1,1,False,False,Hype 24/7 9090816189
hygea wellness center,0,0,0,0,0,0,0,1,0,0,1,1,False,False,HYGEA WELLNESS CENTER
hydro core water refilling station,0,0,0,0,0,0,0,1,0,0,1,1,False,False,HYDRO CORE WATER REFILLING STATION
hussam middle eastern cuisine,0,0,1,0,0,0,0,0,0,0,1,1,False,False,Hussam Middle Eastern Cuisine
hunter tradition,0,0,0,0,0,0,0,1,0,0,1,1,False,False,HUNTER TRADITION
hungry hippo,0,0,0,0,0,0,0,1,0,0,1,1,False,False,HUNGRY HIPPO
humy,0,0,0,0,0,0,0,1,0,0,1,1,False,False,HUMY
humpte dumptea by coffee and bikes,0,0,0,0,0,0,1,0,0,0,1,1,False,False,Humpte Dumptea by Coffee and Bikes
hummus us,0,0,0,0,1,0,0,0,0,0,1,1,False,False,Hummus Us
humble market,0,1,0,0,0,0,0,0,0,0,1,1,False,False,HUMBLE MARKET
huilier jewelry,0,0,0,0,0,0,1,0,0,0,1,1,False,False,HUILIER JEWELRY
hued,0,0,0,0,1,0,0,0,0,0,1,1,False,False,Hued
hue delight,0,0,0,0,0,0,1,0,0,0,1,1,False,False,Hue Delight
hudson central market,0,0,0,0,1,0,0,0,0,0,1,1,False,False,Hudson Central Market
ian darcy oil rich fragrance collection,0,0,0,0,0,0,1,0,0,0,1,1,False,False,Ian Darcy Oil Rich Fragrance Collection
ibays silver,0,0,0,0,0,0,1,0,0,0,1,1,False,False,Ibay's Silver
hobby nook,0,0,0,0,0,1,0,0,0,0,1,1,False,False,Hobby Nook
ibeautified beauty lounge kid co,0,0,0,0,0,1,0,0,0,0,1,1,False,False,Ibeautified Beauty Lounge / Kid Co
ifixit,0,0,0,0,0,0,1,0,0,0,1,1,False,False,Ifixit
ifixed gadget repair shop,0,0,0,0,0,0,0,1,0,0,1,1,False,False,IFIXED GADGET REPAIR SHOP
ifix migz,0,0,0,0,0,0,0,1,0,0,1,1,False,False,IFIX MIGZ
ifc exchange,0,0,0,0,0,0,0,0,0,1,1,1,False,False,IFC EXCHANGE
ie creative computers,0,0,0,0,0,0,0,1,0,0,1,1,False,False,IE CREATIVE COMPUTERS
idiot sandwich,0,0,0,0,1,0,0,0,0,0,1,1,False,False,Idiot Sandwich
idental square,0,0,0,0,0,0,0,1,0,0,1,1,False,False,IDENTAL SQUARE
ideal vision premier,0,0,1,0,0,0,0,0,0,0,1,1,False,False,Ideal Vision Premier
ideal siomai,0,0,1,0,0,0,0,0,0,0,1,1,False,False,Ideal Siomai
ideal home,0,0,0,0,0,0,0,1,0,0,1,1,False,False,IDEAL HOME
idea vision,0,0,0,0,0,0,1,0,0,0,1,1,False,False,Idea Vision
idara aesthetics cafe,0,0,0,0,0,0,0,1,0,0,1,1,False,False,IDARA AESTHETICS CAFÉ
idara,0,0,0,0,1,0,0,0,0,0,1,1,False,False,Idara
iconique beauty,0,0,0,0,0,0,1,0,0,0,1,1,False,False,ICONIQUE BEAUTY
icon,0,0,0,0,0,0,1,0,0,0,1,1,False,False,Icon 9273457826
iclear vision,0,0,0,0,0,0,0,0,0,1,1,1,False,False,Iclear Vision
ichibang,0,0,0,0,0,0,1,0,0,0,1,1,False,False,ICHIBANG
ichiba japanese market,0,0,0,0,1,0,0,0,0,0,1,1,False,False,Ichiba Japanese Market
icha bingsu dessert cafe,0,0,0,0,0,0,0,1,0,0,1,1,False,False,ICHA BINGSU DESSERT CAFE
icha,0,0,0,0,0,0,1,0,0,0,1,1,False,False,ICHA 0917-675-7171
icetag cafe,0,0,0,0,0,0,0,1,0,0,1,1,False,False,ICETAG CAFE
ice print,0,0,0,0,0,0,0,1,0,0,1,1,False,False,ICE PRINT
ice kingdom,0,0,0,0,0,0,1,0,0,0,1,1,False,False,Ice Kingdom
ice crumble,0,0,0,0,0,0,1,0,0,0,1,1,False,False,Ice Crumble
ice bergs,0,0,0,0,1,0,0,0,0,0,1,1,False,False,Ice Bergs
ice & swirls,0,0,0,0,0,0,1,0,0,0,1,1,False,False,ICE & SWIRLS
icase,0,0,0,0,0,0,1,0,0,0,1,1,False,False,iCASE
ibook,0,0,0,0,0,0,0,1,0,0,1,1,False,False,IBOOK
ibloom massage chair,0,0,0,0,0,0,1,0,0,0,1,1,False,False,Ibloom Massage Chair
hubsite printing center,0,0,0,0,0,0,1,0,0,0,1,1,False,False,HUBSITE PRINTING CENTER
huawei kiosk,0,0,0,0,0,0,1,0,0,0,1,1,False,False,Huawei Kiosk
hto cellphone repair shop,0,0,0,0,0,0,0,0,0,1,1,1,False,False,HTO Cellphone Repair Shop
hssw dental center,0,0,0,0,0,0,0,1,0,0,1,1,False,False,HSSW DENTAL CENTER
honor concept store,0,0,0,0,0,0,1,0,0,0,1,1,False,False,HONOR CONCEPT STORE
honolulu hk cafe,0,0,0,0,0,0,1,0,0,0,1,1,False,False,Honolulu Hk Cafe
honolulu hk bakery cafe,0,0,0,0,0,0,0,1,0,0,1,1,False,False,HONOLULU HK BAKERY CAFE
honolulu cafe,0,1,0,0,0,0,0,0,0,0,1,1,False,False,HONOLULU CAFÉ
hongkong style noodle,0,0,0,0,0,0,0,0,0,1,1,1,False,False,Hongkong Style Noodle
hong kong style noodles & dimsum,0,0,0,0,0,0,1,0,0,0,1,1,False,False,Hong kong Style Noodles & Dimsum
hong kong style noodle,0,0,0,0,0,0,1,0,0,0,1,1,False,False,HONG KONG STYLE NOODLE
hong kong kitchen,0,0,0,0,0,0,1,0,0,0,1,1,False,False,Hong Kong Kitchen
hong kong hardware,0,0,0,0,0,1,0,0,0,0,1,1,False,False,Hong Kong Hardware
honeybon,0,0,1,0,0,0,0,0,0,0,1,1,False,False,Honeybon
honey bunch,0,0,0,0,0,0,1,0,0,0,1,1,False,False,Honey Bunch
honey bs sweets and crafts,0,0,0,0,0,0,1,0,0,0,1,1,False,False,HONEY B'S SWEETS AND CRAFTS
honey bakes cafe,0,0,0,0,0,0,0,1,0,0,1,1,False,False,HONEY BAKES CAFE
homestar appliances,0,0,0,0,0,0,0,0,1,0,1,1,False,False,HOMESTAR APPLIANCES
homesitte shawarma,0,1,0,0,0,0,0,0,0,0,1,1,False,False,HOMESITTE SHAWARMA
homerong,0,0,0,0,0,0,0,1,0,0,1,1,False,False,HOMERONG
homecity,0,0,0,0,0,0,0,0,1,0,1,1,False,False,HOMECITY
homebakers,0,0,0,0,0,0,0,1,0,0,1,1,False,False,HOMEBAKERS
home factory outlets,0,1,0,0,0,0,0,0,0,0,1,1,False,False,HOME FACTORY OUTLETS
home bazaar,0,0,1,0,0,0,0,0,0,0,1,1,False,False,Home Bazaar
home and beyond,0,0,0,0,0,0,1,0,0,0,1,1,False,False,HOME AND BEYOND
hom thai food,0,0,0,0,0,0,0,1,0,0,1,1,False,False,HOM THAI FOOD
holy halo,0,0,0,0,0,0,1,0,0,0,1,1,False,False,Holy Halo
holy cow,0,0,0,0,0,0,0,1,0,0,1,1,False,False,HOLY COW
hollywood spectacles,0,0,0,0,0,0,1,0,0,0,1,1,False,False,HOLLYWOOD SPECTACLES
hollywood diva,0,0,0,0,0,0,1,0,0,0,1,1,False,False,Hollywood Diva
holland tulips,0,0,0,0,0,0,0,1,0,0,1,1,False,False,HOLLAND TULIPS
holland park booth,0,0,0,0,1,0,0,0,0,0,1,1,False,False,Holland Park Booth
hobing cafe,0,0,0,0,1,0,0,0,0,0,1,1,False,False,Hobing Cafe
honor i,0,0,0,0,0,0,1,0,0,0,1,1,False,False,HONOR I 0951-369-7340
honor kiosk,0,0,0,0,0,0,1,0,0,0,1,1,False,False,HONOR KIOSK
hooga,0,0,0,0,1,0,0,0,0,0,1,1,False,False,Hooga
house of lasagna by chef erick congmon,0,0,0,0,0,0,0,1,0,0,1,1,False,False,HOUSE OF LASAGNA BY CHEF ERICK CONGMON
hsbc,0,1,0,0,0,0,0,0,0,0,1,1,False,False,HSBC
hp solutions center,0,1,0,0,0,0,0,0,0,0,1,1,False,False,HP SOLUTIONS CENTER
hoy house of yogurt lover,0,0,0,0,0,0,0,1,0,0,1,1,False,False,HOY HOUSE OF YOGURT LOVER
how fun,0,0,0,0,0,0,0,1,0,0,1,1,False,False,HOW FUN
house of wagyu,0,0,0,0,1,0,0,0,0,0,1,1,False,False,House Of Wagyu
house of vigan empanada,0,0,0,0,0,0,1,0,0,0,1,1,False,False,HOUSE OF VIGAN EMPANADA 0948-470-7906
house of taho by taho atbp,0,0,0,0,0,0,0,1,0,0,1,1,False,False,HOUSE OF TAHO BY TAHO ATBP
house of samsonite,0,0,0,0,0,0,0,1,0,0,1,1,False,False,HOUSE OF SAMSONITE
house of rolls,0,0,0,0,0,0,0,1,0,0,1,1,False,False,HOUSE OF ROLLS
house of polvoron,0,1,0,0,0,0,0,0,0,0,1,1,False,False,HOUSE OF POLVORON
house of oppa,0,0,1,0,0,0,0,0,0,0,1,1,False,False,House Of Oppa
house of minis,0,0,0,0,0,1,0,0,0,0,1,1,False,False,House Of Minis
house of lechon,0,0,0,0,0,0,0,1,0,0,1,1,False,False,HOUSE OF LECHON
house of lasagna,0,0,1,0,0,0,0,0,0,0,1,1,False,False,House Of Lasagna
hook bcd,0,0,0,0,0,0,0,1,0,0,1,1,False,False,THE HOOK BCD
house of fries,0,0,0,0,0,0,1,0,0,0,1,1,False,False,HOUSE OF FRIES
house of frappe,0,0,0,0,0,0,0,1,0,0,1,1,False,False,HOUSE OF FRAPPE
house of champorado,0,0,0,0,0,0,0,0,0,1,1,1,False,False,HOUSE OF CHAMPORADO
hour glass,0,0,0,0,0,0,0,1,0,0,1,1,False,False,HOUR GLASS
hottie fashion,0,0,0,0,0,0,1,0,0,0,1,1,False,False,Hottie Fashion
hotpoint of sale marketing,0,0,0,0,0,0,1,0,0,0,1,1,False,False,Hotpoint Of Sale Marketing
hotdog all dway,0,0,0,0,0,0,1,0,0,0,1,1,False,False,HOTDOG ALL D'WAY
hot star dakasi,0,0,1,0,0,0,0,0,0,0,1,1,False,False,Hot Star / Dakasi
hot potato,0,0,0,0,0,0,0,1,0,0,1,1,False,False,HOT POTATO
hossein,0,1,0,0,0,0,0,0,0,0,1,1,False,False,HOSSEIN
hoshino,0,0,0,0,0,0,1,0,0,0,1,1,False,False,HOSHINO
hoseki,0,0,0,0,0,0,0,1,0,0,1,1,False,False,HOSEKI
horologist,0,0,0,0,0,1,0,0,0,0,1,1,False,False,The Horologist
zyx katsumaki,0,0,0,0,0,0,1,0,0,0,1,1,False,False,Zyx Katsumaki
